case_id,block,measure,mean_A,mean_B,n,mean,standard_error,ci_low,ci_high,B_greater,equal,B_less
S0_R0_T1_C1,calibration_1_100,bridge_edge_count,2.33,2.3,100,-0.03,0.01714466079977653,-0.063603535167562,0.003603535167561997,0,97,3
S0_R0_T1_C1,calibration_1_100,bridge_edge_rate,0.5825,0.575,100,-0.0075,0.004286165199944132,-0.0159008837918905,0.0009008837918904992,0,97,3
S0_R0_T1_C1,calibration_1_100,bridge_edge_familiar_count,1.5,1.48,100,-0.02,0.02,-0.0592,0.0192,1,96,3
S0_R0_T1_C1,calibration_1_100,matched_new_count,2.61,2.58,100,-0.03,0.01714466079977653,-0.063603535167562,0.003603535167561997,0,97,3
S0_R0_T1_C1,calibration_1_100,known_pair_count,0.21,0.46,100,0.25,0.04351941398892446,0.16470194858170806,0.33529805141829194,25,75,0
S0_R0_T1_C1,calibration_1_100,known_pair_familiar_count,0.03,0.14,100,0.11,0.031446603773522014,0.048364656603896855,0.17163534339610315,11,89,0
S0_R0_T1_C1,calibration_1_100,known_conversations,1.55,1.63,100,0.08,0.027265992434429072,0.026558654828519018,0.13344134517148099,8,92,0
S0_R0_T1_C1,calibration_1_100,known_share,0.12916666666666665,0.13583333333333333,100,0.006666666666666667,0.002272166036202423,0.002213221235709918,0.011120112097623416,8,92,0
S0_R0_T1_C1,calibration_1_100,bridge_conversations,8.97,8.89,100,-0.08,0.027265992434429072,-0.13344134517148099,-0.026558654828519018,0,92,8
S0_R0_T1_C1,calibration_1_100,third_party_conversations,1.48,1.48,100,0,0.0,0.0,0.0,0,100,0
S0_R0_T1_C1,calibration_1_100,endpoint_outbound_bridge,4.45,4.37,100,-0.08,0.027265992434429072,-0.13344134517148099,-0.026558654828519018,0,92,8
S0_R0_T1_C1,calibration_1_100,third_party_to_known,4.52,4.52,100,0,0.0,0.0,0.0,0,100,0
S0_R0_T1_C1,confirmation_101_1100,bridge_edge_count,2.342,2.319,1000,-0.023,0.00587413870329136,-0.034513311858451065,-0.011486688141548934,5,968,27
S0_R0_T1_C1,confirmation_101_1100,bridge_edge_rate,0.5855,0.57975,1000,-0.00575,0.00146853467582284,-0.008628327964612766,-0.0028716720353872335,5,968,27
S0_R0_T1_C1,confirmation_101_1100,bridge_edge_familiar_count,1.397,1.382,1000,-0.015,0.005899983882165257,-0.026563968409043903,-0.0034360315909560957,8,971,21
S0_R0_T1_C1,confirmation_101_1100,matched_new_count,2.614,2.591,1000,-0.023,0.00587413870329136,-0.034513311858451065,-0.011486688141548934,5,968,27
S0_R0_T1_C1,confirmation_101_1100,known_pair_count,0.207,0.477,1000,0.27,0.01404625563263382,0.24246933896003772,0.2975306610399623,270,730,0
S0_R0_T1_C1,confirmation_101_1100,known_pair_familiar_count,0.02,0.113,1000,0.093,0.009297173626292963,0.0747775396924658,0.1112224603075342,94,905,1
S0_R0_T1_C1,confirmation_101_1100,known_conversations,1.502,1.591,1000,0.089,0.009755725199808274,0.06987877860837578,0.10812122139162421,82,918,0
S0_R0_T1_C1,confirmation_101_1100,known_share,0.12516666666666665,0.13258333333333333,1000,0.007416666666666667,0.0008129770999840228,0.005823231550697982,0.009010101782635352,82,918,0
S0_R0_T1_C1,confirmation_101_1100,bridge_conversations,8.944,8.856,1000,-0.088,0.009815923408032091,-0.10723920987974289,-0.0687607901202571,1,917,82
S0_R0_T1_C1,confirmation_101_1100,third_party_conversations,1.554,1.553,1000,-0.001,0.001,-0.00296,0.0009599999999999999,0,999,1
S0_R0_T1_C1,confirmation_101_1100,endpoint_outbound_bridge,4.498,4.409,1000,-0.089,0.009755725199808274,-0.10812122139162421,-0.06987877860837578,0,918,82
S0_R0_T1_C1,confirmation_101_1100,third_party_to_known,4.446,4.447,1000,0.001,0.001,-0.0009599999999999999,0.00296,1,999,0
S0_R1_T1_C1,calibration_1_100,bridge_edge_count,2.33,2.29,100,-0.04,0.019694638556693237,-0.07860149157111875,-0.0013985084288812566,0,96,4
S0_R1_T1_C1,calibration_1_100,bridge_edge_rate,0.5825,0.5725,100,-0.01,0.004923659639173309,-0.019650372892779686,-0.00034962710722031415,0,96,4
S0_R1_T1_C1,calibration_1_100,bridge_edge_familiar_count,1.5,1.48,100,-0.02,0.02,-0.0592,0.0192,1,96,3
S0_R1_T1_C1,calibration_1_100,matched_new_count,2.61,2.57,100,-0.04,0.019694638556693237,-0.07860149157111875,-0.0013985084288812566,0,96,4
S0_R1_T1_C1,calibration_1_100,known_pair_count,0.21,0.53,100,0.32,0.04688261722621507,0.22811007023661847,0.41188992976338157,32,68,0
S0_R1_T1_C1,calibration_1_100,known_pair_familiar_count,0.03,0.15,100,0.12,0.032659863237109045,0.05598666805526627,0.18401333194473374,12,88,0
S0_R1_T1_C1,calibration_1_100,known_conversations,1.55,1.65,100,0.1,0.03015113445777636,0.04090377646275834,0.15909622353724168,10,90,0
S0_R1_T1_C1,calibration_1_100,known_share,0.12916666666666665,0.13749999999999998,100,0.008333333333333333,0.0025125945381480304,0.0034086480385631937,0.013258018628103472,10,90,0
S0_R1_T1_C1,calibration_1_100,bridge_conversations,8.97,8.87,100,-0.1,0.03015113445777636,-0.15909622353724168,-0.04090377646275834,0,90,10
S0_R1_T1_C1,calibration_1_100,third_party_conversations,1.48,1.48,100,0,0.0,0.0,0.0,0,100,0
S0_R1_T1_C1,calibration_1_100,endpoint_outbound_bridge,4.45,4.35,100,-0.1,0.03015113445777636,-0.15909622353724168,-0.04090377646275834,0,90,10
S0_R1_T1_C1,calibration_1_100,third_party_to_known,4.52,4.52,100,0,0.0,0.0,0.0,0,100,0
S0_R1_T1_C1,confirmation_101_1100,bridge_edge_count,2.342,2.309,1000,-0.033,0.006629853313230615,-0.04599451249393201,-0.020005487506067995,5,958,37
S0_R1_T1_C1,confirmation_101_1100,bridge_edge_rate,0.5855,0.57725,1000,-0.00825,0.0016574633283076537,-0.011498628123483002,-0.005001371876516999,5,958,37
S0_R1_T1_C1,confirmation_101_1100,bridge_edge_familiar_count,1.397,1.373,1000,-0.024,0.006743105328368338,-0.03721648644360194,-0.01078351355639806,9,960,31
S0_R1_T1_C1,confirmation_101_1100,matched_new_count,2.614,2.581,1000,-0.033,0.006629853313230615,-0.04599451249393201,-0.020005487506067995,5,958,37
S0_R1_T1_C1,confirmation_101_1100,known_pair_count,0.207,0.516,1000,0.309,0.014619600977206347,0.2803455820846756,0.3376544179153244,309,691,0
S0_R1_T1_C1,confirmation_101_1100,known_pair_familiar_count,0.02,0.163,1000,0.143,0.011075814808567074,0.12129140297520852,0.16470859702479146,143,857,0
S0_R1_T1_C1,confirmation_101_1100,known_conversations,1.502,1.622,1000,0.12,0.0113016692451924,0.0978487282794229,0.1421512717205771,109,891,0
S0_R1_T1_C1,confirmation_101_1100,known_share,0.12516666666666665,0.13516666666666666,1000,0.01,0.0009418057704326999,0.00815406068995191,0.011845939310048091,109,891,0
S0_R1_T1_C1,confirmation_101_1100,bridge_conversations,8.944,8.824,1000,-0.12,0.011477444477397037,-0.1424957911756982,-0.0975042088243018,1,890,109
S0_R1_T1_C1,confirmation_101_1100,third_party_conversations,1.554,1.554,1000,0,0.0014149211999266963,-0.0027732455518563247,0.0027732455518563247,1,998,1
S0_R1_T1_C1,confirmation_101_1100,endpoint_outbound_bridge,4.498,4.378,1000,-0.12,0.0113016692451924,-0.1421512717205771,-0.0978487282794229,0,891,109
S0_R1_T1_C1,confirmation_101_1100,third_party_to_known,4.446,4.446,1000,0,0.0014149211999266963,-0.0027732455518563247,0.0027732455518563247,1,998,1
S0_R2_T1_C1,calibration_1_100,bridge_edge_count,2.33,2.29,100,-0.04,0.019694638556693237,-0.07860149157111875,-0.0013985084288812566,0,96,4
S0_R2_T1_C1,calibration_1_100,bridge_edge_rate,0.5825,0.5725,100,-0.01,0.004923659639173309,-0.019650372892779686,-0.00034962710722031415,0,96,4
S0_R2_T1_C1,calibration_1_100,bridge_edge_familiar_count,1.5,1.47,100,-0.03,0.022270150335361366,-0.07364949465730827,0.013649494657308275,1,95,4
S0_R2_T1_C1,calibration_1_100,matched_new_count,2.61,2.57,100,-0.04,0.019694638556693237,-0.07860149157111875,-0.0013985084288812566,0,96,4
S0_R2_T1_C1,calibration_1_100,known_pair_count,0.21,0.56,100,0.35,0.04793724854411023,0.2560429928535439,0.44395700714645603,35,65,0
S0_R2_T1_C1,calibration_1_100,known_pair_familiar_count,0.03,0.19,100,0.16,0.03684529491774706,0.08778322196121577,0.23221677803878424,16,84,0
S0_R2_T1_C1,calibration_1_100,known_conversations,1.55,1.67,100,0.12,0.03561863092100634,0.05018748339482758,0.1898125166051724,11,89,0
S0_R2_T1_C1,calibration_1_100,known_share,0.12916666666666665,0.13916666666666666,100,0.01,0.0029682192434171946,0.004182290282902299,0.0158177097170977,11,89,0
S0_R2_T1_C1,calibration_1_100,bridge_conversations,8.97,8.85,100,-0.12,0.03561863092100634,-0.1898125166051724,-0.05018748339482758,0,89,11
S0_R2_T1_C1,calibration_1_100,third_party_conversations,1.48,1.48,100,0,0.0,0.0,0.0,0,100,0
S0_R2_T1_C1,calibration_1_100,endpoint_outbound_bridge,4.45,4.33,100,-0.12,0.03561863092100634,-0.1898125166051724,-0.05018748339482758,0,89,11
S0_R2_T1_C1,calibration_1_100,third_party_to_known,4.52,4.52,100,0,0.0,0.0,0.0,0,100,0
S0_R2_T1_C1,confirmation_101_1100,bridge_edge_count,2.342,2.307,1000,-0.035,0.006769107830491462,-0.048267451347763266,-0.021732548652236738,5,956,39
S0_R2_T1_C1,confirmation_101_1100,bridge_edge_rate,0.5855,0.57675,1000,-0.00875,0.0016922769576228655,-0.012066862836940816,-0.005433137163059184,5,956,39
S0_R2_T1_C1,confirmation_101_1100,bridge_edge_familiar_count,1.397,1.369,1000,-0.028,0.007018921944662532,-0.04175708701153856,-0.014242912988461438,9,956,35
S0_R2_T1_C1,confirmation_101_1100,matched_new_count,2.614,2.579,1000,-0.035,0.006769107830491462,-0.048267451347763266,-0.021732548652236738,5,956,39
S0_R2_T1_C1,confirmation_101_1100,known_pair_count,0.207,0.535,1000,0.328,0.01485384248727031,0.2988864687249502,0.3571135312750498,328,672,0
S0_R2_T1_C1,confirmation_101_1100,known_pair_familiar_count,0.02,0.18,1000,0.16,0.011598902298689068,0.13726615149456944,0.18273384850543056,160,840,0
S0_R2_T1_C1,confirmation_101_1100,known_conversations,1.502,1.636,1000,0.134,0.011839940210329788,0.11079371718775362,0.15720628281224638,122,878,0
S0_R2_T1_C1,confirmation_101_1100,known_share,0.12516666666666665,0.13633333333333333,1000,0.011166666666666667,0.000986661684194149,0.009232809765646135,0.013100523567687199,122,878,0
S0_R2_T1_C1,confirmation_101_1100,bridge_conversations,8.944,8.81,1000,-0.134,0.012007838614346388,-0.15753536368411894,-0.11046463631588109,1,877,122
S0_R2_T1_C1,confirmation_101_1100,third_party_conversations,1.554,1.554,1000,0,0.0014149211999266963,-0.0027732455518563247,0.0027732455518563247,1,998,1
S0_R2_T1_C1,confirmation_101_1100,endpoint_outbound_bridge,4.498,4.364,1000,-0.134,0.011839940210329788,-0.15720628281224638,-0.11079371718775362,0,878,122
S0_R2_T1_C1,confirmation_101_1100,third_party_to_known,4.446,4.446,1000,0,0.0014149211999266963,-0.0027732455518563247,0.0027732455518563247,1,998,1
S0_R4_T1_C1,calibration_1_100,bridge_edge_count,2.33,2.28,100,-0.05,0.021904291355759033,-0.09293241105728771,-0.007067588942712297,0,95,5
S0_R4_T1_C1,calibration_1_100,bridge_edge_rate,0.5825,0.57,100,-0.0125,0.005476072838939758,-0.023233102764321927,-0.0017668972356780742,0,95,5
S0_R4_T1_C1,calibration_1_100,bridge_edge_familiar_count,1.5,1.46,100,-0.04,0.024287836253956217,-0.08760415905775418,0.007604159057754183,1,94,5
S0_R4_T1_C1,calibration_1_100,matched_new_count,2.61,2.56,100,-0.05,0.021904291355759033,-0.09293241105728771,-0.007067588942712297,0,95,5
S0_R4_T1_C1,calibration_1_100,known_pair_count,0.21,0.58,100,0.37,0.048523658709390974,0.2748936289295937,0.4651063710704063,37,63,0
S0_R4_T1_C1,calibration_1_100,known_pair_familiar_count,0.03,0.19,100,0.16,0.03684529491774706,0.08778322196121577,0.23221677803878424,16,84,0
S0_R4_T1_C1,calibration_1_100,known_conversations,1.55,1.7,100,0.15,0.03859920970562726,0.07434554897697057,0.22565445102302942,14,86,0
S0_R4_T1_C1,calibration_1_100,known_share,0.12916666666666665,0.14166666666666666,100,0.0125,0.0032166008088022717,0.0061954624147475485,0.018804537585252454,14,86,0
S0_R4_T1_C1,calibration_1_100,bridge_conversations,8.97,8.82,100,-0.15,0.03859920970562726,-0.22565445102302942,-0.07434554897697057,0,86,14
S0_R4_T1_C1,calibration_1_100,third_party_conversations,1.48,1.48,100,0,0.0,0.0,0.0,0,100,0
S0_R4_T1_C1,calibration_1_100,endpoint_outbound_bridge,4.45,4.3,100,-0.15,0.03859920970562726,-0.22565445102302942,-0.07434554897697057,0,86,14
S0_R4_T1_C1,calibration_1_100,third_party_to_known,4.52,4.52,100,0,0.0,0.0,0.0,0,100,0
S0_R4_T1_C1,confirmation_101_1100,bridge_edge_count,2.342,2.294,1000,-0.048,0.007730184716794014,-0.06315116204491628,-0.03284883795508373,6,941,53
S0_R4_T1_C1,confirmation_101_1100,bridge_edge_rate,0.5855,0.5735,1000,-0.012,0.0019325461791985035,-0.01578779051122907,-0.008212209488770933,6,941,53
S0_R4_T1_C1,confirmation_101_1100,bridge_edge_familiar_count,1.397,1.36,1000,-0.037,0.007980895607304653,-0.05264255539031712,-0.02135744460968288,11,944,45
S0_R4_T1_C1,confirmation_101_1100,matched_new_count,2.614,2.566,1000,-0.048,0.007730184716794014,-0.06315116204491628,-0.03284883795508373,6,941,53
S0_R4_T1_C1,confirmation_101_1100,known_pair_count,0.207,0.558,1000,0.351,0.015100563798316508,0.3214028949552996,0.38059710504470035,351,649,0
S0_R4_T1_C1,confirmation_101_1100,known_pair_familiar_count,0.02,0.199,1000,0.179,0.012128730605719056,0.15522768801279063,0.20277231198720935,179,821,0
S0_R4_T1_C1,confirmation_101_1100,known_conversations,1.502,1.673,1000,0.171,0.013339300466551346,0.14485497108555936,0.19714502891444066,153,847,0
S0_R4_T1_C1,confirmation_101_1100,known_share,0.12516666666666665,0.13941666666666666,1000,0.01425,0.0011116083722126121,0.012071247590463281,0.016428752409536722,153,847,0
S0_R4_T1_C1,confirmation_101_1100,bridge_conversations,8.944,8.773,1000,-0.171,0.013488548511272107,-0.19743755508209335,-0.14456244491790668,1,846,153
S0_R4_T1_C1,confirmation_101_1100,third_party_conversations,1.554,1.554,1000,0,0.0014149211999266963,-0.0027732455518563247,0.0027732455518563247,1,998,1
S0_R4_T1_C1,confirmation_101_1100,endpoint_outbound_bridge,4.498,4.327,1000,-0.171,0.013339300466551346,-0.19714502891444066,-0.14485497108555936,0,847,153
S0_R4_T1_C1,confirmation_101_1100,third_party_to_known,4.446,4.446,1000,0,0.0014149211999266963,-0.0027732455518563247,0.0027732455518563247,1,998,1
S0.5_R0_T1_C1,calibration_1_100,bridge_edge_count,2.33,2.2,100,-0.13,0.03932511470376973,-0.20707722481938867,-0.05292277518061134,2,83,15
S0.5_R0_T1_C1,calibration_1_100,bridge_edge_rate,0.5825,0.55,100,-0.0325,0.009831278675942433,-0.05176930620484717,-0.013230693795152834,2,83,15
S0.5_R0_T1_C1,calibration_1_100,bridge_edge_familiar_count,1.5,1.35,100,-0.15,0.03859920970562726,-0.22565445102302942,-0.07434554897697057,1,83,16
S0.5_R0_T1_C1,calibration_1_100,matched_new_count,2.61,2.48,100,-0.13,0.03932511470376973,-0.20707722481938867,-0.05292277518061134,2,83,15
S0.5_R0_T1_C1,calibration_1_100,known_pair_count,0.21,0.61,100,0.4,0.0492365963917331,0.30349627107220317,0.4965037289277969,40,60,0
S0.5_R0_T1_C1,calibration_1_100,known_pair_familiar_count,0.03,0.21,100,0.18,0.03861229196653691,0.10431990774558765,0.25568009225441235,18,82,0
S0.5_R0_T1_C1,calibration_1_100,known_conversations,1.55,2.01,100,0.46,0.06578200914591106,0.3310672620740144,0.5889327379259857,38,62,0
S0.5_R0_T1_C1,calibration_1_100,known_share,0.12916666666666665,0.16749999999999998,100,0.03833333333333333,0.005481834095492589,0.027588938506167858,0.0490777281604988,38,62,0
S0.5_R0_T1_C1,calibration_1_100,bridge_conversations,8.97,8.51,100,-0.46,0.06578200914591106,-0.5889327379259857,-0.3310672620740144,0,62,38
S0.5_R0_T1_C1,calibration_1_100,third_party_conversations,1.48,1.48,100,0,0.0,0.0,0.0,0,100,0
S0.5_R0_T1_C1,calibration_1_100,endpoint_outbound_bridge,4.45,3.99,100,-0.46,0.06578200914591106,-0.5889327379259857,-0.3310672620740144,0,62,38
S0.5_R0_T1_C1,calibration_1_100,third_party_to_known,4.52,4.52,100,0,0.0,0.0,0.0,0,100,0
S0.5_R0_T1_C1,confirmation_101_1100,bridge_edge_count,2.342,2.191,1000,-0.151,0.013280639117729818,-0.17703005267075045,-0.12496994732924956,13,834,153
S0.5_R0_T1_C1,confirmation_101_1100,bridge_edge_rate,0.5855,0.54775,1000,-0.03775,0.0033201597794324544,-0.04425751316768761,-0.03124248683231239,13,834,153
S0.5_R0_T1_C1,confirmation_101_1100,bridge_edge_familiar_count,1.397,1.263,1000,-0.134,0.013573069963284955,-0.16060321712803852,-0.1073967828719615,22,834,144
S0.5_R0_T1_C1,confirmation_101_1100,matched_new_count,2.614,2.464,1000,-0.15,0.013254270092150518,-0.175978369380615,-0.12402163061938498,13,835,152
S0.5_R0_T1_C1,confirmation_101_1100,known_pair_count,0.207,0.635,1000,0.428,0.015654426245029267,0.3973173245597426,0.45868267544025737,428,572,0
S0.5_R0_T1_C1,confirmation_101_1100,known_pair_familiar_count,0.02,0.211,1000,0.191,0.01251701544601091,0.16646664972581862,0.21553335027418138,192,807,1
S0.5_R0_T1_C1,confirmation_101_1100,known_conversations,1.502,2.007,1000,0.505,0.021364255929740016,0.4631260583777096,0.5468739416222904,410,590,0
S0.5_R0_T1_C1,confirmation_101_1100,known_share,0.12516666666666665,0.16724999999999998,1000,0.042083333333333334,0.001780354660811668,0.038593838198142466,0.0455728284685242,410,590,0
S0.5_R0_T1_C1,confirmation_101_1100,bridge_conversations,8.944,8.434,1000,-0.51,0.021917581535844242,-0.5529584598102547,-0.4670415401897453,1,591,408
S0.5_R0_T1_C1,confirmation_101_1100,third_party_conversations,1.554,1.559,1000,0.005,0.0038716908438032587,-0.002588514053854387,0.012588514053854388,8,988,4
S0.5_R0_T1_C1,confirmation_101_1100,endpoint_outbound_bridge,4.498,3.993,1000,-0.505,0.021364255929740016,-0.5468739416222904,-0.4631260583777096,0,590,410
S0.5_R0_T1_C1,confirmation_101_1100,third_party_to_known,4.446,4.441,1000,-0.005,0.0038716908438032587,-0.012588514053854388,0.002588514053854387,4,988,8
S0.5_R1_T1_C1,calibration_1_100,bridge_edge_count,2.33,2.19,100,-0.14,0.040251733132897774,-0.21889339694047966,-0.061106603059520384,2,82,16
S0.5_R1_T1_C1,calibration_1_100,bridge_edge_rate,0.5825,0.5475,100,-0.035,0.010062933283224443,-0.054723349235119914,-0.015276650764880096,2,82,16
S0.5_R1_T1_C1,calibration_1_100,bridge_edge_familiar_count,1.5,1.34,100,-0.16,0.03949172013974524,-0.23740377147390068,-0.08259622852609934,1,82,17
S0.5_R1_T1_C1,calibration_1_100,matched_new_count,2.61,2.47,100,-0.14,0.040251733132897774,-0.21889339694047966,-0.061106603059520384,2,82,16
S0.5_R1_T1_C1,calibration_1_100,known_pair_count,0.21,0.66,100,0.45,0.05,0.352,0.548,45,55,0
S0.5_R1_T1_C1,calibration_1_100,known_pair_familiar_count,0.03,0.27,100,0.24,0.04292346959909278,0.15586999958577813,0.32413000041422185,24,76,0
S0.5_R1_T1_C1,calibration_1_100,known_conversations,1.55,2.04,100,0.49,0.06889459083603477,0.35496660196137186,0.6250333980386281,39,61,0
S0.5_R1_T1_C1,calibration_1_100,known_share,0.12916666666666665,0.16999999999999998,100,0.04083333333333333,0.005741215903002897,0.029580550163447655,0.05208611650321901,39,61,0
S0.5_R1_T1_C1,calibration_1_100,bridge_conversations,8.97,8.48,100,-0.49,0.06889459083603477,-0.6250333980386281,-0.35496660196137186,0,61,39
S0.5_R1_T1_C1,calibration_1_100,third_party_conversations,1.48,1.48,100,0,0.0,0.0,0.0,0,100,0
S0.5_R1_T1_C1,calibration_1_100,endpoint_outbound_bridge,4.45,3.96,100,-0.49,0.06889459083603477,-0.6250333980386281,-0.35496660196137186,0,61,39
S0.5_R1_T1_C1,calibration_1_100,third_party_to_known,4.52,4.52,100,0,0.0,0.0,0.0,0,100,0
S0.5_R1_T1_C1,confirmation_101_1100,bridge_edge_count,2.342,2.184,1000,-0.158,0.013682953746294082,-0.1848185893427364,-0.1311814106572636,15,824,161
S0.5_R1_T1_C1,confirmation_101_1100,bridge_edge_rate,0.5855,0.546,1000,-0.0395,0.0034207384365735204,-0.0462046473356841,-0.0327953526643159,15,824,161
S0.5_R1_T1_C1,confirmation_101_1100,bridge_edge_familiar_count,1.397,1.261,1000,-0.136,0.01384542147049687,-0.16313702608217387,-0.10886297391782615,25,826,149
S0.5_R1_T1_C1,confirmation_101_1100,matched_new_count,2.614,2.458,1000,-0.156,0.013705905728986022,-0.1828635752288126,-0.1291364247711874,16,824,160
S0.5_R1_T1_C1,confirmation_101_1100,known_pair_count,0.207,0.673,1000,0.466,0.01578268332993769,0.43506594067332216,0.4969340593266779,466,534,0
S0.5_R1_T1_C1,confirmation_101_1100,known_pair_familiar_count,0.02,0.287,1000,0.267,0.013996674851796299,0.23956651729047926,0.29443348270952074,267,733,0
S0.5_R1_T1_C1,confirmation_101_1100,known_conversations,1.502,2.034,1000,0.532,0.021804849264589095,0.48926249544140543,0.5747375045585946,427,573,0
S0.5_R1_T1_C1,confirmation_101_1100,known_share,0.12516666666666665,0.16949999999999998,1000,0.044333333333333336,0.0018170707720490912,0.04077187462011712,0.047894792046549554,427,573,0
S0.5_R1_T1_C1,confirmation_101_1100,bridge_conversations,8.944,8.406,1000,-0.538,0.02238430380997044,-0.5818732354675421,-0.49412676453245796,1,574,425
S0.5_R1_T1_C1,confirmation_101_1100,third_party_conversations,1.554,1.56,1000,0.006,0.003997496714192518,-0.001835093559817336,0.013835093559817336,9,987,4
S0.5_R1_T1_C1,confirmation_101_1100,endpoint_outbound_bridge,4.498,3.966,1000,-0.532,0.021804849264589095,-0.5747375045585946,-0.48926249544140543,0,573,427
S0.5_R1_T1_C1,confirmation_101_1100,third_party_to_known,4.446,4.44,1000,-0.006,0.003997496714192518,-0.013835093559817336,0.001835093559817336,4,987,9
S0.5_R2_T1_C1,calibration_1_100,bridge_edge_count,2.33,2.17,100,-0.16,0.03949172013974524,-0.23740377147390068,-0.08259622852609934,1,82,17
S0.5_R2_T1_C1,calibration_1_100,bridge_edge_rate,0.5825,0.5425,100,-0.04,0.00987293003493631,-0.05935094286847517,-0.020649057131524835,1,82,17
S0.5_R2_T1_C1,calibration_1_100,bridge_edge_familiar_count,1.5,1.33,100,-0.17,0.040339468604243256,-0.2490653584643168,-0.09093464153568323,1,81,18
S0.5_R2_T1_C1,calibration_1_100,matched_new_count,2.61,2.45,100,-0.16,0.03949172013974524,-0.23740377147390068,-0.08259622852609934,1,82,17
S0.5_R2_T1_C1,calibration_1_100,known_pair_count,0.21,0.69,100,0.48,0.05021167315686783,0.381585120612539,0.578414879387461,48,52,0
S0.5_R2_T1_C1,calibration_1_100,known_pair_familiar_count,0.03,0.32,100,0.29,0.045604802157206865,0.20061458777187452,0.37938541222812544,29,71,0
S0.5_R2_T1_C1,calibration_1_100,known_conversations,1.55,2.08,100,0.53,0.07028800779936817,0.3922355047132384,0.6677644952867616,42,58,0
S0.5_R2_T1_C1,calibration_1_100,known_share,0.12916666666666665,0.17333333333333334,100,0.04416666666666667,0.005857333983280681,0.03268629205943653,0.0556470412738968,42,58,0
S0.5_R2_T1_C1,calibration_1_100,bridge_conversations,8.97,8.43,100,-0.54,0.07166138105949073,-0.6804563068766019,-0.3995436931233982,0,58,42
S0.5_R2_T1_C1,calibration_1_100,third_party_conversations,1.48,1.49,100,0.01,0.01,-0.0096,0.0296,1,99,0
S0.5_R2_T1_C1,calibration_1_100,endpoint_outbound_bridge,4.45,3.92,100,-0.53,0.07028800779936817,-0.6677644952867616,-0.3922355047132384,0,58,42
S0.5_R2_T1_C1,calibration_1_100,third_party_to_known,4.52,4.51,100,-0.01,0.01,-0.0296,0.0096,0,99,1
S0.5_R2_T1_C1,confirmation_101_1100,bridge_edge_count,2.342,2.18,1000,-0.162,0.0137820878659928,-0.1890128922173459,-0.1349871077826541,15,820,165
S0.5_R2_T1_C1,confirmation_101_1100,bridge_edge_rate,0.5855,0.545,1000,-0.0405,0.0034455219664982,-0.04725322305433648,-0.033746776945663526,15,820,165
S0.5_R2_T1_C1,confirmation_101_1100,bridge_edge_familiar_count,1.397,1.253,1000,-0.144,0.014123153453229327,-0.17168138076832948,-0.11631861923167051,25,819,156
S0.5_R2_T1_C1,confirmation_101_1100,matched_new_count,2.614,2.454,1000,-0.16,0.013805455102624853,-0.18705869200114472,-0.13294130799885528,16,820,164
S0.5_R2_T1_C1,confirmation_101_1100,known_pair_count,0.207,0.698,1000,0.491,0.015816736995005295,0.4599991954897896,0.5220008045102104,491,509,0
S0.5_R2_T1_C1,confirmation_101_1100,known_pair_familiar_count,0.02,0.318,1000,0.298,0.014470846741134585,0.2696371403873762,0.3263628596126238,298,702,0
S0.5_R2_T1_C1,confirmation_101_1100,known_conversations,1.502,2.053,1000,0.551,0.022088161690980237,0.5077072030856787,0.5942927969143214,439,561,0
S0.5_R2_T1_C1,confirmation_101_1100,known_share,0.12516666666666665,0.17108333333333334,1000,0.04591666666666667,0.0018406801409150198,0.04230893359047323,0.049524399742860103,439,561,0
S0.5_R2_T1_C1,confirmation_101_1100,bridge_conversations,8.944,8.387,1000,-0.557,0.022655336330857336,-0.6014044592084804,-0.5125955407915197,1,562,437
S0.5_R2_T1_C1,confirmation_101_1100,third_party_conversations,1.554,1.56,1000,0.006,0.003997496714192518,-0.001835093559817336,0.013835093559817336,9,987,4
S0.5_R2_T1_C1,confirmation_101_1100,endpoint_outbound_bridge,4.498,3.947,1000,-0.551,0.022088161690980237,-0.5942927969143214,-0.5077072030856787,0,561,439
S0.5_R2_T1_C1,confirmation_101_1100,third_party_to_known,4.446,4.44,1000,-0.006,0.003997496714192518,-0.013835093559817336,0.001835093559817336,4,987,9
S0.5_R4_T1_C1,calibration_1_100,bridge_edge_count,2.33,2.17,100,-0.16,0.03949172013974524,-0.23740377147390068,-0.08259622852609934,1,82,17
S0.5_R4_T1_C1,calibration_1_100,bridge_edge_rate,0.5825,0.5425,100,-0.04,0.00987293003493631,-0.05935094286847517,-0.020649057131524835,1,82,17
S0.5_R4_T1_C1,calibration_1_100,bridge_edge_familiar_count,1.5,1.32,100,-0.18,0.043531017619043724,-0.2653207945333257,-0.0946792054666743,1,81,18
S0.5_R4_T1_C1,calibration_1_100,matched_new_count,2.61,2.45,100,-0.16,0.03949172013974524,-0.23740377147390068,-0.08259622852609934,1,82,17
S0.5_R4_T1_C1,calibration_1_100,known_pair_count,0.21,0.71,100,0.5,0.050251890762960605,0.4015062941045972,0.5984937058954027,50,50,0
S0.5_R4_T1_C1,calibration_1_100,known_pair_familiar_count,0.03,0.33,100,0.3,0.04605661864718383,0.20972902745151967,0.3902709725484803,30,70,0
S0.5_R4_T1_C1,calibration_1_100,known_conversations,1.55,2.1,100,0.55,0.07159792333764035,0.40966807025822494,0.6903319297417752,43,57,0
S0.5_R4_T1_C1,calibration_1_100,known_share,0.12916666666666665,0.175,100,0.04583333333333334,0.005966493611470031,0.03413900585485208,0.057527660811814596,43,57,0
S0.5_R4_T1_C1,calibration_1_100,bridge_conversations,8.97,8.41,100,-0.56,0.07291893935852137,-0.702921121142702,-0.41707887885729816,0,57,43
S0.5_R4_T1_C1,calibration_1_100,third_party_conversations,1.48,1.49,100,0.01,0.01,-0.0096,0.0296,1,99,0
S0.5_R4_T1_C1,calibration_1_100,endpoint_outbound_bridge,4.45,3.9,100,-0.55,0.07159792333764035,-0.6903319297417752,-0.40966807025822494,0,57,43
S0.5_R4_T1_C1,calibration_1_100,third_party_to_known,4.52,4.51,100,-0.01,0.01,-0.0296,0.0096,0,99,1
S0.5_R4_T1_C1,confirmation_101_1100,bridge_edge_count,2.342,2.176,1000,-0.166,0.013879360094638249,-0.19320354578549098,-0.13879645421450904,15,816,169
S0.5_R4_T1_C1,confirmation_101_1100,bridge_edge_rate,0.5855,0.544,1000,-0.0415,0.0034698400236595622,-0.048300886446372746,-0.03469911355362726,15,816,169
S0.5_R4_T1_C1,confirmation_101_1100,bridge_edge_familiar_count,1.397,1.246,1000,-0.151,0.014296971826348523,-0.1790220647796431,-0.1229779352203569,24,815,161
S0.5_R4_T1_C1,confirmation_101_1100,matched_new_count,2.614,2.45,1000,-0.164,0.013903139835925456,-0.1912501540784139,-0.13674984592158612,16,816,168
S0.5_R4_T1_C1,confirmation_101_1100,known_pair_count,0.207,0.715,1000,0.508,0.015817274929209084,0.4769981411387502,0.5390018588612498,508,492,0
S0.5_R4_T1_C1,confirmation_101_1100,known_pair_familiar_count,0.02,0.329,1000,0.309,0.014619600977206347,0.2803455820846756,0.3376544179153244,309,691,0
S0.5_R4_T1_C1,confirmation_101_1100,known_conversations,1.502,2.072,1000,0.57,0.02226197645303749,0.5263665261520465,0.6136334738479534,453,547,0
S0.5_R4_T1_C1,confirmation_101_1100,known_share,0.12516666666666665,0.17266666666666666,1000,0.0475,0.0018551647044197908,0.04386387717933721,0.051136122820662794,453,547,0
S0.5_R4_T1_C1,confirmation_101_1100,bridge_conversations,8.944,8.368,1000,-0.576,0.02281983226811154,-0.6207268712454985,-0.5312731287545014,1,548,451
S0.5_R4_T1_C1,confirmation_101_1100,third_party_conversations,1.554,1.56,1000,0.006,0.003997496714192518,-0.001835093559817336,0.013835093559817336,9,987,4
S0.5_R4_T1_C1,confirmation_101_1100,endpoint_outbound_bridge,4.498,3.928,1000,-0.57,0.02226197645303749,-0.6136334738479534,-0.5263665261520465,0,547,453
S0.5_R4_T1_C1,confirmation_101_1100,third_party_to_known,4.446,4.44,1000,-0.006,0.003997496714192518,-0.013835093559817336,0.001835093559817336,4,987,9
S1_R0_T1_C1,calibration_1_100,bridge_edge_count,2.33,2.13,100,-0.2,0.04714045207910317,-0.2923952860750422,-0.10760471392495781,1,80,19
S1_R0_T1_C1,calibration_1_100,bridge_edge_rate,0.5825,0.5325,100,-0.05,0.011785113019775792,-0.07309882151876056,-0.026901178481239452,1,80,19
S1_R0_T1_C1,calibration_1_100,bridge_edge_familiar_count,1.5,1.2,100,-0.3,0.05412294272573258,-0.40608096774243585,-0.19391903225756413,1,71,28
S1_R0_T1_C1,calibration_1_100,matched_new_count,2.61,2.41,100,-0.2,0.04714045207910317,-0.2923952860750422,-0.10760471392495781,1,80,19
S1_R0_T1_C1,calibration_1_100,known_pair_count,0.21,0.75,100,0.54,0.05009082659620331,0.44182197987144156,0.6381780201285585,54,46,0
S1_R0_T1_C1,calibration_1_100,known_pair_familiar_count,0.03,0.33,100,0.3,0.04605661864718383,0.20972902745151967,0.3902709725484803,30,70,0
S1_R0_T1_C1,calibration_1_100,known_conversations,1.55,2.38,100,0.83,0.08047209190618557,0.6722746998638762,0.9877253001361237,61,39,0
S1_R0_T1_C1,calibration_1_100,known_share,0.12916666666666665,0.19833333333333333,100,0.06916666666666667,0.006706007658848797,0.05602289165532302,0.08231044167801031,61,39,0
S1_R0_T1_C1,calibration_1_100,bridge_conversations,8.97,8.13,100,-0.84,0.08130252769810425,-0.9993529542882843,-0.6806470457117156,0,39,61
S1_R0_T1_C1,calibration_1_100,third_party_conversations,1.48,1.49,100,0.01,0.01,-0.0096,0.0296,1,99,0
S1_R0_T1_C1,calibration_1_100,endpoint_outbound_bridge,4.45,3.62,100,-0.83,0.08047209190618557,-0.9877253001361237,-0.6722746998638762,0,39,61
S1_R0_T1_C1,calibration_1_100,third_party_to_known,4.52,4.51,100,-0.01,0.01,-0.0296,0.0096,0,99,1
S1_R0_T1_C1,confirmation_101_1100,bridge_edge_count,2.342,2.109,1000,-0.233,0.015904840897159704,-0.26417348815843306,-0.201826511841567,16,755,229
S1_R0_T1_C1,confirmation_101_1100,bridge_edge_rate,0.5855,0.52725,1000,-0.05825,0.003976210224289926,-0.06604337203960826,-0.05045662796039175,16,755,229
S1_R0_T1_C1,confirmation_101_1100,bridge_edge_familiar_count,1.397,1.172,1000,-0.225,0.01728217792043797,-0.2588730687240584,-0.19112693127594158,37,726,237
S1_R0_T1_C1,confirmation_101_1100,matched_new_count,2.614,2.385,1000,-0.229,0.01608781581874363,-0.2605321190047375,-0.1974678809952625,19,754,227
S1_R0_T1_C1,confirmation_101_1100,known_pair_count,0.207,0.756,1000,0.549,0.015743152379585446,0.5181434213360125,0.5798565786639875,549,451,0
S1_R0_T1_C1,confirmation_101_1100,known_pair_familiar_count,0.02,0.306,1000,0.286,0.014366990304528308,0.2578406990031245,0.31415930099687545,287,712,1
S1_R0_T1_C1,confirmation_101_1100,known_conversations,1.502,2.341,1000,0.839,0.02568537986362551,0.788656655467294,0.8893433445327059,603,397,0
S1_R0_T1_C1,confirmation_101_1100,known_share,0.12516666666666665,0.19508333333333333,1000,0.06991666666666667,0.0021404483219687924,0.06572138795560784,0.0741119453777255,603,397,0
S1_R0_T1_C1,confirmation_101_1100,bridge_conversations,8.944,8.095,1000,-0.849,0.02651229718266416,-0.9009641024780217,-0.7970358975219782,1,399,600
S1_R0_T1_C1,confirmation_101_1100,third_party_conversations,1.554,1.564,1000,0.01,0.005091750772173155,2.016848654061605e-05,0.019979831513459383,14,980,6
S1_R0_T1_C1,confirmation_101_1100,endpoint_outbound_bridge,4.498,3.659,1000,-0.839,0.02568537986362551,-0.8893433445327059,-0.788656655467294,0,397,603
S1_R0_T1_C1,confirmation_101_1100,third_party_to_known,4.446,4.436,1000,-0.01,0.005091750772173155,-0.019979831513459383,-2.016848654061605e-05,6,980,14
S1_R1_T1_C1,calibration_1_100,bridge_edge_count,2.33,2.12,100,-0.21,0.04776838056516237,-0.30362602590771826,-0.11637397409228176,1,79,20
S1_R1_T1_C1,calibration_1_100,bridge_edge_rate,0.5825,0.53,100,-0.0525,0.011942095141290592,-0.07590650647692956,-0.02909349352307044,1,79,20
S1_R1_T1_C1,calibration_1_100,bridge_edge_familiar_count,1.5,1.2,100,-0.3,0.05412294272573258,-0.40608096774243585,-0.19391903225756413,1,71,28
S1_R1_T1_C1,calibration_1_100,matched_new_count,2.61,2.4,100,-0.21,0.04776838056516237,-0.30362602590771826,-0.11637397409228176,1,79,20
S1_R1_T1_C1,calibration_1_100,known_pair_count,0.21,0.81,100,0.6,0.0492365963917331,0.5034962710722031,0.6965037289277969,60,40,0
S1_R1_T1_C1,calibration_1_100,known_pair_familiar_count,0.03,0.4,100,0.37,0.048523658709390974,0.2748936289295937,0.4651063710704063,37,63,0
S1_R1_T1_C1,calibration_1_100,known_conversations,1.55,2.39,100,0.84,0.08005048911831088,0.6831010413281107,0.9968989586718893,62,38,0
S1_R1_T1_C1,calibration_1_100,known_share,0.12916666666666665,0.19916666666666666,100,0.07,0.006670874093192574,0.056925086777342565,0.08307491322265745,62,38,0
S1_R1_T1_C1,calibration_1_100,bridge_conversations,8.97,8.12,100,-0.85,0.08087276451565162,-1.0085106184506771,-0.6914893815493228,0,38,62
S1_R1_T1_C1,calibration_1_100,third_party_conversations,1.48,1.49,100,0.01,0.01,-0.0096,0.0296,1,99,0
S1_R1_T1_C1,calibration_1_100,endpoint_outbound_bridge,4.45,3.61,100,-0.84,0.08005048911831088,-0.9968989586718893,-0.6831010413281107,0,38,62
S1_R1_T1_C1,calibration_1_100,third_party_to_known,4.52,4.51,100,-0.01,0.01,-0.0296,0.0096,0,99,1
S1_R1_T1_C1,confirmation_101_1100,bridge_edge_count,2.342,2.103,1000,-0.239,0.01594155366120671,-0.27024544517596516,-0.20775455482403482,15,751,234
S1_R1_T1_C1,confirmation_101_1100,bridge_edge_rate,0.5855,0.52575,1000,-0.05975,0.003985388415301678,-0.06756136129399129,-0.051938638706008705,15,751,234
S1_R1_T1_C1,confirmation_101_1100,bridge_edge_familiar_count,1.397,1.169,1000,-0.228,0.017329636935502032,-0.261966088393584,-0.19403391160641603,36,726,238
S1_R1_T1_C1,confirmation_101_1100,matched_new_count,2.614,2.379,1000,-0.235,0.016125601850319728,-0.26660617962662664,-0.20339382037337334,18,750,232
S1_R1_T1_C1,confirmation_101_1100,known_pair_count,0.207,0.785,1000,0.578,0.015625625112620622,0.5473737747792635,0.6086262252207364,578,422,0
S1_R1_T1_C1,confirmation_101_1100,known_pair_familiar_count,0.02,0.394,1000,0.374,0.015308767369006505,0.34399481595674725,0.40400518404325275,374,626,0
S1_R1_T1_C1,confirmation_101_1100,known_conversations,1.502,2.356,1000,0.854,0.025794366620433797,0.8034430414239497,0.9045569585760502,611,389,0
S1_R1_T1_C1,confirmation_101_1100,known_share,0.12516666666666665,0.19633333333333333,1000,0.07116666666666667,0.002149530551702817,0.06695358678532914,0.0753797465480042,611,389,0
S1_R1_T1_C1,confirmation_101_1100,bridge_conversations,8.944,8.079,1000,-0.865,0.026673704026371862,-0.9172804598916888,-0.8127195401083112,1,391,608
S1_R1_T1_C1,confirmation_101_1100,third_party_conversations,1.554,1.565,1000,0.011,0.004990381138140042,0.0012188529692455166,0.020781147030754482,14,981,5
S1_R1_T1_C1,confirmation_101_1100,endpoint_outbound_bridge,4.498,3.644,1000,-0.854,0.025794366620433797,-0.9045569585760502,-0.8034430414239497,0,389,611
S1_R1_T1_C1,confirmation_101_1100,third_party_to_known,4.446,4.435,1000,-0.011,0.004990381138140042,-0.020781147030754482,-0.0012188529692455166,5,981,14
S1_R2_T1_C1,calibration_1_100,bridge_edge_count,2.33,2.12,100,-0.21,0.04776838056516237,-0.30362602590771826,-0.11637397409228176,1,79,20
S1_R2_T1_C1,calibration_1_100,bridge_edge_rate,0.5825,0.53,100,-0.0525,0.011942095141290592,-0.07590650647692956,-0.02909349352307044,1,79,20
S1_R2_T1_C1,calibration_1_100,bridge_edge_familiar_count,1.5,1.19,100,-0.31,0.054485657458517175,-0.41679188861869365,-0.20320811138130634,1,70,29
S1_R2_T1_C1,calibration_1_100,matched_new_count,2.61,2.4,100,-0.21,0.04776838056516237,-0.30362602590771826,-0.11637397409228176,1,79,20
S1_R2_T1_C1,calibration_1_100,known_pair_count,0.21,0.83,100,0.62,0.04878317312145634,0.5243849806819456,0.7156150193180544,62,38,0
S1_R2_T1_C1,calibration_1_100,known_pair_familiar_count,0.03,0.45,100,0.42,0.04960449637488582,0.3227751871052238,0.5172248128947762,42,58,0
S1_R2_T1_C1,calibration_1_100,known_conversations,1.55,2.41,100,0.86,0.08042814724141586,0.7023608314068249,1.0176391685931752,63,37,0
S1_R2_T1_C1,calibration_1_100,known_share,0.12916666666666665,0.20083333333333334,100,0.07166666666666667,0.00670234560345132,0.058530069283902086,0.08480326404943125,63,37,0
S1_R2_T1_C1,calibration_1_100,bridge_conversations,8.97,8.1,100,-0.87,0.08122173167921068,-1.029194594091253,-0.7108054059087471,0,37,63
S1_R2_T1_C1,calibration_1_100,third_party_conversations,1.48,1.49,100,0.01,0.01,-0.0096,0.0296,1,99,0
S1_R2_T1_C1,calibration_1_100,endpoint_outbound_bridge,4.45,3.59,100,-0.86,0.08042814724141586,-1.0176391685931752,-0.7023608314068249,0,37,63
S1_R2_T1_C1,calibration_1_100,third_party_to_known,4.52,4.51,100,-0.01,0.01,-0.0296,0.0096,0,99,1
S1_R2_T1_C1,confirmation_101_1100,bridge_edge_count,2.342,2.098,1000,-0.244,0.01608486004672477,-0.27552632569158053,-0.21247367430841946,15,747,238
S1_R2_T1_C1,confirmation_101_1100,bridge_edge_rate,0.5855,0.5245,1000,-0.061,0.004021215011681192,-0.06888158142289513,-0.053118418577104864,15,747,238
S1_R2_T1_C1,confirmation_101_1100,bridge_edge_familiar_count,1.397,1.163,1000,-0.234,0.01753714775987109,-0.26837280960934734,-0.1996271903906527,36,722,242
S1_R2_T1_C1,confirmation_101_1100,matched_new_count,2.614,2.374,1000,-0.24,0.01626851759272075,-0.2718862944817327,-0.20811370551826733,18,746,236
S1_R2_T1_C1,confirmation_101_1100,known_pair_count,0.207,0.809,1000,0.602,0.015486634102859016,0.5716461971583963,0.6323538028416037,602,398,0
S1_R2_T1_C1,confirmation_101_1100,known_pair_familiar_count,0.02,0.43,1000,0.41,0.015560917136921659,0.3795006024116335,0.4404993975883664,410,590,0
S1_R2_T1_C1,confirmation_101_1100,known_conversations,1.502,2.373,1000,0.871,0.026019916141987006,0.8200009643617054,0.9219990356382946,618,382,0
S1_R2_T1_C1,confirmation_101_1100,known_share,0.12516666666666665,0.19774999999999998,1000,0.07258333333333333,0.0021683263451655844,0.06833341369680879,0.07683325296985788,618,382,0
S1_R2_T1_C1,confirmation_101_1100,bridge_conversations,8.944,8.063,1000,-0.881,0.02686187931922412,-0.9336492834656793,-0.8283507165343207,1,384,615
S1_R2_T1_C1,confirmation_101_1100,third_party_conversations,1.554,1.564,1000,0.01,0.005091750772173155,2.016848654061605e-05,0.019979831513459383,14,980,6
S1_R2_T1_C1,confirmation_101_1100,endpoint_outbound_bridge,4.498,3.627,1000,-0.871,0.026019916141987006,-0.9219990356382946,-0.8200009643617054,0,382,618
S1_R2_T1_C1,confirmation_101_1100,third_party_to_known,4.446,4.436,1000,-0.01,0.005091750772173155,-0.019979831513459383,-2.016848654061605e-05,6,980,14
S1_R4_T1_C1,calibration_1_100,bridge_edge_count,2.33,2.12,100,-0.21,0.04776838056516237,-0.30362602590771826,-0.11637397409228176,1,79,20
S1_R4_T1_C1,calibration_1_100,bridge_edge_rate,0.5825,0.53,100,-0.0525,0.011942095141290592,-0.07590650647692956,-0.02909349352307044,1,79,20
S1_R4_T1_C1,calibration_1_100,bridge_edge_familiar_count,1.5,1.16,100,-0.34,0.05545040554177647,-0.4486827948618819,-0.23131720513811815,1,67,32
S1_R4_T1_C1,calibration_1_100,matched_new_count,2.61,2.4,100,-0.21,0.04776838056516237,-0.30362602590771826,-0.11637397409228176,1,79,20
S1_R4_T1_C1,calibration_1_100,known_pair_count,0.21,0.84,100,0.63,0.048523658709390974,0.5348936289295937,0.7251063710704063,63,37,0
S1_R4_T1_C1,calibration_1_100,known_pair_familiar_count,0.03,0.46,100,0.43,0.0497569851956243,0.3324763090165764,0.5275236909834236,43,57,0
S1_R4_T1_C1,calibration_1_100,known_conversations,1.55,2.45,100,0.9,0.07849596270902193,0.746147913090317,1.053852086909683,67,33,0
S1_R4_T1_C1,calibration_1_100,known_share,0.12916666666666665,0.20416666666666666,100,0.075,0.0065413302257518275,0.06217899275752642,0.08782100724247358,67,33,0
S1_R4_T1_C1,calibration_1_100,bridge_conversations,8.97,8.06,100,-0.91,0.07925792188682582,-1.0653455268981786,-0.7546544731018214,0,33,67
S1_R4_T1_C1,calibration_1_100,third_party_conversations,1.48,1.49,100,0.01,0.01,-0.0096,0.0296,1,99,0
S1_R4_T1_C1,calibration_1_100,endpoint_outbound_bridge,4.45,3.55,100,-0.9,0.07849596270902193,-1.053852086909683,-0.746147913090317,0,33,67
S1_R4_T1_C1,calibration_1_100,third_party_to_known,4.52,4.51,100,-0.01,0.01,-0.0296,0.0096,0,99,1
S1_R4_T1_C1,confirmation_101_1100,bridge_edge_count,2.342,2.093,1000,-0.249,0.01616354726723872,-0.2806805526437879,-0.21731944735621211,15,742,243
S1_R4_T1_C1,confirmation_101_1100,bridge_edge_rate,0.5855,0.52325,1000,-0.06225,0.00404088681680968,-0.07017013816094697,-0.05432986183905303,15,742,243
S1_R4_T1_C1,confirmation_101_1100,bridge_edge_familiar_count,1.397,1.158,1000,-0.239,0.017781878280856474,-0.2738524814304787,-0.2041475185695213,37,717,246
S1_R4_T1_C1,confirmation_101_1100,matched_new_count,2.614,2.37,1000,-0.244,0.01633189305410523,-0.27601051038604624,-0.21198948961395375,18,742,240
S1_R4_T1_C1,confirmation_101_1100,known_pair_count,0.207,0.818,1000,0.611,0.015424555647308514,0.5807678709312754,0.6412321290687246,611,389,0
S1_R4_T1_C1,confirmation_101_1100,known_pair_familiar_count,0.02,0.44,1000,0.42,0.015615500115072966,0.38939361977445697,0.450606380225543,420,580,0
S1_R4_T1_C1,confirmation_101_1100,known_conversations,1.502,2.385,1000,0.883,0.026114995557973832,0.8318146087063713,0.9341853912936288,624,376,0
S1_R4_T1_C1,confirmation_101_1100,known_share,0.12516666666666665,0.19874999999999998,1000,0.07358333333333333,0.002176249629831153,0.06931788405886427,0.0778487826078024,624,376,0
S1_R4_T1_C1,confirmation_101_1100,bridge_conversations,8.944,8.05,1000,-0.894,0.026972050190734325,-0.9468652183738393,-0.8411347816261607,1,378,621
S1_R4_T1_C1,confirmation_101_1100,third_party_conversations,1.554,1.565,1000,0.011,0.005187090312102336,0.0008333029882794211,0.021166697011720578,15,979,6
S1_R4_T1_C1,confirmation_101_1100,endpoint_outbound_bridge,4.498,3.615,1000,-0.883,0.026114995557973832,-0.9341853912936288,-0.8318146087063713,0,376,624
S1_R4_T1_C1,confirmation_101_1100,third_party_to_known,4.446,4.435,1000,-0.011,0.005187090312102336,-0.021166697011720578,-0.0008333029882794211,6,979,15
S2_R0_T1_C1,calibration_1_100,bridge_edge_count,2.33,2.06,100,-0.27,0.05290548080293665,-0.3736947423737559,-0.16630525762624418,1,74,25
S2_R0_T1_C1,calibration_1_100,bridge_edge_rate,0.5825,0.515,100,-0.0675,0.013226370200734163,-0.09342368559343897,-0.041576314406561045,1,74,25
S2_R0_T1_C1,calibration_1_100,bridge_edge_familiar_count,1.5,1.08,100,-0.42,0.06384957068585252,-0.5451451585442709,-0.29485484145572904,3,57,40
S2_R0_T1_C1,calibration_1_100,matched_new_count,2.61,2.34,100,-0.27,0.05290548080293665,-0.3736947423737559,-0.16630525762624418,1,74,25
S2_R0_T1_C1,calibration_1_100,known_pair_count,0.21,0.84,100,0.63,0.048523658709390974,0.5348936289295937,0.7251063710704063,63,37,0
S2_R0_T1_C1,calibration_1_100,known_pair_familiar_count,0.03,0.48,100,0.45,0.05,0.352,0.548,45,55,0
S2_R0_T1_C1,calibration_1_100,known_conversations,1.55,2.79,100,1.24,0.09114313307688467,1.061359459169306,1.418640540830694,79,21,0
S2_R0_T1_C1,calibration_1_100,known_share,0.12916666666666665,0.23249999999999998,100,0.10333333333333333,0.0075952610897403895,0.08844662159744217,0.1182200450692245,79,21,0
S2_R0_T1_C1,calibration_1_100,bridge_conversations,8.97,7.71,100,-1.26,0.09279062996930784,-1.4418696347398434,-1.0781303652601566,0,21,79
S2_R0_T1_C1,calibration_1_100,third_party_conversations,1.48,1.5,100,0.02,0.014070529413628968,-0.007578237650712777,0.04757823765071278,2,98,0
S2_R0_T1_C1,calibration_1_100,endpoint_outbound_bridge,4.45,3.21,100,-1.24,0.09114313307688467,-1.418640540830694,-1.061359459169306,0,21,79
S2_R0_T1_C1,calibration_1_100,third_party_to_known,4.52,4.5,100,-0.02,0.014070529413628968,-0.04757823765071278,0.007578237650712777,0,98,2
S2_R0_T1_C1,confirmation_101_1100,bridge_edge_count,2.342,1.998,1000,-0.344,0.01923626871391731,-0.3817030866792779,-0.30629691332072206,21,659,320
S2_R0_T1_C1,confirmation_101_1100,bridge_edge_rate,0.5855,0.4995,1000,-0.086,0.004809067178479328,-0.09542577166981947,-0.07657422833018052,21,659,320
S2_R0_T1_C1,confirmation_101_1100,bridge_edge_familiar_count,1.397,1.014,1000,-0.383,0.020850557444484445,-0.4238670925911895,-0.3421329074088105,39,599,362
S2_R0_T1_C1,confirmation_101_1100,matched_new_count,2.614,2.273,1000,-0.341,0.019367346077717878,-0.3789599983123271,-0.303040001687673,25,654,321
S2_R0_T1_C1,confirmation_101_1100,known_pair_count,0.207,0.87,1000,0.663,0.01495508791865346,0.6336880276794392,0.6923119723205609,663,337,0
S2_R0_T1_C1,confirmation_101_1100,known_pair_familiar_count,0.02,0.474,1000,0.454,0.01575221038877186,0.4231256676380072,0.48487433236199284,454,546,0
S2_R0_T1_C1,confirmation_101_1100,known_conversations,1.502,2.836,1000,1.334,0.03035400081316078,1.274506158406205,1.3934938415937952,802,198,0
S2_R0_T1_C1,confirmation_101_1100,known_share,0.12516666666666665,0.23633333333333334,1000,0.11116666666666666,0.0025295000677633987,0.1062088465338504,0.11612448679948292,802,198,0
S2_R0_T1_C1,confirmation_101_1100,bridge_conversations,8.944,7.599,1000,-1.345,0.03195302796287069,-1.4076279348072265,-1.2823720651927735,2,202,796
S2_R0_T1_C1,confirmation_101_1100,third_party_conversations,1.554,1.565,1000,0.011,0.006994850100461619,-0.0027099061969047752,0.024709906196904774,23,963,14
S2_R0_T1_C1,confirmation_101_1100,endpoint_outbound_bridge,4.498,3.164,1000,-1.334,0.03035400081316078,-1.3934938415937952,-1.274506158406205,0,198,802
S2_R0_T1_C1,confirmation_101_1100,third_party_to_known,4.446,4.435,1000,-0.011,0.006994850100461619,-0.024709906196904774,0.0027099061969047752,14,963,23
S2_R1_T1_C1,calibration_1_100,bridge_edge_count,2.33,2.06,100,-0.27,0.05290548080293665,-0.3736947423737559,-0.16630525762624418,1,74,25
S2_R1_T1_C1,calibration_1_100,bridge_edge_rate,0.5825,0.515,100,-0.0675,0.013226370200734163,-0.09342368559343897,-0.041576314406561045,1,74,25
S2_R1_T1_C1,calibration_1_100,bridge_edge_familiar_count,1.5,1.08,100,-0.42,0.06384957068585252,-0.5451451585442709,-0.29485484145572904,3,57,40
S2_R1_T1_C1,calibration_1_100,matched_new_count,2.61,2.34,100,-0.27,0.05290548080293665,-0.3736947423737559,-0.16630525762624418,1,74,25
S2_R1_T1_C1,calibration_1_100,known_pair_count,0.21,0.88,100,0.67,0.04725815626252609,0.5773740137254489,0.7626259862745511,67,33,0
S2_R1_T1_C1,calibration_1_100,known_pair_familiar_count,0.03,0.55,100,0.52,0.05021167315686783,0.42158512061253905,0.618414879387461,52,48,0
S2_R1_T1_C1,calibration_1_100,known_conversations,1.55,2.8,100,1.25,0.09031370691409836,1.0729851344483672,1.4270148655516328,80,20,0
S2_R1_T1_C1,calibration_1_100,known_share,0.12916666666666665,0.23333333333333334,100,0.10416666666666667,0.007526142242841529,0.08941542787069727,0.11891790546263607,80,20,0
S2_R1_T1_C1,calibration_1_100,bridge_conversations,8.97,7.7,100,-1.27,0.09195409482755815,-1.450230025862014,-1.089769974137986,0,20,80
S2_R1_T1_C1,calibration_1_100,third_party_conversations,1.48,1.5,100,0.02,0.014070529413628968,-0.007578237650712777,0.04757823765071278,2,98,0
S2_R1_T1_C1,calibration_1_100,endpoint_outbound_bridge,4.45,3.2,100,-1.25,0.09031370691409836,-1.4270148655516328,-1.0729851344483672,0,20,80
S2_R1_T1_C1,calibration_1_100,third_party_to_known,4.52,4.5,100,-0.02,0.014070529413628968,-0.04757823765071278,0.007578237650712777,0,98,2
S2_R1_T1_C1,confirmation_101_1100,bridge_edge_count,2.342,1.992,1000,-0.35,0.019335818417482976,-0.3878982040982666,-0.31210179590173337,21,654,325
S2_R1_T1_C1,confirmation_101_1100,bridge_edge_rate,0.5855,0.498,1000,-0.0875,0.004833954604370744,-0.09697455102456665,-0.07802544897543334,21,654,325
S2_R1_T1_C1,confirmation_101_1100,bridge_edge_familiar_count,1.397,1.013,1000,-0.384,0.02090409005388613,-0.42497201650561683,-0.3430279834943832,39,599,362
S2_R1_T1_C1,confirmation_101_1100,matched_new_count,2.614,2.267,1000,-0.347,0.019467151049138393,-0.3851556160563112,-0.30884438394368874,25,649,326
S2_R1_T1_C1,confirmation_101_1100,known_pair_count,0.207,0.895,1000,0.688,0.014658474370509057,0.6592693902338022,0.7167306097661977,688,312,0
S2_R1_T1_C1,confirmation_101_1100,known_pair_familiar_count,0.02,0.574,1000,0.554,0.01572677116675039,0.5231755285131693,0.5848244714868308,554,446,0
S2_R1_T1_C1,confirmation_101_1100,known_conversations,1.502,2.846,1000,1.344,0.03037411046576651,1.2844667434870978,1.4035332565129024,804,196,0
S2_R1_T1_C1,confirmation_101_1100,known_share,0.12516666666666665,0.23716666666666666,1000,0.112,0.002531175872147209,0.10703889529059148,0.11696110470940853,804,196,0
S2_R1_T1_C1,confirmation_101_1100,bridge_conversations,8.944,7.589,1000,-1.355,0.03196868775844571,-1.4176586280065535,-1.2923413719934465,2,200,798
S2_R1_T1_C1,confirmation_101_1100,third_party_conversations,1.554,1.565,1000,0.011,0.006994850100461619,-0.0027099061969047752,0.024709906196904774,23,963,14
S2_R1_T1_C1,confirmation_101_1100,endpoint_outbound_bridge,4.498,3.154,1000,-1.344,0.03037411046576651,-1.4035332565129024,-1.2844667434870978,0,196,804
S2_R1_T1_C1,confirmation_101_1100,third_party_to_known,4.446,4.435,1000,-0.011,0.006994850100461619,-0.024709906196904774,0.0027099061969047752,14,963,23
S2_R2_T1_C1,calibration_1_100,bridge_edge_count,2.33,2.05,100,-0.28,0.05333333333333333,-0.38453333333333334,-0.17546666666666672,1,73,26
S2_R2_T1_C1,calibration_1_100,bridge_edge_rate,0.5825,0.5125,100,-0.07,0.013333333333333332,-0.09613333333333333,-0.04386666666666668,1,73,26
S2_R2_T1_C1,calibration_1_100,bridge_edge_familiar_count,1.5,1.07,100,-0.43,0.06396811074214395,-0.5553774970546022,-0.30462250294539783,3,56,41
S2_R2_T1_C1,calibration_1_100,matched_new_count,2.61,2.33,100,-0.28,0.05333333333333333,-0.38453333333333334,-0.17546666666666672,1,73,26
S2_R2_T1_C1,calibration_1_100,known_pair_count,0.21,0.9,100,0.69,0.04648231987117317,0.5988946530525006,0.7811053469474993,69,31,0
S2_R2_T1_C1,calibration_1_100,known_pair_familiar_count,0.03,0.58,100,0.55,0.05,0.45200000000000007,0.648,55,45,0
S2_R2_T1_C1,calibration_1_100,known_conversations,1.55,2.82,100,1.27,0.09195409482755815,1.089769974137986,1.450230025862014,80,20,0
S2_R2_T1_C1,calibration_1_100,known_share,0.12916666666666665,0.235,100,0.10583333333333333,0.007662841235629846,0.09081416451149883,0.12085250215516784,80,20,0
S2_R2_T1_C1,calibration_1_100,bridge_conversations,8.97,7.68,100,-1.29,0.09352253550061956,-1.4733041695812144,-1.1066958304187857,0,20,80
S2_R2_T1_C1,calibration_1_100,third_party_conversations,1.48,1.5,100,0.02,0.014070529413628968,-0.007578237650712777,0.04757823765071278,2,98,0
S2_R2_T1_C1,calibration_1_100,endpoint_outbound_bridge,4.45,3.18,100,-1.27,0.09195409482755815,-1.450230025862014,-1.089769974137986,0,20,80
S2_R2_T1_C1,calibration_1_100,third_party_to_known,4.52,4.5,100,-0.02,0.014070529413628968,-0.04757823765071278,0.007578237650712777,0,98,2
S2_R2_T1_C1,confirmation_101_1100,bridge_edge_count,2.342,1.989,1000,-0.353,0.01941050663346446,-0.39104459300159033,-0.3149554069984096,22,649,329
S2_R2_T1_C1,confirmation_101_1100,bridge_edge_rate,0.5855,0.49725,1000,-0.08825,0.004852626658366115,-0.09776114825039758,-0.0787388517496024,22,649,329
S2_R2_T1_C1,confirmation_101_1100,bridge_edge_familiar_count,1.397,1.011,1000,-0.386,0.02101060316710221,-0.4271807822075203,-0.3448192177924797,40,596,364
S2_R2_T1_C1,confirmation_101_1100,matched_new_count,2.614,2.264,1000,-0.35,0.019541798327735397,-0.38830192472236136,-0.3116980752776386,26,644,330
S2_R2_T1_C1,confirmation_101_1100,known_pair_count,0.207,0.919,1000,0.712,0.01432694179723158,0.6839191940774261,0.7400808059225739,712,288,0
S2_R2_T1_C1,confirmation_101_1100,known_pair_familiar_count,0.02,0.609,1000,0.589,0.01556667341859915,0.5584893200995457,0.6195106799004543,589,411,0
S2_R2_T1_C1,confirmation_101_1100,known_conversations,1.502,2.856,1000,1.354,0.03039091324076339,1.2944338100481039,1.4135661899518963,808,192,0
S2_R2_T1_C1,confirmation_101_1100,known_share,0.12516666666666665,0.238,1000,0.11283333333333334,0.0025325761033969493,0.10786948417067532,0.11779718249599136,808,192,0
S2_R2_T1_C1,confirmation_101_1100,bridge_conversations,8.944,7.579,1000,-1.365,0.031949895082704044,-1.4276217943621,-1.3023782056379,2,196,802
S2_R2_T1_C1,confirmation_101_1100,third_party_conversations,1.554,1.565,1000,0.011,0.006994850100461619,-0.0027099061969047752,0.024709906196904774,23,963,14
S2_R2_T1_C1,confirmation_101_1100,endpoint_outbound_bridge,4.498,3.144,1000,-1.354,0.03039091324076339,-1.4135661899518963,-1.2944338100481039,0,192,808
S2_R2_T1_C1,confirmation_101_1100,third_party_to_known,4.446,4.435,1000,-0.011,0.006994850100461619,-0.024709906196904774,0.0027099061969047752,14,963,23
S2_R4_T1_C1,calibration_1_100,bridge_edge_count,2.33,2.04,100,-0.29,0.05373898759633259,-0.39532841568881183,-0.1846715843111881,1,72,27
S2_R4_T1_C1,calibration_1_100,bridge_edge_rate,0.5825,0.51,100,-0.0725,0.013434746899083147,-0.09883210392220296,-0.046167896077797026,1,72,27
S2_R4_T1_C1,calibration_1_100,bridge_edge_familiar_count,1.5,1.06,100,-0.44,0.06562827673397122,-0.5686314223985836,-0.31136857760141645,3,56,41
S2_R4_T1_C1,calibration_1_100,matched_new_count,2.61,2.32,100,-0.29,0.05373898759633259,-0.39532841568881183,-0.1846715843111881,1,72,27
S2_R4_T1_C1,calibration_1_100,known_pair_count,0.21,0.9,100,0.69,0.04648231987117317,0.5988946530525006,0.7811053469474993,69,31,0
S2_R4_T1_C1,calibration_1_100,known_pair_familiar_count,0.03,0.6,100,0.57,0.0497569851956243,0.47247630901657633,0.6675236909834236,57,43,0
S2_R4_T1_C1,calibration_1_100,known_conversations,1.55,2.83,100,1.28,0.09220092245205631,1.0992861919939696,1.4607138080060305,80,20,0
S2_R4_T1_C1,calibration_1_100,known_share,0.12916666666666665,0.23583333333333334,100,0.10666666666666667,0.0076834102043380256,0.09160718266616415,0.1217261506671692,80,20,0
S2_R4_T1_C1,calibration_1_100,bridge_conversations,8.97,7.66,100,-1.31,0.09502259167846838,-1.4962442796897981,-1.123755720310202,0,20,80
S2_R4_T1_C1,calibration_1_100,third_party_conversations,1.48,1.51,100,0.03,0.01714466079977653,-0.003603535167561997,0.063603535167562,3,97,0
S2_R4_T1_C1,calibration_1_100,endpoint_outbound_bridge,4.45,3.17,100,-1.28,0.09220092245205631,-1.4607138080060305,-1.0992861919939696,0,20,80
S2_R4_T1_C1,calibration_1_100,third_party_to_known,4.52,4.49,100,-0.03,0.01714466079977653,-0.063603535167562,0.003603535167561997,0,97,3
S2_R4_T1_C1,confirmation_101_1100,bridge_edge_count,2.342,1.987,1000,-0.355,0.019425559254558217,-0.39307409613893407,-0.3169259038610659,22,647,331
S2_R4_T1_C1,confirmation_101_1100,bridge_edge_rate,0.5855,0.49675,1000,-0.08875,0.004856389813639554,-0.09826852403473352,-0.07923147596526647,22,647,331
S2_R4_T1_C1,confirmation_101_1100,bridge_edge_familiar_count,1.397,1.005,1000,-0.392,0.021137236876724988,-0.433428984278381,-0.35057101572161903,40,592,368
S2_R4_T1_C1,confirmation_101_1100,matched_new_count,2.614,2.262,1000,-0.352,0.019557056999417843,-0.39033183171885893,-0.313668168281141,26,642,332
S2_R4_T1_C1,confirmation_101_1100,known_pair_count,0.207,0.926,1000,0.719,0.01422115470843494,0.6911265367714675,0.7468734632285324,719,281,0
S2_R4_T1_C1,confirmation_101_1100,known_pair_familiar_count,0.02,0.621,1000,0.601,0.015493193313163012,0.5706333411062005,0.6313666588937995,601,399,0
S2_R4_T1_C1,confirmation_101_1100,known_conversations,1.502,2.865,1000,1.363,0.03046570463913742,1.3032872189072906,1.4227127810927094,810,190,0
S2_R4_T1_C1,confirmation_101_1100,known_share,0.12516666666666665,0.23875,1000,0.11358333333333334,0.0025388087199281185,0.10860726824227424,0.11855939842439245,810,190,0
S2_R4_T1_C1,confirmation_101_1100,bridge_conversations,8.944,7.57,1000,-1.374,0.032017950420805345,-1.4367551828247787,-1.3112448171752216,2,194,804
S2_R4_T1_C1,confirmation_101_1100,third_party_conversations,1.554,1.565,1000,0.011,0.006994850100461619,-0.0027099061969047752,0.024709906196904774,23,963,14
S2_R4_T1_C1,confirmation_101_1100,endpoint_outbound_bridge,4.498,3.135,1000,-1.363,0.03046570463913742,-1.4227127810927094,-1.3032872189072906,0,190,810
S2_R4_T1_C1,confirmation_101_1100,third_party_to_known,4.446,4.435,1000,-0.011,0.006994850100461619,-0.024709906196904774,0.0027099061969047752,14,963,23
S4_R0_T1_C1,calibration_1_100,bridge_edge_count,2.33,1.85,100,-0.48,0.06432242017658957,-0.6060719435461155,-0.3539280564538844,1,57,42
S4_R0_T1_C1,calibration_1_100,bridge_edge_rate,0.5825,0.4625,100,-0.12,0.016080605044147392,-0.15151798588652887,-0.0884820141134711,1,57,42
S4_R0_T1_C1,calibration_1_100,bridge_edge_familiar_count,1.5,0.93,100,-0.57,0.07555184185763315,-0.7180816100409609,-0.42191838995903896,4,47,49
S4_R0_T1_C1,calibration_1_100,matched_new_count,2.61,2.13,100,-0.48,0.06432242017658957,-0.6060719435461155,-0.3539280564538844,1,57,42
S4_R0_T1_C1,calibration_1_100,known_pair_count,0.21,0.95,100,0.74,0.0440844002276808,0.6535945755537457,0.8264054244462543,74,26,0
S4_R0_T1_C1,calibration_1_100,known_pair_familiar_count,0.03,0.71,100,0.68,0.04688261722621507,0.5881100702366185,0.7718899297633816,68,32,0
S4_R0_T1_C1,calibration_1_100,known_conversations,1.55,3.51,100,1.96,0.09941241513426924,1.7651516663368323,2.1548483336631676,95,5,0
S4_R0_T1_C1,calibration_1_100,known_share,0.12916666666666665,0.2925,100,0.16333333333333333,0.008284367927855769,0.14709597219473602,0.17957069447193064,95,5,0
S4_R0_T1_C1,calibration_1_100,bridge_conversations,8.97,6.98,100,-1.99,0.10298082590973187,-2.1918424187830743,-1.7881575812169255,0,5,95
S4_R0_T1_C1,calibration_1_100,third_party_conversations,1.48,1.51,100,0.03,0.01714466079977653,-0.003603535167561997,0.063603535167562,3,97,0
S4_R0_T1_C1,calibration_1_100,endpoint_outbound_bridge,4.45,2.49,100,-1.96,0.09941241513426924,-2.1548483336631676,-1.7651516663368323,0,5,95
S4_R0_T1_C1,calibration_1_100,third_party_to_known,4.52,4.49,100,-0.03,0.01714466079977653,-0.063603535167562,0.003603535167561997,0,97,3
S4_R0_T1_C1,confirmation_101_1100,bridge_edge_count,2.342,1.821,1000,-0.521,0.022540343100029933,-0.5651790724760587,-0.47682092752394134,23,527,450
S4_R0_T1_C1,confirmation_101_1100,bridge_edge_rate,0.5855,0.45525,1000,-0.13025,0.005635085775007483,-0.14129476811901467,-0.11920523188098534,23,527,450
S4_R0_T1_C1,confirmation_101_1100,bridge_edge_familiar_count,1.397,0.833,1000,-0.564,0.023842660767466214,-0.6107316151042337,-0.5172683848957662,40,473,487
S4_R0_T1_C1,confirmation_101_1100,matched_new_count,2.614,2.098,1000,-0.516,0.02285314565363522,-0.5607921654811251,-0.471207834518875,28,525,447
S4_R0_T1_C1,confirmation_101_1100,known_pair_count,0.207,0.947,1000,0.74,0.013877773329774218,0.7127995642736425,0.7672004357263574,740,260,0
S4_R0_T1_C1,confirmation_101_1100,known_pair_familiar_count,0.02,0.684,1000,0.664,0.014944140233794895,0.6347094851417621,0.693290514858238,664,336,0
S4_R0_T1_C1,confirmation_101_1100,known_conversations,1.502,3.442,1000,1.94,0.03279444275293415,1.875722892204249,2.004277107795751,931,69,0
S4_R0_T1_C1,confirmation_101_1100,known_share,0.12516666666666665,0.28683333333333333,1000,0.16166666666666668,0.00273287022941118,0.15631024101702076,0.1670230923163126,931,69,0
S4_R0_T1_C1,confirmation_101_1100,bridge_conversations,8.944,6.992,1000,-1.952,0.03413005802604005,-2.0188949137310384,-1.8851050862689616,1,70,929
S4_R0_T1_C1,confirmation_101_1100,third_party_conversations,1.554,1.566,1000,0.012,0.007868793930324896,-0.003422836103436796,0.027422836103436796,31,947,22
S4_R0_T1_C1,confirmation_101_1100,endpoint_outbound_bridge,4.498,2.558,1000,-1.94,0.03279444275293415,-2.004277107795751,-1.875722892204249,0,69,931
S4_R0_T1_C1,confirmation_101_1100,third_party_to_known,4.446,4.434,1000,-0.012,0.007868793930324896,-0.027422836103436796,0.003422836103436796,22,947,31
S4_R1_T1_C1,calibration_1_100,bridge_edge_count,2.33,1.83,100,-0.5,0.06435381994422819,-0.6261334870906873,-0.3738665129093127,1,55,44
S4_R1_T1_C1,calibration_1_100,bridge_edge_rate,0.5825,0.4575,100,-0.125,0.016088454986057047,-0.15653337177267182,-0.09346662822732818,1,55,44
S4_R1_T1_C1,calibration_1_100,bridge_edge_familiar_count,1.5,0.93,100,-0.57,0.07555184185763315,-0.7180816100409609,-0.42191838995903896,4,47,49
S4_R1_T1_C1,calibration_1_100,matched_new_count,2.61,2.11,100,-0.5,0.06435381994422819,-0.6261334870906873,-0.3738665129093127,1,55,44
S4_R1_T1_C1,calibration_1_100,known_pair_count,0.21,0.98,100,0.77,0.04229525846816507,0.6871012934023965,0.8528987065976036,77,23,0
S4_R1_T1_C1,calibration_1_100,known_pair_familiar_count,0.03,0.8,100,0.77,0.04229525846816507,0.6871012934023965,0.8528987065976036,77,23,0
S4_R1_T1_C1,calibration_1_100,known_conversations,1.55,3.53,100,1.98,0.0994733607301447,1.7850322129689165,2.1749677870310835,95,5,0
S4_R1_T1_C1,calibration_1_100,known_share,0.12916666666666665,0.2941666666666667,100,0.165,0.00828944672751206,0.14875268441407638,0.18124731558592364,95,5,0
S4_R1_T1_C1,calibration_1_100,bridge_conversations,8.97,6.96,100,-2.01,0.10298082590973187,-2.2118424187830743,-1.8081575812169253,0,5,95
S4_R1_T1_C1,calibration_1_100,third_party_conversations,1.48,1.51,100,0.03,0.01714466079977653,-0.003603535167561997,0.063603535167562,3,97,0
S4_R1_T1_C1,calibration_1_100,endpoint_outbound_bridge,4.45,2.47,100,-1.98,0.0994733607301447,-2.1749677870310835,-1.7850322129689165,0,5,95
S4_R1_T1_C1,calibration_1_100,third_party_to_known,4.52,4.49,100,-0.03,0.01714466079977653,-0.063603535167562,0.003603535167561997,0,97,3
S4_R1_T1_C1,confirmation_101_1100,bridge_edge_count,2.342,1.822,1000,-0.52,0.02258561732851485,-0.5642678099638891,-0.4757321900361109,23,529,448
S4_R1_T1_C1,confirmation_101_1100,bridge_edge_rate,0.5855,0.4555,1000,-0.13,0.005646404332128712,-0.14106695249097229,-0.11893304750902772,23,529,448
S4_R1_T1_C1,confirmation_101_1100,bridge_edge_familiar_count,1.397,0.83,1000,-0.567,0.02387637076862983,-0.6137976867065145,-0.5202023132934854,40,471,489
S4_R1_T1_C1,confirmation_101_1100,matched_new_count,2.614,2.099,1000,-0.515,0.022897582826562707,-0.5598792623400629,-0.4701207376599371,28,527,445
S4_R1_T1_C1,confirmation_101_1100,known_pair_count,0.207,0.96,1000,0.753,0.013644675781314014,0.7262564354686245,0.7797435645313755,753,247,0
S4_R1_T1_C1,confirmation_101_1100,known_pair_familiar_count,0.02,0.785,1000,0.765,0.013414729030247124,0.7387071311007156,0.7912928688992844,765,235,0
S4_R1_T1_C1,confirmation_101_1100,known_conversations,1.502,3.448,1000,1.946,0.03274379568950668,1.8818221604485668,2.010177839551433,933,67,0
S4_R1_T1_C1,confirmation_101_1100,known_share,0.12516666666666665,0.28733333333333333,1000,0.16216666666666668,0.0027286496407922236,0.15681851337071392,0.16751481996261944,933,67,0
S4_R1_T1_C1,confirmation_101_1100,bridge_conversations,8.944,6.987,1000,-1.957,0.03409271642614172,-2.023821724195238,-1.8901782758047623,1,68,931
S4_R1_T1_C1,confirmation_101_1100,third_party_conversations,1.554,1.565,1000,0.011,0.007806403777664844,-0.004300551404223094,0.02630055140422309,30,948,22
S4_R1_T1_C1,confirmation_101_1100,endpoint_outbound_bridge,4.498,2.552,1000,-1.946,0.03274379568950668,-2.010177839551433,-1.8818221604485668,0,67,933
S4_R1_T1_C1,confirmation_101_1100,third_party_to_known,4.446,4.435,1000,-0.011,0.007806403777664844,-0.02630055140422309,0.004300551404223094,22,948,30
S4_R2_T1_C1,calibration_1_100,bridge_edge_count,2.33,1.83,100,-0.5,0.06435381994422819,-0.6261334870906873,-0.3738665129093127,1,55,44
S4_R2_T1_C1,calibration_1_100,bridge_edge_rate,0.5825,0.4575,100,-0.125,0.016088454986057047,-0.15653337177267182,-0.09346662822732818,1,55,44
S4_R2_T1_C1,calibration_1_100,bridge_edge_familiar_count,1.5,0.92,100,-0.58,0.0754515029202818,-0.7278849457237523,-0.43211505427624763,4,46,50
S4_R2_T1_C1,calibration_1_100,matched_new_count,2.61,2.11,100,-0.5,0.06435381994422819,-0.6261334870906873,-0.3738665129093127,1,55,44
S4_R2_T1_C1,calibration_1_100,known_pair_count,0.21,0.98,100,0.77,0.04229525846816507,0.6871012934023965,0.8528987065976036,77,23,0
S4_R2_T1_C1,calibration_1_100,known_pair_familiar_count,0.03,0.83,100,0.8,0.04020151261036849,0.7212050352836779,0.8787949647163222,80,20,0
S4_R2_T1_C1,calibration_1_100,known_conversations,1.55,3.54,100,1.99,0.09897964284119082,1.795999900031266,2.184000099968734,95,5,0
S4_R2_T1_C1,calibration_1_100,known_share,0.12916666666666665,0.295,100,0.16583333333333333,0.008248303570099234,0.14966665833593884,0.18200000833072782,95,5,0
S4_R2_T1_C1,calibration_1_100,bridge_conversations,8.97,6.95,100,-2.02,0.10247443632931141,-2.2208498952054505,-1.8191501047945495,0,5,95
S4_R2_T1_C1,calibration_1_100,third_party_conversations,1.48,1.51,100,0.03,0.01714466079977653,-0.003603535167561997,0.063603535167562,3,97,0
S4_R2_T1_C1,calibration_1_100,endpoint_outbound_bridge,4.45,2.46,100,-1.99,0.09897964284119082,-2.184000099968734,-1.795999900031266,0,5,95
S4_R2_T1_C1,calibration_1_100,third_party_to_known,4.52,4.49,100,-0.03,0.01714466079977653,-0.063603535167562,0.003603535167561997,0,97,3
S4_R2_T1_C1,confirmation_101_1100,bridge_edge_count,2.342,1.821,1000,-0.521,0.022584708744393164,-0.5652660291390106,-0.4767339708609894,23,528,449
S4_R2_T1_C1,confirmation_101_1100,bridge_edge_rate,0.5855,0.45525,1000,-0.13025,0.005646177186098291,-0.14131650728475265,-0.11918349271524735,23,528,449
S4_R2_T1_C1,confirmation_101_1100,bridge_edge_familiar_count,1.397,0.828,1000,-0.569,0.023912565960406904,-0.6158686292823975,-0.5221313707176024,40,470,490
S4_R2_T1_C1,confirmation_101_1100,matched_new_count,2.614,2.098,1000,-0.516,0.022896905211584124,-0.5608779342147049,-0.47112206578529514,28,526,446
S4_R2_T1_C1,confirmation_101_1100,known_pair_count,0.207,0.97,1000,0.763,0.013454070462577935,0.7366300218933473,0.7893699781066528,763,237,0
S4_R2_T1_C1,confirmation_101_1100,known_pair_familiar_count,0.02,0.821,1000,0.801,0.01263164908309911,0.7762419677971258,0.8257580322028742,801,199,0
S4_R2_T1_C1,confirmation_101_1100,known_conversations,1.502,3.453,1000,1.951,0.03270578952828793,1.8868966525245556,2.0151033474754443,933,67,0
S4_R2_T1_C1,confirmation_101_1100,known_share,0.12516666666666665,0.28775,1000,0.16258333333333333,0.002725482460690661,0.15724138771037963,0.16792527895628703,933,67,0
S4_R2_T1_C1,confirmation_101_1100,bridge_conversations,8.944,6.982,1000,-1.962,0.03405459903912709,-2.0287470141166892,-1.895252985883311,1,68,931
S4_R2_T1_C1,confirmation_101_1100,third_party_conversations,1.554,1.565,1000,0.011,0.007806403777664844,-0.004300551404223094,0.02630055140422309,30,948,22
S4_R2_T1_C1,confirmation_101_1100,endpoint_outbound_bridge,4.498,2.547,1000,-1.951,0.03270578952828793,-2.0151033474754443,-1.8868966525245556,0,67,933
S4_R2_T1_C1,confirmation_101_1100,third_party_to_known,4.446,4.435,1000,-0.011,0.007806403777664844,-0.02630055140422309,0.004300551404223094,22,948,30
S4_R4_T1_C1,calibration_1_100,bridge_edge_count,2.33,1.82,100,-0.51,0.06434597143880913,-0.6361181040200659,-0.3838818959799341,1,54,45
S4_R4_T1_C1,calibration_1_100,bridge_edge_rate,0.5825,0.455,100,-0.1275,0.016086492859702282,-0.15902952600501646,-0.09597047399498353,1,54,45
S4_R4_T1_C1,calibration_1_100,bridge_edge_familiar_count,1.5,0.92,100,-0.58,0.0754515029202818,-0.7278849457237523,-0.43211505427624763,4,46,50
S4_R4_T1_C1,calibration_1_100,matched_new_count,2.61,2.1,100,-0.51,0.06434597143880913,-0.6361181040200659,-0.3838818959799341,1,54,45
S4_R4_T1_C1,calibration_1_100,known_pair_count,0.21,0.98,100,0.77,0.04229525846816507,0.6871012934023965,0.8528987065976036,77,23,0
S4_R4_T1_C1,calibration_1_100,known_pair_familiar_count,0.03,0.84,100,0.81,0.039427724440366255,0.7327216600968822,0.8872783399031179,81,19,0
S4_R4_T1_C1,calibration_1_100,known_conversations,1.55,3.55,100,2,0.0984731927834662,1.8069925421444062,2.1930074578555936,95,5,0
S4_R4_T1_C1,calibration_1_100,known_share,0.12916666666666665,0.29583333333333334,100,0.16666666666666666,0.008206099398622182,0.15058271184536717,0.18275062148796614,95,5,0
S4_R4_T1_C1,calibration_1_100,bridge_conversations,8.97,6.94,100,-2.03,0.10195562512656912,-2.2298330252480754,-1.8301669747519242,0,5,95
S4_R4_T1_C1,calibration_1_100,third_party_conversations,1.48,1.51,100,0.03,0.01714466079977653,-0.003603535167561997,0.063603535167562,3,97,0
S4_R4_T1_C1,calibration_1_100,endpoint_outbound_bridge,4.45,2.45,100,-2,0.0984731927834662,-2.1930074578555936,-1.8069925421444062,0,5,95
S4_R4_T1_C1,calibration_1_100,third_party_to_known,4.52,4.49,100,-0.03,0.01714466079977653,-0.063603535167562,0.003603535167561997,0,97,3
S4_R4_T1_C1,confirmation_101_1100,bridge_edge_count,2.342,1.818,1000,-0.524,0.02262600132449249,-0.5683469625960053,-0.47965303740399473,23,526,451
S4_R4_T1_C1,confirmation_101_1100,bridge_edge_rate,0.5855,0.4545,1000,-0.131,0.005656500331123123,-0.14208674064900131,-0.11991325935099868,23,526,451
S4_R4_T1_C1,confirmation_101_1100,bridge_edge_familiar_count,1.397,0.825,1000,-0.572,0.023945550513391613,-0.6189332790062475,-0.5250667209937524,40,468,492
S4_R4_T1_C1,confirmation_101_1100,matched_new_count,2.614,2.095,1000,-0.519,0.022938290371454565,-0.563959049128051,-0.4740409508719491,28,524,448
S4_R4_T1_C1,confirmation_101_1100,known_pair_count,0.207,0.972,1000,0.765,0.013414729030247124,0.7387071311007156,0.7912928688992844,765,235,0
S4_R4_T1_C1,confirmation_101_1100,known_pair_familiar_count,0.02,0.829,1000,0.809,0.012436787112179482,0.7846238972601283,0.8333761027398718,809,191,0
S4_R4_T1_C1,confirmation_101_1100,known_conversations,1.502,3.46,1000,1.958,0.032608270412570174,1.8940877899913624,2.0219122100086375,935,65,0
S4_R4_T1_C1,confirmation_101_1100,known_share,0.12516666666666665,0.28833333333333333,1000,0.16316666666666668,0.002717355867714181,0.1578406491659469,0.16849268416738647,935,65,0
S4_R4_T1_C1,confirmation_101_1100,bridge_conversations,8.944,6.975,1000,-1.969,0.033958683605113324,-2.0355590198660223,-1.9024409801339779,1,66,933
S4_R4_T1_C1,confirmation_101_1100,third_party_conversations,1.554,1.565,1000,0.011,0.007806403777664844,-0.004300551404223094,0.02630055140422309,30,948,22
S4_R4_T1_C1,confirmation_101_1100,endpoint_outbound_bridge,4.498,2.54,1000,-1.958,0.032608270412570174,-2.0219122100086375,-1.8940877899913624,0,65,935
S4_R4_T1_C1,confirmation_101_1100,third_party_to_known,4.446,4.435,1000,-0.011,0.007806403777664844,-0.02630055140422309,0.004300551404223094,22,948,30
S0_R0_T0_C0,calibration_1_100,bridge_edge_count,2.33,2.33,100,0,0.0,0.0,0.0,0,100,0
S0_R0_T0_C0,calibration_1_100,bridge_edge_rate,0.5825,0.5825,100,0.0,0.0,0.0,0.0,0,100,0
S0_R0_T0_C0,calibration_1_100,bridge_edge_familiar_count,1.5,1.5,100,0,0.0,0.0,0.0,0,100,0
S0_R0_T0_C0,calibration_1_100,matched_new_count,2.61,2.61,100,0,0.0,0.0,0.0,0,100,0
S0_R0_T0_C0,calibration_1_100,known_pair_count,0.21,0.21,100,0,0.0,0.0,0.0,0,100,0
S0_R0_T0_C0,calibration_1_100,known_pair_familiar_count,0.03,0.03,100,0,0.0,0.0,0.0,0,100,0
S0_R0_T0_C0,calibration_1_100,known_conversations,1.55,1.55,100,0,0.0,0.0,0.0,0,100,0
S0_R0_T0_C0,calibration_1_100,known_share,0.12916666666666665,0.12916666666666665,100,0.0,0.0,0.0,0.0,0,100,0
S0_R0_T0_C0,calibration_1_100,bridge_conversations,8.97,8.97,100,0,0.0,0.0,0.0,0,100,0
S0_R0_T0_C0,calibration_1_100,third_party_conversations,1.48,1.48,100,0,0.0,0.0,0.0,0,100,0
S0_R0_T0_C0,calibration_1_100,endpoint_outbound_bridge,4.45,4.45,100,0,0.0,0.0,0.0,0,100,0
S0_R0_T0_C0,calibration_1_100,third_party_to_known,4.52,4.52,100,0,0.0,0.0,0.0,0,100,0
S0_R0_T0_C0,confirmation_101_1100,bridge_edge_count,2.342,2.342,1000,0,0.0,0.0,0.0,0,1000,0
S0_R0_T0_C0,confirmation_101_1100,bridge_edge_rate,0.5855,0.5855,1000,0.0,0.0,0.0,0.0,0,1000,0
S0_R0_T0_C0,confirmation_101_1100,bridge_edge_familiar_count,1.397,1.397,1000,0,0.0,0.0,0.0,0,1000,0
S0_R0_T0_C0,confirmation_101_1100,matched_new_count,2.614,2.614,1000,0,0.0,0.0,0.0,0,1000,0
S0_R0_T0_C0,confirmation_101_1100,known_pair_count,0.207,0.207,1000,0,0.0,0.0,0.0,0,1000,0
S0_R0_T0_C0,confirmation_101_1100,known_pair_familiar_count,0.02,0.02,1000,0,0.0,0.0,0.0,0,1000,0
S0_R0_T0_C0,confirmation_101_1100,known_conversations,1.502,1.502,1000,0,0.0,0.0,0.0,0,1000,0
S0_R0_T0_C0,confirmation_101_1100,known_share,0.12516666666666665,0.12516666666666665,1000,0.0,0.0,0.0,0.0,0,1000,0
S0_R0_T0_C0,confirmation_101_1100,bridge_conversations,8.944,8.944,1000,0,0.0,0.0,0.0,0,1000,0
S0_R0_T0_C0,confirmation_101_1100,third_party_conversations,1.554,1.554,1000,0,0.0,0.0,0.0,0,1000,0
S0_R0_T0_C0,confirmation_101_1100,endpoint_outbound_bridge,4.498,4.498,1000,0,0.0,0.0,0.0,0,1000,0
S0_R0_T0_C0,confirmation_101_1100,third_party_to_known,4.446,4.446,1000,0,0.0,0.0,0.0,0,1000,0
S0_R0_T0_C1,calibration_1_100,bridge_edge_count,2.33,2.31,100,-0.02,0.014070529413628968,-0.04757823765071278,0.007578237650712777,0,98,2
S0_R0_T0_C1,calibration_1_100,bridge_edge_rate,0.5825,0.5775,100,-0.005,0.003517632353407242,-0.011894559412678194,0.0018945594126781942,0,98,2
S0_R0_T0_C1,calibration_1_100,bridge_edge_familiar_count,1.5,1.49,100,-0.01,0.01,-0.0296,0.0096,0,99,1
S0_R0_T0_C1,calibration_1_100,matched_new_count,2.61,2.59,100,-0.02,0.014070529413628968,-0.04757823765071278,0.007578237650712777,0,98,2
S0_R0_T0_C1,calibration_1_100,known_pair_count,0.21,0.41,100,0.2,0.04020151261036849,0.12120503528367778,0.27879496471632226,20,80,0
S0_R0_T0_C1,calibration_1_100,known_pair_familiar_count,0.03,0.07,100,0.04,0.019694638556693237,0.0013985084288812566,0.07860149157111875,4,96,0
S0_R0_T0_C1,calibration_1_100,known_conversations,1.55,1.59,100,0.04,0.019694638556693237,0.0013985084288812566,0.07860149157111875,4,96,0
S0_R0_T0_C1,calibration_1_100,known_share,0.12916666666666665,0.1325,100,0.003333333333333333,0.0016412198797244363,0.0001165423690734379,0.006550124297593229,4,96,0
S0_R0_T0_C1,calibration_1_100,bridge_conversations,8.97,8.93,100,-0.04,0.019694638556693237,-0.07860149157111875,-0.0013985084288812566,0,96,4
S0_R0_T0_C1,calibration_1_100,third_party_conversations,1.48,1.48,100,0,0.0,0.0,0.0,0,100,0
S0_R0_T0_C1,calibration_1_100,endpoint_outbound_bridge,4.45,4.41,100,-0.04,0.019694638556693237,-0.07860149157111875,-0.0013985084288812566,0,96,4
S0_R0_T0_C1,calibration_1_100,third_party_to_known,4.52,4.52,100,0,0.0,0.0,0.0,0,100,0
S0_R0_T0_C1,confirmation_101_1100,bridge_edge_count,2.342,2.336,1000,-0.006,0.003738713412121606,-0.013327878287758346,0.0013278782877583469,3,989,8
S0_R0_T0_C1,confirmation_101_1100,bridge_edge_rate,0.5855,0.584,1000,-0.0015,0.0009346783530304014,-0.0033319695719395866,0.0003319695719395867,3,989,8
S0_R0_T0_C1,confirmation_101_1100,bridge_edge_familiar_count,1.397,1.387,1000,-0.01,0.003989475644231446,-0.017819372262693634,-0.0021806277373063662,2,987,11
S0_R0_T0_C1,confirmation_101_1100,matched_new_count,2.614,2.608,1000,-0.006,0.003738713412121606,-0.013327878287758346,0.0013278782877583469,3,989,8
S0_R0_T0_C1,confirmation_101_1100,known_pair_count,0.207,0.394,1000,0.187,0.012336254828074166,0.16282094053697463,0.21117905946302537,187,813,0
S0_R0_T0_C1,confirmation_101_1100,known_pair_familiar_count,0.02,0.094,1000,0.074,0.0082820645127041,0.05776715355509996,0.09023284644490004,74,926,0
S0_R0_T0_C1,confirmation_101_1100,known_conversations,1.502,1.546,1000,0.044,0.00707913229952048,0.030124900692939858,0.05787509930706014,40,960,0
S0_R0_T0_C1,confirmation_101_1100,known_share,0.12516666666666665,0.12883333333333333,1000,0.0036666666666666666,0.0005899276916267066,0.0025104083910783216,0.004822924942255011,40,960,0
S0_R0_T0_C1,confirmation_101_1100,bridge_conversations,8.944,8.901,1000,-0.043,0.007155571409901672,-0.05702491996340727,-0.028975080036592722,1,959,40
S0_R0_T0_C1,confirmation_101_1100,third_party_conversations,1.554,1.553,1000,-0.001,0.001,-0.00296,0.0009599999999999999,0,999,1
S0_R0_T0_C1,confirmation_101_1100,endpoint_outbound_bridge,4.498,4.454,1000,-0.044,0.00707913229952048,-0.05787509930706014,-0.030124900692939858,0,960,40
S0_R0_T0_C1,confirmation_101_1100,third_party_to_known,4.446,4.447,1000,0.001,0.001,-0.0009599999999999999,0.00296,1,999,0
S0_R0_T1_C0,calibration_1_100,bridge_edge_count,2.33,2.31,100,-0.02,0.014070529413628968,-0.04757823765071278,0.007578237650712777,0,98,2
S0_R0_T1_C0,calibration_1_100,bridge_edge_rate,0.5825,0.5775,100,-0.005,0.003517632353407242,-0.011894559412678194,0.0018945594126781942,0,98,2
S0_R0_T1_C0,calibration_1_100,bridge_edge_familiar_count,1.5,1.49,100,-0.01,0.017378728435078386,-0.04406230773275364,0.024062307732753634,1,97,2
S0_R0_T1_C0,calibration_1_100,matched_new_count,2.61,2.59,100,-0.02,0.014070529413628968,-0.04757823765071278,0.007578237650712777,0,98,2
S0_R0_T1_C0,calibration_1_100,known_pair_count,0.21,0.37,100,0.16,0.04865877893737951,0.06462879328273617,0.2553712067172638,21,74,5
S0_R0_T1_C0,calibration_1_100,known_pair_familiar_count,0.03,0.08,100,0.05,0.026111648393354676,-0.001178830850975164,0.10117883085097518,6,93,1
S0_R0_T1_C0,calibration_1_100,known_conversations,1.55,1.6,100,0.05,0.021904291355759033,0.007067588942712297,0.09293241105728771,5,95,0
S0_R0_T1_C0,calibration_1_100,known_share,0.12916666666666665,0.13333333333333333,100,0.004166666666666667,0.0018253576129799193,0.0005889657452260249,0.007744367588107308,5,95,0
S0_R0_T1_C0,calibration_1_100,bridge_conversations,8.97,8.92,100,-0.05,0.021904291355759033,-0.09293241105728771,-0.007067588942712297,0,95,5
S0_R0_T1_C0,calibration_1_100,third_party_conversations,1.48,1.48,100,0,0.0,0.0,0.0,0,100,0
S0_R0_T1_C0,calibration_1_100,endpoint_outbound_bridge,4.45,4.4,100,-0.05,0.021904291355759033,-0.09293241105728771,-0.007067588942712297,0,95,5
S0_R0_T1_C0,calibration_1_100,third_party_to_known,4.52,4.52,100,0,0.0,0.0,0.0,0,100,0
S0_R0_T1_C0,confirmation_101_1100,bridge_edge_count,2.342,2.324,1000,-0.018,0.004868233735113763,-0.027541738120822973,-0.008458261879177023,2,979,19
S0_R0_T1_C0,confirmation_101_1100,bridge_edge_rate,0.5855,0.581,1000,-0.0045,0.0012170584337784407,-0.006885434530205743,-0.0021145654697942557,2,979,19
S0_R0_T1_C0,confirmation_101_1100,bridge_edge_familiar_count,1.397,1.386,1000,-0.011,0.00478559316092602,-0.020379762595414998,-0.0016202374045849992,6,977,17
S0_R0_T1_C0,confirmation_101_1100,matched_new_count,2.614,2.596,1000,-0.018,0.004868233735113763,-0.027541738120822973,-0.008458261879177023,2,979,19
S0_R0_T1_C0,confirmation_101_1100,known_pair_count,0.207,0.326,1000,0.119,0.015718972170154322,0.08819081454649752,0.14980918545350247,190,739,71
S0_R0_T1_C0,confirmation_101_1100,known_pair_familiar_count,0.02,0.058,1000,0.038,0.007253179206982867,0.02378376875431358,0.05221623124568642,46,946,8
S0_R0_T1_C0,confirmation_101_1100,known_conversations,1.502,1.559,1000,0.057,0.008355885400172793,0.040622464615661324,0.07337753538433868,57,939,4
S0_R0_T1_C0,confirmation_101_1100,known_share,0.12516666666666665,0.12991666666666665,1000,0.00475,0.0006963237833477327,0.003385205384638444,0.006114794615361556,57,939,4
S0_R0_T1_C0,confirmation_101_1100,bridge_conversations,8.944,8.888,1000,-0.056,0.008422287986938878,-0.0725076844544002,-0.0394923155455998,5,938,57
S0_R0_T1_C0,confirmation_101_1100,third_party_conversations,1.554,1.553,1000,-0.001,0.001,-0.00296,0.0009599999999999999,0,999,1
S0_R0_T1_C0,confirmation_101_1100,endpoint_outbound_bridge,4.498,4.441,1000,-0.057,0.008355885400172793,-0.07337753538433868,-0.040622464615661324,4,939,57
S0_R0_T1_C0,confirmation_101_1100,third_party_to_known,4.446,4.447,1000,0.001,0.001,-0.0009599999999999999,0.00296,1,999,0
S0_R2_T0_C0,calibration_1_100,bridge_edge_count,2.33,2.31,100,-0.02,0.014070529413628968,-0.04757823765071278,0.007578237650712777,0,98,2
S0_R2_T0_C0,calibration_1_100,bridge_edge_rate,0.5825,0.5775,100,-0.005,0.003517632353407242,-0.011894559412678194,0.0018945594126781942,0,98,2
S0_R2_T0_C0,calibration_1_100,bridge_edge_familiar_count,1.5,1.48,100,-0.02,0.014070529413628968,-0.04757823765071278,0.007578237650712777,0,98,2
S0_R2_T0_C0,calibration_1_100,matched_new_count,2.61,2.59,100,-0.02,0.014070529413628968,-0.04757823765071278,0.007578237650712777,0,98,2
S0_R2_T0_C0,calibration_1_100,known_pair_count,0.21,0.53,100,0.32,0.04688261722621507,0.22811007023661847,0.41188992976338157,32,68,0
S0_R2_T0_C0,calibration_1_100,known_pair_familiar_count,0.03,0.13,100,0.1,0.03015113445777636,0.04090377646275834,0.15909622353724168,10,90,0
S0_R2_T0_C0,calibration_1_100,known_conversations,1.55,1.62,100,0.07,0.029318866956210287,0.012535020765827846,0.12746497923417216,6,94,0
S0_R2_T0_C0,calibration_1_100,known_share,0.12916666666666665,0.13499999999999998,100,0.005833333333333334,0.002443238913017524,0.0010445850638189872,0.01062208160284768,6,94,0
S0_R2_T0_C0,calibration_1_100,bridge_conversations,8.97,8.9,100,-0.07,0.029318866956210287,-0.12746497923417216,-0.012535020765827846,0,94,6
S0_R2_T0_C0,calibration_1_100,third_party_conversations,1.48,1.48,100,0,0.0,0.0,0.0,0,100,0
S0_R2_T0_C0,calibration_1_100,endpoint_outbound_bridge,4.45,4.38,100,-0.07,0.029318866956210287,-0.12746497923417216,-0.012535020765827846,0,94,6
S0_R2_T0_C0,calibration_1_100,third_party_to_known,4.52,4.52,100,0,0.0,0.0,0.0,0,100,0
S0_R2_T0_C0,confirmation_101_1100,bridge_edge_count,2.342,2.316,1000,-0.026,0.0059463736309922,-0.03765489231674471,-0.014345107683255287,4,967,29
S0_R2_T0_C0,confirmation_101_1100,bridge_edge_rate,0.5855,0.579,1000,-0.0065,0.00148659340774805,-0.009413723079186177,-0.0035862769208138217,4,967,29
S0_R2_T0_C0,confirmation_101_1100,bridge_edge_familiar_count,1.397,1.369,1000,-0.028,0.006103544318939058,-0.03996294686512056,-0.016037053134879447,4,965,31
S0_R2_T0_C0,confirmation_101_1100,matched_new_count,2.614,2.588,1000,-0.026,0.0059463736309922,-0.03765489231674471,-0.014345107683255287,4,967,29
S0_R2_T0_C0,confirmation_101_1100,known_pair_count,0.207,0.506,1000,0.299,0.014484778521220433,0.27060983409840794,0.32739016590159203,299,701,0
S0_R2_T0_C0,confirmation_101_1100,known_pair_familiar_count,0.02,0.149,1000,0.129,0.010605256784796466,0.10821369670179892,0.14978630329820108,129,871,0
S0_R2_T0_C0,confirmation_101_1100,known_conversations,1.502,1.606,1000,0.104,0.010737751128578988,0.08295400778798517,0.12504599221201482,93,907,0
S0_R2_T0_C0,confirmation_101_1100,known_share,0.12516666666666665,0.13383333333333333,1000,0.008666666666666666,0.0008948125940482489,0.006912833982332099,0.010420499351001235,93,907,0
S0_R2_T0_C0,confirmation_101_1100,bridge_conversations,8.944,8.841,1000,-0.103,0.010793864345428264,-0.1241559741170394,-0.0818440258829606,1,906,93
S0_R2_T0_C0,confirmation_101_1100,third_party_conversations,1.554,1.553,1000,-0.001,0.001,-0.00296,0.0009599999999999999,0,999,1
S0_R2_T0_C0,confirmation_101_1100,endpoint_outbound_bridge,4.498,4.394,1000,-0.104,0.010737751128578988,-0.12504599221201482,-0.08295400778798517,0,907,93
S0_R2_T0_C0,confirmation_101_1100,third_party_to_known,4.446,4.447,1000,0.001,0.001,-0.0009599999999999999,0.00296,1,999,0
S0_R2_T0_C1,calibration_1_100,bridge_edge_count,2.33,2.28,100,-0.05,0.021904291355759033,-0.09293241105728771,-0.007067588942712297,0,95,5
S0_R2_T0_C1,calibration_1_100,bridge_edge_rate,0.5825,0.57,100,-0.0125,0.005476072838939758,-0.023233102764321927,-0.0017668972356780742,0,95,5
S0_R2_T0_C1,calibration_1_100,bridge_edge_familiar_count,1.5,1.47,100,-0.03,0.022270150335361366,-0.07364949465730827,0.013649494657308275,1,95,4
S0_R2_T0_C1,calibration_1_100,matched_new_count,2.61,2.56,100,-0.05,0.021904291355759033,-0.09293241105728771,-0.007067588942712297,0,95,5
S0_R2_T0_C1,calibration_1_100,known_pair_count,0.21,0.57,100,0.36,0.048241815132442176,0.26544604234041336,0.4545539576595866,36,64,0
S0_R2_T0_C1,calibration_1_100,known_pair_familiar_count,0.03,0.19,100,0.16,0.03684529491774706,0.08778322196121577,0.23221677803878424,16,84,0
S0_R2_T0_C1,calibration_1_100,known_conversations,1.55,1.68,100,0.13,0.03666666666666667,0.05813333333333334,0.20186666666666667,12,88,0
S0_R2_T0_C1,calibration_1_100,known_share,0.12916666666666665,0.13999999999999999,100,0.010833333333333334,0.0030555555555555557,0.004844444444444445,0.016822222222222225,12,88,0
S0_R2_T0_C1,calibration_1_100,bridge_conversations,8.97,8.84,100,-0.13,0.03666666666666667,-0.20186666666666667,-0.05813333333333334,0,88,12
S0_R2_T0_C1,calibration_1_100,third_party_conversations,1.48,1.48,100,0,0.0,0.0,0.0,0,100,0
S0_R2_T0_C1,calibration_1_100,endpoint_outbound_bridge,4.45,4.32,100,-0.13,0.03666666666666667,-0.20186666666666667,-0.05813333333333334,0,88,12
S0_R2_T0_C1,calibration_1_100,third_party_to_known,4.52,4.52,100,0,0.0,0.0,0.0,0,100,0
S0_R2_T0_C1,confirmation_101_1100,bridge_edge_count,2.342,2.303,1000,-0.039,0.007178476894894246,-0.05306981471399272,-0.024930185286007277,6,950,44
S0_R2_T0_C1,confirmation_101_1100,bridge_edge_rate,0.5855,0.57575,1000,-0.00975,0.0017946192237235615,-0.01326745367849818,-0.006232546321501819,6,950,44
S0_R2_T0_C1,confirmation_101_1100,bridge_edge_familiar_count,1.397,1.367,1000,-0.03,0.007290620903129799,-0.04428961697013441,-0.015710383029865594,10,952,38
S0_R2_T0_C1,confirmation_101_1100,matched_new_count,2.614,2.575,1000,-0.039,0.007178476894894246,-0.05306981471399272,-0.024930185286007277,6,950,44
S0_R2_T0_C1,confirmation_101_1100,known_pair_count,0.207,0.54,1000,0.333,0.014910846164230029,0.3037747415181092,0.36222525848189085,333,667,0
S0_R2_T0_C1,confirmation_101_1100,known_pair_familiar_count,0.02,0.189,1000,0.169,0.011856625977890152,0.1457610130833353,0.19223898691666472,169,831,0
S0_R2_T0_C1,confirmation_101_1100,known_conversations,1.502,1.649,1000,0.147,0.012551834469453002,0.12239840443987211,0.17160159556012788,131,869,0
S0_R2_T0_C1,confirmation_101_1100,known_share,0.12516666666666665,0.13741666666666666,1000,0.01225,0.0010459862057877504,0.01019986703665601,0.014300132963343992,131,869,0
S0_R2_T0_C1,confirmation_101_1100,bridge_conversations,8.944,8.798,1000,-0.146,0.012603286985657465,-0.17070244249188862,-0.12129755750811136,1,868,131
S0_R2_T0_C1,confirmation_101_1100,third_party_conversations,1.554,1.553,1000,-0.001,0.001,-0.00296,0.0009599999999999999,0,999,1
S0_R2_T0_C1,confirmation_101_1100,endpoint_outbound_bridge,4.498,4.351,1000,-0.147,0.012551834469453002,-0.17160159556012788,-0.12239840443987211,0,869,131
S0_R2_T0_C1,confirmation_101_1100,third_party_to_known,4.446,4.447,1000,0.001,0.001,-0.0009599999999999999,0.00296,1,999,0
S0_R2_T1_C0,calibration_1_100,bridge_edge_count,2.33,2.29,100,-0.04,0.019694638556693237,-0.07860149157111875,-0.0013985084288812566,0,96,4
S0_R2_T1_C0,calibration_1_100,bridge_edge_rate,0.5825,0.5725,100,-0.01,0.004923659639173309,-0.019650372892779686,-0.00034962710722031415,0,96,4
S0_R2_T1_C0,calibration_1_100,bridge_edge_familiar_count,1.5,1.48,100,-0.02,0.02,-0.0592,0.0192,1,96,3
S0_R2_T1_C0,calibration_1_100,matched_new_count,2.61,2.57,100,-0.04,0.019694638556693237,-0.07860149157111875,-0.0013985084288812566,0,96,4
S0_R2_T1_C0,calibration_1_100,known_pair_count,0.21,0.53,100,0.32,0.04688261722621507,0.22811007023661847,0.41188992976338157,32,68,0
S0_R2_T1_C0,calibration_1_100,known_pair_familiar_count,0.03,0.15,100,0.12,0.032659863237109045,0.05598666805526627,0.18401333194473374,12,88,0
S0_R2_T1_C0,calibration_1_100,known_conversations,1.55,1.65,100,0.1,0.03015113445777636,0.04090377646275834,0.15909622353724168,10,90,0
S0_R2_T1_C0,calibration_1_100,known_share,0.12916666666666665,0.13749999999999998,100,0.008333333333333333,0.0025125945381480304,0.0034086480385631937,0.013258018628103472,10,90,0
S0_R2_T1_C0,calibration_1_100,bridge_conversations,8.97,8.87,100,-0.1,0.03015113445777636,-0.15909622353724168,-0.04090377646275834,0,90,10
S0_R2_T1_C0,calibration_1_100,third_party_conversations,1.48,1.48,100,0,0.0,0.0,0.0,0,100,0
S0_R2_T1_C0,calibration_1_100,endpoint_outbound_bridge,4.45,4.35,100,-0.1,0.03015113445777636,-0.15909622353724168,-0.04090377646275834,0,90,10
S0_R2_T1_C0,calibration_1_100,third_party_to_known,4.52,4.52,100,0,0.0,0.0,0.0,0,100,0
S0_R2_T1_C0,confirmation_101_1100,bridge_edge_count,2.342,2.309,1000,-0.033,0.006629853313230615,-0.04599451249393201,-0.020005487506067995,5,958,37
S0_R2_T1_C0,confirmation_101_1100,bridge_edge_rate,0.5855,0.57725,1000,-0.00825,0.0016574633283076537,-0.011498628123483002,-0.005001371876516999,5,958,37
S0_R2_T1_C0,confirmation_101_1100,bridge_edge_familiar_count,1.397,1.373,1000,-0.024,0.006743105328368338,-0.03721648644360194,-0.01078351355639806,9,960,31
S0_R2_T1_C0,confirmation_101_1100,matched_new_count,2.614,2.581,1000,-0.033,0.006629853313230615,-0.04599451249393201,-0.020005487506067995,5,958,37
S0_R2_T1_C0,confirmation_101_1100,known_pair_count,0.207,0.516,1000,0.309,0.014619600977206347,0.2803455820846756,0.3376544179153244,309,691,0
S0_R2_T1_C0,confirmation_101_1100,known_pair_familiar_count,0.02,0.163,1000,0.143,0.011075814808567074,0.12129140297520852,0.16470859702479146,143,857,0
S0_R2_T1_C0,confirmation_101_1100,known_conversations,1.502,1.622,1000,0.12,0.0113016692451924,0.0978487282794229,0.1421512717205771,109,891,0
S0_R2_T1_C0,confirmation_101_1100,known_share,0.12516666666666665,0.13516666666666666,1000,0.01,0.0009418057704326999,0.00815406068995191,0.011845939310048091,109,891,0
S0_R2_T1_C0,confirmation_101_1100,bridge_conversations,8.944,8.824,1000,-0.12,0.011477444477397037,-0.1424957911756982,-0.0975042088243018,1,890,109
S0_R2_T1_C0,confirmation_101_1100,third_party_conversations,1.554,1.554,1000,0,0.0014149211999266963,-0.0027732455518563247,0.0027732455518563247,1,998,1
S0_R2_T1_C0,confirmation_101_1100,endpoint_outbound_bridge,4.498,4.378,1000,-0.12,0.0113016692451924,-0.1421512717205771,-0.0978487282794229,0,891,109
S0_R2_T1_C0,confirmation_101_1100,third_party_to_known,4.446,4.446,1000,0,0.0014149211999266963,-0.0027732455518563247,0.0027732455518563247,1,998,1
S1_R0_T0_C0,calibration_1_100,bridge_edge_count,2.33,2.14,100,-0.19,0.04648231987117317,-0.28110534694749945,-0.09889465305250059,1,81,18
S1_R0_T0_C0,calibration_1_100,bridge_edge_rate,0.5825,0.535,100,-0.0475,0.011620579967793292,-0.07027633673687486,-0.024723663263125147,1,81,18
S1_R0_T0_C0,calibration_1_100,bridge_edge_familiar_count,1.5,1.23,100,-0.27,0.0489382212074519,-0.3659189135666057,-0.17408108643339432,1,72,27
S1_R0_T0_C0,calibration_1_100,matched_new_count,2.61,2.42,100,-0.19,0.04648231987117317,-0.28110534694749945,-0.09889465305250059,1,81,18
S1_R0_T0_C0,calibration_1_100,known_pair_count,0.21,0.37,100,0.16,0.041971611377407965,0.0777356417002804,0.2422643582997196,18,80,2
S1_R0_T0_C0,calibration_1_100,known_pair_familiar_count,0.03,0.06,100,0.03,0.01714466079977653,-0.003603535167561997,0.063603535167562,3,97,0
S1_R0_T0_C0,calibration_1_100,known_conversations,1.55,2.3,100,0.75,0.07703468981143127,0.5990120079695946,0.9009879920304054,56,44,0
S1_R0_T0_C0,calibration_1_100,known_share,0.12916666666666665,0.19166666666666665,100,0.0625,0.00641955748428594,0.04991766733079956,0.07508233266920045,56,44,0
S1_R0_T0_C0,calibration_1_100,bridge_conversations,8.97,8.21,100,-0.76,0.07800543881581902,-0.9128906600790053,-0.6071093399209947,0,44,56
S1_R0_T0_C0,calibration_1_100,third_party_conversations,1.48,1.49,100,0.01,0.01,-0.0096,0.0296,1,99,0
S1_R0_T0_C0,calibration_1_100,endpoint_outbound_bridge,4.45,3.7,100,-0.75,0.07703468981143127,-0.9009879920304054,-0.5990120079695946,0,44,56
S1_R0_T0_C0,calibration_1_100,third_party_to_known,4.52,4.51,100,-0.01,0.01,-0.0296,0.0096,0,99,1
S1_R0_T0_C0,confirmation_101_1100,bridge_edge_count,2.342,2.135,1000,-0.207,0.015309650073903891,-0.23700691414485162,-0.17699308585514836,17,776,207
S1_R0_T0_C0,confirmation_101_1100,bridge_edge_rate,0.5855,0.53375,1000,-0.05175,0.0038274125184759727,-0.059251728536212904,-0.04424827146378709,17,776,207
S1_R0_T0_C0,confirmation_101_1100,bridge_edge_familiar_count,1.397,1.192,1000,-0.205,0.016710902257336503,-0.23775336842437952,-0.17224663157562045,34,751,215
S1_R0_T0_C0,confirmation_101_1100,matched_new_count,2.614,2.411,1000,-0.203,0.01536317112535778,-0.23311181540570125,-0.17288818459429878,19,776,205
S1_R0_T0_C0,confirmation_101_1100,known_pair_count,0.207,0.361,1000,0.154,0.013055820711638716,0.12841059140518812,0.17958940859481187,174,806,20
S1_R0_T0_C0,confirmation_101_1100,known_pair_familiar_count,0.02,0.085,1000,0.065,0.007799733061832042,0.0497125231988092,0.0802874768011908,65,935,0
S1_R0_T0_C0,confirmation_101_1100,known_conversations,1.502,2.256,1000,0.754,0.024740575904697453,0.7055084712267929,0.8024915287732071,561,439,0
S1_R0_T0_C0,confirmation_101_1100,known_share,0.12516666666666665,0.188,1000,0.06283333333333334,0.0020617146587247875,0.05879237260223275,0.06687429406443392,561,439,0
S1_R0_T0_C0,confirmation_101_1100,bridge_conversations,8.944,8.18,1000,-0.764,0.025513818901821715,-0.8140070850475706,-0.7139929149524294,1,440,559
S1_R0_T0_C0,confirmation_101_1100,third_party_conversations,1.554,1.564,1000,0.01,0.004891208840759503,0.00041323067211137404,0.019586769327888626,13,982,5
S1_R0_T0_C0,confirmation_101_1100,endpoint_outbound_bridge,4.498,3.744,1000,-0.754,0.024740575904697453,-0.8024915287732071,-0.7055084712267929,0,439,561
S1_R0_T0_C0,confirmation_101_1100,third_party_to_known,4.446,4.436,1000,-0.01,0.004891208840759503,-0.019586769327888626,-0.00041323067211137404,5,982,13
S1_R0_T0_C1,calibration_1_100,bridge_edge_count,2.33,2.13,100,-0.2,0.04714045207910317,-0.2923952860750422,-0.10760471392495781,1,80,19
S1_R0_T0_C1,calibration_1_100,bridge_edge_rate,0.5825,0.5325,100,-0.05,0.011785113019775792,-0.07309882151876056,-0.026901178481239452,1,80,19
S1_R0_T0_C1,calibration_1_100,bridge_edge_familiar_count,1.5,1.2,100,-0.3,0.05222329678670935,-0.4023576617019503,-0.19764233829804967,1,70,29
S1_R0_T0_C1,calibration_1_100,matched_new_count,2.61,2.41,100,-0.2,0.04714045207910317,-0.2923952860750422,-0.10760471392495781,1,80,19
S1_R0_T0_C1,calibration_1_100,known_pair_count,0.21,0.67,100,0.46,0.05009082659620331,0.36182197987144155,0.5581780201285584,46,54,0
S1_R0_T0_C1,calibration_1_100,known_pair_familiar_count,0.03,0.24,100,0.21,0.040936018074033236,0.12976540457489485,0.2902345954251051,21,79,0
S1_R0_T0_C1,calibration_1_100,known_conversations,1.55,2.35,100,0.8,0.08040302522073697,0.6424100705673556,0.9575899294326445,59,41,0
S1_R0_T0_C1,calibration_1_100,known_share,0.12916666666666665,0.19583333333333333,100,0.06666666666666667,0.006700252101728081,0.05353417254727963,0.0797991607860537,59,41,0
S1_R0_T0_C1,calibration_1_100,bridge_conversations,8.97,8.16,100,-0.81,0.08127146181194543,-0.9692920651514131,-0.650707934848587,0,41,59
S1_R0_T0_C1,calibration_1_100,third_party_conversations,1.48,1.49,100,0.01,0.01,-0.0096,0.0296,1,99,0
S1_R0_T0_C1,calibration_1_100,endpoint_outbound_bridge,4.45,3.65,100,-0.8,0.08040302522073697,-0.9575899294326445,-0.6424100705673556,0,41,59
S1_R0_T0_C1,calibration_1_100,third_party_to_known,4.52,4.51,100,-0.01,0.01,-0.0296,0.0096,0,99,1
S1_R0_T0_C1,confirmation_101_1100,bridge_edge_count,2.342,2.123,1000,-0.219,0.015597508848604072,-0.24957111734326398,-0.18842888265673602,17,765,218
S1_R0_T0_C1,confirmation_101_1100,bridge_edge_rate,0.5855,0.53075,1000,-0.05475,0.003899377212151018,-0.062392779335815995,-0.047107220664184005,17,765,218
S1_R0_T0_C1,confirmation_101_1100,bridge_edge_familiar_count,1.397,1.178,1000,-0.219,0.017009653974385495,-0.25233892178979556,-0.18566107821020444,34,738,228
S1_R0_T0_C1,confirmation_101_1100,matched_new_count,2.614,2.398,1000,-0.216,0.01573504342515748,-0.24684068511330864,-0.18515931488669135,19,765,216
S1_R0_T0_C1,confirmation_101_1100,known_pair_count,0.207,0.66,1000,0.453,0.015812686079254245,0.4220071352846617,0.4839928647153383,454,545,1
S1_R0_T0_C1,confirmation_101_1100,known_pair_familiar_count,0.02,0.261,1000,0.241,0.013531522534515549,0.21447821583234952,0.2675217841676505,241,759,0
S1_R0_T0_C1,confirmation_101_1100,known_conversations,1.502,2.294,1000,0.792,0.025285873039611967,0.7424396888423606,0.8415603111576395,577,423,0
S1_R0_T0_C1,confirmation_101_1100,known_share,0.12516666666666665,0.19116666666666665,1000,0.066,0.0021071560866343306,0.06186997407019672,0.07013002592980329,577,423,0
S1_R0_T0_C1,confirmation_101_1100,bridge_conversations,8.944,8.143,1000,-0.801,0.026078325848855388,-0.8521135186637566,-0.7498864813362435,1,425,574
S1_R0_T0_C1,confirmation_101_1100,third_party_conversations,1.554,1.563,1000,0.009,0.004994391248585151,-0.0007890068472268964,0.018789006847226897,13,981,6
S1_R0_T0_C1,confirmation_101_1100,endpoint_outbound_bridge,4.498,3.706,1000,-0.792,0.025285873039611967,-0.8415603111576395,-0.7424396888423606,0,423,577
S1_R0_T0_C1,confirmation_101_1100,third_party_to_known,4.446,4.437,1000,-0.009,0.004994391248585151,-0.018789006847226897,0.0007890068472268964,6,981,13
S1_R0_T1_C0,calibration_1_100,bridge_edge_count,2.33,2.13,100,-0.2,0.04714045207910317,-0.2923952860750422,-0.10760471392495781,1,80,19
S1_R0_T1_C0,calibration_1_100,bridge_edge_rate,0.5825,0.5325,100,-0.05,0.011785113019775792,-0.07309882151876056,-0.026901178481239452,1,80,19
S1_R0_T1_C0,calibration_1_100,bridge_edge_familiar_count,1.5,1.22,100,-0.28,0.05333333333333333,-0.38453333333333334,-0.17546666666666672,1,73,26
S1_R0_T1_C0,calibration_1_100,matched_new_count,2.61,2.41,100,-0.2,0.04714045207910317,-0.2923952860750422,-0.10760471392495781,1,80,19
S1_R0_T1_C0,calibration_1_100,known_pair_count,0.21,0.53,100,0.32,0.05482755334738735,0.2125379954391208,0.42746200456087924,36,60,4
S1_R0_T1_C0,calibration_1_100,known_pair_familiar_count,0.03,0.18,100,0.15,0.03859920970562726,0.07434554897697057,0.22565445102302942,16,83,1
S1_R0_T1_C0,calibration_1_100,known_conversations,1.55,2.35,100,0.8,0.08040302522073697,0.6424100705673556,0.9575899294326445,59,41,0
S1_R0_T1_C0,calibration_1_100,known_share,0.12916666666666665,0.19583333333333333,100,0.06666666666666667,0.006700252101728081,0.05353417254727963,0.0797991607860537,59,41,0
S1_R0_T1_C0,calibration_1_100,bridge_conversations,8.97,8.16,100,-0.81,0.08127146181194543,-0.9692920651514131,-0.650707934848587,0,41,59
S1_R0_T1_C0,calibration_1_100,third_party_conversations,1.48,1.49,100,0.01,0.01,-0.0096,0.0296,1,99,0
S1_R0_T1_C0,calibration_1_100,endpoint_outbound_bridge,4.45,3.65,100,-0.8,0.08040302522073697,-0.9575899294326445,-0.6424100705673556,0,41,59
S1_R0_T1_C0,calibration_1_100,third_party_to_known,4.52,4.51,100,-0.01,0.01,-0.0296,0.0096,0,99,1
S1_R0_T1_C0,confirmation_101_1100,bridge_edge_count,2.342,2.113,1000,-0.229,0.015773642819837397,-0.2599163399268813,-0.1980836600731187,16,758,226
S1_R0_T1_C0,confirmation_101_1100,bridge_edge_rate,0.5855,0.52825,1000,-0.05725,0.003943410704959349,-0.06497908498172032,-0.049520915018279675,16,758,226
S1_R0_T1_C0,confirmation_101_1100,bridge_edge_familiar_count,1.397,1.181,1000,-0.216,0.017135858240474495,-0.24958628215133,-0.18241371784867,38,732,230
S1_R0_T1_C0,confirmation_101_1100,matched_new_count,2.614,2.389,1000,-0.225,0.015957118462605637,-0.25627595218670707,-0.19372404781329294,19,757,224
S1_R0_T1_C0,confirmation_101_1100,known_pair_count,0.207,0.577,1000,0.37,0.018423882311810382,0.33388919066885164,0.40611080933114835,423,524,53
S1_R0_T1_C0,confirmation_101_1100,known_pair_familiar_count,0.02,0.166,1000,0.146,0.01186696358909156,0.12274075136538054,0.16925924863461944,154,838,8
S1_R0_T1_C0,confirmation_101_1100,known_conversations,1.502,2.316,1000,0.814,0.02553538830830767,0.7639506389157169,0.864049361084283,589,411,0
S1_R0_T1_C0,confirmation_101_1100,known_share,0.12516666666666665,0.193,1000,0.06783333333333333,0.002127949025692306,0.06366255324297641,0.07200411342369024,589,411,0
S1_R0_T1_C0,confirmation_101_1100,bridge_conversations,8.944,8.12,1000,-0.824,0.026376499383347286,-0.8756979387913606,-0.7723020612086393,1,413,586
S1_R0_T1_C0,confirmation_101_1100,third_party_conversations,1.554,1.564,1000,0.01,0.005091750772173155,2.016848654061605e-05,0.019979831513459383,14,980,6
S1_R0_T1_C0,confirmation_101_1100,endpoint_outbound_bridge,4.498,3.684,1000,-0.814,0.02553538830830767,-0.864049361084283,-0.7639506389157169,0,411,589
S1_R0_T1_C0,confirmation_101_1100,third_party_to_known,4.446,4.436,1000,-0.01,0.005091750772173155,-0.019979831513459383,-2.016848654061605e-05,6,980,14
S1_R2_T0_C0,calibration_1_100,bridge_edge_count,2.33,2.13,100,-0.2,0.04714045207910317,-0.2923952860750422,-0.10760471392495781,1,80,19
S1_R2_T0_C0,calibration_1_100,bridge_edge_rate,0.5825,0.5325,100,-0.05,0.011785113019775792,-0.07309882151876056,-0.026901178481239452,1,80,19
S1_R2_T0_C0,calibration_1_100,bridge_edge_familiar_count,1.5,1.19,100,-0.31,0.05259911279353167,-0.41309426107532204,-0.20690573892467795,1,69,30
S1_R2_T0_C0,calibration_1_100,matched_new_count,2.61,2.41,100,-0.2,0.04714045207910317,-0.2923952860750422,-0.10760471392495781,1,80,19
S1_R2_T0_C0,calibration_1_100,known_pair_count,0.21,0.79,100,0.58,0.04960449637488582,0.48277518710522377,0.6772248128947762,58,42,0
S1_R2_T0_C0,calibration_1_100,known_pair_familiar_count,0.03,0.41,100,0.38,0.04878317312145634,0.28438498068194557,0.47561501931805444,38,62,0
S1_R2_T0_C0,calibration_1_100,known_conversations,1.55,2.38,100,0.83,0.07920692756152944,0.6747544219794023,0.9852455780205976,62,38,0
S1_R2_T0_C0,calibration_1_100,known_share,0.12916666666666665,0.19833333333333333,100,0.06916666666666667,0.006600577296794122,0.05622953516495019,0.08210379816838315,62,38,0
S1_R2_T0_C0,calibration_1_100,bridge_conversations,8.97,8.13,100,-0.84,0.08005048911831088,-0.9968989586718893,-0.6831010413281107,0,38,62
S1_R2_T0_C0,calibration_1_100,third_party_conversations,1.48,1.49,100,0.01,0.01,-0.0096,0.0296,1,99,0
S1_R2_T0_C0,calibration_1_100,endpoint_outbound_bridge,4.45,3.62,100,-0.83,0.07920692756152944,-0.9852455780205976,-0.6747544219794023,0,38,62
S1_R2_T0_C0,calibration_1_100,third_party_to_known,4.52,4.51,100,-0.01,0.01,-0.0296,0.0096,0,99,1
S1_R2_T0_C0,confirmation_101_1100,bridge_edge_count,2.342,2.104,1000,-0.238,0.016050346214758537,-0.2694586785809267,-0.20654132141907325,16,751,233
S1_R2_T0_C0,confirmation_101_1100,bridge_edge_rate,0.5855,0.526,1000,-0.0595,0.004012586553689634,-0.06736466964523168,-0.05163533035476831,16,751,233
S1_R2_T0_C0,confirmation_101_1100,bridge_edge_familiar_count,1.397,1.174,1000,-0.223,0.01730810707647057,-0.25692388986988235,-0.18907611013011769,36,732,232
S1_R2_T0_C0,confirmation_101_1100,matched_new_count,2.614,2.38,1000,-0.234,0.016232914325761336,-0.2658165120784922,-0.2021834879215078,19,750,231
S1_R2_T0_C0,confirmation_101_1100,known_pair_count,0.207,0.773,1000,0.566,0.01568087656637504,0.5352654819299049,0.596734518070095,566,434,0
S1_R2_T0_C0,confirmation_101_1100,known_pair_familiar_count,0.02,0.39,1000,0.37,0.015275252316519466,0.34006050545962185,0.39993949454037814,370,630,0
S1_R2_T0_C0,confirmation_101_1100,known_conversations,1.502,2.338,1000,0.836,0.025841280381818776,0.7853510904516352,0.8866489095483647,598,402,0
S1_R2_T0_C0,confirmation_101_1100,known_share,0.12516666666666665,0.19483333333333333,1000,0.06966666666666667,0.002153440031818231,0.06544592420430294,0.0738874091290304,598,402,0
S1_R2_T0_C0,confirmation_101_1100,bridge_conversations,8.944,8.098,1000,-0.846,0.026702003613905026,-0.8983359270832538,-0.7936640729167461,1,404,595
S1_R2_T0_C0,confirmation_101_1100,third_party_conversations,1.554,1.564,1000,0.01,0.005091750772173155,2.016848654061605e-05,0.019979831513459383,14,980,6
S1_R2_T0_C0,confirmation_101_1100,endpoint_outbound_bridge,4.498,3.662,1000,-0.836,0.025841280381818776,-0.8866489095483647,-0.7853510904516352,0,402,598
S1_R2_T0_C0,confirmation_101_1100,third_party_to_known,4.446,4.436,1000,-0.01,0.005091750772173155,-0.019979831513459383,-2.016848654061605e-05,6,980,14
S1_R2_T0_C1,calibration_1_100,bridge_edge_count,2.33,2.12,100,-0.21,0.04776838056516237,-0.30362602590771826,-0.11637397409228176,1,79,20
S1_R2_T0_C1,calibration_1_100,bridge_edge_rate,0.5825,0.53,100,-0.0525,0.011942095141290592,-0.07590650647692956,-0.02909349352307044,1,79,20
S1_R2_T0_C1,calibration_1_100,bridge_edge_familiar_count,1.5,1.18,100,-0.32,0.05482755334738735,-0.42746200456087924,-0.2125379954391208,1,69,30
S1_R2_T0_C1,calibration_1_100,matched_new_count,2.61,2.4,100,-0.21,0.04776838056516237,-0.30362602590771826,-0.11637397409228176,1,79,20
S1_R2_T0_C1,calibration_1_100,known_pair_count,0.21,0.82,100,0.61,0.04902071300001973,0.5139194025199614,0.7060805974800386,61,39,0
S1_R2_T0_C1,calibration_1_100,known_pair_familiar_count,0.03,0.45,100,0.42,0.04960449637488582,0.3227751871052238,0.5172248128947762,42,58,0
S1_R2_T0_C1,calibration_1_100,known_conversations,1.55,2.43,100,0.88,0.0782123501575788,0.7267037936911456,1.0332962063088544,66,34,0
S1_R2_T0_C1,calibration_1_100,known_share,0.12916666666666665,0.20249999999999999,100,0.07333333333333333,0.0065176958464649,0.06055864947426213,0.08610801719240455,66,34,0
S1_R2_T0_C1,calibration_1_100,bridge_conversations,8.97,8.08,100,-0.89,0.07900262110470856,-1.0448451373652288,-0.7351548626347713,0,34,66
S1_R2_T0_C1,calibration_1_100,third_party_conversations,1.48,1.49,100,0.01,0.01,-0.0096,0.0296,1,99,0
S1_R2_T0_C1,calibration_1_100,endpoint_outbound_bridge,4.45,3.57,100,-0.88,0.0782123501575788,-1.0332962063088544,-0.7267037936911456,0,34,66
S1_R2_T0_C1,calibration_1_100,third_party_to_known,4.52,4.51,100,-0.01,0.01,-0.0296,0.0096,0,99,1
S1_R2_T0_C1,confirmation_101_1100,bridge_edge_count,2.342,2.096,1000,-0.246,0.016116567368510696,-0.277588472042281,-0.21441152795771903,15,745,240
S1_R2_T0_C1,confirmation_101_1100,bridge_edge_rate,0.5855,0.524,1000,-0.0615,0.004029141842127674,-0.06939711801057025,-0.05360288198942976,15,745,240
S1_R2_T0_C1,confirmation_101_1100,bridge_edge_familiar_count,1.397,1.161,1000,-0.236,0.017624262101280003,-0.2705435537185088,-0.20145644628149117,37,718,245
S1_R2_T0_C1,confirmation_101_1100,matched_new_count,2.614,2.373,1000,-0.241,0.016284476785705587,-0.27291757449998294,-0.20908242550001704,18,745,237
S1_R2_T0_C1,confirmation_101_1100,known_pair_count,0.207,0.813,1000,0.606,0.015459721957493382,0.575698944963313,0.636301055036687,606,394,0
S1_R2_T0_C1,confirmation_101_1100,known_pair_familiar_count,0.02,0.435,1000,0.415,0.015589035185604594,0.38444549103621495,0.445554508963785,415,585,0
S1_R2_T0_C1,confirmation_101_1100,known_conversations,1.502,2.377,1000,0.875,0.025962454603697414,0.824113588976753,0.925886411023247,622,378,0
S1_R2_T0_C1,confirmation_101_1100,known_share,0.12516666666666665,0.19808333333333333,1000,0.07291666666666667,0.0021635378836414513,0.06867613241472943,0.07715720091860391,622,378,0
S1_R2_T0_C1,confirmation_101_1100,bridge_conversations,8.944,8.059,1000,-0.885,0.02680472893900428,-0.9375372687204484,-0.8324627312795516,1,380,619
S1_R2_T0_C1,confirmation_101_1100,third_party_conversations,1.554,1.564,1000,0.01,0.0052846880634459335,-0.0003579886043540287,0.02035798860435403,15,978,7
S1_R2_T0_C1,confirmation_101_1100,endpoint_outbound_bridge,4.498,3.623,1000,-0.875,0.025962454603697414,-0.925886411023247,-0.824113588976753,0,378,622
S1_R2_T0_C1,confirmation_101_1100,third_party_to_known,4.446,4.436,1000,-0.01,0.0052846880634459335,-0.02035798860435403,0.0003579886043540287,7,978,15
S1_R2_T1_C0,calibration_1_100,bridge_edge_count,2.33,2.12,100,-0.21,0.04776838056516237,-0.30362602590771826,-0.11637397409228176,1,79,20
S1_R2_T1_C0,calibration_1_100,bridge_edge_rate,0.5825,0.53,100,-0.0525,0.011942095141290592,-0.07590650647692956,-0.02909349352307044,1,79,20
S1_R2_T1_C0,calibration_1_100,bridge_edge_familiar_count,1.5,1.2,100,-0.3,0.05412294272573258,-0.40608096774243585,-0.19391903225756413,1,71,28
S1_R2_T1_C0,calibration_1_100,matched_new_count,2.61,2.4,100,-0.21,0.04776838056516237,-0.30362602590771826,-0.11637397409228176,1,79,20
S1_R2_T1_C0,calibration_1_100,known_pair_count,0.21,0.81,100,0.6,0.0492365963917331,0.5034962710722031,0.6965037289277969,60,40,0
S1_R2_T1_C0,calibration_1_100,known_pair_familiar_count,0.03,0.4,100,0.37,0.048523658709390974,0.2748936289295937,0.4651063710704063,37,63,0
S1_R2_T1_C0,calibration_1_100,known_conversations,1.55,2.39,100,0.84,0.08005048911831088,0.6831010413281107,0.9968989586718893,62,38,0
S1_R2_T1_C0,calibration_1_100,known_share,0.12916666666666665,0.19916666666666666,100,0.07,0.006670874093192574,0.056925086777342565,0.08307491322265745,62,38,0
S1_R2_T1_C0,calibration_1_100,bridge_conversations,8.97,8.12,100,-0.85,0.08087276451565162,-1.0085106184506771,-0.6914893815493228,0,38,62
S1_R2_T1_C0,calibration_1_100,third_party_conversations,1.48,1.49,100,0.01,0.01,-0.0096,0.0296,1,99,0
S1_R2_T1_C0,calibration_1_100,endpoint_outbound_bridge,4.45,3.61,100,-0.84,0.08005048911831088,-0.9968989586718893,-0.6831010413281107,0,38,62
S1_R2_T1_C0,calibration_1_100,third_party_to_known,4.52,4.51,100,-0.01,0.01,-0.0296,0.0096,0,99,1
S1_R2_T1_C0,confirmation_101_1100,bridge_edge_count,2.342,2.103,1000,-0.239,0.01594155366120671,-0.27024544517596516,-0.20775455482403482,15,751,234
S1_R2_T1_C0,confirmation_101_1100,bridge_edge_rate,0.5855,0.52575,1000,-0.05975,0.003985388415301678,-0.06756136129399129,-0.051938638706008705,15,751,234
S1_R2_T1_C0,confirmation_101_1100,bridge_edge_familiar_count,1.397,1.169,1000,-0.228,0.017329636935502032,-0.261966088393584,-0.19403391160641603,36,726,238
S1_R2_T1_C0,confirmation_101_1100,matched_new_count,2.614,2.379,1000,-0.235,0.016125601850319728,-0.26660617962662664,-0.20339382037337334,18,750,232
S1_R2_T1_C0,confirmation_101_1100,known_pair_count,0.207,0.785,1000,0.578,0.015625625112620622,0.5473737747792635,0.6086262252207364,578,422,0
S1_R2_T1_C0,confirmation_101_1100,known_pair_familiar_count,0.02,0.394,1000,0.374,0.015308767369006505,0.34399481595674725,0.40400518404325275,374,626,0
S1_R2_T1_C0,confirmation_101_1100,known_conversations,1.502,2.356,1000,0.854,0.025794366620433797,0.8034430414239497,0.9045569585760502,611,389,0
S1_R2_T1_C0,confirmation_101_1100,known_share,0.12516666666666665,0.19633333333333333,1000,0.07116666666666667,0.002149530551702817,0.06695358678532914,0.0753797465480042,611,389,0
S1_R2_T1_C0,confirmation_101_1100,bridge_conversations,8.944,8.079,1000,-0.865,0.026673704026371862,-0.9172804598916888,-0.8127195401083112,1,391,608
S1_R2_T1_C0,confirmation_101_1100,third_party_conversations,1.554,1.565,1000,0.011,0.004990381138140042,0.0012188529692455166,0.020781147030754482,14,981,5
S1_R2_T1_C0,confirmation_101_1100,endpoint_outbound_bridge,4.498,3.644,1000,-0.854,0.025794366620433797,-0.9045569585760502,-0.8034430414239497,0,389,611
S1_R2_T1_C0,confirmation_101_1100,third_party_to_known,4.446,4.435,1000,-0.011,0.004990381138140042,-0.020781147030754482,-0.0012188529692455166,5,981,14
clamp_A,calibration_1_100,bridge_edge_count,2.33,2.33,100,0,0.0,0.0,0.0,0,100,0
clamp_A,calibration_1_100,bridge_edge_rate,0.5825,0.5825,100,0.0,0.0,0.0,0.0,0,100,0
clamp_A,calibration_1_100,bridge_edge_familiar_count,1.5,1.5,100,0,0.0,0.0,0.0,0,100,0
clamp_A,calibration_1_100,matched_new_count,2.61,2.61,100,0,0.0,0.0,0.0,0,100,0
clamp_A,calibration_1_100,known_pair_count,0.21,0.51,100,0.3,0.04605661864718383,0.20972902745151967,0.3902709725484803,30,70,0
clamp_A,calibration_1_100,known_pair_familiar_count,0.03,0.14,100,0.11,0.031446603773522014,0.048364656603896855,0.17163534339610315,11,89,0
clamp_A,calibration_1_100,known_conversations,1.55,1.55,100,0,0.0,0.0,0.0,0,100,0
clamp_A,calibration_1_100,known_share,0.12916666666666665,0.12916666666666665,100,0.0,0.0,0.0,0.0,0,100,0
clamp_A,calibration_1_100,bridge_conversations,8.97,8.97,100,0,0.0,0.0,0.0,0,100,0
clamp_A,calibration_1_100,third_party_conversations,1.48,1.48,100,0,0.0,0.0,0.0,0,100,0
clamp_A,calibration_1_100,endpoint_outbound_bridge,4.45,4.45,100,0,0.0,0.0,0.0,0,100,0
clamp_A,calibration_1_100,third_party_to_known,4.52,4.52,100,0,0.0,0.0,0.0,0,100,0
clamp_A,confirmation_101_1100,bridge_edge_count,2.342,2.342,1000,0,0.0,0.0,0.0,0,1000,0
clamp_A,confirmation_101_1100,bridge_edge_rate,0.5855,0.5855,1000,0.0,0.0,0.0,0.0,0,1000,0
clamp_A,confirmation_101_1100,bridge_edge_familiar_count,1.397,1.397,1000,0,0.0,0.0,0.0,0,1000,0
clamp_A,confirmation_101_1100,matched_new_count,2.614,2.614,1000,0,0.0,0.0,0.0,0,1000,0
clamp_A,confirmation_101_1100,known_pair_count,0.207,0.47,1000,0.263,0.013929286594259774,0.23569859827525086,0.29030140172474916,263,737,0
clamp_A,confirmation_101_1100,known_pair_familiar_count,0.02,0.126,1000,0.106,0.00973955126578524,0.08691047951906092,0.12508952048093908,106,894,0
clamp_A,confirmation_101_1100,known_conversations,1.502,1.502,1000,0,0.0,0.0,0.0,0,1000,0
clamp_A,confirmation_101_1100,known_share,0.12516666666666665,0.12516666666666665,1000,0.0,0.0,0.0,0.0,0,1000,0
clamp_A,confirmation_101_1100,bridge_conversations,8.944,8.944,1000,0,0.0,0.0,0.0,0,1000,0
clamp_A,confirmation_101_1100,third_party_conversations,1.554,1.554,1000,0,0.0,0.0,0.0,0,1000,0
clamp_A,confirmation_101_1100,endpoint_outbound_bridge,4.498,4.498,1000,0,0.0,0.0,0.0,0,1000,0
clamp_A,confirmation_101_1100,third_party_to_known,4.446,4.446,1000,0,0.0,0.0,0.0,0,1000,0
clamp_B,calibration_1_100,bridge_edge_count,2.12,2.12,100,0,0.0,0.0,0.0,0,100,0
clamp_B,calibration_1_100,bridge_edge_rate,0.53,0.53,100,0.0,0.0,0.0,0.0,0,100,0
clamp_B,calibration_1_100,bridge_edge_familiar_count,1.19,1.19,100,0,0.0,0.0,0.0,0,100,0
clamp_B,calibration_1_100,matched_new_count,2.4,2.4,100,0,0.0,0.0,0.0,0,100,0
clamp_B,calibration_1_100,known_pair_count,0.38,0.83,100,0.45,0.05,0.352,0.548,45,55,0
clamp_B,calibration_1_100,known_pair_familiar_count,0.08,0.45,100,0.37,0.048523658709390974,0.2748936289295937,0.4651063710704063,37,63,0
clamp_B,calibration_1_100,known_conversations,2.41,2.41,100,0,0.0,0.0,0.0,0,100,0
clamp_B,calibration_1_100,known_share,0.20083333333333334,0.20083333333333334,100,0.0,0.0,0.0,0.0,0,100,0
clamp_B,calibration_1_100,bridge_conversations,8.1,8.1,100,0,0.0,0.0,0.0,0,100,0
clamp_B,calibration_1_100,third_party_conversations,1.49,1.49,100,0,0.0,0.0,0.0,0,100,0
clamp_B,calibration_1_100,endpoint_outbound_bridge,3.59,3.59,100,0,0.0,0.0,0.0,0,100,0
clamp_B,calibration_1_100,third_party_to_known,4.51,4.51,100,0,0.0,0.0,0.0,0,100,0
clamp_B,confirmation_101_1100,bridge_edge_count,2.098,2.098,1000,0,0.0,0.0,0.0,0,1000,0
clamp_B,confirmation_101_1100,bridge_edge_rate,0.5245,0.5245,1000,0.0,0.0,0.0,0.0,0,1000,0
clamp_B,confirmation_101_1100,bridge_edge_familiar_count,1.163,1.163,1000,0,0.0,0.0,0.0,0,1000,0
clamp_B,confirmation_101_1100,matched_new_count,2.374,2.374,1000,0,0.0,0.0,0.0,0,1000,0
clamp_B,confirmation_101_1100,known_pair_count,0.394,0.809,1000,0.415,0.015589035185604594,0.38444549103621495,0.445554508963785,415,585,0
clamp_B,confirmation_101_1100,known_pair_familiar_count,0.099,0.43,1000,0.331,0.014888272588203801,0.30181898572712057,0.36018101427287946,331,669,0
clamp_B,confirmation_101_1100,known_conversations,2.373,2.373,1000,0,0.0,0.0,0.0,0,1000,0
clamp_B,confirmation_101_1100,known_share,0.19774999999999998,0.19774999999999998,1000,0.0,0.0,0.0,0.0,0,1000,0
clamp_B,confirmation_101_1100,bridge_conversations,8.063,8.063,1000,0,0.0,0.0,0.0,0,1000,0
clamp_B,confirmation_101_1100,third_party_conversations,1.564,1.564,1000,0,0.0,0.0,0.0,0,1000,0
clamp_B,confirmation_101_1100,endpoint_outbound_bridge,3.627,3.627,1000,0,0.0,0.0,0.0,0,1000,0
clamp_B,confirmation_101_1100,third_party_to_known,4.436,4.436,1000,0,0.0,0.0,0.0,0,1000,0
