known_pair,case_id,profile,metric,seeds,A_mean,A_ci_low,A_ci_high,A_simultaneous_low,A_simultaneous_high,difference_A_mean,difference_A_ci_low,difference_A_ci_high,difference_A_simultaneous_low,difference_A_simultaneous_high,B_mean,B_ci_low,B_ci_high,B_simultaneous_low,B_simultaneous_high,difference_B_mean,difference_B_ci_low,difference_B_ci_high,difference_B_simultaneous_low,difference_B_simultaneous_high,B_minus_A_mean,B_minus_A_ci_low,B_minus_A_ci_high,B_minus_A_simultaneous_low,B_minus_A_simultaneous_high
akane-koharu,task_weak,original,bridge_count,1000,3.475,3.438346180246767,3.511653819753233,3.4081020216715197,3.5418979783284805,-0.12,-0.15183801845937367,-0.08816198154062631,-0.17810851592702184,-0.06189148407297815,3.423,3.384569230066551,3.461430769933449,3.3528588569632527,3.4931411430367474,-0.128,-0.16182995849379203,-0.09417004150620797,-0.1897440650226218,-0.06625593497737818,-0.052,-0.08063945061853896,-0.023360549381461034,-0.10427071447716174,0.00027071447716175284
akane-koharu,task_weak,original,bridge_rate,1000,0.86875,0.8595865450616917,0.8779134549383083,0.8520255054178799,0.8854744945821201,-0.03,-0.03795950461484342,-0.022040495385156577,-0.04452712898175546,-0.015472871018244537,0.85575,0.8461423075166378,0.8653576924833623,0.8382147142408132,0.8732852857591868,-0.032,-0.04045748962344801,-0.023542510376551994,-0.04743601625565545,-0.016563983744344545,-0.013,-0.02015986265463474,-0.0058401373453652585,-0.026067678619290435,6.767861929043821e-05
akane-koharu,task_weak,original,unformed_turns,1000,16.81875,16.4825599640415,17.154940035958504,16.20515955045841,17.43234044954159,0.6665,0.48525346869661334,0.8477465313033866,0.3357015564850737,0.9972984435149262,18.04375,17.700543224238757,18.38695677576124,17.417353089619656,18.670146910380343,0.79,0.5947245675090322,0.9852754324909678,0.43359699101447463,1.1464030089855255,1.225,0.9707720636050325,1.4792279363949676,0.761001019977062,1.6889989800229381
akane-koharu,task_weak,original,known_share,1000,0.1435625,0.14104704936838855,0.14607795063161147,0.13897147611837407,0.14815352388162595,0.0,0.0,0.0,0.0,0.0,0.1914375,0.18900154683715767,0.19387345316284235,0.18699156931680988,0.19588343068319014,0.0,0.0,0.0,0.0,0.0,0.047875,0.046098356218310516,0.049651643781689486,0.04463239450881082,0.05111760549118918
akane-koharu,task_weak,original,bridge_share,1000,0.7235625,0.7200636811184051,0.7270613188815949,0.7171767014313374,0.7299482985686626,0.0,0.0,0.0,0.0,0.0,0.6752291666666667,0.671790628987069,0.6786677043462643,0.6689533891155126,0.6815049442178207,0.0,0.0,0.0,0.0,0.0,-0.04833333333333333,-0.05018198314258016,-0.0464846835240865,-0.05170735917043684,-0.044959307496229825
akane-koharu,task_weak,original,all_formed,1000,0.525,0.49403295367720784,0.5559670463227923,0.4684811212652274,0.5815188787347727,-0.104,-0.1318144224548434,-0.07618557754515659,-0.15476493099847194,-0.05323506900152804,0.493,0.4619972108587867,0.5240027891412133,0.43641588598256836,0.5495841140174317,-0.102,-0.13145364341996946,-0.07254635658003053,-0.15575672201340215,-0.048243277986597825,-0.032,-0.05703428283208682,-0.00696571716791318,-0.0776908153541696,0.013690815354169605
akane-koharu,task_weak,original,questions,1000,6,6.0,6.0,6.0,6.0,,,,,,6,6.0,6.0,6.0,6.0,,,,,,0,0.0,0.0,0.0,0.0
akane-koharu,task_weak,original,question_positive_difference,1000,-1.149,-1.2342248409321597,-1.0637751590678404,-1.3045463959857797,-0.9934536040142203,,,,,,-1.077,-1.1527220719855564,-1.0012779280144435,-1.2152026092991453,-0.9387973907008547,,,,,,0.072,0.029540532834808765,0.11445946716519123,-0.0054940383670445125,0.1494940383670445
akane-koharu,task_weak,original,other_positive_difference,1000,-0.767,-0.8649845188973418,-0.6690154811026582,-0.9458344643437263,-0.5881655356562737,,,,,,-0.606,-0.6966041858906138,-0.5153958141093862,-0.7713643987171415,-0.4406356012828585,,,,,,0.161,0.09499095910498412,0.2270090408950159,0.04052493308998094,0.28147506691001906
akane-koharu,task_weak,original,immediate_positive_difference,1000,-1.149,-1.2342248409321597,-1.0637751590678404,-1.3045463959857797,-0.9934536040142203,,,,,,-1.077,-1.1527220719855564,-1.0012779280144435,-1.2152026092991453,-0.9387973907008547,,,,,,0.072,0.029540532834808765,0.11445946716519123,-0.0054940383670445125,0.1494940383670445
akane-koharu,task_weak,original,immediate_positive_losses,1000,1.489,1.4195613703354562,1.558438629664544,1.362265488461178,1.6157345115388222,,,,,,1.333,1.2693931178797997,1.3966068821202002,1.2169091846288675,1.4490908153711324,,,,,,-0.156,-0.18832134111529858,-0.1236786588847014,-0.21499064250426286,-0.09700935749573715
akane-koharu,task_weak,original,immediate_positive_gains,1000,0.34,0.30489899259678266,0.3751010074032174,0.27593610574894767,0.4040638942510524,,,,,,0.256,0.22623027142987126,0.2857697285701287,0.20166638156304176,0.3103336184369583,,,,,,-0.084,-0.10760877473831806,-0.060391225261681954,-0.1270890780671409,-0.04091092193285911
akane-koharu,task_weak,original,changed_topics,1000,10.437,10.280809010776181,10.593190989223817,10.151931172725124,10.722068827274875,,,,,,9.216,9.080943454135014,9.351056545864985,8.969504274882611,9.462495725117387,,,,,,-1.221,-1.3336524806464367,-1.1083475193535635,-1.4266053982824018,-1.0153946017175983
akane-koharu,task_weak,original,task_progress,1000,0.48375,0.4815395130306807,0.4859604869693193,0.47971557438312096,0.48778442561687907,,,,,,0.48375,0.4815395130306807,0.4859604869693193,0.47971557438312096,0.48778442561687907,,,,,,0.0,0.0,0.0,0.0,0.0
akane-koharu,task_weak,rotated,bridge_count,1000,3.476,3.438513761772399,3.513486238227601,3.4075827499166684,3.5444172500833315,-0.119,-0.15301264415423127,-0.08498735584576872,-0.18107749006359342,-0.056922509936406566,3.439,3.4000618646467915,3.4779381353532086,3.367932849221517,3.5100671507784833,-0.112,-0.14671855336196407,-0.07728144663803593,-0.1753658659872683,-0.0486341340127317,-0.037,-0.06592901895567387,-0.008070981044326134,-0.08979921427534596,0.015799214275345967
akane-koharu,task_weak,rotated,bridge_rate,1000,0.869,0.8596284404430997,0.8783715595569003,0.8518956874791671,0.8861043125208329,-0.02975,-0.03825316103855782,-0.02124683896144218,-0.045269372515898354,-0.014230627484101642,0.85975,0.8500154661616979,0.8694845338383022,0.8419832123053792,0.8775167876946208,-0.028,-0.03667963834049102,-0.019320361659508983,-0.043841466496817076,-0.012158533503182925,-0.00925,-0.016482254738918466,-0.0020177452610815336,-0.02244980356883649,0.003949803568836492
akane-koharu,task_weak,rotated,unformed_turns,1000,16.762,16.427325265687134,17.096674734312867,16.15117517263185,17.372824827368152,0.60975,0.42270473885281773,0.7967952611471822,0.26836812190623327,0.9511318780937668,17.9285,17.58864083529757,18.268359164702428,17.308212914286567,18.548787085713432,0.67475,0.47744936609316213,0.8720506339068378,0.3146507355807492,1.0348492644192508,1.1665,0.9111418088053368,1.4218581911946635,0.7004381582724768,1.6325618417275234
akane-koharu,task_weak,rotated,known_share,1000,0.1435625,0.14104704936838855,0.14607795063161147,0.13897147611837407,0.14815352388162595,0.0,0.0,0.0,0.0,0.0,0.1914375,0.18900154683715767,0.19387345316284235,0.18699156931680988,0.19588343068319014,0.0,0.0,0.0,0.0,0.0,0.047875,0.046098356218310516,0.049651643781689486,0.04463239450881082,0.05111760549118918
akane-koharu,task_weak,rotated,bridge_share,1000,0.7235625,0.7200636811184051,0.7270613188815949,0.7171767014313374,0.7299482985686626,0.0,0.0,0.0,0.0,0.0,0.6752291666666667,0.671790628987069,0.6786677043462643,0.6689533891155126,0.6815049442178207,0.0,0.0,0.0,0.0,0.0,-0.04833333333333333,-0.05018198314258016,-0.0464846835240865,-0.05170735917043684,-0.044959307496229825
akane-koharu,task_weak,rotated,all_formed,1000,0.534,0.5030659406733221,0.564934059326678,0.4775413268144999,0.5904586731855002,-0.095,-0.12421630970455975,-0.06578369029544025,-0.14832355717936885,-0.041676442820631154,0.513,0.48200465388028263,0.5439953461197174,0.456429470462824,0.569570529537176,-0.082,-0.11117027230566054,-0.05282972769433946,-0.13523953295120944,-0.02876046704879056,-0.021,-0.04584795515279427,0.003847955152794267,-0.06635074315609508,0.024350743156095086
akane-koharu,task_weak,rotated,questions,1000,6,6.0,6.0,6.0,6.0,,,,,,6,6.0,6.0,6.0,6.0,,,,,,0,0.0,0.0,0.0,0.0
akane-koharu,task_weak,rotated,question_positive_difference,1000,-1.106,-1.1902255265446393,-1.0217744734553609,-1.2597225175280977,-0.9522774824719025,,,,,,-1.022,-1.0976317501266977,-0.9463682498733024,-1.1600377601839045,-0.8839622398160957,,,,,,0.084,0.04028534523250308,0.12771465476749694,0.004215081348648522,0.16378491865135147
akane-koharu,task_weak,rotated,other_positive_difference,1000,-0.724,-0.8201845358846387,-0.6278154641153613,-0.8995492617267513,-0.5484507382732486,,,,,,-0.53,-0.61550190837833,-0.44449809162167003,-0.6860520800354699,-0.37394791996453014,,,,,,0.194,0.12918776220057998,0.25881223779942003,0.07570925407184992,0.3122907459281501
akane-koharu,task_weak,rotated,immediate_positive_difference,1000,-1.106,-1.1902255265446393,-1.0217744734553609,-1.2597225175280977,-0.9522774824719025,,,,,,-1.022,-1.0976317501266977,-0.9463682498733024,-1.1600377601839045,-0.8839622398160957,,,,,,0.084,0.04028534523250308,0.12771465476749694,0.004215081348648522,0.16378491865135147
akane-koharu,task_weak,rotated,immediate_positive_losses,1000,1.467,1.3996691902949658,1.5343308097050343,1.3441125334600605,1.5898874665399396,,,,,,1.297,1.2347163684716733,1.3592836315283265,1.1833242887029936,1.4106757112970063,,,,,,-0.17,-0.20491977592641097,-0.13508022407358905,-0.23373312328394835,-0.10626687671605169
akane-koharu,task_weak,rotated,immediate_positive_gains,1000,0.361,0.32406900021465507,0.3979309997853449,0.29359613213787394,0.42840386786212603,,,,,,0.275,0.24317557236658932,0.3068244276334107,0.21691628909430635,0.33308371090569366,,,,,,-0.086,-0.10974358195563769,-0.0622564180443623,-0.12933511873530282,-0.04266488126469717
akane-koharu,task_weak,rotated,changed_topics,1000,10.264,10.106799486489871,10.421200513510128,9.977088659877014,10.550911340122985,,,,,,8.869,8.729400220627678,9.008599779372322,8.614212284067982,9.123787715932018,,,,,,-1.395,-1.50605065244026,-1.28394934755974,-1.5976818539057394,-1.1923181460942607
akane-koharu,task_weak,rotated,task_progress,1000,0.48375,0.4815395130306807,0.4859604869693193,0.47971557438312096,0.48778442561687907,,,,,,0.48375,0.4815395130306807,0.4859604869693193,0.47971557438312096,0.48778442561687907,,,,,,0.0,0.0,0.0,0.0,0.0
akane-koharu,task_weak,outside,bridge_count,1000,3.179,3.1375421123204417,3.220457887679558,3.1033339741886787,3.254666025811321,-0.416,-0.45178153138685356,-0.3802184686131464,-0.4813059388460168,-0.35069406115398316,3.104,3.06107359867948,3.14692640132052,3.0256537461963573,3.182346253803643,-0.447,-0.4839576462076958,-0.4100423537923042,-0.5144525010413408,-0.37954749895865925,-0.075,-0.10765930848059141,-0.04234069151940858,-0.13460747681051816,-0.015392523189481838
akane-koharu,task_weak,outside,bridge_rate,1000,0.79475,0.7843855280801104,0.8051144719198895,0.7758334935471697,0.8136665064528302,-0.104,-0.11294538284671339,-0.0950546171532866,-0.1203264847115042,-0.08767351528849579,0.776,0.76526839966987,0.78673160033013,0.7564134365490893,0.7955865634509107,-0.11175,-0.12098941155192396,-0.10251058844807605,-0.1286131252603352,-0.09488687473966481,-0.01875,-0.026914827120147852,-0.010585172879852145,-0.03365186920262954,-0.0038481307973704595
akane-koharu,task_weak,outside,unformed_turns,1000,18.416,18.047375683171392,18.78462431682861,17.743212778243233,19.088787221756768,2.26375,2.0815950658985116,2.4459049341014882,1.9312936034774455,2.5962063965225544,19.74875,19.376427268335636,20.121072731664366,19.069212691152778,20.428287308847224,2.495,2.3015912227557522,2.688408777244248,2.1420038791118823,2.847996120888118,1.33275,1.0491613016113766,1.6163386983886237,0.8151638186217102,1.8503361813782901
akane-koharu,task_weak,outside,known_share,1000,0.1435625,0.14104704936838855,0.14607795063161147,0.13897147611837407,0.14815352388162595,0.0,0.0,0.0,0.0,0.0,0.1914375,0.18900154683715767,0.19387345316284235,0.18699156931680988,0.19588343068319014,0.0,0.0,0.0,0.0,0.0,0.047875,0.046098356218310516,0.049651643781689486,0.04463239450881082,0.05111760549118918
akane-koharu,task_weak,outside,bridge_share,1000,0.7235625,0.7200636811184051,0.7270613188815949,0.7171767014313374,0.7299482985686626,0.0,0.0,0.0,0.0,0.0,0.6752291666666667,0.671790628987069,0.6786677043462643,0.6689533891155126,0.6815049442178207,0.0,0.0,0.0,0.0,0.0,-0.04833333333333333,-0.05018198314258016,-0.0464846835240865,-0.05170735917043684,-0.044959307496229825
akane-koharu,task_weak,outside,all_formed,1000,0.329,0.29986382504358045,0.3581361749564196,0.27582269913663127,0.38217730086336876,-0.3,-0.3284173106317882,-0.2715826893682118,-0.3518652801699166,-0.2481347198300834,0.297,0.2686646087021901,0.32533539129780986,0.24528423324685852,0.3487157667531414,-0.298,-0.3263628596126238,-0.2696371403873762,-0.3497658999927741,-0.2462341000072259,-0.032,-0.05718742161889159,-0.006812578381108405,-0.07797031351588608,0.013970313515886082
akane-koharu,task_weak,outside,questions,1000,6,6.0,6.0,6.0,6.0,,,,,,6,6.0,6.0,6.0,6.0,,,,,,0,0.0,0.0,0.0,0.0
akane-koharu,task_weak,outside,question_positive_difference,1000,-2.218,-2.288006627754303,-2.147993372245697,-2.3457711817727875,-2.0902288182272124,,,,,,-1.953,-2.0168084871206693,-1.8891915128793306,-2.0694587706631893,-1.8365412293368109,,,,,,0.265,0.22373661299520958,0.30626338700479044,0.18968896316426415,0.3403110368357359
akane-koharu,task_weak,outside,other_positive_difference,1000,-2.193,-2.2895820538958183,-2.096417946104182,-2.3692747836907952,-2.016725216309205,,,,,,-1.63,-1.71881099680306,-1.5411890031969397,-1.792091595895344,-1.4679084041046557,,,,,,0.563,0.493612559446925,0.6323874405530748,0.4363589152334151,0.6896410847665848
akane-koharu,task_weak,outside,immediate_positive_difference,1000,-2.218,-2.288006627754303,-2.147993372245697,-2.3457711817727875,-2.0902288182272124,,,,,,-1.953,-2.0168084871206693,-1.8891915128793306,-2.0694587706631893,-1.8365412293368109,,,,,,0.265,0.22373661299520958,0.30626338700479044,0.18968896316426415,0.3403110368357359
akane-koharu,task_weak,outside,immediate_positive_losses,1000,2.218,2.147993372245697,2.288006627754303,2.0902288182272124,2.3457711817727875,,,,,,1.953,1.8891915128793306,2.0168084871206693,1.8365412293368109,2.0694587706631893,,,,,,-0.265,-0.30626338700479044,-0.22373661299520958,-0.3403110368357359,-0.18968896316426415
akane-koharu,task_weak,outside,immediate_positive_gains,1000,0,0.0,0.0,0.0,0.0,,,,,,0,0.0,0.0,0.0,0.0,,,,,,0,0.0,0.0,0.0,0.0
akane-koharu,task_weak,outside,changed_topics,1000,11.992,11.870356964993611,12.11364303500639,11.769985673131648,12.214014326868353,,,,,,10.206,10.094248802276697,10.317751197723302,10.002039560029326,10.409960439970673,,,,,,-1.786,-1.8679446899964764,-1.7040553100035236,-1.9355596947991967,-1.6364403052008034
akane-koharu,task_weak,outside,task_progress,1000,0.48375,0.4815395130306807,0.4859604869693193,0.47971557438312096,0.48778442561687907,,,,,,0.48375,0.4815395130306807,0.4859604869693193,0.47971557438312096,0.48778442561687907,,,,,,0.0,0.0,0.0,0.0,0.0
akane-koharu,task_medium,original,bridge_count,1000,3.356,3.31623200689404,3.39576799310596,3.28341825111597,3.42858174888403,-0.344,-0.38613435327765366,-0.3018656467223463,-0.4209006633259383,-0.26709933667406166,3.338,3.298208226543231,3.377791773456769,3.265374848889305,3.410625151110695,-0.362,-0.4045562639949186,-0.31944373600508136,-0.4396707051445035,-0.28432929485549646,-0.018,-0.04413892432685333,0.008138924326853335,-0.06570692945292221,0.029706929452922217
akane-koharu,task_medium,original,bridge_rate,1000,0.839,0.82905800172351,0.84894199827649,0.8208545627789925,0.8571454372210074,-0.086,-0.09653358831941342,-0.07546641168058657,-0.10522516583148457,-0.06677483416851542,0.8345,0.8245520566358078,0.8444479433641923,0.8163437122223263,0.8526562877776738,-0.0905,-0.10113906599872965,-0.07986093400127034,-0.10991767628612588,-0.07108232371387412,-0.0045,-0.011034731081713333,0.0020347310817133337,-0.016426732363230553,0.007426732363230554
akane-koharu,task_medium,original,unformed_turns,1000,18.5475,18.20090119688562,18.894098803114378,17.914912199450843,19.180087800549156,2.48875,2.1696696841774075,2.8078303158225926,1.906387010367478,3.071112989632522,19.3475,19.00393293621577,19.69106706378423,18.720445517216124,19.974554482783876,2.57675,2.2495324554878873,2.903967544512113,1.979535511882729,3.1739644881172713,0.8,0.5900296417316213,1.0099703582683788,0.416776844224476,1.1832231557755242
akane-koharu,task_medium,original,known_share,1000,0.146375,0.14403549351380848,0.14871450648619153,0.14210509701945798,0.15064490298054203,0.0,0.0,0.0,0.0,0.0,0.1889375,0.18657990180086298,0.19129509819913704,0.18463457729521912,0.1932404227047809,0.0,0.0,0.0,0.0,0.0,0.042562499999999996,0.04083541896948368,0.04428958103051631,0.039410352962423685,0.04571464703757631
akane-koharu,task_medium,original,bridge_share,1000,0.7169583333333334,0.7137016439696201,0.7202150226970466,0.71101445256066,0.7229022141060067,0.0,0.0,0.0,0.0,0.0,0.6742916666666666,0.6710381973502063,0.6775451359831269,0.6683536628981579,0.6802296704351753,0.0,0.0,0.0,0.0,0.0,-0.042666666666666665,-0.04445104390378514,-0.04088228942954819,-0.04592338671773463,-0.0394099466155987
akane-koharu,task_medium,original,all_formed,1000,0.447,0.4161688549498222,0.4778311450501778,0.390729158726299,0.503270841273701,-0.271,-0.30561333756715087,-0.23638666243284914,-0.33417383350583485,-0.2078261664941652,0.432,0.4012822523348208,0.4627177476651792,0.37593612367170487,0.4880638763282951,-0.292,-0.3263443816970717,-0.25765561830292827,-0.3546829541353079,-0.22931704586469204,-0.015,-0.0374251672932027,0.007425167293202702,-0.05592884086005498,0.02592884086005498
akane-koharu,task_medium,original,questions,1000,12,12.0,12.0,12.0,12.0,,,,,,12,12.0,12.0,12.0,12.0,,,,,,0,0.0,0.0,0.0,0.0
akane-koharu,task_medium,original,question_positive_difference,1000,-2.44,-2.5587713436485084,-2.3212286563514914,-2.656773117425,-2.2232268825749997,,,,,,-2.3,-2.407943039144262,-2.1920569608557376,-2.4970100563051463,-2.1029899436948534,,,,,,0.14,0.08869870505666683,0.1913012949433332,0.046368478361948795,0.23363152163805123
akane-koharu,task_medium,original,other_positive_difference,1000,-1.592,-1.7393678784172089,-1.4446321215827913,-1.8609655049061822,-1.323034495093818,,,,,,-1.275,-1.4041775128643907,-1.145822487135609,-1.510765726854886,-1.0392342731451139,,,,,,0.317,0.22124245740118137,0.41275754259881864,0.14223005643909079,0.4917699435609092
akane-koharu,task_medium,original,immediate_positive_difference,1000,-1.693,-1.8148138598766907,-1.5711861401233094,-1.915326104427918,-1.4706738955720822,,,,,,-1.666,-1.7756825452436764,-1.5563174547563234,-1.866184880706104,-1.4658151192938957,,,,,,0.027,-0.028957436577351437,0.08295743657735144,-0.07512958443816123,0.12912958443816122
akane-koharu,task_medium,original,immediate_positive_losses,1000,2.623,2.5333321107421174,2.712667889257883,2.4593444641590105,2.78665553584099,,,,,,2.366,2.2821570308620105,2.4498429691379897,2.2129756993909506,2.5190243006090496,,,,,,-0.257,-0.29742432296882026,-0.21657567703117975,-0.3307796360684369,-0.1832203639315631
akane-koharu,task_medium,original,immediate_positive_gains,1000,0.93,0.8711346375965383,0.9888653624034618,0.8225630735111158,1.0374369264888843,,,,,,0.7,0.6499277478993561,0.7500722521006438,0.6086116410666421,0.7913883589333578,,,,,,-0.23,-0.2639141966252001,-0.19608580337479992,-0.2918978105456616,-0.1681021894543384
akane-koharu,task_medium,original,changed_topics,1000,19.899,19.68866437078965,20.109335629210353,19.51511017734706,20.28288982265294,,,,,,17.601,17.421682287879083,17.780317712120915,17.273721901833444,17.928278098166555,,,,,,-2.298,-2.4522482566458317,-2.1437517433541684,-2.5795230881738727,-2.0164769118261274
akane-koharu,task_medium,original,task_progress,1000,0.9515,0.9476353944547387,0.9553646055452614,0.944446593294899,0.958553406705101,,,,,,0.9515,0.9476353944547387,0.9553646055452614,0.944446593294899,0.958553406705101,,,,,,0.0,0.0,0.0,0.0,0.0
akane-koharu,task_medium,rotated,bridge_count,1000,3.43,3.3911201259697954,3.468879874030205,3.359039183697703,3.5009608163022974,-0.27,-0.3096632289625004,-0.2303367710374996,-0.34239054072493647,-0.19760945927506357,3.372,3.3317346137864425,3.4122653862135572,3.298510444138231,3.445489555861769,-0.328,-0.3686834271767614,-0.28731657282323864,-0.40225253487692014,-0.2537474651230799,-0.058,-0.08549823650001234,-0.03050176349998767,-0.10818785059330649,-0.0078121494066935235
akane-koharu,task_medium,rotated,bridge_rate,1000,0.8575,0.8477800314924488,0.8672199685075512,0.8397597959244257,0.8752402040755743,-0.0675,-0.0774158072406251,-0.0575841927593749,-0.08559763518123412,-0.04940236481876589,0.843,0.8329336534466106,0.8530663465533893,0.8246276110345577,0.8613723889654422,-0.082,-0.09217085679419035,-0.07182914320580966,-0.10056313371923004,-0.06343686628076997,-0.0145,-0.021374559125003086,-0.007625440874996918,-0.027046962648326622,-0.0019530373516733809
akane-koharu,task_medium,rotated,unformed_turns,1000,17.83625,17.491913573271326,18.180586426728674,17.207791329987323,18.464708670012676,1.7775,1.460935242587499,2.094064757412501,1.1997282309588186,2.3552717690411815,18.797,18.45246795644725,19.14153204355275,18.16818430389439,19.425815696105612,2.02625,1.7047141925493012,2.347785807450699,1.4394054194492947,2.6130945805507055,0.96075,0.7502855380002009,1.171214461999799,0.5766250407851861,1.344874959214814
akane-koharu,task_medium,rotated,known_share,1000,0.146375,0.14403549351380848,0.14871450648619153,0.14210509701945798,0.15064490298054203,0.0,0.0,0.0,0.0,0.0,0.1889375,0.18657990180086298,0.19129509819913704,0.18463457729521912,0.1932404227047809,0.0,0.0,0.0,0.0,0.0,0.042562499999999996,0.04083541896948368,0.04428958103051631,0.039410352962423685,0.04571464703757631
akane-koharu,task_medium,rotated,bridge_share,1000,0.7169583333333334,0.7137016439696201,0.7202150226970466,0.71101445256066,0.7229022141060067,0.0,0.0,0.0,0.0,0.0,0.6742916666666666,0.6710381973502063,0.6775451359831269,0.6683536628981579,0.6802296704351753,0.0,0.0,0.0,0.0,0.0,-0.042666666666666665,-0.04445104390378514,-0.04088228942954819,-0.04592338671773463,-0.0394099466155987
akane-koharu,task_medium,rotated,all_formed,1000,0.504,0.47299516434111877,0.5350048356588812,0.447412150822208,0.560587849177792,-0.214,-0.24797672886704228,-0.1800232711329577,-0.2760119400030484,-0.15198805999695156,0.466,0.43506594067332216,0.4969340593266779,0.4095413268144999,0.5224586731855002,-0.258,-0.2912463450180175,-0.22475365498198252,-0.3186788946824657,-0.19732110531753436,-0.038,-0.06237902102764314,-0.01362097897235686,-0.08249487751499562,0.006494877514995619
akane-koharu,task_medium,rotated,questions,1000,12,12.0,12.0,12.0,12.0,,,,,,12,12.0,12.0,12.0,12.0,,,,,,0,0.0,0.0,0.0,0.0
akane-koharu,task_medium,rotated,question_positive_difference,1000,-2.42,-2.535940239343806,-2.3040597606561937,-2.6316059846214697,-2.20839401537853,,,,,,-2.298,-2.399312623108876,-2.196687376891124,-2.4829086864825665,-2.1130913135174336,,,,,,0.122,0.07067187708671005,0.17332812291328994,0.028319513834790394,0.2156804861652096
akane-koharu,task_medium,rotated,other_positive_difference,1000,-1.388,-1.5333701353299425,-1.2426298646700573,-1.65331936448596,-1.1226806355140397,,,,,,-1.038,-1.1619699079118302,-0.9140300920881698,-1.26426117192432,-0.8117388280756801,,,,,,0.35,0.2571583823602477,0.44284161763975227,0.18055199794566149,0.5194480020543385
akane-koharu,task_medium,rotated,immediate_positive_difference,1000,-1.708,-1.830913546680411,-1.585086453319589,-1.9323331755724444,-1.4836668244275555,,,,,,-1.691,-1.79825541064913,-1.5837445893508701,-1.8867550450546113,-1.4952449549453888,,,,,,0.017,-0.03924669117261803,0.07324669117261803,-0.08565751161671542,0.11965751161671542
akane-koharu,task_medium,rotated,immediate_positive_losses,1000,2.684,2.595818117309536,2.7721818826904645,2.523056619012513,2.844943380987487,,,,,,2.419,2.33873288798224,2.49926711201776,2.272502102743871,2.565497897256129,,,,,,-0.265,-0.3054159509239742,-0.22458404907602583,-0.3387643559999898,-0.19123564400001022
akane-koharu,task_medium,rotated,immediate_positive_gains,1000,0.976,0.9134504317609874,1.0385495682390125,0.8618389196902142,1.0901610803097856,,,,,,0.728,0.6751619935981634,0.7808380064018365,0.6315637805012567,0.8244362194987432,,,,,,-0.248,-0.2814228442853106,-0.21457715571468938,-0.30900102875301705,-0.18699897124698292
akane-koharu,task_medium,rotated,changed_topics,1000,19.896,19.677483173055123,20.11451682694488,19.49717842964846,20.29482157035154,,,,,,17.465,17.277331223668906,17.652668776331094,17.122480125769908,17.807519874230092,,,,,,-2.431,-2.5847743902784384,-2.2772256097215617,-2.711658220550529,-2.1503417794494712
akane-koharu,task_medium,rotated,task_progress,1000,0.9515,0.9476353944547387,0.9553646055452614,0.944446593294899,0.958553406705101,,,,,,0.9515,0.9476353944547387,0.9553646055452614,0.944446593294899,0.958553406705101,,,,,,0.0,0.0,0.0,0.0,0.0
akane-koharu,task_medium,outside,bridge_count,1000,2.644,2.6041354271744126,2.6838645728255877,2.571241980592622,2.7167580194073784,-1.056,-1.0997111359473282,-1.012288864052672,-1.135778496347838,-0.9762215036521622,2.565,2.5264840719089268,2.603515928091073,2.4947034322729587,2.6352965677270412,-1.135,-1.1786191502699246,-1.0913808497300754,-1.2146106105478067,-1.0553893894521933,-0.079,-0.10787100464669197,-0.05012899535330803,-0.13169333063180919,-0.02630666936819081
akane-koharu,task_medium,outside,bridge_rate,1000,0.661,0.6510338567936031,0.6709661432063969,0.6428104951481555,0.6791895048518446,-0.264,-0.27492778398683204,-0.253072216013168,-0.2839446240869595,-0.24405537591304055,0.64125,0.6316210179772317,0.6508789820227683,0.6236758580682397,0.6588241419317603,-0.28375,-0.29465478756748115,-0.27284521243251886,-0.3036526526369517,-0.2638473473630483,-0.01975,-0.026967751161672993,-0.012532248838327008,-0.032923332657952296,-0.006576667342047702
akane-koharu,task_medium,outside,unformed_turns,1000,23.2135,22.88811947243863,23.53888052756137,22.61963830624324,23.80736169375676,7.15475,6.848830783357744,7.4606692166422555,6.596407724543319,7.713092275456681,24.1935,23.878373795794484,24.508626204205516,23.618353777270585,24.768646222729416,7.42275,7.112626802367817,7.732873197632182,6.8567349136043525,7.988765086395647,0.98,0.7556071156954247,1.2043928843045753,0.5704538623168042,1.3895461376831957
akane-koharu,task_medium,outside,known_share,1000,0.146375,0.14403549351380848,0.14871450648619153,0.14210509701945798,0.15064490298054203,0.0,0.0,0.0,0.0,0.0,0.1889375,0.18657990180086298,0.19129509819913704,0.18463457729521912,0.1932404227047809,0.0,0.0,0.0,0.0,0.0,0.042562499999999996,0.04083541896948368,0.04428958103051631,0.039410352962423685,0.04571464703757631
akane-koharu,task_medium,outside,bridge_share,1000,0.7169583333333334,0.7137016439696201,0.7202150226970466,0.71101445256066,0.7229022141060067,0.0,0.0,0.0,0.0,0.0,0.6742916666666666,0.6710381973502063,0.6775451359831269,0.6683536628981579,0.6802296704351753,0.0,0.0,0.0,0.0,0.0,-0.042666666666666665,-0.04445104390378514,-0.04088228942954819,-0.04592338671773463,-0.0394099466155987
akane-koharu,task_medium,outside,all_formed,1000,0.092,0.07407702226942378,0.10992297773057622,0.05928823942841154,0.12471176057158845,-0.626,-0.6560051840432527,-0.5959948159567473,-0.6807633552350442,-0.5712366447649558,0.07,0.05417791105768589,0.08582208894231412,0.04112263414017438,0.09887736585982564,-0.654,-0.6834985216100261,-0.6245014783899739,-0.7078386305349709,-0.6001613694650292,-0.022,-0.037628413640319124,-0.006371586359680874,-0.050523883296675315,0.006523883296675317
akane-koharu,task_medium,outside,questions,1000,12,12.0,12.0,12.0,12.0,,,,,,12,12.0,12.0,12.0,12.0,,,,,,0,0.0,0.0,0.0,0.0
akane-koharu,task_medium,outside,question_positive_difference,1000,-4.79,-4.8764145271960135,-4.7035854728039865,-4.94771772782603,-4.6322822721739705,,,,,,-4.244,-4.322792977070521,-4.165207022929478,-4.387807409650264,-4.100192590349735,,,,,,0.546,0.49959953256940426,0.5924004674305958,0.46131312464836505,0.630686875351635
akane-koharu,task_medium,outside,other_positive_difference,1000,-4.419,-4.559061791248604,-4.278938208751395,-4.6746309475705,-4.163369052429499,,,,,,-3.232,-3.359028209022593,-3.1049717909774075,-3.4638429683866576,-3.000157031613343,,,,,,1.187,1.0819816361470702,1.29201836385293,0.9953278556935107,1.3786721443064893
akane-koharu,task_medium,outside,immediate_positive_difference,1000,-3.356,-3.434568156001891,-3.2774318439981087,-3.4993970820206144,-3.2126029179793854,,,,,,-3.058,-3.1309694607339247,-2.985030539266075,-3.191178736505038,-2.9248212634949615,,,,,,0.298,0.25681025432527227,0.3391897456747277,0.22282336814949577,0.3731766318505042
akane-koharu,task_medium,outside,immediate_positive_losses,1000,3.356,3.2774318439981087,3.434568156001891,3.2126029179793854,3.4993970820206144,,,,,,3.058,2.985030539266075,3.1309694607339247,2.9248212634949615,3.191178736505038,,,,,,-0.298,-0.3391897456747277,-0.25681025432527227,-0.3731766318505042,-0.22282336814949577
akane-koharu,task_medium,outside,immediate_positive_gains,1000,0,0.0,0.0,0.0,0.0,,,,,,0,0.0,0.0,0.0,0.0,,,,,,0,0.0,0.0,0.0,0.0
akane-koharu,task_medium,outside,changed_topics,1000,22.814,22.64193129847516,22.98606870152484,22.49995228701633,23.12804771298367,,,,,,19.609,19.458577067542848,19.759422932457156,19.33445862495716,19.883541375042842,,,,,,-3.205,-3.3339331785248643,-3.076066821475136,-3.4403197849732328,-2.9696802150267674
akane-koharu,task_medium,outside,task_progress,1000,0.9515,0.9476353944547387,0.9553646055452614,0.944446593294899,0.958553406705101,,,,,,0.9515,0.9476353944547387,0.9553646055452614,0.944446593294899,0.958553406705101,,,,,,0.0,0.0,0.0,0.0,0.0
akane-koharu,task_strong,original,bridge_count,1000,3.426,3.387948685950405,3.464051314049595,3.356551413200654,3.495448586799346,-0.37,-0.41210860832294144,-0.32789139167705855,-0.44685367544216514,-0.29314632455783485,3.41,3.371678000892234,3.4483219991077663,3.340057377837429,3.479942622162571,-0.382,-0.42451648636956274,-0.3394835136304373,-0.45959810581551325,-0.30440189418448677,-0.016,-0.032609865683925265,0.0006098656839252647,-0.04631516065837006,0.014315160658370057
akane-koharu,task_strong,original,bridge_rate,1000,0.8565,0.8469871714876013,0.8660128285123988,0.8391378533001635,0.8738621466998365,-0.0925,-0.10302715208073536,-0.08197284791926464,-0.11171341886054129,-0.07328658113945871,0.8525,0.8429195002230585,0.8620804997769416,0.8350143444593573,0.8699856555406428,-0.0955,-0.10612912159239068,-0.08487087840760932,-0.11489952645387831,-0.07610047354612169,-0.004,-0.008152466420981316,0.00015246642098131619,-0.011578790164592515,0.003578790164592514
akane-koharu,task_strong,original,unformed_turns,1000,18.73125,18.38804217382255,19.074457826177447,18.10485117247375,19.357648827526248,3.80625,3.427697418851497,4.184802581148503,3.1153424072755325,4.497157592724467,19.25175,18.907987451392792,19.59551254860721,18.624338732042318,19.879161267957684,3.86225,3.475361310377186,4.249138689622814,3.1561279273710445,4.568372072628955,0.5205,0.3723881135813249,0.668611886418675,0.250176583926758,0.7908234160732419
akane-koharu,task_strong,original,known_share,1000,0.15416666666666667,0.15228207224329993,0.15605126109003342,0.1507270372435629,0.15760629608977045,0.0,0.0,0.0,0.0,0.0,0.18233333333333332,0.1803283763714297,0.18433829029523693,0.178674026655613,0.18599264001105364,0.0,0.0,0.0,0.0,0.0,0.028166666666666666,0.026777580970900817,0.029555752362432516,0.02563140498323601,0.030701928350097323
akane-koharu,task_strong,original,bridge_share,1000,0.6998333333333333,0.6971582582286485,0.7025084084380181,0.6949509740707771,0.7047156925958895,0.0,0.0,0.0,0.0,0.0,0.6715833333333333,0.6688293216508937,0.6743373450157729,0.6665569045712403,0.6766097620954263,0.0,0.0,0.0,0.0,0.0,-0.028249999999999997,-0.029658870988382664,-0.02684112901161733,-0.030821372410378443,-0.025678627589621552
akane-koharu,task_strong,original,all_formed,1000,0.492,0.4609981411387502,0.5230018588612498,0.4354175838642423,0.5485824161357578,-0.311,-0.34727968056118497,-0.27472031943881503,-0.3772151257436752,-0.24478487425632478,0.48,0.44901898673085106,0.5109810132691489,0.4234556297753641,0.5365443702246359,-0.319,-0.35564668500590363,-0.2823533149940964,-0.38588495648858906,-0.25211504351141095,-0.012,-0.027171452883049223,0.0031714528830492222,-0.03968987060597583,0.015689870605975827
akane-koharu,task_strong,original,questions,1000,12.642,12.583767258094523,12.700232741905475,12.5357176880274,12.748282311972599,,,,,,12.642,12.583767258094523,12.700232741905475,12.5357176880274,12.748282311972599,,,,,,0,0.0,0.0,0.0,0.0
akane-koharu,task_strong,original,question_positive_difference,1000,-2.532,-2.6602153929471366,-2.4037846070528635,-2.7660097331328894,-2.2979902668671106,,,,,,-2.368,-2.4832245314776946,-2.252775468522305,-2.578299724874491,-2.1577002751255088,,,,,,0.164,0.11403907506440239,0.21396092493559762,0.07281482759194217,0.2551851724080578
akane-koharu,task_strong,original,other_positive_difference,1000,-2.822,-3.0010227848713766,-2.6429772151286235,-3.148739817657698,-2.495260182342302,,,,,,-2.267,-2.426548542817273,-2.107451457182727,-2.5581967983579403,-1.9758032016420595,,,,,,0.555,0.45556889770245884,0.6544311022975413,0.373525333199657,0.7364746668003431
akane-koharu,task_strong,original,immediate_positive_difference,1000,-1.186,-1.3155049850297182,-1.0564950149702816,-1.4223634060590384,-0.9496365939409613,,,,,,-1.287,-1.3992501926740233,-1.1747498073259766,-1.4918711705200156,-1.0821288294799842,,,,,,-0.101,-0.15530178378398007,-0.046698216216019925,-0.20010780320400556,-0.0018921967959944636
akane-koharu,task_strong,original,immediate_positive_losses,1000,2.5,2.4141188940199045,2.5858811059800955,2.343255835125463,2.656744164874537,,,,,,2.26,2.1812574051974645,2.338742594802535,2.116284544527896,2.4037154554721036,,,,,,-0.24,-0.2743255660475466,-0.20567443395245338,-0.30264861313285196,-0.17735138686714802
akane-koharu,task_strong,original,immediate_positive_gains,1000,1.314,1.2418049022541107,1.3861950977458894,1.182234576452267,1.445765423547733,,,,,,0.973,0.9129327881157819,1.033067211884218,0.8633695422213615,1.0826304577786385,,,,,,-0.341,-0.3769838094835017,-0.30501619051649836,-0.406675122625961,-0.27532487737403905
akane-koharu,task_strong,original,changed_topics,1000,27.434,27.197202794554272,27.67079720544573,27.001814366284275,27.866185633715727,,,,,,23.162,22.95828669911231,23.365713300887688,22.79019678604422,23.53380321395578,,,,,,-4.272,-4.421112129260811,-4.12288787073919,-4.5441489890811,-3.9998510109189
akane-koharu,task_strong,original,task_progress,1000,1.0,1.0,1.0,1.0,1.0,,,,,,1.0,1.0,1.0,1.0,1.0,,,,,,0.0,0.0,0.0,0.0,0.0
akane-koharu,task_strong,rotated,bridge_count,1000,3.383,3.344258295633036,3.4217417043669642,3.3122913612660807,3.4537086387339193,-0.413,-0.45358950649660124,-0.3724104935033987,-0.48708111744571525,-0.3389188825542847,3.345,3.3056836810861836,3.384316318913817,3.2732426151391736,3.416757384860827,-0.447,-0.4886536958261326,-0.4053463041738674,-0.5230234010926497,-0.37097659890735035,-0.038,-0.05706855892666091,-0.018931441073339085,-0.07280259493878777,-0.003197405061212223
akane-koharu,task_strong,rotated,bridge_rate,1000,0.84575,0.836064573908259,0.8554354260917411,0.8280728403165202,0.8634271596834798,-0.10325,-0.11339737662415031,-0.09310262337584968,-0.12177027936142881,-0.08472972063857118,0.83625,0.8264209202715459,0.8460790797284542,0.8183106537847934,0.8541893462152067,-0.11175,-0.12216342395653315,-0.10133657604346685,-0.13075585027316242,-0.09274414972683759,-0.0095,-0.014267139731665228,-0.004732860268334771,-0.018200648734696942,-0.0007993512653030558
akane-koharu,task_strong,rotated,unformed_turns,1000,18.7785,18.420438729916885,19.136561270083117,18.124991709525705,19.432008290474297,3.8535,3.475797787958051,4.231202212041949,3.164144441263926,4.542855558736074,19.47475,19.11026241552127,19.83923758447873,18.809512851685945,20.139987148314056,4.08525,3.703563750804768,4.466936249195232,3.3886230563732243,4.781876943626776,0.69625,0.5223567956358731,0.870143204364127,0.3788723325334264,1.0136276674665736
akane-koharu,task_strong,rotated,known_share,1000,0.15416666666666667,0.15228207224329993,0.15605126109003342,0.1507270372435629,0.15760629608977045,0.0,0.0,0.0,0.0,0.0,0.18233333333333332,0.1803283763714297,0.18433829029523693,0.178674026655613,0.18599264001105364,0.0,0.0,0.0,0.0,0.0,0.028166666666666666,0.026777580970900817,0.029555752362432516,0.02563140498323601,0.030701928350097323
akane-koharu,task_strong,rotated,bridge_share,1000,0.6998333333333333,0.6971582582286485,0.7025084084380181,0.6949509740707771,0.7047156925958895,0.0,0.0,0.0,0.0,0.0,0.6715833333333333,0.6688293216508937,0.6743373450157729,0.6665569045712403,0.6766097620954263,0.0,0.0,0.0,0.0,0.0,-0.028249999999999997,-0.029658870988382664,-0.02684112901161733,-0.030821372410378443,-0.025678627589621552
akane-koharu,task_strong,rotated,all_formed,1000,0.46,0.429093550047787,0.49090644995221305,0.4035917175063035,0.5164082824936965,-0.343,-0.3778233408314979,-0.3081766591685022,-0.40655711671947475,-0.2794428832805253,0.433,0.40227380341212476,0.46372619658787523,0.3769207032912036,0.4890792967087964,-0.366,-0.40108150142371535,-0.33091849857628464,-0.43002829330679093,-0.30197170669320905,-0.027,-0.04343847002907804,-0.010561529970921961,-0.05700234134292739,0.00300234134292739
akane-koharu,task_strong,rotated,questions,1000,12.642,12.583767258094523,12.700232741905475,12.5357176880274,12.748282311972599,,,,,,12.642,12.583767258094523,12.700232741905475,12.5357176880274,12.748282311972599,,,,,,0,0.0,0.0,0.0,0.0
akane-koharu,task_strong,rotated,question_positive_difference,1000,-2.515,-2.6443024809180846,-2.3856975190819156,-2.750993809772411,-2.279006190227589,,,,,,-2.414,-2.528118363672668,-2.2998816363273322,-2.6222808250614147,-2.2057191749385856,,,,,,0.101,0.0477710571328083,0.15422894286719172,0.0038502707125576824,0.19814972928744234
akane-koharu,task_strong,rotated,other_positive_difference,1000,-2.936,-3.1260017701998564,-2.7459982298001435,-3.2827778908385588,-2.589222109161441,,,,,,-2.379,-2.545710571797799,-2.212289428202201,-2.683268430803149,-2.074731569196851,,,,,,0.557,0.452592719018634,0.6614072809813661,0.3664431612462197,0.7475568387537804
akane-koharu,task_strong,rotated,immediate_positive_difference,1000,-1.231,-1.361690781858794,-1.1003092181412062,-1.469527639176011,-0.992472360823989,,,,,,-1.44,-1.5533372223321444,-1.3266627776678555,-1.64685514073106,-1.2331448592689398,,,,,,-0.209,-0.2644412987583084,-0.15355870124169158,-0.3101875659291679,-0.10781243407083206
akane-koharu,task_strong,rotated,immediate_positive_losses,1000,2.542,2.4536853868915878,2.630314613108412,2.3808143687727514,2.703185631227248,,,,,,2.363,2.2814545312535817,2.4445454687464183,2.214168935796863,2.511831064203137,,,,,,-0.179,-0.21290620186521816,-0.14509379813478182,-0.2408832190710592,-0.11711678092894079
akane-koharu,task_strong,rotated,immediate_positive_gains,1000,1.311,1.2389949075430096,1.3830050924569903,1.1795813607651882,1.4424186392348117,,,,,,0.923,0.8618918945298241,0.984108105470176,0.8114697763299901,1.03453022367001,,,,,,-0.388,-0.4249714302706327,-0.3510285697293673,-0.4554776587452265,-0.3205223412547735
akane-koharu,task_strong,rotated,changed_topics,1000,27.516,27.271405527850266,27.76059447214973,27.06958334254657,27.962416657453428,,,,,,23.237,23.024771225743955,23.449228774256042,22.849654941928435,23.62434505807156,,,,,,-4.279,-4.432923360199858,-4.125076639800142,-4.559930109991843,-3.998069890008157
akane-koharu,task_strong,rotated,task_progress,1000,1.0,1.0,1.0,1.0,1.0,,,,,,1.0,1.0,1.0,1.0,1.0,,,,,,0.0,0.0,0.0,0.0,0.0
akane-koharu,task_strong,outside,bridge_count,1000,2.101,2.0823141068984916,2.1196858931015083,2.0668958198580993,2.1351041801419006,-1.695,-1.7253778006243172,-1.664622199375683,-1.7504434288571853,-1.6395565711428148,2.084,2.0665766006403676,2.1014233993596325,2.052200034795382,2.115799965204618,-1.708,-1.7381720959327152,-1.6778279040672848,-1.7630679910967142,-1.6529320089032857,-0.017,-0.028215541269415667,-0.005784458730584335,-0.03746981847553184,0.003469818475531832
akane-koharu,task_strong,outside,bridge_rate,1000,0.52525,0.5205785267246229,0.5299214732753771,0.5167239549645248,0.5337760450354752,-0.42375,-0.4313444501560793,-0.4161555498439207,-0.4376108572142963,-0.4098891427857037,0.521,0.5166441501600919,0.5253558498399081,0.5130500086988455,0.5289499913011545,-0.427,-0.4345430239831788,-0.4194569760168212,-0.44076699777417855,-0.41323300222582143,-0.00425,-0.007053885317353917,-0.0014461146826460838,-0.00936745461888296,0.000867454618882958
akane-koharu,task_strong,outside,unformed_turns,1000,28.56425,28.39502310652093,28.73347689347907,28.255388955536546,28.873111044463457,13.63925,13.336161589301406,13.942338410698595,13.086074312799225,14.192425687200776,29.08275,28.904586887660496,29.260913112339505,28.757579196289388,29.407920803710613,13.69325,13.386211092566793,14.000288907433209,13.132864143525788,14.253635856474213,0.5185,0.3971660264165656,0.6398339735834343,0.2970497503414494,0.7399502496585505
akane-koharu,task_strong,outside,known_share,1000,0.15416666666666667,0.15228207224329993,0.15605126109003342,0.1507270372435629,0.15760629608977045,0.0,0.0,0.0,0.0,0.0,0.18233333333333332,0.1803283763714297,0.18433829029523693,0.178674026655613,0.18599264001105364,0.0,0.0,0.0,0.0,0.0,0.028166666666666666,0.026777580970900817,0.029555752362432516,0.02563140498323601,0.030701928350097323
akane-koharu,task_strong,outside,bridge_share,1000,0.6998333333333333,0.6971582582286485,0.7025084084380181,0.6949509740707771,0.7047156925958895,0.0,0.0,0.0,0.0,0.0,0.6715833333333333,0.6688293216508937,0.6743373450157729,0.6665569045712403,0.6766097620954263,0.0,0.0,0.0,0.0,0.0,-0.028249999999999997,-0.029658870988382664,-0.02684112901161733,-0.030821372410378443,-0.025678627589621552
akane-koharu,task_strong,outside,all_formed,1000,0,0.0,0.0,0.0,0.0,-0.803,-0.8276640398244177,-0.7783359601755824,-0.84801507381154,-0.7579849261884601,0,0.0,0.0,0.0,0.0,-0.799,-0.8238510501406499,-0.7741489498593502,-0.8443563919106283,-0.7536436080893718,0,0.0,0.0,0.0,0.0
akane-koharu,task_strong,outside,questions,1000,12.642,12.583767258094523,12.700232741905475,12.5357176880274,12.748282311972599,,,,,,12.642,12.583767258094523,12.700232741905475,12.5357176880274,12.748282311972599,,,,,,0,0.0,0.0,0.0,0.0
akane-koharu,task_strong,outside,question_positive_difference,1000,-5.267,-5.359180925904988,-5.174819074095013,-5.435242153887581,-5.09875784611242,,,,,,-4.584,-4.669633224390534,-4.498366775609465,-4.740291748801174,-4.427708251198825,,,,,,0.683,0.6415628947525134,0.7244371052474867,0.6073719048245496,0.7586280951754505
akane-koharu,task_strong,outside,other_positive_difference,1000,-8.5,-8.673477537612383,-8.326522462387617,-8.816619021695487,-8.183380978304513,,,,,,-6.437,-6.58685833513759,-6.2871416648624106,-6.710510911655867,-6.163489088344133,,,,,,2.063,1.9493471493535688,2.1766528506464318,1.8555687966301433,2.270431203369857
akane-koharu,task_strong,outside,immediate_positive_difference,1000,-2.828,-2.898769835913864,-2.7572301640861356,-2.9571641357203484,-2.6988358642796513,,,,,,-2.758,-2.8247147434574593,-2.6912852565425407,-2.8797630656792204,-2.6362369343207797,,,,,,0.07,0.04361041549834159,0.09638958450165842,0.02183558319501417,0.11816441680498585
akane-koharu,task_strong,outside,immediate_positive_losses,1000,2.828,2.7572301640861356,2.898769835913864,2.6988358642796513,2.9571641357203484,,,,,,2.758,2.6912852565425407,2.8247147434574593,2.6362369343207797,2.8797630656792204,,,,,,-0.07,-0.09638958450165842,-0.04361041549834159,-0.11816441680498585,-0.02183558319501417
akane-koharu,task_strong,outside,immediate_positive_gains,1000,0,0.0,0.0,0.0,0.0,,,,,,0,0.0,0.0,0.0,0.0,,,,,,0,0.0,0.0,0.0,0.0
akane-koharu,task_strong,outside,changed_topics,1000,31.526,31.379577309536113,31.672422690463886,31.258759585784052,31.793240414215948,,,,,,26.161,26.02058667232421,26.301413327675792,25.90472745282417,26.417272547175834,,,,,,-5.365,-5.4816375615347,-5.248362438465301,-5.577878688124908,-5.152121311875092
akane-koharu,task_strong,outside,task_progress,1000,1.0,1.0,1.0,1.0,1.0,,,,,,1.0,1.0,1.0,1.0,1.0,,,,,,0.0,0.0,0.0,0.0,0.0
akane-koharu,task_strong,freeze_T,bridge_count,1000,3.749,3.7205827570285557,3.7774172429714445,3.697134843318993,3.800865156681007,-0.047,-0.06959735706108451,-0.024402642938915486,-0.08824310953485326,-0.005756890465146734,3.745,3.716315000624208,3.773684999375792,3.6926461531291035,3.7973538468708967,-0.047,-0.06976689344282695,-0.024233106557173045,-0.08855253543556568,-0.005447464564434318,-0.004,-0.01840807158945731,0.01040807158945731,-0.03029660066633811,0.02229660066633811
akane-koharu,task_strong,freeze_T,bridge_rate,1000,0.93725,0.9301456892571389,0.9443543107428611,0.9242837108297483,0.9502162891702518,-0.01175,-0.017399339265271128,-0.006100660734728871,-0.022060777383713315,-0.0014392226162866836,0.93625,0.929078750156052,0.943421249843948,0.9231615382822759,0.9493384617177242,-0.01175,-0.017441723360706738,-0.006058276639293261,-0.02213813385889142,-0.0013618661411085795,-0.001,-0.004602017897364328,0.0026020178973643277,-0.007574150166584527,0.005574150166584527
akane-koharu,task_strong,freeze_T,unformed_turns,1000,17.051,16.731156293175562,17.370843706824434,16.46724372270902,17.634756277290975,2.126,1.8371128664437713,2.4148871335562285,1.5987434867598842,2.6532565132401156,17.74525,17.418743527935202,18.071756472064795,17.149333311388776,18.34116668861122,2.35575,2.0531443698235035,2.6583556301764966,1.8034554499118682,2.908044550088132,0.69425,0.5224029640323382,0.8660970359676619,0.38060685542803047,1.0078931445719697
akane-koharu,task_strong,freeze_T,known_share,1000,0.15416666666666667,0.15228207224329993,0.15605126109003342,0.1507270372435629,0.15760629608977045,0.0,0.0,0.0,0.0,0.0,0.18233333333333332,0.1803283763714297,0.18433829029523693,0.178674026655613,0.18599264001105364,0.0,0.0,0.0,0.0,0.0,0.028166666666666666,0.026777580970900817,0.029555752362432516,0.02563140498323601,0.030701928350097323
akane-koharu,task_strong,freeze_T,bridge_share,1000,0.6998333333333333,0.6971582582286485,0.7025084084380181,0.6949509740707771,0.7047156925958895,0.0,0.0,0.0,0.0,0.0,0.6715833333333333,0.6688293216508937,0.6743373450157729,0.6665569045712403,0.6766097620954263,0.0,0.0,0.0,0.0,0.0,-0.028249999999999997,-0.029658870988382664,-0.02684112901161733,-0.030821372410378443,-0.025678627589621552
akane-koharu,task_strong,freeze_T,all_formed,1000,0.76,0.7335158679725151,0.7864841320274849,0.7116630216891102,0.8083369783108898,-0.043,-0.06422493296525054,-0.021775067034749452,-0.08173825743379805,-0.004261742566201945,0.757,0.7304035052096121,0.783596494790388,0.7084579450633117,0.8055420549366883,-0.042,-0.06350258074228715,-0.020497419257712847,-0.08124500066264005,-0.0027549993373599535,-0.003,-0.017002967853591205,0.011002967853591207,-0.02855723377019445,0.022557233770194453
akane-koharu,task_strong,freeze_T,questions,1000,12.642,12.583767258094523,12.700232741905475,12.5357176880274,12.748282311972599,,,,,,12.642,12.583767258094523,12.700232741905475,12.5357176880274,12.748282311972599,,,,,,0,0.0,0.0,0.0,0.0
akane-koharu,task_strong,freeze_T,question_positive_difference,1000,-2.41,-2.535684944783953,-2.284315055216047,-2.6393913368096236,-2.1806086631903767,,,,,,-2.267,-2.380019725871354,-2.153980274128646,-2.473275668482429,-2.0607243315175707,,,,,,0.143,0.0917680506496753,0.19423194935032467,0.04949504306951513,0.23650495693048484
akane-koharu,task_strong,freeze_T,other_positive_difference,1000,-0.624,-0.7247689214685458,-0.5232310785314542,-0.8079163604222306,-0.4400836395777694,,,,,,-0.671,-0.7690246979889039,-0.5729753020110961,-0.849907796400649,-0.4920922035993512,,,,,,-0.047,-0.09131950952486415,-0.002680490475135848,-0.1278888570873084,0.033888857087308405
akane-koharu,task_strong,freeze_T,immediate_positive_difference,1000,-2.48,-2.594370744630029,-2.365629255369971,-2.6887414530649814,-2.2712585469350186,,,,,,-2.307,-2.4090228567768266,-2.2049771432231733,-2.493204955107408,-2.120795044892592,,,,,,0.173,0.12556732547903066,0.22043267452096932,0.08642921273885051,0.25957078726114946
akane-koharu,task_strong,freeze_T,immediate_positive_losses,1000,3.248,3.1550549742513816,3.340945025748619,3.0783632647256995,3.417636735274301,,,,,,2.859,2.7732730855900303,2.9447269144099697,2.7025372547533806,3.0154627452466194,,,,,,-0.389,-0.42869128675974927,-0.34930871324025076,-0.4614417498465214,-0.3165582501534786
akane-koharu,task_strong,freeze_T,immediate_positive_gains,1000,0.768,0.7155946105209927,0.8204053894790073,0.6723533625345294,0.8636466374654707,,,,,,0.552,0.5089791037853567,0.5950208962146434,0.4734812807501422,0.6305187192498579,,,,,,-0.216,-0.24340774881479862,-0.18859225118520137,-0.2660226988234452,-0.16597730117655476
akane-koharu,task_strong,freeze_T,changed_topics,1000,11.004,10.922814829147397,11.085185170852602,10.855826526215937,11.152173473784062,,,,,,11.307,11.230729419544343,11.383270580455658,11.16779629155231,11.44620370844769,,,,,,0.303,0.2730546619843945,0.3329453380156055,0.2483458715327946,0.35765412846720535
akane-koharu,task_strong,freeze_T,task_progress,1000,1.0,1.0,1.0,1.0,1.0,,,,,,1.0,1.0,1.0,1.0,1.0,,,,,,0.0,0.0,0.0,0.0,0.0
akane-koharu,task_strong,freeze_R,bridge_count,1000,3.757,3.728721665080387,3.7852783349196133,3.705388368542383,3.8086116314576173,-0.039,-0.06738203774337682,-0.01061796225662318,-0.09080090257051729,0.012800902570517289,3.752,3.7236846332604783,3.7803153667395213,3.700320780664711,3.8036792193352884,-0.04,-0.0688470864108387,-0.011152913589161303,-0.09264967674704247,0.012649676747042475,-0.005,-0.021520608054502427,0.011520608054502425,-0.03515225389997542,0.02515225389997542
akane-koharu,task_strong,freeze_R,bridge_rate,1000,0.93925,0.9321804162700967,0.9463195837299033,0.9263470921355957,0.9521529078644043,-0.00975,-0.016845509435844206,-0.002654490564155795,-0.022700225642629322,0.0032002256426293223,0.938,0.9309211583151196,0.9450788416848803,0.9250801951661778,0.9509198048338221,-0.01,-0.017211771602709675,-0.002788228397290326,-0.023162419186760617,0.0031624191867606188,-0.00125,-0.005380152013625607,0.0028801520136256063,-0.008788063474993855,0.006288063474993855
akane-koharu,task_strong,freeze_R,unformed_turns,1000,16.2155,15.9258729719951,16.5051270280049,15.686893083360571,16.744106916639428,1.2905,1.018056960034532,1.562943039965468,0.7932560918327616,1.7877439081672384,16.71075,16.42339758277198,16.998102417228022,16.18629454324884,17.23520545675116,1.32125,1.0401698252417255,1.6023301747582746,0.8082421998269808,1.8342578001730194,0.49525,0.34478973642580973,0.6457102635741903,0.22064049082338105,0.7698595091766189
akane-koharu,task_strong,freeze_R,known_share,1000,0.15416666666666667,0.15228207224329993,0.15605126109003342,0.1507270372435629,0.15760629608977045,0.0,0.0,0.0,0.0,0.0,0.18233333333333332,0.1803283763714297,0.18433829029523693,0.178674026655613,0.18599264001105364,0.0,0.0,0.0,0.0,0.0,0.028166666666666666,0.026777580970900817,0.029555752362432516,0.02563140498323601,0.030701928350097323
akane-koharu,task_strong,freeze_R,bridge_share,1000,0.6998333333333333,0.6971582582286485,0.7025084084380181,0.6949509740707771,0.7047156925958895,0.0,0.0,0.0,0.0,0.0,0.6715833333333333,0.6688293216508937,0.6743373450157729,0.6665569045712403,0.6766097620954263,0.0,0.0,0.0,0.0,0.0,-0.028249999999999997,-0.029658870988382664,-0.02684112901161733,-0.030821372410378443,-0.025678627589621552
akane-koharu,task_strong,freeze_R,all_formed,1000,0.769,0.7428637974548046,0.7951362025451955,0.7212980381518619,0.8167019618481381,-0.034,-0.060516346411733035,-0.007483653588266973,-0.08239577374322962,0.014395773743229624,0.763,0.7366300218933473,0.7893699781066528,0.7148713674106026,0.8111286325893974,-0.036,-0.06336281436566805,-0.008637185634331943,-0.08594068762176485,0.013940687621764855,-0.006,-0.02216638036958967,0.010166380369589669,-0.03550574239999591,0.023505742399995908
akane-koharu,task_strong,freeze_R,questions,1000,12.642,12.583767258094523,12.700232741905475,12.5357176880274,12.748282311972599,,,,,,12.642,12.583767258094523,12.700232741905475,12.5357176880274,12.748282311972599,,,,,,0,0.0,0.0,0.0,0.0
akane-koharu,task_strong,freeze_R,question_positive_difference,1000,-2.474,-2.5889028291145983,-2.359097170885402,-2.6837125763082694,-2.264287423691731,,,,,,-2.298,-2.4011557136316495,-2.1948442863683506,-2.486272565900319,-2.109727434099681,,,,,,0.176,0.12808525047940225,0.22391474952059773,0.08854936329628323,0.26345063670371677
akane-koharu,task_strong,freeze_R,other_positive_difference,1000,-1.826,-1.9608339894949458,-1.6911660105050543,-2.072089530856597,-1.579910469143403,,,,,,-1.302,-1.4155473210062999,-1.1884526789937002,-1.5092385980799836,-1.0947614019200165,,,,,,0.524,0.44086218709675884,0.6071378129032412,0.37226270104120085,0.6757372989587992
akane-koharu,task_strong,freeze_R,immediate_positive_difference,1000,-1.191,-1.321733145551332,-1.0602668544486682,-1.429604958413253,-0.9523950415867471,,,,,,-1.282,-1.3953385116358064,-1.1686614883641937,-1.4888574938775812,-1.075142506122419,,,,,,-0.091,-0.146142241314415,-0.03585775868558499,-0.19164174727956357,0.009641747279563587
akane-koharu,task_strong,freeze_R,immediate_positive_losses,1000,2.504,2.4181192522317296,2.5898807477682704,2.347256488908536,2.660743511091464,,,,,,2.263,2.18378436337006,2.34221563662994,2.1184211817970473,2.4075788182029525,,,,,,-0.241,-0.273867289043806,-0.208132710956194,-0.3009870683320661,-0.1810129316679339
akane-koharu,task_strong,freeze_R,immediate_positive_gains,1000,1.313,1.240708371375593,1.3852916286244068,1.1810583950702838,1.4449416049297161,,,,,,0.981,0.9202210162369651,1.041778983763035,0.8700704661620453,1.0919295338379547,,,,,,-0.332,-0.36981063773498046,-0.29418936226501957,-0.40100932128793,-0.26299067871207005
akane-koharu,task_strong,freeze_R,changed_topics,1000,27.434,27.197202794554272,27.67079720544573,27.001814366284275,27.866185633715727,,,,,,23.162,22.95828669911231,23.365713300887688,22.79019678604422,23.53380321395578,,,,,,-4.272,-4.421112129260811,-4.12288787073919,-4.5441489890811,-3.9998510109189
akane-koharu,task_strong,freeze_R,task_progress,1000,1.0,1.0,1.0,1.0,1.0,,,,,,1.0,1.0,1.0,1.0,1.0,,,,,,0.0,0.0,0.0,0.0,0.0
akane-koharu,task_strong,freeze_TR,bridge_count,1000,3.835,3.8114866225539816,3.8585133774460183,3.792085034372868,3.877914965627132,0.039,0.02577551462576281,0.05222448537423719,0.014863597793433585,0.06313640220656641,3.832,3.808161700015602,3.8558382999843976,3.7884920085688094,3.8755079914311903,0.04,0.026357435741050747,0.053642564258949255,0.015100549566608723,0.06489945043339128,-0.003,-0.014926729328381377,0.008926729328381375,-0.02476782898784591,0.018767828987845913
akane-koharu,task_strong,freeze_TR,bridge_rate,1000,0.95875,0.9528716556384954,0.9646283443615046,0.948021258593217,0.969478741406783,0.00975,0.006443878656440702,0.013056121343559298,0.0037158994483583964,0.015784100551641603,0.958,0.9520404250039005,0.9639595749960994,0.9471230021422024,0.9688769978577976,0.01,0.006589358935262687,0.013410641064737314,0.0037751373916521808,0.01622486260834782,-0.00075,-0.0037316823320953443,0.002231682332095344,-0.006191957246961478,0.004691957246961478
akane-koharu,task_strong,freeze_TR,unformed_turns,1000,15.7665,15.47898399143773,16.05401600856227,15.241745967831408,16.291254032168595,0.8415,0.6148507682813846,1.0681492317186154,0.4278357354361081,1.2551642645638919,16.32575,16.032157720493732,16.619342279506267,15.789905984722795,16.861594015277202,0.93625,0.6981543243814616,1.1743456756185384,0.5016944896911768,1.3708055103088232,0.55925,0.40394915365338163,0.7145508463466184,0.27580579900716057,0.8426942009928395
akane-koharu,task_strong,freeze_TR,known_share,1000,0.15416666666666667,0.15228207224329993,0.15605126109003342,0.1507270372435629,0.15760629608977045,0.0,0.0,0.0,0.0,0.0,0.18233333333333332,0.1803283763714297,0.18433829029523693,0.178674026655613,0.18599264001105364,0.0,0.0,0.0,0.0,0.0,0.028166666666666666,0.026777580970900817,0.029555752362432516,0.02563140498323601,0.030701928350097323
akane-koharu,task_strong,freeze_TR,bridge_share,1000,0.6998333333333333,0.6971582582286485,0.7025084084380181,0.6949509740707771,0.7047156925958895,0.0,0.0,0.0,0.0,0.0,0.6715833333333333,0.6688293216508937,0.6743373450157729,0.6665569045712403,0.6766097620954263,0.0,0.0,0.0,0.0,0.0,-0.028249999999999997,-0.029658870988382664,-0.02684112901161733,-0.030821372410378443,-0.025678627589621552
akane-koharu,task_strong,freeze_TR,all_formed,1000,0.838,0.8151517551682433,0.8608482448317566,0.7962989877210863,0.8797010122789136,0.035,0.02232547896433623,0.047674521035663775,0.011867354090894951,0.05813264590910505,0.836,0.8130385986413644,0.8589614013586355,0.7940924623730096,0.8779075376269904,0.037,0.02375343361013424,0.05024656638986576,0.012823297074028739,0.06117670292597126,-0.002,-0.013765230735274777,0.009765230735274777,-0.023473073094614008,0.01947307309461401
akane-koharu,task_strong,freeze_TR,questions,1000,12.642,12.583767258094523,12.700232741905475,12.5357176880274,12.748282311972599,,,,,,12.642,12.583767258094523,12.700232741905475,12.5357176880274,12.748282311972599,,,,,,0,0.0,0.0,0.0,0.0
akane-koharu,task_strong,freeze_TR,question_positive_difference,1000,-2.474,-2.5889028291145983,-2.359097170885402,-2.6837125763082694,-2.264287423691731,,,,,,-2.298,-2.4011557136316495,-2.1948442863683506,-2.486272565900319,-2.109727434099681,,,,,,0.176,0.12808525047940225,0.22391474952059773,0.08854936329628323,0.26345063670371677
akane-koharu,task_strong,freeze_TR,other_positive_difference,1000,0,0.0,0.0,0.0,0.0,,,,,,0,0.0,0.0,0.0,0.0,,,,,,0,0.0,0.0,0.0,0.0
akane-koharu,task_strong,freeze_TR,immediate_positive_difference,1000,-2.474,-2.5889028291145983,-2.359097170885402,-2.6837125763082694,-2.264287423691731,,,,,,-2.298,-2.4011557136316495,-2.1948442863683506,-2.486272565900319,-2.109727434099681,,,,,,0.176,0.12808525047940225,0.22391474952059773,0.08854936329628323,0.26345063670371677
akane-koharu,task_strong,freeze_TR,immediate_positive_losses,1000,3.236,3.1435567806964992,3.328443219303501,3.067279126617218,3.4047208733827823,,,,,,2.843,2.7572006274269216,2.9287993725730783,2.686405009201402,2.999594990798598,,,,,,-0.393,-0.43205016308335775,-0.3539498369166423,-0.46427161592602245,-0.3217283840739776
akane-koharu,task_strong,freeze_TR,immediate_positive_gains,1000,0.762,0.7097717528592103,0.8142282471407897,0.6666766702929818,0.8573233297070182,,,,,,0.545,0.5023075533026625,0.5876924466973376,0.46708074374850495,0.6229192562514951,,,,,,-0.217,-0.24458724258699216,-0.18941275741300784,-0.26735029825409506,-0.16664970174590493
akane-koharu,task_strong,freeze_TR,changed_topics,1000,11.004,10.922814829147397,11.085185170852602,10.855826526215937,11.152173473784062,,,,,,11.307,11.230729419544343,11.383270580455658,11.16779629155231,11.44620370844769,,,,,,0.303,0.2730546619843945,0.3329453380156055,0.2483458715327946,0.35765412846720535
akane-koharu,task_strong,freeze_TR,task_progress,1000,1.0,1.0,1.0,1.0,1.0,,,,,,1.0,1.0,1.0,1.0,1.0,,,,,,0.0,0.0,0.0,0.0,0.0
akane-midori,task_weak,original,bridge_count,1000,3.447,3.4128546569785856,3.4811453430214145,3.3846803172808855,3.5093196827191147,-0.134,-0.16282334844905805,-0.10517665155094198,-0.18660635188585595,-0.08139364811414407,3.366,3.3304827463659463,3.401517253634054,3.3011764023533052,3.430823597646695,-0.136,-0.16609348408184377,-0.10590651591815625,-0.19092451426588553,-0.08107548573411448,-0.081,-0.10104032127678789,-0.06095967872321212,-0.1175761873522631,-0.04442381264773689
akane-midori,task_weak,original,bridge_rate,1000,0.86175,0.8532136642446464,0.8702863357553536,0.8461700793202214,0.8773299206797787,-0.0335,-0.04070583711226451,-0.026294162887735496,-0.04665158797146399,-0.020348412028536017,0.8415,0.8326206865914866,0.8503793134085135,0.8252941005883263,0.8577058994116737,-0.034,-0.04152337102046094,-0.026476628979539063,-0.04773112856647138,-0.02026887143352862,-0.02025,-0.02526008031919697,-0.01523991968080303,-0.029394046838065777,-0.011105953161934223
akane-midori,task_weak,original,unformed_turns,1000,16.16575,15.847437222047704,16.484062777952296,15.58478786659908,16.74671213340092,0.68725,0.5352170727412286,0.8392829272587714,0.4097701754838778,0.9647298245161222,17.794,17.481561461880098,18.106438538119903,17.223759116707512,18.36424088329249,0.71575,0.5512172370219439,0.8802827629780561,0.41545635294947425,1.0160436470505259,1.62825,1.4392315008627037,1.8172684991372963,1.2832667064688166,1.9732332935311834
akane-midori,task_weak,original,known_share,1000,0.13425,0.13174460674281444,0.13675539325718558,0.12967733213204236,0.13882266786795766,0.0,0.0,0.0,0.0,0.0,0.190875,0.18846090679345248,0.1932890932065475,0.18646896657423948,0.1952810334257605,0.0,0.0,0.0,0.0,0.0,0.056625,0.054642655072684045,0.05860734492731596,0.053006963220205504,0.0602430367797945
akane-midori,task_weak,original,bridge_share,1000,0.7257916666666666,0.722224088130203,0.7293592452031302,0.7192803728035913,0.732302960529742,0.0,0.0,0.0,0.0,0.0,0.6681666666666667,0.6647023213253072,0.6716310120080262,0.6618437867832351,0.6744895465500983,0.0,0.0,0.0,0.0,0.0,-0.057625,-0.05971583647932936,-0.05553416352067064,-0.06144104794327702,-0.05380895205672299
akane-midori,task_weak,original,all_formed,1000,0.475,0.4440329536772078,0.5059670463227922,0.41848112126522735,0.5315188787347727,-0.117,-0.1436946313130738,-0.0903053686869262,-0.16572116682767452,-0.0682788331723255,0.414,0.383456253555812,0.444543746444188,0.3582536984835353,0.4697463015164647,-0.117,-0.14440543368376782,-0.0895945663162322,-0.16701847340883447,-0.06698152659116556,-0.061,-0.078460328446781,-0.04353967155321901,-0.09286736558166958,-0.029132634418330416
akane-midori,task_weak,original,questions,1000,6,6.0,6.0,6.0,6.0,,,,,,6,6.0,6.0,6.0,6.0,,,,,,0,0.0,0.0,0.0,0.0
akane-midori,task_weak,original,question_positive_difference,1000,-1.149,-1.2342248409321597,-1.0637751590678404,-1.3045463959857797,-0.9934536040142203,,,,,,-1.06,-1.1366138886098855,-0.9833861113901147,-1.1998302903869282,-0.9201697096130719,,,,,,0.089,0.051531461493971,0.126468538506029,0.020615054205774586,0.1573849457942254
akane-midori,task_weak,original,other_positive_difference,1000,-0.767,-0.8649845188973418,-0.6690154811026582,-0.9458344643437263,-0.5881655356562737,,,,,,-0.577,-0.6610268460937602,-0.49297315390623975,-0.7303598999186185,-0.4236401000813814,,,,,,0.19,0.12555858058254352,0.25444141941745646,0.07238604574724442,0.3076139542527556
akane-midori,task_weak,original,immediate_positive_difference,1000,-1.149,-1.2342248409321597,-1.0637751590678404,-1.3045463959857797,-0.9934536040142203,,,,,,-1.06,-1.1366138886098855,-0.9833861113901147,-1.1998302903869282,-0.9201697096130719,,,,,,0.089,0.051531461493971,0.126468538506029,0.020615054205774586,0.1573849457942254
akane-midori,task_weak,original,immediate_positive_losses,1000,1.489,1.4195613703354562,1.558438629664544,1.362265488461178,1.6157345115388222,,,,,,1.325,1.2603954308864276,1.3896045691135723,1.2070882763767248,1.4429117236232751,,,,,,-0.164,-0.19342150831537283,-0.13457849168462718,-0.21769807127671598,-0.11030192872328404
akane-midori,task_weak,original,immediate_positive_gains,1000,0.34,0.30489899259678266,0.3751010074032174,0.27593610574894767,0.4040638942510524,,,,,,0.265,0.23431989392278918,0.29568010607721085,0.2090048244552279,0.32099517554477214,,,,,,-0.075,-0.096245214970886,-0.05375478502911399,-0.11377527472647297,-0.03622472527352701
akane-midori,task_weak,original,changed_topics,1000,10.437,10.280809010776181,10.593190989223817,10.151931172725124,10.722068827274875,,,,,,9.235,9.100336510161457,9.369663489838542,8.989221653145393,9.480778346854606,,,,,,-1.202,-1.296396243592658,-1.107603756407342,-1.3742853961924268,-1.029714603807573
akane-midori,task_weak,original,task_progress,1000,0.48375,0.4815395130306807,0.4859604869693193,0.47971557438312096,0.48778442561687907,,,,,,0.48375,0.4815395130306807,0.4859604869693193,0.47971557438312096,0.48778442561687907,,,,,,0.0,0.0,0.0,0.0,0.0
akane-midori,task_weak,rotated,bridge_count,1000,3.482,3.4492055065536853,3.514794493446315,3.422145793081455,3.5418542069185452,-0.099,-0.12450775419208684,-0.07349224580791316,-0.14555496203775348,-0.05244503796224652,3.408,3.373499220278356,3.442500779721644,3.345031599171035,3.4709684008289647,-0.094,-0.12024815017839902,-0.06775184982160098,-0.14190628080835543,-0.04609371919164455,-0.074,-0.09326597457114942,-0.05473402542885057,-0.10916290411244572,-0.03883709588755427
akane-midori,task_weak,rotated,bridge_rate,1000,0.8705,0.8623013766384213,0.8786986233615788,0.8555364482703638,0.8854635517296363,-0.02475,-0.03112693854802171,-0.01837306145197829,-0.03638874050943837,-0.01311125949056163,0.852,0.843374805069589,0.860625194930411,0.8362578997927588,0.8677421002072412,-0.0235,-0.030062037544599754,-0.016937962455400246,-0.03547657020208886,-0.011523429797911138,-0.0185,-0.023316493642787355,-0.013683506357212643,-0.02729072602811143,-0.009709273971888567
akane-midori,task_weak,rotated,unformed_turns,1000,15.982,15.67056161670695,16.293438383293047,15.413584529076056,16.55041547092394,0.5035,0.3628758338815959,0.6441241661184041,0.24684264530179567,0.7601573546982042,17.6105,17.304106315676393,17.916893684323604,17.051291759443956,18.16970824055604,0.53225,0.38190981053467954,0.6825901894653205,0.25785964165642006,0.8066403583435799,1.6285,1.440730460030013,1.816269539969987,1.28579621905087,1.97120378094913
akane-midori,task_weak,rotated,known_share,1000,0.13425,0.13174460674281444,0.13675539325718558,0.12967733213204236,0.13882266786795766,0.0,0.0,0.0,0.0,0.0,0.190875,0.18846090679345248,0.1932890932065475,0.18646896657423948,0.1952810334257605,0.0,0.0,0.0,0.0,0.0,0.056625,0.054642655072684045,0.05860734492731596,0.053006963220205504,0.0602430367797945
akane-midori,task_weak,rotated,bridge_share,1000,0.7257916666666666,0.722224088130203,0.7293592452031302,0.7192803728035913,0.732302960529742,0.0,0.0,0.0,0.0,0.0,0.6681666666666667,0.6647023213253072,0.6716310120080262,0.6618437867832351,0.6744895465500983,0.0,0.0,0.0,0.0,0.0,-0.057625,-0.05971583647932936,-0.05553416352067064,-0.06144104794327702,-0.05380895205672299
akane-midori,task_weak,rotated,all_formed,1000,0.497,0.4659947302486762,0.5280052697513238,0.4404113585471598,0.5535886414528403,-0.095,-0.11917460592381128,-0.07082539407618872,-0.13912179341958014,-0.05087820658041987,0.442,0.41120348586474625,0.47279651413525375,0.3857923646407626,0.4982076353592374,-0.089,-0.113262253467956,-0.06473774653204399,-0.13328176156337013,-0.04471823843662985,-0.055,-0.07140381190592739,-0.038596188094072614,-0.08493908576991896,-0.025060914230081034
akane-midori,task_weak,rotated,questions,1000,6,6.0,6.0,6.0,6.0,,,,,,6,6.0,6.0,6.0,6.0,,,,,,0,0.0,0.0,0.0,0.0
akane-midori,task_weak,rotated,question_positive_difference,1000,-1.106,-1.1902255265446393,-1.0217744734553609,-1.2597225175280977,-0.9522774824719025,,,,,,-1.005,-1.0813266251953648,-0.928673374804635,-1.1443059973716698,-0.86569400262833,,,,,,0.101,0.06364864444009881,0.1383513555599012,0.03282892829156708,0.16917107170843293
akane-midori,task_weak,rotated,other_positive_difference,1000,-0.724,-0.8201845358846387,-0.6278154641153613,-0.8995492617267513,-0.5484507382732486,,,,,,-0.518,-0.5978404823646766,-0.43815951763532346,-0.6637192427672265,-0.37228075723277354,,,,,,0.206,0.14614786101615965,0.2658521389838403,0.09676207817874262,0.31523792182125737
akane-midori,task_weak,rotated,immediate_positive_difference,1000,-1.106,-1.1902255265446393,-1.0217744734553609,-1.2597225175280977,-0.9522774824719025,,,,,,-1.005,-1.0813266251953648,-0.928673374804635,-1.1443059973716698,-0.86569400262833,,,,,,0.101,0.06364864444009881,0.1383513555599012,0.03282892829156708,0.16917107170843293
akane-midori,task_weak,rotated,immediate_positive_losses,1000,1.467,1.3996691902949658,1.5343308097050343,1.3441125334600605,1.5898874665399396,,,,,,1.292,1.2296563543915842,1.354343645608416,1.1782147552176367,1.4057852447823633,,,,,,-0.175,-0.20437382885872765,-0.14562617114127233,-0.22861105008004845,-0.12138894991995153
akane-midori,task_weak,rotated,immediate_positive_gains,1000,0.361,0.32406900021465507,0.3979309997853449,0.29359613213787394,0.42840386786212603,,,,,,0.287,0.2552205540831376,0.31877944591686236,0.22899838656515886,0.3450016134348411,,,,,,-0.074,-0.09480156011705139,-0.0531984398829486,-0.11196554703650868,-0.03603445296349131
akane-midori,task_weak,rotated,changed_topics,1000,10.264,10.106799486489871,10.421200513510128,9.977088659877014,10.550911340122985,,,,,,9.056,8.91548011036945,9.19651988963055,8.799532963426117,9.312467036573882,,,,,,-1.208,-1.3061418648857013,-1.1098581351142986,-1.3871216411943303,-1.0288783588056696
akane-midori,task_weak,rotated,task_progress,1000,0.48375,0.4815395130306807,0.4859604869693193,0.47971557438312096,0.48778442561687907,,,,,,0.48375,0.4815395130306807,0.4859604869693193,0.47971557438312096,0.48778442561687907,,,,,,0.0,0.0,0.0,0.0,0.0
akane-midori,task_weak,outside,bridge_count,1000,3.312,3.2763416263802005,3.347658373619799,3.246918840063435,3.377081159936565,-0.269,-0.29839110442667,-0.23960889557333004,-0.32264258023372955,-0.21535741976627049,3.206,3.169336267351895,3.2426637326481047,3.13908392935179,3.27291607064821,-0.296,-0.3264036767177583,-0.2655963232822417,-0.3514906560861588,-0.24050934391384116,-0.106,-0.12859505961751636,-0.08340494038248362,-0.14723891640215747,-0.06476108359784252
akane-midori,task_weak,outside,bridge_rate,1000,0.828,0.8190854065950501,0.8369145934049498,0.8117297100158587,0.8442702899841412,-0.06725,-0.0745977761066675,-0.05990222389333251,-0.08066064505843239,-0.05383935494156762,0.8015,0.7923340668379738,0.8106659331620262,0.7847709823379475,0.8182290176620525,-0.074,-0.08160091917943957,-0.06639908082056042,-0.0878726640215397,-0.06012733597846029,-0.0265,-0.03214876490437909,-0.020851235095620906,-0.03680972910053937,-0.01619027089946063
akane-midori,task_weak,outside,unformed_turns,1000,16.92525,16.587096796986025,17.263403203013972,16.308076515783814,17.542423484216183,1.44675,1.2977948025278945,1.5957051974721055,1.174887431801376,1.718612568198624,18.734,18.40425484140018,19.063745158599822,18.132172288115044,19.33582771188496,1.65575,1.4966770553210609,1.8148229446789392,1.3654212299721358,1.9460787700278643,1.80875,1.6023889342270037,2.0151110657729965,1.4321142714766095,2.1853857285233906
akane-midori,task_weak,outside,known_share,1000,0.13425,0.13174460674281444,0.13675539325718558,0.12967733213204236,0.13882266786795766,0.0,0.0,0.0,0.0,0.0,0.190875,0.18846090679345248,0.1932890932065475,0.18646896657423948,0.1952810334257605,0.0,0.0,0.0,0.0,0.0,0.056625,0.054642655072684045,0.05860734492731596,0.053006963220205504,0.0602430367797945
akane-midori,task_weak,outside,bridge_share,1000,0.7257916666666666,0.722224088130203,0.7293592452031302,0.7192803728035913,0.732302960529742,0.0,0.0,0.0,0.0,0.0,0.6681666666666667,0.6647023213253072,0.6716310120080262,0.6618437867832351,0.6744895465500983,0.0,0.0,0.0,0.0,0.0,-0.057625,-0.05971583647932936,-0.05553416352067064,-0.06144104794327702,-0.05380895205672299
akane-midori,task_weak,outside,all_formed,1000,0.37,0.34006050545962185,0.39993949454037814,0.31535653663350594,0.42464346336649406,-0.222,-0.24777149501979961,-0.1962285049802004,-0.26903632327910426,-0.17496367672089574,0.299,0.27060983409840794,0.32739016590159203,0.24718426248579078,0.3508157375142092,-0.232,-0.258175677406472,-0.20582432259352804,-0.27977400859338797,-0.18422599140661206,-0.071,-0.08918105181349652,-0.05281894818650347,-0.10418277926820935,-0.03781722073179064
akane-midori,task_weak,outside,questions,1000,6,6.0,6.0,6.0,6.0,,,,,,6,6.0,6.0,6.0,6.0,,,,,,0,0.0,0.0,0.0,0.0
akane-midori,task_weak,outside,question_positive_difference,1000,-2.218,-2.288006627754303,-2.147993372245697,-2.3457711817727875,-2.0902288182272124,,,,,,-1.985,-2.050179383182046,-1.919820616817954,-2.103960833903037,-1.8660391660969629,,,,,,0.233,0.19821201383262346,0.26778798616737653,0.16950741013120885,0.2964925898687912
akane-midori,task_weak,outside,other_positive_difference,1000,-2.193,-2.2895820538958183,-2.096417946104182,-2.3692747836907952,-2.016725216309205,,,,,,-1.661,-1.7443838662785287,-1.5776161337214714,-1.8131863783038293,-1.5088136216961707,,,,,,0.532,0.4663444438478079,0.5976555561521921,0.412170088624222,0.6518299113757781
akane-midori,task_weak,outside,immediate_positive_difference,1000,-2.218,-2.288006627754303,-2.147993372245697,-2.3457711817727875,-2.0902288182272124,,,,,,-1.985,-2.050179383182046,-1.919820616817954,-2.103960833903037,-1.8660391660969629,,,,,,0.233,0.19821201383262346,0.26778798616737653,0.16950741013120885,0.2964925898687912
akane-midori,task_weak,outside,immediate_positive_losses,1000,2.218,2.147993372245697,2.288006627754303,2.0902288182272124,2.3457711817727875,,,,,,1.985,1.919820616817954,2.050179383182046,1.8660391660969629,2.103960833903037,,,,,,-0.233,-0.26778798616737653,-0.19821201383262346,-0.2964925898687912,-0.16950741013120885
akane-midori,task_weak,outside,immediate_positive_gains,1000,0,0.0,0.0,0.0,0.0,,,,,,0,0.0,0.0,0.0,0.0,,,,,,0,0.0,0.0,0.0,0.0
akane-midori,task_weak,outside,changed_topics,1000,11.992,11.870356964993611,12.11364303500639,11.769985673131648,12.214014326868353,,,,,,10.37,10.261150553690145,10.478849446309853,10.171335632975566,10.568664367024432,,,,,,-1.622,-1.6981283939010798,-1.5458716060989204,-1.7609441995312705,-1.4830558004687298
akane-midori,task_weak,outside,task_progress,1000,0.48375,0.4815395130306807,0.4859604869693193,0.47971557438312096,0.48778442561687907,,,,,,0.48375,0.4815395130306807,0.4859604869693193,0.47971557438312096,0.48778442561687907,,,,,,0.0,0.0,0.0,0.0,0.0
akane-midori,task_medium,original,bridge_count,1000,3.409,3.3758531022985974,3.4421468977014023,3.3485026095775687,3.469497390422431,-0.236,-0.2704320521115517,-0.20156794788844828,-0.29884296402042815,-0.17315703597957183,3.361,3.327109679845121,3.3948903201548792,3.2991457671115882,3.422854232888412,-0.256,-0.2914316172634259,-0.2205683827365741,-0.3206673001556024,-0.19133269984439763,-0.048,-0.06236958728143013,-0.03363041271856987,-0.07422636180933163,-0.02177363819066837
akane-midori,task_medium,original,bridge_rate,1000,0.85225,0.8439632755746493,0.8605367244253506,0.8371256523943922,0.8673743476056077,-0.059,-0.06760801302788792,-0.05039198697211207,-0.07471074100510704,-0.04328925899489296,0.84025,0.8317774199612803,0.8487225800387198,0.8247864417778971,0.855713558222103,-0.064,-0.07285790431585648,-0.05514209568414352,-0.0801668250389006,-0.04783317496109941,-0.012,-0.015592396820357533,-0.008407603179642467,-0.01855659045233291,-0.005443409547667093
akane-midori,task_medium,original,unformed_turns,1000,17.14025,16.852752116841323,17.42774788315868,16.615529049045453,17.66497095095455,1.6225,1.366263563282851,1.878736436717149,1.1548352462069438,2.090164753793056,18.4155,18.11642723003032,18.71457276996968,17.869653378317267,18.961346621682736,1.66675,1.4063951365808465,1.9271048634191534,1.19156858294748,2.1419314170525197,1.27525,1.1234806698655178,1.4270193301344822,0.9982512744478291,1.5522487255521709
akane-midori,task_medium,original,known_share,1000,0.13779166666666667,0.13542320366698318,0.14016012966635016,0.13346891429075208,0.14211441904258126,0.0,0.0,0.0,0.0,0.0,0.1873125,0.18494336235655454,0.18968163764344545,0.1829885163116582,0.1916364836883418,0.0,0.0,0.0,0.0,0.0,0.04952083333333333,0.04772286334506389,0.051318803321602775,0.04623930474721927,0.0528023619194474
akane-midori,task_medium,original,bridge_share,1000,0.718,0.7147101418825275,0.7212898581174725,0.7119955819467618,0.7240044180532381,0.0,0.0,0.0,0.0,0.0,0.668,0.6647399043399616,0.6712600956600385,0.6620499022944318,0.6739500977055682,0.0,0.0,0.0,0.0,0.0,-0.05,-0.051849732896817095,-0.04815026710318291,-0.05337600261249257,-0.046623997387507436
akane-midori,task_medium,original,all_formed,1000,0.431,0.40029082880318007,0.4617091711968199,0.3749517768395956,0.4870482231604044,-0.218,-0.25036960909855405,-0.18563039090144595,-0.27707873783837866,-0.1589212621616213,0.395,0.3646855591289345,0.4253144408710655,0.33967221091592636,0.45032778908407367,-0.227,-0.25966495971516257,-0.19433504028483745,-0.28661779104708107,-0.16738220895291891,-0.036,-0.04881467527104383,-0.023185324728956166,-0.059388445579213724,-0.012611554420786271
akane-midori,task_medium,original,questions,1000,12,12.0,12.0,12.0,12.0,,,,,,12,12.0,12.0,12.0,12.0,,,,,,0,0.0,0.0,0.0,0.0
akane-midori,task_medium,original,question_positive_difference,1000,-2.44,-2.5587713436485084,-2.3212286563514914,-2.656773117425,-2.2232268825749997,,,,,,-2.147,-2.2536418574076396,-2.04035814259236,-2.341635230756158,-1.9523647692438415,,,,,,0.293,0.2446805831197473,0.3413194168802527,0.20481079284336196,0.381189207156638
akane-midori,task_medium,original,other_positive_difference,1000,-1.592,-1.7393678784172089,-1.4446321215827913,-1.8609655049061822,-1.323034495093818,,,,,,-1.1,-1.2224632076880124,-0.9775367923119878,-1.3235112484620701,-0.8764887515379299,,,,,,0.492,0.40377905309353634,0.5802209469064636,0.3309853217481916,0.6530146782518084
akane-midori,task_medium,original,immediate_positive_difference,1000,-1.693,-1.8148138598766907,-1.5711861401233094,-1.915326104427918,-1.4706738955720822,,,,,,-1.564,-1.675894598652516,-1.4521054013474841,-1.768222165278415,-1.3597778347215852,,,,,,0.129,0.08143423040844563,0.17656576959155437,0.04218629696069784,0.21581370303930217
akane-midori,task_medium,original,immediate_positive_losses,1000,2.623,2.5333321107421174,2.712667889257883,2.4593444641590105,2.78665553584099,,,,,,2.345,2.260337055483676,2.4296629445163243,2.190479137901343,2.4995208620986573,,,,,,-0.278,-0.3143028329649531,-0.24169716703504698,-0.34425738188548954,-0.2117426181145105
akane-midori,task_medium,original,immediate_positive_gains,1000,0.93,0.8711346375965383,0.9888653624034618,0.8225630735111158,1.0374369264888843,,,,,,0.781,0.7284164926269876,0.8335835073730125,0.6850282742601479,0.8769717257398522,,,,,,-0.149,-0.17678779588236532,-0.12121220411763466,-0.1997163340478515,-0.09828366595214849
akane-midori,task_medium,original,changed_topics,1000,19.899,19.68866437078965,20.109335629210353,19.51511017734706,20.28288982265294,,,,,,17.615,17.433624917476074,17.796375082523923,17.283966933823,17.946033066176998,,,,,,-2.284,-2.415566229645693,-2.152433770354307,-2.5241254450109816,-2.043874554989018
akane-midori,task_medium,original,task_progress,1000,0.9515,0.9476353944547387,0.9553646055452614,0.944446593294899,0.958553406705101,,,,,,0.9515,0.9476353944547387,0.9553646055452614,0.944446593294899,0.958553406705101,,,,,,0.0,0.0,0.0,0.0,0.0
akane-midori,task_medium,rotated,bridge_count,1000,3.425,3.3919311544116133,3.4580688455883863,3.364645064814163,3.485354935185837,-0.22,-0.25348629409014817,-0.18651370590985183,-0.28111683288196043,-0.1588831671180396,3.369,3.3354426401694237,3.4025573598305767,3.307753462918175,3.4302465370818256,-0.248,-0.2834333537243676,-0.21256664627563238,-0.31267046942219523,-0.18332953057780474,-0.056,-0.07203501993339155,-0.03996498006660845,-0.08526599255473657,-0.026734007445263434
akane-midori,task_medium,rotated,bridge_rate,1000,0.85625,0.8479827886029033,0.8645172113970966,0.8411612662035407,0.8713387337964592,-0.055,-0.06337157352253704,-0.04662842647746296,-0.07027920822049011,-0.0397207917795099,0.84225,0.8338606600423559,0.8506393399576442,0.8269383657295437,0.8575616342704564,-0.062,-0.0708583384310919,-0.053141661568908094,-0.07816761735554881,-0.045832382644451185,-0.014,-0.018008754983347888,-0.009991245016652113,-0.021316498138684144,-0.006683501861315859
akane-midori,task_medium,rotated,unformed_turns,1000,17.07125,16.761645601030345,17.380854398969653,16.506181788498054,17.636318211501944,1.5535,1.283819602682922,1.8231803973170781,1.0612982732279224,2.045701726772078,18.445,18.126983273398398,18.763016726601602,17.86457819873844,19.02542180126156,1.69625,1.4173436701716537,1.9751563298283463,1.187209748966221,2.2052902510337793,1.37375,1.2100551032661166,1.5374448967338834,1.0749855675912825,1.6725144324087176
akane-midori,task_medium,rotated,known_share,1000,0.13779166666666667,0.13542320366698318,0.14016012966635016,0.13346891429075208,0.14211441904258126,0.0,0.0,0.0,0.0,0.0,0.1873125,0.18494336235655454,0.18968163764344545,0.1829885163116582,0.1916364836883418,0.0,0.0,0.0,0.0,0.0,0.04952083333333333,0.04772286334506389,0.051318803321602775,0.04623930474721927,0.0528023619194474
akane-midori,task_medium,rotated,bridge_share,1000,0.718,0.7147101418825275,0.7212898581174725,0.7119955819467618,0.7240044180532381,0.0,0.0,0.0,0.0,0.0,0.668,0.6647399043399616,0.6712600956600385,0.6620499022944318,0.6739500977055682,0.0,0.0,0.0,0.0,0.0,-0.05,-0.051849732896817095,-0.04815026710318291,-0.05337600261249257,-0.046623997387507436
akane-midori,task_medium,rotated,all_formed,1000,0.445,0.41418232830194845,0.47581767169805156,0.3887537493426283,0.5012462506573717,-0.204,-0.23552144628623464,-0.17247855371376533,-0.2615307306233172,-0.14646926937668275,0.399,0.3686333411062005,0.42936665889379955,0.34357690624708875,0.4544230937529113,-0.223,-0.2552979539821245,-0.1907020460178755,-0.2819479579508172,-0.16405204204918286,-0.046,-0.060394720642735045,-0.031605279357264954,-0.07227223345575803,-0.019727766544241958
akane-midori,task_medium,rotated,questions,1000,12,12.0,12.0,12.0,12.0,,,,,,12,12.0,12.0,12.0,12.0,,,,,,0,0.0,0.0,0.0,0.0
akane-midori,task_medium,rotated,question_positive_difference,1000,-2.42,-2.535940239343806,-2.3040597606561937,-2.6316059846214697,-2.20839401537853,,,,,,-2.174,-2.2795970191286137,-2.068402980871386,-2.3667282652879584,-1.9812717347120414,,,,,,0.246,0.19822751477320083,0.29377248522679916,0.158809014096869,0.333190985903131
akane-midori,task_medium,rotated,other_positive_difference,1000,-1.388,-1.5333701353299425,-1.2426298646700573,-1.65331936448596,-1.1226806355140397,,,,,,-1.003,-1.1274719449944068,-0.8785280550055928,-1.2301774547591355,-0.7758225452408642,,,,,,0.385,0.29537706593560825,0.47462293406439177,0.22142651322184123,0.5485734867781588
akane-midori,task_medium,rotated,immediate_positive_difference,1000,-1.708,-1.830913546680411,-1.585086453319589,-1.9323331755724444,-1.4836668244275555,,,,,,-1.602,-1.7152217362309692,-1.488778263769031,-1.8086443636075387,-1.3953556363924615,,,,,,0.106,0.05737859089018682,0.15462140910981317,0.017259617829010976,0.19474038217098902
akane-midori,task_medium,rotated,immediate_positive_losses,1000,2.684,2.595818117309536,2.7721818826904645,2.523056619012513,2.844943380987487,,,,,,2.408,2.326164911686494,2.4898350883135056,2.2586403424973662,2.5573596575026336,,,,,,-0.276,-0.31267736505676913,-0.23932263494323092,-0.34294095156336524,-0.20905904843663478
akane-midori,task_medium,rotated,immediate_positive_gains,1000,0.976,0.9134504317609874,1.0385495682390125,0.8618389196902142,1.0901610803097856,,,,,,0.806,0.7490179352945324,0.8629820647054677,0.7020003362421133,0.9099996637578868,,,,,,-0.17,-0.19929025228431602,-0.140709747715684,-0.2234585119843902,-0.11654148801560982
akane-midori,task_medium,rotated,changed_topics,1000,19.896,19.677483173055123,20.11451682694488,19.49717842964846,20.29482157035154,,,,,,17.648,17.452943068823483,17.843056931176516,17.291995784272512,18.004004215727488,,,,,,-2.248,-2.3783793549984424,-2.117620645001558,-2.485959244735951,-2.0100407552640496
akane-midori,task_medium,rotated,task_progress,1000,0.9515,0.9476353944547387,0.9553646055452614,0.944446593294899,0.958553406705101,,,,,,0.9515,0.9476353944547387,0.9553646055452614,0.944446593294899,0.958553406705101,,,,,,0.0,0.0,0.0,0.0,0.0
akane-midori,task_medium,outside,bridge_count,1000,3.021,2.9871164885711834,3.0548835114288164,2.9591581939203526,3.082841806079647,-0.624,-0.6626578891145234,-0.5853421108854766,-0.6945556650198801,-0.5534443349801199,2.911,2.8756436206610467,2.9463563793389533,2.8464700188216487,2.9755299811783513,-0.706,-0.7467376462037046,-0.6652623537962953,-0.780351491638149,-0.6316485083618509,-0.11,-0.13018000675601157,-0.08981999324398843,-0.1468311314815468,-0.07316886851845318
akane-midori,task_medium,outside,bridge_rate,1000,0.75525,0.7467791221427958,0.7637208778572041,0.7397895484800882,0.7707104515199118,-0.156,-0.16566447227863085,-0.14633552772136915,-0.17363891625497002,-0.13836108374502998,0.72775,0.7189109051652617,0.7365890948347383,0.7116175047054122,0.7438824952945878,-0.1765,-0.18668441155092616,-0.16631558844907382,-0.19508787290953725,-0.15791212709046273,-0.0275,-0.03254500168900289,-0.022454998310997107,-0.0367077828703867,-0.018292217129613295
akane-midori,task_medium,outside,unformed_turns,1000,20.19675,19.892775992558082,20.50072400744192,19.64195798380155,20.751542016198453,4.679,4.412507054156054,4.945492945843947,4.1926157858639375,5.165384214136063,21.78775,21.474540413261142,22.100959586738856,21.21610185290395,22.359398147096048,5.039,4.76417060323953,5.313829396760469,4.5374006809579654,5.540599319042034,1.591,1.4082078878434119,1.773792112156588,1.2573806708279038,1.924619329172096
akane-midori,task_medium,outside,known_share,1000,0.13779166666666667,0.13542320366698318,0.14016012966635016,0.13346891429075208,0.14211441904258126,0.0,0.0,0.0,0.0,0.0,0.1873125,0.18494336235655454,0.18968163764344545,0.1829885163116582,0.1916364836883418,0.0,0.0,0.0,0.0,0.0,0.04952083333333333,0.04772286334506389,0.051318803321602775,0.04623930474721927,0.0528023619194474
akane-midori,task_medium,outside,bridge_share,1000,0.718,0.7147101418825275,0.7212898581174725,0.7119955819467618,0.7240044180532381,0.0,0.0,0.0,0.0,0.0,0.668,0.6647399043399616,0.6712600956600385,0.6620499022944318,0.6739500977055682,0.0,0.0,0.0,0.0,0.0,-0.05,-0.051849732896817095,-0.04815026710318291,-0.05337600261249257,-0.046623997387507436
akane-midori,task_medium,outside,all_formed,1000,0.16,0.13726615149456944,0.18273384850543056,0.11850777586406672,0.2014922241359333,-0.489,-0.5199983235427734,-0.45800167645722656,-0.5455759637206914,-0.43242403627930864,0.122,0.10170446516264392,0.14229553483735607,0.08495801477567419,0.1590419852243258,-0.5,-0.5310058278612483,-0.4689941721387517,-0.5565896600758893,-0.4434103399241107,-0.038,-0.04985639505514655,-0.026143604944853443,-0.059639459810546254,-0.016360540189453744
akane-midori,task_medium,outside,questions,1000,12,12.0,12.0,12.0,12.0,,,,,,12,12.0,12.0,12.0,12.0,,,,,,0,0.0,0.0,0.0,0.0
akane-midori,task_medium,outside,question_positive_difference,1000,-4.79,-4.8764145271960135,-4.7035854728039865,-4.94771772782603,-4.6322822721739705,,,,,,-4.248,-4.326744938878629,-4.169255061121372,-4.391719733715211,-4.104280266284789,,,,,,0.542,0.49667478193110387,0.5873252180688963,0.45927559428948195,0.6247244057105181
akane-midori,task_medium,outside,other_positive_difference,1000,-4.419,-4.559061791248604,-4.278938208751395,-4.6746309475705,-4.163369052429499,,,,,,-3.364,-3.487050627073669,-3.240949372926331,-3.5885833650817283,-3.1394166349182715,,,,,,1.055,0.9623973693289051,1.147602630671095,0.8859881801814466,1.2240118198185532
akane-midori,task_medium,outside,immediate_positive_difference,1000,-3.356,-3.434568156001891,-3.2774318439981087,-3.4993970820206144,-3.2126029179793854,,,,,,-3.107,-3.1821736536281153,-3.031826346371885,-3.244201674617902,-2.9697983253820985,,,,,,0.249,0.21022416572498118,0.2877758342750188,0.17822906975417918,0.3197709302458208
akane-midori,task_medium,outside,immediate_positive_losses,1000,3.356,3.2774318439981087,3.434568156001891,3.2126029179793854,3.4993970820206144,,,,,,3.107,3.031826346371885,3.1821736536281153,2.9697983253820985,3.244201674617902,,,,,,-0.249,-0.2877758342750188,-0.21022416572498118,-0.3197709302458208,-0.17822906975417918
akane-midori,task_medium,outside,immediate_positive_gains,1000,0,0.0,0.0,0.0,0.0,,,,,,0,0.0,0.0,0.0,0.0,,,,,,0,0.0,0.0,0.0,0.0
akane-midori,task_medium,outside,changed_topics,1000,22.814,22.64193129847516,22.98606870152484,22.49995228701633,23.12804771298367,,,,,,19.888,19.73402297348535,20.041977026514655,19.606971942018337,20.169028057981667,,,,,,-2.926,-3.0390675712752073,-2.812932428724793,-3.1323629925542895,-2.719637007445711
akane-midori,task_medium,outside,task_progress,1000,0.9515,0.9476353944547387,0.9553646055452614,0.944446593294899,0.958553406705101,,,,,,0.9515,0.9476353944547387,0.9553646055452614,0.944446593294899,0.958553406705101,,,,,,0.0,0.0,0.0,0.0,0.0
akane-midori,task_strong,original,bridge_count,1000,3.442,3.410099478046576,3.4739005219534245,3.3837774070840423,3.500222592915958,-0.256,-0.2923952952992543,-0.21960470470074572,-0.3224261376462241,-0.18957386235377593,3.422,3.389782811220517,3.4542171887794835,3.363199449026474,3.4808005509735263,-0.256,-0.29291980463618916,-0.21908019536381085,-0.32338343526190466,-0.18861656473809535,-0.02,-0.030302149984071013,-0.00969785001592899,-0.038802760831232165,-0.0011972391687678358
akane-midori,task_strong,original,bridge_rate,1000,0.8605,0.852524869511644,0.8684751304883561,0.8459443517710106,0.8750556482289895,-0.064,-0.07309882382481357,-0.05490117617518643,-0.08060653441155602,-0.047393465588443984,0.8555,0.8474457028051292,0.8635542971948709,0.8407998622566185,0.8702001377433816,-0.064,-0.07322995115904729,-0.05477004884095271,-0.08084585881547617,-0.04715414118452384,-0.005,-0.007575537496017753,-0.0024244625039822475,-0.009700690207808041,-0.00029930979219195894
akane-midori,task_strong,original,unformed_turns,1000,17.6285,17.33651637069832,17.92048362930168,17.09559198013198,18.161408019868016,2.6485,2.3289108363697073,2.9680891636302924,2.065208297075352,3.2317917029246477,18.3615,18.06189758098794,18.66110241901206,17.814686700072066,18.908313299927933,2.8165,2.4913357601653168,3.1416642398346832,2.2230330594163075,3.4099669405836925,0.733,0.6189746442261224,0.8470253557738776,0.5248889264253211,0.9411110735746788
akane-midori,task_strong,original,known_share,1000,0.14691666666666667,0.14505376363736389,0.14877956969596945,0.14351662685304356,0.15031670648028977,0.0,0.0,0.0,0.0,0.0,0.18075,0.17879454912863232,0.18270545087136766,0.17718104836287565,0.18431895163712433,0.0,0.0,0.0,0.0,0.0,0.03383333333333333,0.03236678899484875,0.035299877671817914,0.031156699573626934,0.03650996709303973
akane-midori,task_strong,original,bridge_share,1000,0.7017916666666667,0.6990270395118823,0.7045562938214511,0.6967458632897681,0.7068374700435653,0.0,0.0,0.0,0.0,0.0,0.6678958333333334,0.6650555360074684,0.6707361306591983,0.6627119220730233,0.6730797445936434,0.0,0.0,0.0,0.0,0.0,-0.03389583333333333,-0.03537780106611293,-0.03241386560055374,-0.03660061678942187,-0.031191049877244793
akane-midori,task_strong,original,all_formed,1000,0.451,0.4201434213360125,0.4818565786639875,0.39468273908008183,0.5073172609199181,-0.248,-0.2832156325283868,-0.2127843674716132,-0.3122730999816176,-0.18372690001838238,0.435,0.404257287784674,0.465742712215326,0.3788905601275519,0.4911094398724481,-0.244,-0.279322919061298,-0.20867708093870196,-0.3084689118288399,-0.1795310881711601,-0.016,-0.02555543074155512,-0.006444569258444879,-0.03343990129736651,0.0014399012973665068
akane-midori,task_strong,original,questions,1000,12.642,12.583767258094523,12.700232741905475,12.5357176880274,12.748282311972599,,,,,,12.642,12.583767258094523,12.700232741905475,12.5357176880274,12.748282311972599,,,,,,0,0.0,0.0,0.0,0.0
akane-midori,task_strong,original,question_positive_difference,1000,-2.532,-2.6602153929471366,-2.4037846070528635,-2.7660097331328894,-2.2979902668671106,,,,,,-2.226,-2.341995350595443,-2.110004649404557,-2.437706569808565,-2.014293430191435,,,,,,0.306,0.25537918996293313,0.35662081003706686,0.2136104516356414,0.3983895483643586
akane-midori,task_strong,original,other_positive_difference,1000,-2.822,-3.0010227848713766,-2.6429772151286235,-3.148739817657698,-2.495260182342302,,,,,,-1.962,-2.1114282246562674,-1.8125717753437325,-2.234725904203654,-1.6892740957963461,,,,,,0.86,0.7503182260741033,0.9696817739258967,0.6598165270489524,1.0601834729510475
akane-midori,task_strong,original,immediate_positive_difference,1000,-1.186,-1.3155049850297182,-1.0564950149702816,-1.4223634060590384,-0.9496365939409613,,,,,,-1.215,-1.3327368489709386,-1.0972631510290616,-1.429885030371948,-1.0001149696280522,,,,,,-0.029,-0.07449132967363645,0.01649132967363644,-0.1120275809487016,0.05402758094870161
akane-midori,task_strong,original,immediate_positive_losses,1000,2.5,2.4141188940199045,2.5858811059800955,2.343255835125463,2.656744164874537,,,,,,2.323,2.2425120479573244,2.4034879520426755,2.176099041035697,2.469900958964303,,,,,,-0.177,-0.20619629663737057,-0.1478037033626294,-0.23028703073426376,-0.1237129692657362
akane-midori,task_strong,original,immediate_positive_gains,1000,1.314,1.2418049022541107,1.3861950977458894,1.182234576452267,1.445765423547733,,,,,,1.108,1.043605262172598,1.1723947378274022,0.9904712457078712,1.225528754292129,,,,,,-0.206,-0.23831539179627792,-0.17368460820372206,-0.2649797842248913,-0.14702021577510865
akane-midori,task_strong,original,changed_topics,1000,27.434,27.197202794554272,27.67079720544573,27.001814366284275,27.866185633715727,,,,,,23.24,23.027865748214058,23.45213425178594,22.85282745770439,23.627172542295607,,,,,,-4.194,-4.3272076763081895,-4.06079232369181,-4.437121298212485,-3.950878701787514
akane-midori,task_strong,original,task_progress,1000,1.0,1.0,1.0,1.0,1.0,,,,,,1.0,1.0,1.0,1.0,1.0,,,,,,0.0,0.0,0.0,0.0,0.0
akane-midori,task_strong,rotated,bridge_count,1000,3.422,3.389544969039691,3.4544550309603093,3.3627653561770625,3.481234643822938,-0.276,-0.3133011320585965,-0.23869886794140355,-0.3440794073000716,-0.20792059269992846,3.399,3.36631573927256,3.4316842607274403,3.3393469821004444,3.4586530178995556,-0.279,-0.31728480299728,-0.24071519700272,-0.34887473443327177,-0.20912526556672828,-0.023,-0.03346344480930048,-0.012536555190699515,-0.0420971448216414,-0.003902855178358606
akane-midori,task_strong,rotated,bridge_rate,1000,0.8555,0.8473862422599228,0.8636137577400773,0.8406913390442656,0.8703086609557344,-0.069,-0.07832528301464912,-0.05967471698535089,-0.0860198518250179,-0.051980148174982116,0.84975,0.84157893481814,0.8579210651818601,0.8348367455251111,0.8646632544748889,-0.06975,-0.07932120074932,-0.06017879925068,-0.08721868360831794,-0.05228131639168207,-0.00575,-0.00836586120232512,-0.0031341387976748787,-0.01052428620541035,-0.0009757137945896515
akane-midori,task_strong,rotated,unformed_turns,1000,17.56875,17.271127411908232,17.86637258809177,17.025550148462752,18.11194985153725,2.58875,2.249126133836316,2.928373866163684,1.9688923646590413,3.208607635340959,18.3215,18.015645854468605,18.627354145531395,17.763276487766184,18.879723512233817,2.7765,2.427183616513379,3.125816383486621,2.1389522625582615,3.4140477374417384,0.75275,0.6383695062729433,0.8671304937270568,0.5439907535676125,0.9615092464323876
akane-midori,task_strong,rotated,known_share,1000,0.14691666666666667,0.14505376363736389,0.14877956969596945,0.14351662685304356,0.15031670648028977,0.0,0.0,0.0,0.0,0.0,0.18075,0.17879454912863232,0.18270545087136766,0.17718104836287565,0.18431895163712433,0.0,0.0,0.0,0.0,0.0,0.03383333333333333,0.03236678899484875,0.035299877671817914,0.031156699573626934,0.03650996709303973
akane-midori,task_strong,rotated,bridge_share,1000,0.7017916666666667,0.6990270395118823,0.7045562938214511,0.6967458632897681,0.7068374700435653,0.0,0.0,0.0,0.0,0.0,0.6678958333333334,0.6650555360074684,0.6707361306591983,0.6627119220730233,0.6730797445936434,0.0,0.0,0.0,0.0,0.0,-0.03389583333333333,-0.03537780106611293,-0.03241386560055374,-0.03660061678942187,-0.031191049877244793
akane-midori,task_strong,rotated,all_formed,1000,0.437,0.4062412810996884,0.4677587189003116,0.3808613458499544,0.4931386541500456,-0.262,-0.29758820773978556,-0.2264117922602145,-0.3269530980987493,-0.19704690190125074,0.418,0.38741398054361786,0.4485860194563821,0.3621765447496903,0.47382345525030967,-0.261,-0.2973114649785559,-0.22468853502144415,-0.3272731364306589,-0.1947268635693411,-0.019,-0.028733854854595394,-0.009266145145404605,-0.03676554846123116,-0.0012344515387688396
akane-midori,task_strong,rotated,questions,1000,12.642,12.583767258094523,12.700232741905475,12.5357176880274,12.748282311972599,,,,,,12.642,12.583767258094523,12.700232741905475,12.5357176880274,12.748282311972599,,,,,,0,0.0,0.0,0.0,0.0
akane-midori,task_strong,rotated,question_positive_difference,1000,-2.515,-2.6443024809180846,-2.3856975190819156,-2.750993809772411,-2.279006190227589,,,,,,-2.238,-2.3558768992337895,-2.1201231007662105,-2.453140640278696,-2.022859359721304,,,,,,0.277,0.22992539227680925,0.3240746077231908,0.19108273111808644,0.3629172688819136
akane-midori,task_strong,rotated,other_positive_difference,1000,-2.936,-3.1260017701998564,-2.7459982298001435,-3.2827778908385588,-2.589222109161441,,,,,,-2.092,-2.25281878553011,-1.9311812144698906,-2.385515156172961,-1.798484843827039,,,,,,0.844,0.742982575054882,0.945017424945118,0.6596300884798973,1.0283699115201026
akane-midori,task_strong,rotated,immediate_positive_difference,1000,-1.231,-1.361690781858794,-1.1003092181412062,-1.469527639176011,-0.992472360823989,,,,,,-1.259,-1.3788272999454305,-1.1391727000545693,-1.4777003747188622,-1.0402996252811376,,,,,,-0.028,-0.07370456752987707,0.017704567529877067,-0.11141676771236321,0.055416767712363216
akane-midori,task_strong,rotated,immediate_positive_losses,1000,2.542,2.4536853868915878,2.630314613108412,2.3808143687727514,2.703185631227248,,,,,,2.351,2.2689710014995,2.4330289985005,2.201286431238607,2.500713568761393,,,,,,-0.191,-0.22012033283093077,-0.16187966716906924,-0.24414838692821103,-0.13785161307178898
akane-midori,task_strong,rotated,immediate_positive_gains,1000,1.311,1.2389949075430096,1.3830050924569903,1.1795813607651882,1.4424186392348117,,,,,,1.092,1.0268571762579708,1.1571428237420294,0.973105891820023,1.2108941081799771,,,,,,-0.219,-0.25031674569556933,-0.18768325430443067,-0.27615712547737753,-0.16184287452262247
akane-midori,task_strong,rotated,changed_topics,1000,27.516,27.271405527850266,27.76059447214973,27.06958334254657,27.962416657453428,,,,,,23.431,23.218532112672186,23.643467887327816,23.0432185295381,23.818781470461904,,,,,,-4.085,-4.222852552265695,-3.947147447734305,-4.336598799690794,-3.8334012003092064
akane-midori,task_strong,rotated,task_progress,1000,1.0,1.0,1.0,1.0,1.0,,,,,,1.0,1.0,1.0,1.0,1.0,,,,,,0.0,0.0,0.0,0.0,0.0
akane-midori,task_strong,outside,bridge_count,1000,2.812,2.7838098532466753,2.8401901467533244,2.7605493233917526,2.863450676608247,-0.886,-0.9259484072478696,-0.8460515927521304,-0.958911028108866,-0.813088971891134,2.771,2.7422758824447238,2.799724117555276,2.718574757374418,2.8234252426255817,-0.907,-0.9483367576029994,-0.8656632423970007,-0.9824449477001963,-0.8315550522998038,-0.041,-0.05390662044267404,-0.02809337955732597,-0.06455625745095141,-0.017443742549048593
akane-midori,task_strong,outside,bridge_rate,1000,0.703,0.6959524633116688,0.7100475366883311,0.6901373308479382,0.7158626691520618,-0.2215,-0.2314871018119674,-0.2115128981880326,-0.2397277570272165,-0.2032722429727835,0.69275,0.6855689706111809,0.699931029388819,0.6796436893436045,0.7058563106563954,-0.22675,-0.23708418940074985,-0.21641581059925016,-0.24561123692504908,-0.20788876307495094,-0.01025,-0.01347665511066851,-0.007023344889331492,-0.016139064362737852,-0.004360935637262148
akane-midori,task_strong,outside,unformed_turns,1000,23.39225,23.11216196456919,23.672338035430812,22.881052982868813,23.90344701713119,8.41225,8.05843634559709,8.76606365440291,7.76649415943775,9.05800584056225,24.33875,24.04669017078458,24.630809829215423,23.805702905399457,24.871797094600545,8.79375,8.429260577139916,9.158239422860083,8.12850949640137,9.458990503598628,0.9465,0.8029056842771696,1.0900943157228304,0.6844217367796563,1.2085782632203437
akane-midori,task_strong,outside,known_share,1000,0.14691666666666667,0.14505376363736389,0.14877956969596945,0.14351662685304356,0.15031670648028977,0.0,0.0,0.0,0.0,0.0,0.18075,0.17879454912863232,0.18270545087136766,0.17718104836287565,0.18431895163712433,0.0,0.0,0.0,0.0,0.0,0.03383333333333333,0.03236678899484875,0.035299877671817914,0.031156699573626934,0.03650996709303973
akane-midori,task_strong,outside,bridge_share,1000,0.7017916666666667,0.6990270395118823,0.7045562938214511,0.6967458632897681,0.7068374700435653,0.0,0.0,0.0,0.0,0.0,0.6678958333333334,0.6650555360074684,0.6707361306591983,0.6627119220730233,0.6730797445936434,0.0,0.0,0.0,0.0,0.0,-0.03389583333333333,-0.03537780106611293,-0.03241386560055374,-0.03660061678942187,-0.031191049877244793
akane-midori,task_strong,outside,all_formed,1000,0.026,0.01613176507877622,0.03586823492122378,0.007989190476058117,0.04401080952394188,-0.673,-0.7020907377806859,-0.6439092622193142,-0.7260943721203891,-0.619905627879611,0.019,0.0105338758774952,0.0274661241225048,0.003548224662899082,0.03445177533710092,-0.66,-0.6893754652381534,-0.6306245347618467,-0.7136140366848852,-0.6063859633151149,-0.007,-0.012170076526637812,-0.0018299234733621895,-0.016436060682463872,0.0024360606824638713
akane-midori,task_strong,outside,questions,1000,12.642,12.583767258094523,12.700232741905475,12.5357176880274,12.748282311972599,,,,,,12.642,12.583767258094523,12.700232741905475,12.5357176880274,12.748282311972599,,,,,,0,0.0,0.0,0.0,0.0
akane-midori,task_strong,outside,question_positive_difference,1000,-5.267,-5.359180925904988,-5.174819074095013,-5.435242153887581,-5.09875784611242,,,,,,-4.69,-4.775339844909217,-4.604660155090784,-4.8457562931702105,-4.53424370682979,,,,,,0.577,0.5360501863149435,0.6179498136850564,0.5022612751712848,0.6517387248287151
akane-midori,task_strong,outside,other_positive_difference,1000,-8.5,-8.673477537612383,-8.326522462387617,-8.816619021695487,-8.183380978304513,,,,,,-6.428,-6.582542402271026,-6.2734575977289735,-6.71005994211685,-6.14594005788315,,,,,,2.072,1.9681454530965905,2.17585454690341,1.882451972677538,2.261548027322462
akane-midori,task_strong,outside,immediate_positive_difference,1000,-2.828,-2.898769835913864,-2.7572301640861356,-2.9571641357203484,-2.6988358642796513,,,,,,-2.768,-2.8378884290431117,-2.698111570956888,-2.895555453783919,-2.6404445462160804,,,,,,0.06,0.03337106573405274,0.08662893426594725,0.011398738810114571,0.10860126118988542
akane-midori,task_strong,outside,immediate_positive_losses,1000,2.828,2.7572301640861356,2.898769835913864,2.6988358642796513,2.9571641357203484,,,,,,2.768,2.698111570956888,2.8378884290431117,2.6404445462160804,2.895555453783919,,,,,,-0.06,-0.08662893426594725,-0.03337106573405274,-0.10860126118988542,-0.011398738810114571
akane-midori,task_strong,outside,immediate_positive_gains,1000,0,0.0,0.0,0.0,0.0,,,,,,0,0.0,0.0,0.0,0.0,,,,,,0,0.0,0.0,0.0,0.0
akane-midori,task_strong,outside,changed_topics,1000,31.526,31.379577309536113,31.672422690463886,31.258759585784052,31.793240414215948,,,,,,26.416,26.274036046002394,26.557963953997607,26.15689735853193,26.675102641468072,,,,,,-5.11,-5.2120445085329035,-5.007955491467097,-5.296244472372417,-4.923755527627583
akane-midori,task_strong,outside,task_progress,1000,1.0,1.0,1.0,1.0,1.0,,,,,,1.0,1.0,1.0,1.0,1.0,,,,,,0.0,0.0,0.0,0.0,0.0
akane-midori,task_strong,freeze_T,bridge_count,1000,3.628,3.5980273861136007,3.6579726138863995,3.5732960895284758,3.6827039104715245,-0.07,-0.09066951835406402,-0.049330481645935995,-0.10772455368142991,-0.03227544631857011,3.609,3.578739900462424,3.639260099537576,3.5537713909024755,3.6642286090975245,-0.069,-0.09014215535684887,-0.04785784464315114,-0.10758717755480535,-0.030412822445194658,-0.019,-0.0294942704421085,-0.0085057295578915,-0.038153405602357714,0.0001534056023577146
akane-midori,task_strong,freeze_T,bridge_rate,1000,0.907,0.8995068465284002,0.9144931534715999,0.8933240223821189,0.9206759776178811,-0.0175,-0.022667379588516005,-0.012332620411483999,-0.02693113842035748,-0.008068861579642527,0.90225,0.894684975115606,0.909815024884394,0.8884428477256189,0.9160571522743811,-0.01725,-0.022535538839212218,-0.011964461160787785,-0.026896794388701337,-0.0076032056112986645,-0.00475,-0.007373567610527125,-0.002126432389472875,-0.009538351400589428,3.835140058942865e-05
akane-midori,task_strong,freeze_T,unformed_turns,1000,16.70375,16.41011123314027,16.99738876685973,16.167821139269158,17.23967886073084,1.72375,1.4694143256781842,1.9780856743218156,1.2595543842773183,2.1879456157226818,17.518,17.214027896079983,17.821972103920018,16.96321145797608,18.072788542023922,1.973,1.7080052062505486,2.2379947937494515,1.4893501078807159,2.4566498921192843,0.81425,0.6869986005823364,0.9415013994176636,0.5819996801745814,1.0465003198254188
akane-midori,task_strong,freeze_T,known_share,1000,0.14691666666666667,0.14505376363736389,0.14877956969596945,0.14351662685304356,0.15031670648028977,0.0,0.0,0.0,0.0,0.0,0.18075,0.17879454912863232,0.18270545087136766,0.17718104836287565,0.18431895163712433,0.0,0.0,0.0,0.0,0.0,0.03383333333333333,0.03236678899484875,0.035299877671817914,0.031156699573626934,0.03650996709303973
akane-midori,task_strong,freeze_T,bridge_share,1000,0.7017916666666667,0.6990270395118823,0.7045562938214511,0.6967458632897681,0.7068374700435653,0.0,0.0,0.0,0.0,0.0,0.6678958333333334,0.6650555360074684,0.6707361306591983,0.6627119220730233,0.6730797445936434,0.0,0.0,0.0,0.0,0.0,-0.03389583333333333,-0.03537780106611293,-0.03241386560055374,-0.03660061678942187,-0.031191049877244793
akane-midori,task_strong,freeze_T,all_formed,1000,0.628,0.5980273861136006,0.6579726138863994,0.5732960895284757,0.6827039104715243,-0.071,-0.09156310617916796,-0.05043689382083203,-0.10853033765106776,-0.03346966234893223,0.609,0.5787399004624237,0.6392600995375762,0.5537713909024755,0.6642286090975245,-0.07,-0.09103831672854962,-0.04896168327145039,-0.10839765858100156,-0.03160234141899846,-0.019,-0.0294942704421085,-0.0085057295578915,-0.038153405602357714,0.0001534056023577146
akane-midori,task_strong,freeze_T,questions,1000,12.642,12.583767258094523,12.700232741905475,12.5357176880274,12.748282311972599,,,,,,12.642,12.583767258094523,12.700232741905475,12.5357176880274,12.748282311972599,,,,,,0,0.0,0.0,0.0,0.0
akane-midori,task_strong,freeze_T,question_positive_difference,1000,-2.41,-2.535684944783953,-2.284315055216047,-2.6393913368096236,-2.1806086631903767,,,,,,-2.157,-2.271719065833303,-2.042280934166697,-2.3663771844693717,-1.9476228155306283,,,,,,0.253,0.20460742136166676,0.30139257863833324,0.16467726313924116,0.34132273686075887
akane-midori,task_strong,freeze_T,other_positive_difference,1000,-0.624,-0.7247689214685458,-0.5232310785314542,-0.8079163604222306,-0.4400836395777694,,,,,,-0.533,-0.617320142219899,-0.4486798577801011,-0.6868952034155624,-0.37910479658443763,,,,,,0.091,0.029339113083127193,0.1526608869168728,-0.021539121555427393,0.2035391215554274
akane-midori,task_strong,freeze_T,immediate_positive_difference,1000,-2.48,-2.594370744630029,-2.365629255369971,-2.6887414530649814,-2.2712585469350186,,,,,,-2.179,-2.2844373042121218,-2.073562695787878,-2.37143676483605,-1.9865632351639493,,,,,,0.301,0.2584689091123671,0.3435310908876329,0.22337523904349638,0.3786247609565036
akane-midori,task_strong,freeze_T,immediate_positive_losses,1000,3.248,3.1550549742513816,3.340945025748619,3.0783632647256995,3.417636735274301,,,,,,2.854,2.7680588251189224,2.9399411748810778,2.6971462015848617,3.0108537984151384,,,,,,-0.394,-0.4298791959093163,-0.35812080409068375,-0.45948418927533524,-0.3285158107246648
akane-midori,task_strong,freeze_T,immediate_positive_gains,1000,0.768,0.7155946105209927,0.8204053894790073,0.6723533625345294,0.8636466374654707,,,,,,0.675,0.6269109705363609,0.7230890294636392,0.587231279780536,0.7627687202194641,,,,,,-0.093,-0.11859444230838166,-0.06740555769161834,-0.1397131791011938,-0.046286820898806195
akane-midori,task_strong,freeze_T,changed_topics,1000,11.004,10.922814829147397,11.085185170852602,10.855826526215937,11.152173473784062,,,,,,11.273,11.196033791890267,11.349966208109732,11.132526680798497,11.413473319201502,,,,,,0.269,0.2405394872993619,0.2974605127006381,0.21705587044725994,0.3209441295527401
akane-midori,task_strong,freeze_T,task_progress,1000,1.0,1.0,1.0,1.0,1.0,,,,,,1.0,1.0,1.0,1.0,1.0,,,,,,0.0,0.0,0.0,0.0,0.0
akane-midori,task_strong,freeze_R,bridge_count,1000,3.621,3.5906612133338136,3.6513387866661864,3.565627776680003,3.676372223319997,-0.077,-0.1057583691713803,-0.048241630828619694,-0.12948775627046988,-0.024512243729530127,3.6,3.5692432189659,3.6307567810341004,3.543864882707305,3.656135117292695,-0.078,-0.10734376871436868,-0.04865623128563132,-0.13155618641510397,-0.024443813584896036,-0.021,-0.031105997505718352,-0.010894002494281648,-0.039444757099717766,-0.002555242900282237
akane-midori,task_strong,freeze_R,bridge_rate,1000,0.90525,0.8976653033334534,0.9128346966665466,0.8914069441700008,0.9190930558299992,-0.01925,-0.026439592292845076,-0.012060407707154924,-0.03237193906761747,-0.006128060932382532,0.9,0.892310804741475,0.9076891952585251,0.8859662206768263,0.9140337793231738,-0.0195,-0.02683594217859217,-0.01216405782140783,-0.03288904660377599,-0.006110953396224009,-0.00525,-0.007776499376429588,-0.002723500623570412,-0.009861189274929441,-0.0006388107250705592
akane-midori,task_strong,freeze_R,unformed_turns,1000,16.121,15.852229479803071,16.389770520196926,15.63045891706464,16.611541082935357,1.141,0.9003081349020613,1.3816918650979386,0.7017061069332862,1.5802938930667139,16.755,16.481361667712843,17.028638332287155,16.255574528209355,17.254425471790643,1.21,0.9647909440474901,1.45520905595251,0.7624616473400112,1.6575383526599887,0.634,0.5372256702358456,0.7307743297641545,0.4573742878941137,0.8106257121058863
akane-midori,task_strong,freeze_R,known_share,1000,0.14691666666666667,0.14505376363736389,0.14877956969596945,0.14351662685304356,0.15031670648028977,0.0,0.0,0.0,0.0,0.0,0.18075,0.17879454912863232,0.18270545087136766,0.17718104836287565,0.18431895163712433,0.0,0.0,0.0,0.0,0.0,0.03383333333333333,0.03236678899484875,0.035299877671817914,0.031156699573626934,0.03650996709303973
akane-midori,task_strong,freeze_R,bridge_share,1000,0.7017916666666667,0.6990270395118823,0.7045562938214511,0.6967458632897681,0.7068374700435653,0.0,0.0,0.0,0.0,0.0,0.6678958333333334,0.6650555360074684,0.6707361306591983,0.6627119220730233,0.6730797445936434,0.0,0.0,0.0,0.0,0.0,-0.03389583333333333,-0.03537780106611293,-0.03241386560055374,-0.03660061678942187,-0.031191049877244793
akane-midori,task_strong,freeze_R,all_formed,1000,0.623,0.5929469865534716,0.6530530134465284,0.5681493498962262,0.6778506501037738,-0.076,-0.10429689086158464,-0.047703109138415356,-0.12764549846008025,-0.02435450153991975,0.603,0.5726591853993563,0.6333408146006436,0.5476240754364146,0.6583759245635854,-0.076,-0.10470168470848193,-0.047298315291518074,-0.12838429976863547,-0.023615700231364514,-0.02,-0.029921864915599457,-0.010078135084400544,-0.03810869122428456,-0.0018913087757154341
akane-midori,task_strong,freeze_R,questions,1000,12.642,12.583767258094523,12.700232741905475,12.5357176880274,12.748282311972599,,,,,,12.642,12.583767258094523,12.700232741905475,12.5357176880274,12.748282311972599,,,,,,0,0.0,0.0,0.0,0.0
akane-midori,task_strong,freeze_R,question_positive_difference,1000,-2.474,-2.5889028291145983,-2.359097170885402,-2.6837125763082694,-2.264287423691731,,,,,,-2.185,-2.2912333147235704,-2.0787666852764297,-2.3788895873332048,-1.9911104126667953,,,,,,0.289,0.24552637946889994,0.3324736205311,0.20965500011377197,0.368344999886228
akane-midori,task_strong,freeze_R,other_positive_difference,1000,-1.826,-1.9608339894949458,-1.6911660105050543,-2.072089530856597,-1.579910469143403,,,,,,-1.317,-1.4358702300375883,-1.1981297699624116,-1.5339535979194805,-1.1000464020805194,,,,,,0.509,0.43884404024539975,0.5791559597546002,0.38095626794495274,0.6370437320550473
akane-midori,task_strong,freeze_R,immediate_positive_difference,1000,-1.191,-1.321733145551332,-1.0602668544486682,-1.429604958413253,-0.9523950415867471,,,,,,-1.199,-1.318883126262049,-1.079116873737951,-1.4178022649923572,-0.9801977350076428,,,,,,-0.008,-0.05288615939134139,0.03688615939134139,-0.08992306663879962,0.0739230666387996
akane-midori,task_strong,freeze_R,immediate_positive_losses,1000,2.504,2.4181192522317296,2.5898807477682704,2.347256488908536,2.660743511091464,,,,,,2.326,2.245678171618703,2.406321828381297,2.17940223827881,2.47259776172119,,,,,,-0.178,-0.20616694734121044,-0.14983305265878955,-0.22940833467010027,-0.1265916653298997
akane-midori,task_strong,freeze_R,immediate_positive_gains,1000,1.313,1.240708371375593,1.3852916286244068,1.1810583950702838,1.4449416049297161,,,,,,1.127,1.0609970180429156,1.1930029819570844,1.0065359914380918,1.2474640085619082,,,,,,-0.186,-0.2174616121557596,-0.1545383878442404,-0.24342152556936184,-0.12857847443063816
akane-midori,task_strong,freeze_R,changed_topics,1000,27.434,27.197202794554272,27.67079720544573,27.001814366284275,27.866185633715727,,,,,,23.24,23.027865748214058,23.45213425178594,22.85282745770439,23.627172542295607,,,,,,-4.194,-4.3272076763081895,-4.06079232369181,-4.437121298212485,-3.950878701787514
akane-midori,task_strong,freeze_R,task_progress,1000,1.0,1.0,1.0,1.0,1.0,,,,,,1.0,1.0,1.0,1.0,1.0,,,,,,0.0,0.0,0.0,0.0,0.0
akane-midori,task_strong,freeze_TR,bridge_count,1000,3.717,3.6890664506232955,3.7449335493767046,3.666017646907715,3.767982353092285,0.019,0.008878793489844147,0.029121206510155852,0.0005274844932155916,0.037472515506784404,3.699,3.6705557057342553,3.7274442942657444,3.647085471195922,3.7509145288040777,0.021,0.010159660182108341,0.03184033981789166,0.0012149728706866841,0.04078502712931332,-0.018,-0.027541738120822973,-0.008458261879177023,-0.035414910487372726,-0.0005850895126272709
akane-midori,task_strong,freeze_TR,bridge_rate,1000,0.92925,0.9222666126558239,0.9362333873441762,0.9165044117269288,0.9419955882730713,0.00475,0.002219698372461037,0.007280301627538963,0.0001318711233038979,0.009368128876696101,0.92475,0.9176389264335638,0.9318610735664361,0.9117713677989805,0.9377286322010194,0.00525,0.0025399150455270854,0.007960084954472915,0.00030374321767167103,0.01019625678232833,-0.0045,-0.006885434530205743,-0.0021145654697942557,-0.008853727621843182,-0.00014627237815681773
akane-midori,task_strong,freeze_TR,unformed_turns,1000,15.649,15.37690430193164,15.921095698068358,15.152390035876296,16.1456099641237,0.669,0.48531891113997394,0.8526810888600261,0.33375817296433885,1.0042418270356612,16.33025,16.05214485256664,16.608355147433358,15.822672010822092,16.837827989177907,0.78525,0.5933710668236429,0.9771289331763571,0.4350460430933916,1.1354539569066084,0.68125,0.5741683142413002,0.7883316857586998,0.48581202541808066,0.8766879745819194
akane-midori,task_strong,freeze_TR,known_share,1000,0.14691666666666667,0.14505376363736389,0.14877956969596945,0.14351662685304356,0.15031670648028977,0.0,0.0,0.0,0.0,0.0,0.18075,0.17879454912863232,0.18270545087136766,0.17718104836287565,0.18431895163712433,0.0,0.0,0.0,0.0,0.0,0.03383333333333333,0.03236678899484875,0.035299877671817914,0.031156699573626934,0.03650996709303973
akane-midori,task_strong,freeze_TR,bridge_share,1000,0.7017916666666667,0.6990270395118823,0.7045562938214511,0.6967458632897681,0.7068374700435653,0.0,0.0,0.0,0.0,0.0,0.6678958333333334,0.6650555360074684,0.6707361306591983,0.6627119220730233,0.6730797445936434,0.0,0.0,0.0,0.0,0.0,-0.03389583333333333,-0.03537780106611293,-0.03241386560055374,-0.03660061678942187,-0.031191049877244793
akane-midori,task_strong,freeze_TR,all_formed,1000,0.717,0.6890664506232956,0.7449335493767043,0.666017646907715,0.7679823530922849,0.018,0.008063418230736624,0.027936581769263374,-0.0001355513923134502,0.03613555139231345,0.699,0.6705557057342553,0.7274442942657446,0.647085471195922,0.7509145288040779,0.02,0.00933111134254438,0.030668888657455623,0.0005278934910329762,0.03947210650896703,-0.018,-0.027541738120822973,-0.008458261879177023,-0.035414910487372726,-0.0005850895126272709
akane-midori,task_strong,freeze_TR,questions,1000,12.642,12.583767258094523,12.700232741905475,12.5357176880274,12.748282311972599,,,,,,12.642,12.583767258094523,12.700232741905475,12.5357176880274,12.748282311972599,,,,,,0,0.0,0.0,0.0,0.0
akane-midori,task_strong,freeze_TR,question_positive_difference,1000,-2.474,-2.5889028291145983,-2.359097170885402,-2.6837125763082694,-2.264287423691731,,,,,,-2.185,-2.2912333147235704,-2.0787666852764297,-2.3788895873332048,-1.9911104126667953,,,,,,0.289,0.24552637946889994,0.3324736205311,0.20965500011377197,0.368344999886228
akane-midori,task_strong,freeze_TR,other_positive_difference,1000,0,0.0,0.0,0.0,0.0,,,,,,0,0.0,0.0,0.0,0.0,,,,,,0,0.0,0.0,0.0,0.0
akane-midori,task_strong,freeze_TR,immediate_positive_difference,1000,-2.474,-2.5889028291145983,-2.359097170885402,-2.6837125763082694,-2.264287423691731,,,,,,-2.185,-2.2912333147235704,-2.0787666852764297,-2.3788895873332048,-1.9911104126667953,,,,,,0.289,0.24552637946889994,0.3324736205311,0.20965500011377197,0.368344999886228
akane-midori,task_strong,freeze_TR,immediate_positive_losses,1000,3.236,3.1435567806964992,3.328443219303501,3.067279126617218,3.4047208733827823,,,,,,2.856,2.7702249900336073,2.9417750099663924,2.699449474120613,3.0125505258793868,,,,,,-0.38,-0.4150571585323791,-0.3449428414676209,-0.44398386437065207,-0.31601613562934794
akane-midori,task_strong,freeze_TR,immediate_positive_gains,1000,0.762,0.7097717528592103,0.8142282471407897,0.6666766702929818,0.8573233297070182,,,,,,0.671,0.6230156789204071,0.718984321079593,0.5834223861714631,0.758577613828537,,,,,,-0.091,-0.11647154706942847,-0.06552845293057152,-0.1374888793395997,-0.044511120660400305
akane-midori,task_strong,freeze_TR,changed_topics,1000,11.004,10.922814829147397,11.085185170852602,10.855826526215937,11.152173473784062,,,,,,11.273,11.196033791890267,11.349966208109732,11.132526680798497,11.413473319201502,,,,,,0.269,0.2405394872993619,0.2974605127006381,0.21705587044725994,0.3209441295527401
akane-midori,task_strong,freeze_TR,task_progress,1000,1.0,1.0,1.0,1.0,1.0,,,,,,1.0,1.0,1.0,1.0,1.0,,,,,,0.0,0.0,0.0,0.0,0.0
akane-kurumi,task_weak,original,bridge_count,1000,2.922,2.872861250297527,2.9711387497024733,2.8323154041020593,3.011684595897941,-0.254,-0.2975622060988674,-0.2104377939011326,-0.33350668004487494,-0.1744933199551251,2.853,2.8031821730554065,2.902817826944594,2.762075999998133,2.9439240000018674,-0.278,-0.3238515708798745,-0.23214842912012557,-0.36168506790559135,-0.1943149320944087,-0.069,-0.10002064510649034,-0.037979354893509676,-0.125616703471578,-0.01238329652842203
akane-kurumi,task_weak,original,bridge_rate,1000,0.7305,0.7182153125743818,0.7427846874256183,0.7080788510255148,0.7529211489744853,-0.0635,-0.07439055152471685,-0.05260944847528315,-0.08337667001121873,-0.043623329988781274,0.71325,0.7007955432638516,0.7257044567361485,0.6905189999995333,0.7359810000004668,-0.0695,-0.08096289271996862,-0.05803710728003139,-0.09042126697639784,-0.048578733023602175,-0.01725,-0.025005161276622584,-0.009494838723377419,-0.0314041758678945,-0.0030958241321055076
akane-kurumi,task_weak,original,unformed_turns,1000,26.382,25.95380592048543,26.810194079514574,25.600490229815062,27.16350977018494,1.32975,1.0877717911930138,1.5717282088069862,0.8881083627104416,1.7713916372895584,27.5495,27.129467494561162,27.969532505438835,26.782886161789428,28.31611383821057,1.4425,1.190674691708923,1.6943253082910767,0.9828861281024242,1.9021138718975756,1.1675,0.9041816948257493,1.4308183051742507,0.6869099171209743,1.6480900828790257
akane-kurumi,task_weak,original,known_share,1000,0.22635416666666666,0.22393350781128135,0.22877482552205197,0.22193615007962528,0.23077218325370805,0.0,0.0,0.0,0.0,0.0,0.25727083333333334,0.25482533397060486,0.2597163326960618,0.2528074795963551,0.2617341870703116,0.0,0.0,0.0,0.0,0.0,0.030916666666666665,0.02944948514739259,0.03238384818594074,0.0282388699693201,0.03359446336401323
akane-kurumi,task_weak,original,bridge_share,1000,0.5506458333333334,0.5471207335759042,0.5541709330907626,0.5442120687552929,0.5570795979113738,0.0,0.0,0.0,0.0,0.0,0.5184375,0.5148699170191279,0.5220050829808721,0.5119261980253023,0.5249488019746977,0.0,0.0,0.0,0.0,0.0,-0.03220833333333333,-0.03388875155255812,-0.03052791511410854,-0.03527531468396235,-0.029141351982704317
akane-kurumi,task_weak,original,all_formed,1000,0.24,0.21351586797251512,0.26648413202748483,0.19166302168911026,0.2883369783108897,-0.121,-0.1498443535398374,-0.09215564646016258,-0.17364468890276732,-0.06835531109723267,0.223,0.1971871315468858,0.2488128684531142,0.1758881648352618,0.27011183516473825,-0.117,-0.14630409984742523,-0.08769590015257477,-0.17048378558433205,-0.06351621441566796,-0.017,-0.035260405801077366,0.0012604058010773633,-0.05032761059485421,0.016327610594854207
akane-kurumi,task_weak,original,questions,1000,6,6.0,6.0,6.0,6.0,,,,,,6,6.0,6.0,6.0,6.0,,,,,,0,0.0,0.0,0.0,0.0
akane-kurumi,task_weak,original,question_positive_difference,1000,-1.149,-1.2342248409321597,-1.0637751590678404,-1.3045463959857797,-0.9934536040142203,,,,,,-0.771,-0.8474168554063185,-0.6945831445936815,-0.910470679217589,-0.6315293207824111,,,,,,0.378,0.3312185450190983,0.4247814549809017,0.292617772920895,0.463382227079105
akane-kurumi,task_weak,original,other_positive_difference,1000,-0.767,-0.8649845188973418,-0.6690154811026582,-0.9458344643437263,-0.5881655356562737,,,,,,-0.792,-0.8871578101178585,-0.6968421898821415,-0.9656753539442128,-0.6183246460557873,,,,,,-0.025,-0.08714715817532825,0.037147158175328245,-0.1384266297149841,0.08842662971498408
akane-kurumi,task_weak,original,immediate_positive_difference,1000,-1.149,-1.2342248409321597,-1.0637751590678404,-1.3045463959857797,-0.9934536040142203,,,,,,-0.771,-0.8474168554063185,-0.6945831445936815,-0.910470679217589,-0.6315293207824111,,,,,,0.378,0.3312185450190983,0.4247814549809017,0.292617772920895,0.463382227079105
akane-kurumi,task_weak,original,immediate_positive_losses,1000,1.489,1.4195613703354562,1.558438629664544,1.362265488461178,1.6157345115388222,,,,,,1.116,1.0551607820493982,1.176839217950602,1.004960530951974,1.2270394690480262,,,,,,-0.373,-0.4155072146452446,-0.3304927853547554,-0.45058118371526074,-0.29541881628473926
akane-kurumi,task_weak,original,immediate_positive_gains,1000,0.34,0.30489899259678266,0.3751010074032174,0.27593610574894767,0.4040638942510524,,,,,,0.345,0.30927057582675377,0.3807294241732462,0.27978916358178274,0.4102108364182172,,,,,,0.005,-0.013703994209777744,0.023703994209777746,-0.029137217013824646,0.039137217013824645
akane-kurumi,task_weak,original,changed_topics,1000,10.437,10.280809010776181,10.593190989223817,10.151931172725124,10.722068827274875,,,,,,10.11,9.959145892990605,10.260854107009393,9.834671675437415,10.385328324562584,,,,,,-0.327,-0.40742581840345715,-0.24657418159654287,-0.4737875570084393,-0.18021244299156075
akane-kurumi,task_weak,original,task_progress,1000,0.48375,0.4815395130306807,0.4859604869693193,0.47971557438312096,0.48778442561687907,,,,,,0.48375,0.4815395130306807,0.4859604869693193,0.47971557438312096,0.48778442561687907,,,,,,0.0,0.0,0.0,0.0,0.0
akane-kurumi,task_weak,rotated,bridge_count,1000,2.958,2.9093994750169445,3.006600524983056,2.8692977340708827,3.0467022659291176,-0.218,-0.2614292378507878,-0.1745707621492122,-0.2972639957342549,-0.13873600426574514,2.897,2.8485518288178913,2.9454481711821083,2.8085757995315257,2.985424200468474,-0.234,-0.277374659785542,-0.19062534021445804,-0.31316438368152455,-0.15483561631847548,-0.061,-0.09317915014577147,-0.02882084985422853,-0.11973112552998919,-0.002268874470010819
akane-kurumi,task_weak,rotated,bridge_rate,1000,0.7395,0.7273498687542361,0.751650131245764,0.7173244335177207,0.7616755664822794,-0.0545,-0.06535730946269695,-0.04364269053730305,-0.07431599893356372,-0.034684001066436286,0.72425,0.7121379572044728,0.7363620427955271,0.7021439498828814,0.7463560501171185,-0.0585,-0.0693436649463855,-0.04765633505361451,-0.07829109592038114,-0.03870890407961887,-0.01525,-0.023294787536442867,-0.007205212463557133,-0.029932781382497296,-0.0005672186175027048
akane-kurumi,task_weak,rotated,unformed_turns,1000,26.161,25.7321754830321,26.5898245169679,25.378339599638615,26.943660400361388,1.10875,0.8731792693337165,1.3443207306662832,0.6788028419402397,1.5386971580597602,27.23325,26.819998459498546,27.646501540501458,26.479012302897807,27.987487697102196,1.12625,0.8858168602455306,1.3666831397544694,0.6874283142649358,1.5650716857350642,1.07225,0.8028499095831321,1.3416500904168678,0.580559869701682,1.5639401302983178
akane-kurumi,task_weak,rotated,known_share,1000,0.22635416666666666,0.22393350781128135,0.22877482552205197,0.22193615007962528,0.23077218325370805,0.0,0.0,0.0,0.0,0.0,0.25727083333333334,0.25482533397060486,0.2597163326960618,0.2528074795963551,0.2617341870703116,0.0,0.0,0.0,0.0,0.0,0.030916666666666665,0.02944948514739259,0.03238384818594074,0.0282388699693201,0.03359446336401323
akane-kurumi,task_weak,rotated,bridge_share,1000,0.5506458333333334,0.5471207335759042,0.5541709330907626,0.5442120687552929,0.5570795979113738,0.0,0.0,0.0,0.0,0.0,0.5184375,0.5148699170191279,0.5220050829808721,0.5119261980253023,0.5249488019746977,0.0,0.0,0.0,0.0,0.0,-0.03220833333333333,-0.03388875155255812,-0.03052791511410854,-0.03527531468396235,-0.029141351982704317
akane-kurumi,task_weak,rotated,all_formed,1000,0.257,0.22990218360728576,0.28409781639271425,0.207542968072815,0.306457031927185,-0.104,-0.1319523342028423,-0.0760476657971577,-0.15501663783805883,-0.05298336216194116,0.23,0.20390347938156528,0.25609652061843474,0.18237046281849545,0.27762953718150457,-0.11,-0.1370231399006498,-0.08297686009935022,-0.15932073763694707,-0.06067926236305293,-0.027,-0.046039800093162414,-0.007960199906837582,-0.06175010633506005,0.007750106335060052
akane-kurumi,task_weak,rotated,questions,1000,6,6.0,6.0,6.0,6.0,,,,,,6,6.0,6.0,6.0,6.0,,,,,,0,0.0,0.0,0.0,0.0
akane-kurumi,task_weak,rotated,question_positive_difference,1000,-1.106,-1.1902255265446393,-1.0217744734553609,-1.2597225175280977,-0.9522774824719025,,,,,,-0.696,-0.7723923195149937,-0.6196076804850063,-0.8354258980314214,-0.5565741019685785,,,,,,0.41,0.3639315580756051,0.45606844192439483,0.325919114290587,0.49408088570941294
akane-kurumi,task_weak,rotated,other_positive_difference,1000,-0.724,-0.8201845358846387,-0.6278154641153613,-0.8995492617267513,-0.5484507382732486,,,,,,-0.69,-0.7825595370986043,-0.5974404629013956,-0.8589331684556671,-0.5210668315443328,,,,,,0.034,-0.024529411430514167,0.09252941143051417,-0.07282377236036543,0.14082377236036542
akane-kurumi,task_weak,rotated,immediate_positive_difference,1000,-1.106,-1.1902255265446393,-1.0217744734553609,-1.2597225175280977,-0.9522774824719025,,,,,,-0.696,-0.7723923195149937,-0.6196076804850063,-0.8354258980314214,-0.5565741019685785,,,,,,0.41,0.3639315580756051,0.45606844192439483,0.325919114290587,0.49408088570941294
akane-kurumi,task_weak,rotated,immediate_positive_losses,1000,1.467,1.3996691902949658,1.5343308097050343,1.3441125334600605,1.5898874665399396,,,,,,1.068,1.0097164327119916,1.1262835672880085,0.9616249251076816,1.1743750748923185,,,,,,-0.399,-0.4400308685086067,-0.35796913149139337,-0.4738866604017546,-0.32411333959824545
akane-kurumi,task_weak,rotated,immediate_positive_gains,1000,0.361,0.32406900021465507,0.3979309997853449,0.29359613213787394,0.42840386786212603,,,,,,0.372,0.3341974993597691,0.4098025006402309,0.303005529966097,0.440994470033903,,,,,,0.011,-0.008301370658823932,0.03030137065882393,-0.024227506566490194,0.04622750656649019
akane-kurumi,task_weak,rotated,changed_topics,1000,10.264,10.106799486489871,10.421200513510128,9.977088659877014,10.550911340122985,,,,,,9.906,9.752101562218613,10.059898437781388,9.625115376656533,10.186884623343468,,,,,,-0.358,-0.438515777136956,-0.27748422286304397,-0.5049517433727685,-0.21104825662723145
akane-kurumi,task_weak,rotated,task_progress,1000,0.48375,0.4815395130306807,0.4859604869693193,0.47971557438312096,0.48778442561687907,,,,,,0.48375,0.4815395130306807,0.4859604869693193,0.47971557438312096,0.48778442561687907,,,,,,0.0,0.0,0.0,0.0,0.0
akane-kurumi,task_weak,outside,bridge_count,1000,2.491,2.4376584763195823,2.544341523680418,2.3936447961166194,2.588355203883381,-0.685,-0.732217508756108,-0.6377824912438921,-0.7711780818140329,-0.5988219181859672,2.401,2.3478650566895887,2.454134943310411,2.304021832103832,2.4979781678961674,-0.73,-0.778317387449343,-0.681682612550657,-0.8181855031818291,-0.6418144968181708,-0.09,-0.12636548760416513,-0.05363451239583485,-0.15637173473396232,-0.023628265266037687
akane-kurumi,task_weak,outside,bridge_rate,1000,0.62275,0.6094146190798956,0.6360853809201045,0.5984111990291548,0.6470888009708452,-0.17125,-0.183054377189027,-0.15944562281097302,-0.19279452045350823,-0.1497054795464918,0.60025,0.5869662641723972,0.6135337358276027,0.576005458025958,0.6244945419740419,-0.1825,-0.19457934686233574,-0.17042065313766425,-0.20454637579545729,-0.1604536242045427,-0.0225,-0.03159137190104128,-0.013408628098958713,-0.03909293368349058,-0.005907066316509422
akane-kurumi,task_weak,outside,unformed_turns,1000,28.73875,28.27414730719715,29.20335269280285,27.890789785110332,29.586710214889667,3.6865,3.4492317215800976,3.9237682784199026,3.2534545969661086,4.119545403033892,29.99975,29.553398250205685,30.446101749794312,29.18510012488063,30.814399875119367,3.89275,3.650662699389214,4.134837300610786,3.4509092560095427,4.334590743990457,1.261,0.961464580000571,1.5605354199994288,0.7143089819658835,1.8076910180341161
akane-kurumi,task_weak,outside,known_share,1000,0.22635416666666666,0.22393350781128135,0.22877482552205197,0.22193615007962528,0.23077218325370805,0.0,0.0,0.0,0.0,0.0,0.25727083333333334,0.25482533397060486,0.2597163326960618,0.2528074795963551,0.2617341870703116,0.0,0.0,0.0,0.0,0.0,0.030916666666666665,0.02944948514739259,0.03238384818594074,0.0282388699693201,0.03359446336401323
akane-kurumi,task_weak,outside,bridge_share,1000,0.5506458333333334,0.5471207335759042,0.5541709330907626,0.5442120687552929,0.5570795979113738,0.0,0.0,0.0,0.0,0.0,0.5184375,0.5148699170191279,0.5220050829808721,0.5119261980253023,0.5249488019746977,0.0,0.0,0.0,0.0,0.0,-0.03220833333333333,-0.03388875155255812,-0.03052791511410854,-0.03527531468396235,-0.029141351982704317
akane-kurumi,task_weak,outside,all_formed,1000,0.11,0.09059718811334014,0.12940281188665986,0.07458735002670883,0.14541264997329117,-0.251,-0.277887541693102,-0.224112458306898,-0.3000732533089566,-0.20192674669104338,0.092,0.07407702226942378,0.10992297773057622,0.05928823942841154,0.12471176057158845,-0.248,-0.27477984678435996,-0.22122015321564004,-0.2968766961228402,-0.1991233038771598,-0.018,-0.033648085639597716,-0.0023519143604022845,-0.046559787248576553,0.010559787248576556
akane-kurumi,task_weak,outside,questions,1000,6,6.0,6.0,6.0,6.0,,,,,,6,6.0,6.0,6.0,6.0,,,,,,0,0.0,0.0,0.0,0.0
akane-kurumi,task_weak,outside,question_positive_difference,1000,-2.218,-2.288006627754303,-2.147993372245697,-2.3457711817727875,-2.0902288182272124,,,,,,-1.69,-1.7536609374338372,-1.6263390625661627,-1.806189473334329,-1.5738105266656708,,,,,,0.528,0.4803996010144497,0.5756003989855504,0.44112309382212544,0.6148769061778746
akane-kurumi,task_weak,outside,other_positive_difference,1000,-2.193,-2.2895820538958183,-2.096417946104182,-2.3692747836907952,-2.016725216309205,,,,,,-2.102,-2.1962005017403206,-2.007799498259679,-2.2739281419066852,-1.9300718580933145,,,,,,0.091,0.027738414985565382,0.1542615850144346,-0.024460603337191314,0.2064606033371913
akane-kurumi,task_weak,outside,immediate_positive_difference,1000,-2.218,-2.288006627754303,-2.147993372245697,-2.3457711817727875,-2.0902288182272124,,,,,,-1.69,-1.7536609374338372,-1.6263390625661627,-1.806189473334329,-1.5738105266656708,,,,,,0.528,0.4803996010144497,0.5756003989855504,0.44112309382212544,0.6148769061778746
akane-kurumi,task_weak,outside,immediate_positive_losses,1000,2.218,2.147993372245697,2.288006627754303,2.0902288182272124,2.3457711817727875,,,,,,1.69,1.6263390625661627,1.7536609374338372,1.5738105266656708,1.806189473334329,,,,,,-0.528,-0.5756003989855504,-0.4803996010144497,-0.6148769061778746,-0.44112309382212544
akane-kurumi,task_weak,outside,immediate_positive_gains,1000,0,0.0,0.0,0.0,0.0,,,,,,0,0.0,0.0,0.0,0.0,,,,,,0,0.0,0.0,0.0,0.0
akane-kurumi,task_weak,outside,changed_topics,1000,11.992,11.870356964993611,12.11364303500639,11.769985673131648,12.214014326868353,,,,,,11.641,11.524060436070542,11.757939563929458,11.427570118307933,11.854429881692067,,,,,,-0.351,-0.40483951087566944,-0.2971604891243305,-0.44926409514819565,-0.2527359048518043
akane-kurumi,task_weak,outside,task_progress,1000,0.48375,0.4815395130306807,0.4859604869693193,0.47971557438312096,0.48778442561687907,,,,,,0.48375,0.4815395130306807,0.4859604869693193,0.47971557438312096,0.48778442561687907,,,,,,0.0,0.0,0.0,0.0,0.0
akane-kurumi,task_medium,original,bridge_count,1000,2.765,2.7141740802924916,2.8158259197075086,2.6722360998660157,2.8577639001339845,-0.58,-0.6348934518048469,-0.525106548195153,-0.68018767413435,-0.47981232586564987,2.714,2.663233545334352,2.764766454665648,2.621344631285345,2.806655368714655,-0.616,-0.6706457462936319,-0.561354253706368,-0.7157355794268225,-0.5162644205731775,-0.051,-0.08037539978472655,-0.02162460021527345,-0.10461391722388605,0.002613917223886049
akane-kurumi,task_medium,original,bridge_rate,1000,0.69125,0.6785435200731229,0.7039564799268772,0.6680590249665039,0.7144409750334961,-0.145,-0.15872336295121173,-0.13127663704878825,-0.1700469185335875,-0.11995308146641247,0.6785,0.665808386333588,0.691191613666412,0.6553361578213363,0.7016638421786637,-0.154,-0.16766143657340798,-0.140338563426592,-0.17893389485670563,-0.12906610514329436,-0.01275,-0.020093849946181637,-0.005406150053818362,-0.026153479305971512,0.0006534793059715122
akane-kurumi,task_medium,original,unformed_turns,1000,28.30075,27.873803074145513,28.727696925854488,27.521516447112095,29.079983552887906,3.73525,3.3219719959633465,4.148528004036654,2.980964003511382,4.489535996488619,29.0875,28.660085056550564,29.514914943449433,28.30741225425757,29.867587745742426,3.733,3.319552260847141,4.146447739152859,2.978404214894481,4.487595785105519,0.78675,0.5633189672281276,1.0101810327718723,0.3789593662021612,1.1945406337978386
akane-kurumi,task_medium,original,known_share,1000,0.21879166666666666,0.21636026828627003,0.2212230650470633,0.21435404905260264,0.2232292842807307,0.0,0.0,0.0,0.0,0.0,0.246125,0.24359555997904728,0.24865444002095274,0.2415084436671512,0.2507415563328488,0.0,0.0,0.0,0.0,0.0,0.02733333333333333,0.025916552082201737,0.028750114584464925,0.0247475236667695,0.02991914299989716
akane-kurumi,task_medium,original,bridge_share,1000,0.5650416666666667,0.5617133718096884,0.5683699615236449,0.5589670965751474,0.5711162367581859,0.0,0.0,0.0,0.0,0.0,0.5364375,0.5330611892625643,0.5398138107374357,0.5302752946946917,0.5425997053053083,0.0,0.0,0.0,0.0,0.0,-0.028604166666666667,-0.030173648486758974,-0.02703468484657436,-0.03146867469050551,-0.02573965864282782
akane-kurumi,task_medium,original,all_formed,1000,0.189,0.16472190220728913,0.21327809779271087,0.14468932048752617,0.23331067951247383,-0.269,-0.30220022043657296,-0.23579977956342704,-0.3295947113348457,-0.20840528866515434,0.162,0.1391517551682434,0.1848482448317566,0.12029898772108633,0.20370101227891368,-0.28,-0.3132558282126624,-0.24674417178733765,-0.3406962027435111,-0.21930379725648894,-0.027,-0.04320285178621362,-0.010797148213786377,-0.05657230746893946,0.002572307468939456
akane-kurumi,task_medium,original,questions,1000,12,12.0,12.0,12.0,12.0,,,,,,12,12.0,12.0,12.0,12.0,,,,,,0,0.0,0.0,0.0,0.0
akane-kurumi,task_medium,original,question_positive_difference,1000,-2.44,-2.5587713436485084,-2.3212286563514914,-2.656773117425,-2.2232268825749997,,,,,,-1.702,-1.8055278231383416,-1.5984721768616583,-1.8909517140459178,-1.5130482859540821,,,,,,0.738,0.6820740120719738,0.7939259879280262,0.6359278134285601,0.8400721865714399
akane-kurumi,task_medium,original,other_positive_difference,1000,-1.592,-1.7393678784172089,-1.4446321215827913,-1.8609655049061822,-1.323034495093818,,,,,,-1.481,-1.6228920862717389,-1.3391079137282613,-1.73997147354069,-1.2220285264593103,,,,,,0.111,0.03161832266135278,0.19038167733864722,-0.03388186404667447,0.25588186404667446
akane-kurumi,task_medium,original,immediate_positive_difference,1000,-1.693,-1.8148138598766907,-1.5711861401233094,-1.915326104427918,-1.4706738955720822,,,,,,-0.899,-1.0077027180861606,-0.7902972819138394,-1.0973965689724174,-0.7006034310275826,,,,,,0.794,0.7411056934059055,0.8468943065940946,0.6974610253432154,0.8905389746567847
akane-kurumi,task_medium,original,immediate_positive_losses,1000,2.623,2.5333321107421174,2.712667889257883,2.4593444641590105,2.78665553584099,,,,,,1.85,1.7748788232840353,1.9251211767159648,1.7128941025577218,1.9871058974422784,,,,,,-0.773,-0.823965546013758,-0.722034453986242,-0.8660187362649101,-0.6799812637350899
akane-kurumi,task_medium,original,immediate_positive_gains,1000,0.93,0.8711346375965383,0.9888653624034618,0.8225630735111158,1.0374369264888843,,,,,,0.951,0.8916305512081352,1.0103694487918646,0.8426430504271889,1.059356949572811,,,,,,0.021,0.0007573020271204635,0.041242697972879536,-0.01594555108898894,0.05794555108898894
akane-kurumi,task_medium,original,changed_topics,1000,19.899,19.68866437078965,20.109335629210353,19.51511017734706,20.28288982265294,,,,,,19.434,19.229308513623565,19.638691486376437,19.06041147056911,19.80758852943089,,,,,,-0.465,-0.5663805230330287,-0.3636194769669714,-0.6500326126568381,-0.279967387343162
akane-kurumi,task_medium,original,task_progress,1000,0.9515,0.9476353944547387,0.9553646055452614,0.944446593294899,0.958553406705101,,,,,,0.9515,0.9476353944547387,0.9553646055452614,0.944446593294899,0.958553406705101,,,,,,0.0,0.0,0.0,0.0,0.0
akane-kurumi,task_medium,rotated,bridge_count,1000,2.855,2.8040154436619775,2.9059845563380224,2.761946567425968,2.948053432574032,-0.49,-0.5432686980711392,-0.4367313019288607,-0.5872222876944523,-0.39277771230554764,2.782,2.729363974762975,2.834636025237025,2.68593242234206,2.87806757765794,-0.548,-0.6016927841396651,-0.494307215860335,-0.6459962998114064,-0.4500037001885937,-0.073,-0.10386106477292899,-0.042138935227071,-0.129325448650986,-0.016674551349013987
akane-kurumi,task_medium,rotated,bridge_rate,1000,0.71375,0.7010038609154944,0.7264961390845056,0.690486641856492,0.737013358143508,-0.1225,-0.1358171745177848,-0.10918282548221518,-0.14680557192361307,-0.09819442807638691,0.6955,0.6823409936907437,0.7086590063092563,0.671483105585515,0.719516894414485,-0.137,-0.15042319603491627,-0.12357680396508375,-0.1614990749528516,-0.11250092504714843,-0.01825,-0.025965266193232247,-0.01053473380676775,-0.0323313621627465,-0.004168637837253497
akane-kurumi,task_medium,rotated,unformed_turns,1000,27.513,27.06498367887588,27.961016321124124,26.695312066159946,28.330687933840057,2.9475,2.5173015687147613,3.3776984312852383,2.1623320276898954,3.732667972310104,28.50125,28.0442013339034,28.9582986660966,27.667076864282155,29.335423135717843,3.14675,2.7157209165800364,3.5777790834199634,2.3600659797341454,3.9334340202658544,0.98825,0.7450306776634351,1.231469322336565,0.5443431694355275,1.4321568305644723
akane-kurumi,task_medium,rotated,known_share,1000,0.21879166666666666,0.21636026828627003,0.2212230650470633,0.21435404905260264,0.2232292842807307,0.0,0.0,0.0,0.0,0.0,0.246125,0.24359555997904728,0.24865444002095274,0.2415084436671512,0.2507415563328488,0.0,0.0,0.0,0.0,0.0,0.02733333333333333,0.025916552082201737,0.028750114584464925,0.0247475236667695,0.02991914299989716
akane-kurumi,task_medium,rotated,bridge_share,1000,0.5650416666666667,0.5617133718096884,0.5683699615236449,0.5589670965751474,0.5711162367581859,0.0,0.0,0.0,0.0,0.0,0.5364375,0.5330611892625643,0.5398138107374357,0.5302752946946917,0.5425997053053083,0.0,0.0,0.0,0.0,0.0,-0.028604166666666667,-0.030173648486758974,-0.02703468484657436,-0.03146867469050551,-0.02573965864282782
akane-kurumi,task_medium,rotated,all_formed,1000,0.22,0.19431190084030275,0.24568809915969725,0.17311588498948474,0.2668841150105153,-0.238,-0.27226703721420104,-0.20373296278579894,-0.3005417904155717,-0.1754582095844283,0.202,0.17710280288819596,0.22689719711180406,0.15655938387762566,0.24744061612237436,-0.24,-0.2734173212175566,-0.2065826787824434,-0.3009909484375301,-0.1790090515624699,-0.018,-0.03593799021889278,-6.200978110721886e-05,-0.05073916031122869,0.014739160311228686
akane-kurumi,task_medium,rotated,questions,1000,12,12.0,12.0,12.0,12.0,,,,,,12,12.0,12.0,12.0,12.0,,,,,,0,0.0,0.0,0.0,0.0
akane-kurumi,task_medium,rotated,question_positive_difference,1000,-2.42,-2.535940239343806,-2.3040597606561937,-2.6316059846214697,-2.20839401537853,,,,,,-1.712,-1.8164128975882903,-1.6075871024117097,-1.9025670897903932,-1.5214329102096067,,,,,,0.708,0.6530667725590688,0.7629332274409312,0.6077397301673384,0.8082602698326615
akane-kurumi,task_medium,rotated,other_positive_difference,1000,-1.388,-1.5333701353299425,-1.2426298646700573,-1.65331936448596,-1.1226806355140397,,,,,,-1.309,-1.4487330394456253,-1.1692669605543746,-1.5640309328615492,-1.0539690671384507,,,,,,0.079,0.00034636073664888467,0.15765363926335113,-0.06455310006760322,0.2225531000676032
akane-kurumi,task_medium,rotated,immediate_positive_difference,1000,-1.708,-1.830913546680411,-1.585086453319589,-1.9323331755724444,-1.4836668244275555,,,,,,-0.944,-1.0561170735462737,-0.8318829264537261,-1.1486282108344155,-0.7393717891655843,,,,,,0.764,0.7093626988122484,0.8186373011877516,0.6642798339874947,0.8637201660125053
akane-kurumi,task_medium,rotated,immediate_positive_losses,1000,2.684,2.595818117309536,2.7721818826904645,2.523056619012513,2.844943380987487,,,,,,1.928,1.852132192137443,2.003867807862557,1.7895314038103503,2.0664685961896496,,,,,,-0.756,-0.8066246081797515,-0.7053753918202486,-0.8483964804677168,-0.6636035195322832
akane-kurumi,task_medium,rotated,immediate_positive_gains,1000,0.976,0.9134504317609874,1.0385495682390125,0.8618389196902142,1.0901610803097856,,,,,,0.984,0.9200424396969371,1.0479575603030629,0.8672691514308175,1.1007308485691825,,,,,,0.008,-0.012931666734215704,0.028931666734215704,-0.03020300849929885,0.04620300849929885
akane-kurumi,task_medium,rotated,changed_topics,1000,19.896,19.677483173055123,20.11451682694488,19.49717842964846,20.29482157035154,,,,,,19.464,19.24543460814457,19.682565391855427,19.065089792383493,19.862910207616505,,,,,,-0.432,-0.5348604214842031,-0.3291395785157969,-0.6197336194054263,-0.24426638059457373
akane-kurumi,task_medium,rotated,task_progress,1000,0.9515,0.9476353944547387,0.9553646055452614,0.944446593294899,0.958553406705101,,,,,,0.9515,0.9476353944547387,0.9553646055452614,0.944446593294899,0.958553406705101,,,,,,0.0,0.0,0.0,0.0,0.0
akane-kurumi,task_medium,outside,bridge_count,1000,1.665,1.614744727317102,1.715255272682898,1.573277604749889,1.756722395250111,-1.68,-1.7369562795289315,-1.6230437204710684,-1.7839526024640646,-1.5760473975359353,1.56,1.508102504973843,1.611897495026157,1.465280335830319,1.654719664169681,-1.77,-1.8270068938457968,-1.7129931061542032,-1.8740449801615477,-1.6659550198384523,-0.105,-0.1394136754947951,-0.0705863245052049,-0.16780942430975654,-0.04219057569024347
akane-kurumi,task_medium,outside,bridge_rate,1000,0.41625,0.4036861818292755,0.4288138181707245,0.3933194011874723,0.43918059881252774,-0.42,-0.4342390698822329,-0.4057609301177671,-0.44598815061601615,-0.3940118493839838,0.39,0.37702562624346075,0.4029743737565393,0.36632008395757976,0.41367991604242027,-0.4425,-0.4567517234614492,-0.4282482765385508,-0.46851124504038694,-0.4164887549596131,-0.02625,-0.03485341887369878,-0.017646581126301224,-0.041952356077439135,-0.010547643922560867
akane-kurumi,task_medium,outside,unformed_turns,1000,35.80375,35.394182855170705,36.2133171448293,35.056236803195155,36.55126319680485,11.23825,10.838260161891968,11.638239838108033,10.508216630994765,11.968283369005237,36.915,36.50700689489427,37.32299310510573,36.170359629984404,37.659640370015595,11.5605,11.165456234120116,11.955543765879883,10.839493854759091,12.281506145240908,1.11125,0.8491824336992333,1.3733175663007668,0.6329426778977836,1.5895573221022166
akane-kurumi,task_medium,outside,known_share,1000,0.21879166666666666,0.21636026828627003,0.2212230650470633,0.21435404905260264,0.2232292842807307,0.0,0.0,0.0,0.0,0.0,0.246125,0.24359555997904728,0.24865444002095274,0.2415084436671512,0.2507415563328488,0.0,0.0,0.0,0.0,0.0,0.02733333333333333,0.025916552082201737,0.028750114584464925,0.0247475236667695,0.02991914299989716
akane-kurumi,task_medium,outside,bridge_share,1000,0.5650416666666667,0.5617133718096884,0.5683699615236449,0.5589670965751474,0.5711162367581859,0.0,0.0,0.0,0.0,0.0,0.5364375,0.5330611892625643,0.5398138107374357,0.5302752946946917,0.5425997053053083,0.0,0.0,0.0,0.0,0.0,-0.028604166666666667,-0.030173648486758974,-0.02703468484657436,-0.03146867469050551,-0.02573965864282782
akane-kurumi,task_medium,outside,all_formed,1000,0.01,0.003829918160193504,0.016170081839806498,-0.0012612001691287757,0.021261200169128774,-0.448,-0.4788376924700419,-0.41716230752995814,-0.5042827911647388,-0.3917172088352612,0.01,0.003829918160193504,0.016170081839806498,-0.0012612001691287757,0.021261200169128774,-0.432,-0.4627177476651792,-0.4012822523348208,-0.4880638763282951,-0.37593612367170487,0,-0.00620116557224966,0.00620116557224966,-0.011317932015177853,0.011317932015177853
akane-kurumi,task_medium,outside,questions,1000,12,12.0,12.0,12.0,12.0,,,,,,12,12.0,12.0,12.0,12.0,,,,,,0,0.0,0.0,0.0,0.0
akane-kurumi,task_medium,outside,question_positive_difference,1000,-4.79,-4.8764145271960135,-4.7035854728039865,-4.94771772782603,-4.6322822721739705,,,,,,-3.828,-3.9034510368687174,-3.7525489631312823,-3.9657079350334175,-3.6902920649665822,,,,,,0.962,0.9064465544280562,1.0175534455719437,0.8606077515804751,1.0633922484195248
akane-kurumi,task_medium,outside,other_positive_difference,1000,-4.419,-4.559061791248604,-4.278938208751395,-4.6746309475705,-4.163369052429499,,,,,,-4.194,-4.332055884951601,-4.055944115048399,-4.445969908233009,-3.9420300917669913,,,,,,0.225,0.1398750256313621,0.31012497436863795,0.06963587345427308,0.38036412654572693
akane-kurumi,task_medium,outside,immediate_positive_difference,1000,-3.356,-3.434568156001891,-3.2774318439981087,-3.4993970820206144,-3.2126029179793854,,,,,,-2.313,-2.3807895752761157,-2.2452104247238847,-2.4367247732500905,-2.18927522674991,,,,,,1.043,0.992349306279436,1.093650693720564,0.9505559100346725,1.1354440899653273
akane-kurumi,task_medium,outside,immediate_positive_losses,1000,3.356,3.2774318439981087,3.434568156001891,3.2126029179793854,3.4993970820206144,,,,,,2.313,2.2452104247238847,2.3807895752761157,2.18927522674991,2.4367247732500905,,,,,,-1.043,-1.093650693720564,-0.992349306279436,-1.1354440899653273,-0.9505559100346725
akane-kurumi,task_medium,outside,immediate_positive_gains,1000,0,0.0,0.0,0.0,0.0,,,,,,0,0.0,0.0,0.0,0.0,,,,,,0,0.0,0.0,0.0,0.0
akane-kurumi,task_medium,outside,changed_topics,1000,22.814,22.64193129847516,22.98606870152484,22.49995228701633,23.12804771298367,,,,,,22.309,22.13693001345188,22.48106998654812,21.994949941682062,22.62305005831794,,,,,,-0.505,-0.5919043078260147,-0.4180956921739853,-0.663611641044137,-0.34638835895586306
akane-kurumi,task_medium,outside,task_progress,1000,0.9515,0.9476353944547387,0.9553646055452614,0.944446593294899,0.958553406705101,,,,,,0.9515,0.9476353944547387,0.9553646055452614,0.944446593294899,0.958553406705101,,,,,,0.0,0.0,0.0,0.0,0.0
akane-kurumi,task_strong,original,bridge_count,1000,2.87,2.8185976112854125,2.9214023887145877,2.7761839691085055,2.9638160308914947,-0.624,-0.6802437171079057,-0.5677562828920943,-0.726652083562613,-0.521347916437387,2.843,2.7917005415619616,2.8942994584380384,2.749371830222471,2.936628169777529,-0.647,-0.7039829757482454,-0.5900170242517546,-0.7510013265291999,-0.5429986734708001,-0.027,-0.044348972893530625,-0.009651027106469371,-0.058664127244212494,0.004664127244212498
akane-kurumi,task_strong,original,bridge_rate,1000,0.7175,0.7046494028213531,0.7303505971786469,0.6940459922771264,0.7409540077228737,-0.156,-0.1700609292769764,-0.14193907072302359,-0.18166302089065325,-0.13033697910934675,0.71075,0.6979251353904904,0.7235748646095096,0.6873429575556177,0.7341570424443823,-0.16175,-0.17599574393706136,-0.14750425606293865,-0.18775033163229998,-0.13574966836770003,-0.00675,-0.011087243223382656,-0.0024127567766173428,-0.014666031811053123,0.0011660318110531245
akane-kurumi,task_strong,original,unformed_turns,1000,26.85575,26.420053002626112,27.29144699737389,26.060546430922287,27.650953569077714,5.29325,4.803565714928336,5.782934285071663,4.399512623893873,6.186987376106126,27.41475,26.97673171150858,27.852768288491422,26.615309773353708,28.214190226646295,5.47275,4.979914556016162,5.965585443983837,4.573261349891996,6.372238650108003,0.559,0.4080010580471808,0.7099989419528193,0.2834073328676169,0.8345926671323832
akane-kurumi,task_strong,original,known_share,1000,0.20220833333333332,0.20019711445781177,0.20421955220885488,0.19853759785053,0.20587906881613666,0.0,0.0,0.0,0.0,0.0,0.22045833333333334,0.2184356486004774,0.22248101806618928,0.21676667117274748,0.2241499954939192,0.0,0.0,0.0,0.0,0.0,0.01825,0.017112955232131348,0.01938704476786865,0.01617474572223324,0.02032525427776676
akane-kurumi,task_strong,original,bridge_share,1000,0.598375,0.5954998943871463,0.6012501056128536,0.5931275590981875,0.6036224409018125,0.0,0.0,0.0,0.0,0.0,0.5801666666666667,0.5773602490823726,0.5829730842509608,0.5750445903319564,0.585288743001377,0.0,0.0,0.0,0.0,0.0,-0.018208333333333333,-0.019413432160246324,-0.017003234506420342,-0.0204077951015544,-0.016008871565112267
akane-kurumi,task_strong,original,all_formed,1000,0.248,0.22122015321564004,0.27477984678435996,0.1991233038771598,0.2968766961228402,-0.31,-0.3462595890461792,-0.2737404109538208,-0.37617845612112316,-0.24382154387887683,0.233,0.20678505386232884,0.2592149461376712,0.1851543208755068,0.2808456791244932,-0.321,-0.3571565179212295,-0.2848434820787705,-0.3869903379405461,-0.2550096620594539,-0.015,-0.02393807189102488,-0.006061928108975118,-0.03131314126848781,0.0013131412684878122
akane-kurumi,task_strong,original,questions,1000,12.642,12.583767258094523,12.700232741905475,12.5357176880274,12.748282311972599,,,,,,12.642,12.583767258094523,12.700232741905475,12.5357176880274,12.748282311972599,,,,,,0,0.0,0.0,0.0,0.0
akane-kurumi,task_strong,original,question_positive_difference,1000,-2.532,-2.6602153929471366,-2.4037846070528635,-2.7660097331328894,-2.2979902668671106,,,,,,-1.56,-1.6741486195595345,-1.4458513804404656,-1.7683360459818407,-1.3516639540181594,,,,,,0.972,0.9213468389108012,1.022653161089199,0.8795514067666754,1.0644485932333245
akane-kurumi,task_strong,original,other_positive_difference,1000,-2.822,-3.0010227848713766,-2.6429772151286235,-3.148739817657698,-2.495260182342302,,,,,,-2.665,-2.8395908955839935,-2.4904091044160066,-2.983651044495784,-2.346348955504216,,,,,,0.157,0.08628628965730598,0.22771371034269403,0.02793830073154377,0.28606169926845626
akane-kurumi,task_strong,original,immediate_positive_difference,1000,-1.186,-1.3155049850297182,-1.0564950149702816,-1.4223634060590384,-0.9496365939409613,,,,,,-0.227,-0.3420390758941612,-0.1119609241058388,-0.4369612443643656,-0.017038755635634395,,,,,,0.959,0.9113954407176742,1.0066045592823256,0.8721155007405477,1.0458844992594523
akane-kurumi,task_strong,original,immediate_positive_losses,1000,2.5,2.4141188940199045,2.5858811059800955,2.343255835125463,2.656744164874537,,,,,,1.59,1.5218463973545526,1.6581536026454475,1.4656108295539694,1.7143891704460308,,,,,,-0.91,-0.9577892252505735,-0.8622107747494265,-0.9972215386191975,-0.8227784613808026
akane-kurumi,task_strong,original,immediate_positive_gains,1000,1.314,1.2418049022541107,1.3861950977458894,1.182234576452267,1.445765423547733,,,,,,1.363,1.289228775235847,1.436771224764153,1.2283579400792888,1.4976420599207112,,,,,,0.049,0.03451009054976961,0.06348990945023039,0.022554034616060707,0.0754459653839393
akane-kurumi,task_strong,original,changed_topics,1000,27.434,27.197202794554272,27.67079720544573,27.001814366284275,27.866185633715727,,,,,,26.817,26.585891028269316,27.048108971730684,26.395196131086912,27.238803868913088,,,,,,-0.617,-0.6857829472429863,-0.5482170527570137,-0.7425378060188234,-0.49146219398117663
akane-kurumi,task_strong,original,task_progress,1000,1.0,1.0,1.0,1.0,1.0,,,,,,1.0,1.0,1.0,1.0,1.0,,,,,,0.0,0.0,0.0,0.0,0.0
akane-kurumi,task_strong,rotated,bridge_count,1000,2.807,2.7562507051031,2.8577492948969,2.714375950090467,2.8996240499095327,-0.687,-0.7427081114675708,-0.6312918885324293,-0.7886745337530445,-0.5853254662469556,2.768,2.7166321854273128,2.819367814572687,2.674247071404832,2.8617529285951675,-0.722,-0.7785876660549765,-0.6654123339450234,-0.8252798350319597,-0.6187201649680403,-0.039,-0.057959651758268005,-0.020040348241732,-0.07360382522147005,-0.0043961747785299585
akane-kurumi,task_strong,rotated,bridge_rate,1000,0.70175,0.689062676275775,0.714437323724225,0.6785939875226168,0.7249060124773832,-0.17175,-0.1856770278668927,-0.15782297213310734,-0.19716863343826113,-0.1463313665617389,0.692,0.6791580463568282,0.7048419536431717,0.668561767851208,0.7154382321487919,-0.1805,-0.19464691651374413,-0.16635308348625585,-0.20631995875798992,-0.15468004124201007,-0.00975,-0.014489912939567001,-0.005010087060433,-0.018400956305367512,-0.0010990436946324896
akane-kurumi,task_strong,rotated,unformed_turns,1000,26.98225,26.51806832804334,27.44643167195666,26.135058202798692,27.82944179720131,5.41975,4.908213516129855,5.931286483870144,4.486129524901947,6.353370475098052,27.4565,26.99308791848972,27.919912081510276,26.61071280524805,28.302287194751948,5.5145,4.999150252871445,6.029849747128555,4.573919824534036,6.455080175465964,0.47425,0.31927792889710116,0.6292220711028989,0.1914058564985044,0.7570941435014956
akane-kurumi,task_strong,rotated,known_share,1000,0.20220833333333332,0.20019711445781177,0.20421955220885488,0.19853759785053,0.20587906881613666,0.0,0.0,0.0,0.0,0.0,0.22045833333333334,0.2184356486004774,0.22248101806618928,0.21676667117274748,0.2241499954939192,0.0,0.0,0.0,0.0,0.0,0.01825,0.017112955232131348,0.01938704476786865,0.01617474572223324,0.02032525427776676
akane-kurumi,task_strong,rotated,bridge_share,1000,0.598375,0.5954998943871463,0.6012501056128536,0.5931275590981875,0.6036224409018125,0.0,0.0,0.0,0.0,0.0,0.5801666666666667,0.5773602490823726,0.5829730842509608,0.5750445903319564,0.585288743001377,0.0,0.0,0.0,0.0,0.0,-0.018208333333333333,-0.019413432160246324,-0.017003234506420342,-0.0204077951015544,-0.016008871565112267
akane-kurumi,task_strong,rotated,all_formed,1000,0.208,0.18283090583868977,0.2331690941613102,0.1620631364729104,0.2539368635270896,-0.35,-0.3861321010837832,-0.31386789891621675,-0.4159457740431589,-0.28405422595684104,0.195,0.17043093817829427,0.21956906182170574,0.15015827337055143,0.23984172662944858,-0.359,-0.39527120001254923,-0.32272879998745074,-0.4251996476417293,-0.2928003523582707,-0.013,-0.02457327569490636,-0.0014267243050936386,-0.03412273023220398,0.008122730232203985
akane-kurumi,task_strong,rotated,questions,1000,12.642,12.583767258094523,12.700232741905475,12.5357176880274,12.748282311972599,,,,,,12.642,12.583767258094523,12.700232741905475,12.5357176880274,12.748282311972599,,,,,,0,0.0,0.0,0.0,0.0
akane-kurumi,task_strong,rotated,question_positive_difference,1000,-2.515,-2.6443024809180846,-2.3856975190819156,-2.750993809772411,-2.279006190227589,,,,,,-1.581,-1.6959382149489701,-1.4660617850510298,-1.790777160048706,-1.371222839951294,,,,,,0.934,0.8818348162392119,0.9861651837607882,0.8387917691464455,1.0292082308535546
akane-kurumi,task_strong,rotated,other_positive_difference,1000,-2.936,-3.1260017701998564,-2.7459982298001435,-3.2827778908385588,-2.589222109161441,,,,,,-2.79,-2.975309048034043,-2.604690951965957,-3.128213063820156,-2.451786936179844,,,,,,0.146,0.07409096744244598,0.217909032557554,0.01475668254922044,0.27724331745077957
akane-kurumi,task_strong,rotated,immediate_positive_difference,1000,-1.231,-1.361690781858794,-1.1003092181412062,-1.469527639176011,-0.992472360823989,,,,,,-0.311,-0.4269183301538875,-0.19508166984611247,-0.5225659975062863,-0.09943400249371373,,,,,,0.92,0.8699431098423779,0.9700568901576222,0.8286396786064747,1.0113603213935254
akane-kurumi,task_strong,rotated,immediate_positive_losses,1000,2.542,2.4536853868915878,2.630314613108412,2.3808143687727514,2.703185631227248,,,,,,1.643,1.5725805565229345,1.7134194434770655,1.5144753759540484,1.7715246240459517,,,,,,-0.899,-0.9482514278122122,-0.8497485721877879,-0.9888902480726433,-0.8091097519273568
akane-kurumi,task_strong,rotated,immediate_positive_gains,1000,1.311,1.2389949075430096,1.3830050924569903,1.1795813607651882,1.4424186392348117,,,,,,1.332,1.2590005067989676,1.4049994932010326,1.1987664503445932,1.465233549655407,,,,,,0.021,0.009810547008085774,0.032189452991914225,0.0005777960168912855,0.04142220398310872
akane-kurumi,task_strong,rotated,changed_topics,1000,27.516,27.271405527850266,27.76059447214973,27.06958334254657,27.962416657453428,,,,,,26.896,26.65487763013015,27.13712236986985,26.45592037984958,27.33607962015042,,,,,,-0.62,-0.6909105384584299,-0.5490894615415701,-0.7494209361258856,-0.49057906387411443
akane-kurumi,task_strong,rotated,task_progress,1000,1.0,1.0,1.0,1.0,1.0,,,,,,1.0,1.0,1.0,1.0,1.0,,,,,,0.0,0.0,0.0,0.0,0.0
akane-kurumi,task_strong,outside,bridge_count,1000,0.915,0.8823171511552526,0.9476828488447475,0.8553495589696064,0.9746504410303937,-2.579,-2.6285223933371746,-2.5294776066628257,-2.6693847953241643,-2.488615204675836,0.879,0.8461654870655946,0.9118345129344054,0.8190727523215828,0.9389272476784172,-2.611,-2.6610599245149498,-2.5609400754850506,-2.7023658594894755,-2.519634140510525,-0.036,-0.05248903801847685,-0.01951096198152315,-0.06609463448677136,-0.005905365513228632
akane-kurumi,task_strong,outside,bridge_rate,1000,0.22875,0.22057928778881314,0.23692071221118688,0.2138373897424016,0.24366261025759842,-0.64475,-0.6571305983342937,-0.6323694016657064,-0.6673461988310411,-0.622153801168959,0.21975,0.21154137176639864,0.22795862823360136,0.2047681880803957,0.2347318119196043,-0.65275,-0.6652649811287374,-0.6402350188712627,-0.6755914648723689,-0.6299085351276312,-0.009,-0.013122259504619212,-0.004877740495380788,-0.01652365862169284,-0.001476341378307158
akane-kurumi,task_strong,outside,unformed_turns,1000,41.7255,41.450422035476905,42.00057796452309,41.22344701252971,42.22755298747028,20.163,19.731195866926985,20.594804133073016,19.374901413524064,20.951098586475936,42.074,41.80352484807989,42.34447515192011,41.580347742926634,42.56765225707336,20.132,19.702450309861714,20.56154969013829,19.348016064482838,20.915983935517165,0.3485,0.2316685306579232,0.46533146934207675,0.13526740495944214,0.5617325950405578
akane-kurumi,task_strong,outside,known_share,1000,0.20220833333333332,0.20019711445781177,0.20421955220885488,0.19853759785053,0.20587906881613666,0.0,0.0,0.0,0.0,0.0,0.22045833333333334,0.2184356486004774,0.22248101806618928,0.21676667117274748,0.2241499954939192,0.0,0.0,0.0,0.0,0.0,0.01825,0.017112955232131348,0.01938704476786865,0.01617474572223324,0.02032525427776676
akane-kurumi,task_strong,outside,bridge_share,1000,0.598375,0.5954998943871463,0.6012501056128536,0.5931275590981875,0.6036224409018125,0.0,0.0,0.0,0.0,0.0,0.5801666666666667,0.5773602490823726,0.5829730842509608,0.5750445903319564,0.585288743001377,0.0,0.0,0.0,0.0,0.0,-0.018208333333333333,-0.019413432160246324,-0.017003234506420342,-0.0204077951015544,-0.016008871565112267
akane-kurumi,task_strong,outside,all_formed,1000,0,0.0,0.0,0.0,0.0,-0.558,-0.5887965141352538,-0.5272034858647463,-0.6142076353592374,-0.5017923646407627,0,0.0,0.0,0.0,0.0,-0.554,-0.5848244714868308,-0.5231755285131693,-0.6102586611544346,-0.4977413388455655,0,0.0,0.0,0.0,0.0
akane-kurumi,task_strong,outside,questions,1000,12.642,12.583767258094523,12.700232741905475,12.5357176880274,12.748282311972599,,,,,,12.642,12.583767258094523,12.700232741905475,12.5357176880274,12.748282311972599,,,,,,0,0.0,0.0,0.0,0.0
akane-kurumi,task_strong,outside,question_positive_difference,1000,-5.267,-5.359180925904988,-5.174819074095013,-5.435242153887581,-5.09875784611242,,,,,,-4.025,-4.102709660862672,-3.947290339137329,-4.1668302169679325,-3.883169783032068,,,,,,1.242,1.1909603763652123,1.2930396236347876,1.1488460624622174,1.3351539375377826
akane-kurumi,task_strong,outside,other_positive_difference,1000,-8.5,-8.673477537612383,-8.326522462387617,-8.816619021695487,-8.183380978304513,,,,,,-8.05,-8.217769895803562,-7.882230104196439,-8.35620183460274,-7.743798165397263,,,,,,0.45,0.3739629877807707,0.5260370122192293,0.3112225838984843,0.5887774161015158
akane-kurumi,task_strong,outside,immediate_positive_difference,1000,-2.828,-2.898769835913864,-2.7572301640861356,-2.9571641357203484,-2.6988358642796513,,,,,,-1.609,-1.6597632352835834,-1.5582367647164166,-1.7016494929245447,-1.5163505070754553,,,,,,1.219,1.172221709834253,1.2657782901657473,1.1336235491193118,1.3043764508806883
akane-kurumi,task_strong,outside,immediate_positive_losses,1000,2.828,2.7572301640861356,2.898769835913864,2.6988358642796513,2.9571641357203484,,,,,,1.609,1.5582367647164166,1.6597632352835834,1.5163505070754553,1.7016494929245447,,,,,,-1.219,-1.2657782901657473,-1.172221709834253,-1.3043764508806883,-1.1336235491193118
akane-kurumi,task_strong,outside,immediate_positive_gains,1000,0,0.0,0.0,0.0,0.0,,,,,,0,0.0,0.0,0.0,0.0,,,,,,0,0.0,0.0,0.0,0.0
akane-kurumi,task_strong,outside,changed_topics,1000,31.526,31.379577309536113,31.672422690463886,31.258759585784052,31.793240414215948,,,,,,30.825,30.678984276217964,30.971015723782035,30.558502352798406,31.091497647201592,,,,,,-0.701,-0.7635549473650153,-0.6384450526349846,-0.8151708979128945,-0.5868291020871054
akane-kurumi,task_strong,outside,task_progress,1000,1.0,1.0,1.0,1.0,1.0,,,,,,1.0,1.0,1.0,1.0,1.0,,,,,,0.0,0.0,0.0,0.0,0.0
akane-kurumi,task_strong,freeze_T,bridge_count,1000,3.379,3.3382720304716536,3.4197279695283465,3.3046661695503103,3.4533338304496897,-0.115,-0.14586754355703163,-0.08413245644296838,-0.17133727327285111,-0.058662726727148895,3.368,3.326932737105065,3.4090672628949346,3.2930469151195894,3.4429530848804104,-0.122,-0.15380877589320002,-0.09019122410679996,-0.18005514444837858,-0.06394485555162141,-0.011,-0.02525984956827069,0.0032598495682706896,-0.03702607624001904,0.015026076240019035
akane-kurumi,task_strong,freeze_T,bridge_rate,1000,0.84475,0.8345680076179134,0.8549319923820866,0.8261665423875776,0.8633334576124224,-0.02875,-0.03646688588925791,-0.021033114110742095,-0.04283431831821278,-0.014665681681787224,0.842,0.8317331842762663,0.8522668157237336,0.8232617287798973,0.8607382712201026,-0.0305,-0.038452193973300006,-0.02254780602669999,-0.045013786112094646,-0.015986213887905353,-0.00275,-0.006314962392067672,0.0008149623920676724,-0.00925651906000476,0.003756519060004759
akane-kurumi,task_strong,freeze_T,unformed_turns,1000,24.25075,23.842697817156896,24.658802182843104,23.506001805446026,24.995498194553974,2.68825,2.310801961110988,3.0656980388890123,1.999358340257028,3.377141659742972,24.8825,24.469250032976113,25.295749967023887,24.128265174698587,25.636734825301414,2.9405,2.55470745411029,3.3262925458897104,2.2363785319518428,3.6446214680481575,0.63175,0.46484669781763044,0.7986533021823696,0.32712981123064055,0.9363701887693595
akane-kurumi,task_strong,freeze_T,known_share,1000,0.20220833333333332,0.20019711445781177,0.20421955220885488,0.19853759785053,0.20587906881613666,0.0,0.0,0.0,0.0,0.0,0.22045833333333334,0.2184356486004774,0.22248101806618928,0.21676667117274748,0.2241499954939192,0.0,0.0,0.0,0.0,0.0,0.01825,0.017112955232131348,0.01938704476786865,0.01617474572223324,0.02032525427776676
akane-kurumi,task_strong,freeze_T,bridge_share,1000,0.598375,0.5954998943871463,0.6012501056128536,0.5931275590981875,0.6036224409018125,0.0,0.0,0.0,0.0,0.0,0.5801666666666667,0.5773602490823726,0.5829730842509608,0.5750445903319564,0.585288743001377,0.0,0.0,0.0,0.0,0.0,-0.018208333333333333,-0.019413432160246324,-0.017003234506420342,-0.0204077951015544,-0.016008871565112267
akane-kurumi,task_strong,freeze_T,all_formed,1000,0.473,0.4420394116394466,0.5039605883605534,0.41649290788448856,0.5295070921155114,-0.085,-0.10978721537498809,-0.060212784625011916,-0.13023988517821694,-0.039760114821783085,0.466,0.43506594067332216,0.4969340593266779,0.4095413268144999,0.5224586731855002,-0.088,-0.11313239915103783,-0.06286760084896216,-0.13386989037071753,-0.04213010962928246,-0.007,-0.017909646281249542,0.003909646281249541,-0.02691152042018869,0.012911520420188692
akane-kurumi,task_strong,freeze_T,questions,1000,12.642,12.583767258094523,12.700232741905475,12.5357176880274,12.748282311972599,,,,,,12.642,12.583767258094523,12.700232741905475,12.5357176880274,12.748282311972599,,,,,,0,0.0,0.0,0.0,0.0
akane-kurumi,task_strong,freeze_T,question_positive_difference,1000,-2.41,-2.535684944783953,-2.284315055216047,-2.6393913368096236,-2.1806086631903767,,,,,,-1.457,-1.5693104702301763,-1.3446895297698238,-1.6619811848833854,-1.2520188151166147,,,,,,0.953,0.9025913128385459,1.003408687161454,0.8609976034149445,1.0450023965850554
akane-kurumi,task_strong,freeze_T,other_positive_difference,1000,-0.624,-0.7247689214685458,-0.5232310785314542,-0.8079163604222306,-0.4400836395777694,,,,,,-0.551,-0.6485260012474587,-0.45347399875254135,-0.7289976101219394,-0.37300238987806067,,,,,,0.073,0.03468949219067165,0.11131050780932834,0.003078350948526834,0.14292164905147314
akane-kurumi,task_strong,freeze_T,immediate_positive_difference,1000,-2.48,-2.594370744630029,-2.365629255369971,-2.6887414530649814,-2.2712585469350186,,,,,,-1.546,-1.6472117611495571,-1.444788238850443,-1.7307246003159917,-1.3612753996840083,,,,,,0.934,0.884950230680764,0.9830497693192362,0.8444778048501815,1.0235221951498186
akane-kurumi,task_strong,freeze_T,immediate_positive_losses,1000,3.248,3.1550549742513816,3.340945025748619,3.0783632647256995,3.417636735274301,,,,,,2.359,2.2805088462843637,2.4374911537156363,2.2157434571458854,2.5022565428541146,,,,,,-0.889,-0.9386356337981349,-0.8393643662018652,-0.9795914738628329,-0.7984085261371672
akane-kurumi,task_strong,freeze_T,immediate_positive_gains,1000,0.768,0.7155946105209927,0.8204053894790073,0.6723533625345294,0.8636466374654707,,,,,,0.813,0.7580214648346381,0.8679785351653618,0.7126570376897882,0.9133429623102117,,,,,,0.045,0.02968738964003733,0.060312610359962666,0.0170524986779069,0.0729475013220931
akane-kurumi,task_strong,freeze_T,changed_topics,1000,11.004,10.922814829147397,11.085185170852602,10.855826526215937,11.152173473784062,,,,,,10.997,10.916075597100846,11.077924402899153,10.84930246157591,11.14469753842409,,,,,,-0.007,-0.018593194717754193,0.004593194717754194,-0.02815908503418015,0.01415908503418015
akane-kurumi,task_strong,freeze_T,task_progress,1000,1.0,1.0,1.0,1.0,1.0,,,,,,1.0,1.0,1.0,1.0,1.0,,,,,,0.0,0.0,0.0,0.0,0.0
akane-kurumi,task_strong,freeze_R,bridge_count,1000,3.378,3.336257541298356,3.419742458701644,3.301814595139058,3.4541854048609424,-0.116,-0.15611842617200378,-0.07588157382799622,-0.18922133471207214,-0.04277866528792787,3.361,3.3190937453286438,3.4029062546713567,3.2845156462353455,3.437484353764655,-0.129,-0.17043005169660766,-0.08756994830339235,-0.20461522152961978,-0.05338477847038023,-0.017,-0.03277474628069245,-0.001225253719307557,-0.04579095935778843,0.011790959357788431
akane-kurumi,task_strong,freeze_R,bridge_rate,1000,0.8445,0.834064385324589,0.854935614675411,0.8254536487847645,0.8635463512152356,-0.029,-0.039029606543000944,-0.018970393456999055,-0.047305333678018036,-0.010694666321981967,0.84025,0.8297734363321609,0.8507265636678392,0.8211289115588364,0.8593710884411637,-0.03225,-0.042607512924151915,-0.021892487075848087,-0.051153805382404945,-0.013346194617595057,-0.00425,-0.008193686570173112,-0.00030631342982688926,-0.011447739839447107,0.0029477398394471077
akane-kurumi,task_strong,freeze_R,unformed_turns,1000,23.65,23.27340872369452,24.026591276305478,22.962672043170713,24.337327956829284,2.0875,1.7243194654849316,2.450680534515068,1.4246483875109135,2.7503516124890863,24.26775,23.88849474175457,24.64700525824543,23.575559930373576,24.959940069626423,2.32575,1.9556362526937903,2.6958637473062104,1.6502443743092574,3.0012556256907432,0.61775,0.4664053811013766,0.7690946188986234,0.3415264275763061,0.8939735724236939
akane-kurumi,task_strong,freeze_R,known_share,1000,0.20220833333333332,0.20019711445781177,0.20421955220885488,0.19853759785053,0.20587906881613666,0.0,0.0,0.0,0.0,0.0,0.22045833333333334,0.2184356486004774,0.22248101806618928,0.21676667117274748,0.2241499954939192,0.0,0.0,0.0,0.0,0.0,0.01825,0.017112955232131348,0.01938704476786865,0.01617474572223324,0.02032525427776676
akane-kurumi,task_strong,freeze_R,bridge_share,1000,0.598375,0.5954998943871463,0.6012501056128536,0.5931275590981875,0.6036224409018125,0.0,0.0,0.0,0.0,0.0,0.5801666666666667,0.5773602490823726,0.5829730842509608,0.5750445903319564,0.585288743001377,0.0,0.0,0.0,0.0,0.0,-0.018208333333333333,-0.019413432160246324,-0.017003234506420342,-0.0204077951015544,-0.016008871565112267
akane-kurumi,task_strong,freeze_R,all_formed,1000,0.483,0.45201209868952674,0.5139879013104732,0.4264430582059523,0.5395569417940477,-0.075,-0.10718488568982135,-0.042815114310178655,-0.13374159364229327,-0.01625840635770673,0.47,0.43905003294896,0.50094996705104,0.4135122931528843,0.5264877068471157,-0.084,-0.11686875150085907,-0.05113124849914094,-0.14398973750599944,-0.02401026249400056,-0.013,-0.025530498113921208,-0.00046950188607879084,-0.03586978538427016,0.009869785384270158
akane-kurumi,task_strong,freeze_R,questions,1000,12.642,12.583767258094523,12.700232741905475,12.5357176880274,12.748282311972599,,,,,,12.642,12.583767258094523,12.700232741905475,12.5357176880274,12.748282311972599,,,,,,0,0.0,0.0,0.0,0.0
akane-kurumi,task_strong,freeze_R,question_positive_difference,1000,-2.474,-2.5889028291145983,-2.359097170885402,-2.6837125763082694,-2.264287423691731,,,,,,-1.54,-1.6419030955412095,-1.4380969044587906,-1.7259863753086626,-1.3540136246913375,,,,,,0.934,0.8847936828034038,0.9832063171965963,0.8441920846557373,1.0238079153442627
akane-kurumi,task_strong,freeze_R,other_positive_difference,1000,-1.826,-1.9608339894949458,-1.6911660105050543,-2.072089530856597,-1.579910469143403,,,,,,-1.751,-1.8835512594990889,-1.618448740500911,-1.9929232523399047,-1.509076747660095,,,,,,0.075,0.021894882039924304,0.12810511796007568,-0.021923732760789946,0.17192373276078993
akane-kurumi,task_strong,freeze_R,immediate_positive_difference,1000,-1.191,-1.321733145551332,-1.0602668544486682,-1.429604958413253,-0.9523950415867471,,,,,,-0.228,-0.34384759873096954,-0.11215240126903048,-0.439436903479269,-0.016563096520731013,,,,,,0.963,0.9137161025064763,1.0122838974935238,0.8730504905447413,1.0529495094552588
akane-kurumi,task_strong,freeze_R,immediate_positive_losses,1000,2.504,2.4181192522317296,2.5898807477682704,2.347256488908536,2.660743511091464,,,,,,1.591,1.5227950997448216,1.6592049002551783,1.4665172047583224,1.7154827952416776,,,,,,-0.913,-0.960609082687596,-0.865390917312404,-0.9998927550611608,-0.8261072449388392
akane-kurumi,task_strong,freeze_R,immediate_positive_gains,1000,1.313,1.240708371375593,1.3852916286244068,1.1810583950702838,1.4449416049297161,,,,,,1.363,1.289228775235847,1.436771224764153,1.2283579400792888,1.4976420599207112,,,,,,0.05,0.030636866706781913,0.0693631332932181,0.01465976860960258,0.08534023139039743
akane-kurumi,task_strong,freeze_R,changed_topics,1000,27.434,27.197202794554272,27.67079720544573,27.001814366284275,27.866185633715727,,,,,,26.817,26.585891028269316,27.048108971730684,26.395196131086912,27.238803868913088,,,,,,-0.617,-0.6857829472429863,-0.5482170527570137,-0.7425378060188234,-0.49146219398117663
akane-kurumi,task_strong,freeze_R,task_progress,1000,1.0,1.0,1.0,1.0,1.0,,,,,,1.0,1.0,1.0,1.0,1.0,,,,,,0.0,0.0,0.0,0.0,0.0
akane-kurumi,task_strong,freeze_TR,bridge_count,1000,3.552,3.5158787561418787,3.5881212438581214,3.4860740418028278,3.6179259581971723,0.058,0.04128719726151908,0.07471280273848092,0.027496965856922954,0.08850303414307706,3.552,3.5160923061715725,3.5879076938284276,3.486463798323558,3.617536201676442,0.062,0.044887029967204894,0.0791129700327951,0.03076660860730954,0.09323339139269046,0,-0.011092982207425299,0.011092982207425299,-0.020246132280527088,0.020246132280527088
akane-kurumi,task_strong,freeze_TR,bridge_rate,1000,0.888,0.8789696890354697,0.8970303109645303,0.8715185104507069,0.9044814895492931,0.0145,0.01032179931537977,0.01867820068462023,0.006874241464230739,0.022125758535769265,0.888,0.8790230765428931,0.8969769234571069,0.8716159495808895,0.9043840504191105,0.0155,0.011221757491801224,0.019778242508198776,0.007691652151827385,0.023308347848172616,0.0,-0.0027732455518563247,0.0027732455518563247,-0.005061533070131772,0.005061533070131772
akane-kurumi,task_strong,freeze_TR,unformed_turns,1000,22.729,22.356337246585895,23.101662753414104,22.048842107328266,23.409157892671733,1.1665,0.8712500897308961,1.461749910269104,0.6276305934376453,1.705369406562355,23.378,23.001674354292433,23.754325645707567,22.69115685348795,24.06484314651205,1.436,1.1285500257064687,1.7434499742935312,0.8748638931535573,1.9971361068464426,0.649,0.48956341428874217,0.8084365857112579,0.35800753789138734,0.9399924621086126
akane-kurumi,task_strong,freeze_TR,known_share,1000,0.20220833333333332,0.20019711445781177,0.20421955220885488,0.19853759785053,0.20587906881613666,0.0,0.0,0.0,0.0,0.0,0.22045833333333334,0.2184356486004774,0.22248101806618928,0.21676667117274748,0.2241499954939192,0.0,0.0,0.0,0.0,0.0,0.01825,0.017112955232131348,0.01938704476786865,0.01617474572223324,0.02032525427776676
akane-kurumi,task_strong,freeze_TR,bridge_share,1000,0.598375,0.5954998943871463,0.6012501056128536,0.5931275590981875,0.6036224409018125,0.0,0.0,0.0,0.0,0.0,0.5801666666666667,0.5773602490823726,0.5829730842509608,0.5750445903319564,0.585288743001377,0.0,0.0,0.0,0.0,0.0,-0.018208333333333333,-0.019413432160246324,-0.017003234506420342,-0.0204077951015544,-0.016008871565112267
akane-kurumi,task_strong,freeze_TR,all_formed,1000,0.596,0.56557103787284,0.6264289621271599,0.5404631947599039,0.651536805240096,0.038,0.02433546747784436,0.05166453252215564,0.013060454635008437,0.06293954536499156,0.593,0.5625352317634993,0.6234647682365007,0.5373978439631021,0.6486021560368979,0.039,0.024930185286007277,0.05306981471399272,0.01332076203355604,0.06467923796644395,-0.003,-0.012803138636535094,0.006803138636535093,-0.020892000355574536,0.014892000355574538
akane-kurumi,task_strong,freeze_TR,questions,1000,12.642,12.583767258094523,12.700232741905475,12.5357176880274,12.748282311972599,,,,,,12.642,12.583767258094523,12.700232741905475,12.5357176880274,12.748282311972599,,,,,,0,0.0,0.0,0.0,0.0
akane-kurumi,task_strong,freeze_TR,question_positive_difference,1000,-2.474,-2.5889028291145983,-2.359097170885402,-2.6837125763082694,-2.264287423691731,,,,,,-1.54,-1.6419030955412095,-1.4380969044587906,-1.7259863753086626,-1.3540136246913375,,,,,,0.934,0.8847936828034038,0.9832063171965963,0.8441920846557373,1.0238079153442627
akane-kurumi,task_strong,freeze_TR,other_positive_difference,1000,0,0.0,0.0,0.0,0.0,,,,,,0,0.0,0.0,0.0,0.0,,,,,,0,0.0,0.0,0.0,0.0
akane-kurumi,task_strong,freeze_TR,immediate_positive_difference,1000,-2.474,-2.5889028291145983,-2.359097170885402,-2.6837125763082694,-2.264287423691731,,,,,,-1.54,-1.6419030955412095,-1.4380969044587906,-1.7259863753086626,-1.3540136246913375,,,,,,0.934,0.8847936828034038,0.9832063171965963,0.8441920846557373,1.0238079153442627
akane-kurumi,task_strong,freeze_TR,immediate_positive_losses,1000,3.236,3.1435567806964992,3.328443219303501,3.067279126617218,3.4047208733827823,,,,,,2.348,2.2695388106651966,2.426461189334803,2.2047981460299657,2.491201853970034,,,,,,-0.888,-0.9378974621231013,-0.8381025378768987,-0.979069344538449,-0.7969306554615511
akane-kurumi,task_strong,freeze_TR,immediate_positive_gains,1000,0.762,0.7097717528592103,0.8142282471407897,0.6666766702929818,0.8573233297070182,,,,,,0.808,0.7531929213196555,0.8628070786803446,0.7079699680281866,0.9080300319718135,,,,,,0.046,0.03134057049973386,0.06065942950026614,0.019244638522832667,0.07275536147716732
akane-kurumi,task_strong,freeze_TR,changed_topics,1000,11.004,10.922814829147397,11.085185170852602,10.855826526215937,11.152173473784062,,,,,,10.997,10.916075597100846,11.077924402899153,10.84930246157591,11.14469753842409,,,,,,-0.007,-0.018593194717754193,0.004593194717754194,-0.02815908503418015,0.01415908503418015
akane-kurumi,task_strong,freeze_TR,task_progress,1000,1.0,1.0,1.0,1.0,1.0,,,,,,1.0,1.0,1.0,1.0,1.0,,,,,,0.0,0.0,0.0,0.0,0.0
koharu-midori,task_weak,original,bridge_count,1000,2.922,2.872861250297527,2.9711387497024733,2.8323154041020593,3.011684595897941,-0.254,-0.2975622060988674,-0.2104377939011326,-0.33350668004487494,-0.1744933199551251,2.83,2.7801162576810063,2.879883742318994,2.7389556958847336,2.9210443041152665,-0.238,-0.28225721082840977,-0.19374278917159024,-0.31877515388056604,-0.15722484611943394,-0.092,-0.11361851192051982,-0.07038148807948018,-0.13145659010955765,-0.052543409890442344
koharu-midori,task_weak,original,bridge_rate,1000,0.7305,0.7182153125743818,0.7427846874256183,0.7080788510255148,0.7529211489744853,-0.0635,-0.07439055152471685,-0.05260944847528315,-0.08337667001121873,-0.043623329988781274,0.7075,0.6950290644202516,0.7199709355797485,0.6847389239711834,0.7302610760288166,-0.0595,-0.07056430270710244,-0.04843569729289756,-0.07969378847014151,-0.039306211529858484,-0.023,-0.028404627980129955,-0.017595372019870045,-0.03286414752738941,-0.013135852472610586
koharu-midori,task_weak,original,unformed_turns,1000,26.382,25.95380592048543,26.810194079514574,25.600490229815062,27.16350977018494,1.32975,1.0877717911930138,1.5717282088069862,0.8881083627104416,1.7713916372895584,27.52625,27.097715701906907,27.954784298093095,26.744119286752476,28.308380713247526,1.24825,1.0007936984915191,1.495706301508481,0.7966101325316163,1.699889867468384,1.14425,0.957651276717576,1.330848723282424,0.8036831114653178,1.4848168885346822
koharu-midori,task_weak,original,known_share,1000,0.223,0.22050477990260467,0.22549522009739534,0.21844589946902826,0.22755410053097175,0.0,0.0,0.0,0.0,0.0,0.2544375,0.2519411941943515,0.25693380580564845,0.24988141791055282,0.25899358208944717,0.0,0.0,0.0,0.0,0.0,0.0314375,0.02995550523805019,0.03291949476194981,0.028732667212167717,0.03414233278783228
koharu-midori,task_weak,original,bridge_share,1000,0.5506458333333334,0.5471207335759042,0.5541709330907626,0.5442120687552929,0.5570795979113738,0.0,0.0,0.0,0.0,0.0,0.5185416666666667,0.5150645576030597,0.5220187757302737,0.5121954913335371,0.5248878419997962,0.0,0.0,0.0,0.0,0.0,-0.03210416666666667,-0.03364057189978256,-0.030567761433550777,-0.03490830562628177,-0.029300027707051566
koharu-midori,task_weak,original,all_formed,1000,0.24,0.21351586797251512,0.26648413202748483,0.19166302168911026,0.2883369783108897,-0.121,-0.1498443535398374,-0.09215564646016258,-0.17364468890276732,-0.06835531109723267,0.205,0.1799657939716181,0.23003420602838187,0.15930932482256022,0.25069067517743976,-0.098,-0.12575989707267457,-0.07024010292732545,-0.14866541509919487,-0.04733458490080513,-0.035,-0.04911020687084133,-0.02088979312915867,-0.0607529588951682,-0.009247041104831811
koharu-midori,task_weak,original,questions,1000,6,6.0,6.0,6.0,6.0,,,,,,6,6.0,6.0,6.0,6.0,,,,,,0,0.0,0.0,0.0,0.0
koharu-midori,task_weak,original,question_positive_difference,1000,-1.149,-1.2342248409321597,-1.0637751590678404,-1.3045463959857797,-0.9934536040142203,,,,,,-0.698,-0.7736642834988701,-0.6223357165011298,-0.8360971378106075,-0.5599028621893924,,,,,,0.451,0.4128944052040287,0.4891055947959713,0.3814523437934492,0.5205476562065507
koharu-midori,task_weak,original,other_positive_difference,1000,-0.767,-0.8649845188973418,-0.6690154811026582,-0.9458344643437263,-0.5881655356562737,,,,,,-0.707,-0.8035701085609178,-0.6104298914390821,-0.8832529819042235,-0.5307470180957764,,,,,,0.06,0.017019167155672844,0.10298083284432716,-0.01844559839922838,0.13844559839922838
koharu-midori,task_weak,original,immediate_positive_difference,1000,-1.149,-1.2342248409321597,-1.0637751590678404,-1.3045463959857797,-0.9934536040142203,,,,,,-0.698,-0.7736642834988701,-0.6223357165011298,-0.8360971378106075,-0.5599028621893924,,,,,,0.451,0.4128944052040287,0.4891055947959713,0.3814523437934492,0.5205476562065507
koharu-midori,task_weak,original,immediate_positive_losses,1000,1.489,1.4195613703354562,1.558438629664544,1.362265488461178,1.6157345115388222,,,,,,1.054,0.9955284341032463,1.1124715658967539,0.9472818032464869,1.1607181967535132,,,,,,-0.435,-0.4706108378414742,-0.39938916215852577,-0.4999944009714794,-0.3700055990285206
koharu-midori,task_weak,original,immediate_positive_gains,1000,0.34,0.30489899259678266,0.3751010074032174,0.27593610574894767,0.4040638942510524,,,,,,0.356,0.3202012775237589,0.3917987224762411,0.290662685184629,0.42133731481537096,,,,,,0.016,0.0016239915129400394,0.03037600848705996,-0.010238081343010762,0.04223808134301076
koharu-midori,task_weak,original,changed_topics,1000,10.437,10.280809010776181,10.593190989223817,10.151931172725124,10.722068827274875,,,,,,10.39,10.240400173970864,10.539599826029137,10.116960901018814,10.663039098981187,,,,,,-0.047,-0.11444151736033127,0.02044151736033127,-0.17008952237954142,0.07608952237954142
koharu-midori,task_weak,original,task_progress,1000,0.48375,0.4815395130306807,0.4859604869693193,0.47971557438312096,0.48778442561687907,,,,,,0.48375,0.4815395130306807,0.4859604869693193,0.47971557438312096,0.48778442561687907,,,,,,0.0,0.0,0.0,0.0,0.0
koharu-midori,task_weak,rotated,bridge_count,1000,2.958,2.9093994750169445,3.006600524983056,2.8692977340708827,3.0467022659291176,-0.218,-0.2614292378507878,-0.1745707621492122,-0.2972639957342549,-0.13873600426574514,2.873,2.822817625561316,2.9231823744386842,2.781410653507002,2.9645893464929984,-0.195,-0.23924065546073653,-0.15075934453926348,-0.27574493818585044,-0.11425506181414956,-0.085,-0.10663975783411449,-0.06336024216588552,-0.1244953666593632,-0.04550463334063682
koharu-midori,task_weak,rotated,bridge_rate,1000,0.7395,0.7273498687542361,0.751650131245764,0.7173244335177207,0.7616755664822794,-0.0545,-0.06535730946269695,-0.04364269053730305,-0.07431599893356372,-0.034684001066436286,0.71825,0.705704406390329,0.7307955936096711,0.6953526633767505,0.7411473366232496,-0.04875,-0.05981016386518413,-0.03768983613481587,-0.06893623454646261,-0.02856376545353739,-0.02125,-0.026659939458528622,-0.01584006054147138,-0.0311238416648408,-0.011376158335159205
koharu-midori,task_weak,rotated,unformed_turns,1000,26.161,25.7321754830321,26.5898245169679,25.378339599638615,26.943660400361388,1.10875,0.8731792693337165,1.3443207306662832,0.6788028419402397,1.5386971580597602,27.2895,26.858403841537132,27.720596158462868,26.502693559075215,28.076306440924785,1.0115,0.7676840190205307,1.2553159809794694,0.5665041899722343,1.4564958100277658,1.1285,0.9415025926094943,1.315497407390506,0.7872054612230803,1.4697945387769198
koharu-midori,task_weak,rotated,known_share,1000,0.223,0.22050477990260467,0.22549522009739534,0.21844589946902826,0.22755410053097175,0.0,0.0,0.0,0.0,0.0,0.2544375,0.2519411941943515,0.25693380580564845,0.24988141791055282,0.25899358208944717,0.0,0.0,0.0,0.0,0.0,0.0314375,0.02995550523805019,0.03291949476194981,0.028732667212167717,0.03414233278783228
koharu-midori,task_weak,rotated,bridge_share,1000,0.5506458333333334,0.5471207335759042,0.5541709330907626,0.5442120687552929,0.5570795979113738,0.0,0.0,0.0,0.0,0.0,0.5185416666666667,0.5150645576030597,0.5220187757302737,0.5121954913335371,0.5248878419997962,0.0,0.0,0.0,0.0,0.0,-0.03210416666666667,-0.03364057189978256,-0.030567761433550777,-0.03490830562628177,-0.029300027707051566
koharu-midori,task_weak,rotated,all_formed,1000,0.257,0.22990218360728576,0.28409781639271425,0.207542968072815,0.306457031927185,-0.104,-0.1319523342028423,-0.0760476657971577,-0.15501663783805883,-0.05298336216194116,0.227,0.2010237770690626,0.2529762229309374,0.17959002171154784,0.27440997828845215,-0.076,-0.10290362658682883,-0.04909637341317116,-0.1251026103276575,-0.026897389672342516,-0.03,-0.0419442884269439,-0.018055711573056098,-0.05179987662170814,-0.008200123378291863
koharu-midori,task_weak,rotated,questions,1000,6,6.0,6.0,6.0,6.0,,,,,,6,6.0,6.0,6.0,6.0,,,,,,0,0.0,0.0,0.0,0.0
koharu-midori,task_weak,rotated,question_positive_difference,1000,-1.106,-1.1902255265446393,-1.0217744734553609,-1.2597225175280977,-0.9522774824719025,,,,,,-0.689,-0.7652586807700787,-0.6127413192299211,-0.8281819899770537,-0.5498180100229462,,,,,,0.417,0.37983897526494514,0.4541610247350548,0.34917630674984323,0.48482369325015673
koharu-midori,task_weak,rotated,other_positive_difference,1000,-0.724,-0.8201845358846387,-0.6278154641153613,-0.8995492617267513,-0.5484507382732486,,,,,,-0.668,-0.7647416809572505,-0.5712583190427496,-0.8445661237958162,-0.4914338762041839,,,,,,0.056,0.012200978359138012,0.09979902164086199,-0.023938899145172172,0.13593889914517218
koharu-midori,task_weak,rotated,immediate_positive_difference,1000,-1.106,-1.1902255265446393,-1.0217744734553609,-1.2597225175280977,-0.9522774824719025,,,,,,-0.689,-0.7652586807700787,-0.6127413192299211,-0.8281819899770537,-0.5498180100229462,,,,,,0.417,0.37983897526494514,0.4541610247350548,0.34917630674984323,0.48482369325015673
koharu-midori,task_weak,rotated,immediate_positive_losses,1000,1.467,1.3996691902949658,1.5343308097050343,1.3441125334600605,1.5898874665399396,,,,,,1.073,1.0141813316255004,1.1318186683744995,0.9656482961743638,1.1803517038256361,,,,,,-0.394,-0.4289012704794694,-0.3590987295205306,-0.4576993484414683,-0.3303006515585317
koharu-midori,task_weak,rotated,immediate_positive_gains,1000,0.361,0.32406900021465507,0.3979309997853449,0.29359613213787394,0.42840386786212603,,,,,,0.384,0.3460488666978321,0.42195113330216794,0.31473425606711153,0.4532657439328885,,,,,,0.023,0.009347432981809383,0.03665256701819061,-0.0019177067672593098,0.04791770676725931
koharu-midori,task_weak,rotated,changed_topics,1000,10.264,10.106799486489871,10.421200513510128,9.977088659877014,10.550911340122985,,,,,,10.38,10.231254731453687,10.528745268546315,10.108520579337506,10.651479420662495,,,,,,0.116,0.048679671294199284,0.18332032870580073,-0.006868337356015261,0.23886833735601526
koharu-midori,task_weak,rotated,task_progress,1000,0.48375,0.4815395130306807,0.4859604869693193,0.47971557438312096,0.48778442561687907,,,,,,0.48375,0.4815395130306807,0.4859604869693193,0.47971557438312096,0.48778442561687907,,,,,,0.0,0.0,0.0,0.0,0.0
koharu-midori,task_weak,outside,bridge_count,1000,2.491,2.4376584763195823,2.544341523680418,2.3936447961166194,2.588355203883381,-0.685,-0.732217508756108,-0.6377824912438921,-0.7711780818140329,-0.5988219181859672,2.369,2.3151947836757096,2.422805216324291,2.270798496859142,2.4672015031408585,-0.699,-0.7459980852633212,-0.6520019147366787,-0.7847776054608443,-0.6132223945391556,-0.122,-0.14594613628632067,-0.09805386371367933,-0.16570480667821288,-0.07829519332178711
koharu-midori,task_weak,outside,bridge_rate,1000,0.62275,0.6094146190798956,0.6360853809201045,0.5984111990291548,0.6470888009708452,-0.17125,-0.183054377189027,-0.15944562281097302,-0.19279452045350823,-0.1497054795464918,0.59225,0.5787986959189274,0.6057013040810727,0.5676996242147855,0.6168003757852146,-0.17475,-0.1864995213158303,-0.16300047868416967,-0.19619440136521107,-0.1533055986347889,-0.0305,-0.036486534071580166,-0.024513465928419832,-0.04142620166955322,-0.019573798330446777
koharu-midori,task_weak,outside,unformed_turns,1000,28.73875,28.27414730719715,29.20335269280285,27.890789785110332,29.586710214889667,3.6865,3.4492317215800976,3.9237682784199026,3.2534545969661086,4.119545403033892,30.01325,29.547934179215694,30.478565820784304,29.163988233987695,30.862511766012304,3.73525,3.498150926440902,3.9723490735590983,3.3025134177980813,4.1679865822019195,1.2745,1.06631000948232,1.48268999051768,0.8945262464424386,1.6544737535575613
koharu-midori,task_weak,outside,known_share,1000,0.223,0.22050477990260467,0.22549522009739534,0.21844589946902826,0.22755410053097175,0.0,0.0,0.0,0.0,0.0,0.2544375,0.2519411941943515,0.25693380580564845,0.24988141791055282,0.25899358208944717,0.0,0.0,0.0,0.0,0.0,0.0314375,0.02995550523805019,0.03291949476194981,0.028732667212167717,0.03414233278783228
koharu-midori,task_weak,outside,bridge_share,1000,0.5506458333333334,0.5471207335759042,0.5541709330907626,0.5442120687552929,0.5570795979113738,0.0,0.0,0.0,0.0,0.0,0.5185416666666667,0.5150645576030597,0.5220187757302737,0.5121954913335371,0.5248878419997962,0.0,0.0,0.0,0.0,0.0,-0.03210416666666667,-0.03364057189978256,-0.030567761433550777,-0.03490830562628177,-0.029300027707051566
koharu-midori,task_weak,outside,all_formed,1000,0.11,0.09059718811334014,0.12940281188665986,0.07458735002670883,0.14541264997329117,-0.251,-0.277887541693102,-0.224112458306898,-0.3000732533089566,-0.20192674669104338,0.088,0.07043241423331965,0.10556758576668034,0.05593687588864635,0.12006312411135364,-0.215,-0.2404757738853024,-0.1895242261146976,-0.26149659382716567,-0.16850340617283432,-0.022,-0.03265373961422785,-0.01134626038577215,-0.041444457538890464,-0.0025555424611095334
koharu-midori,task_weak,outside,questions,1000,6,6.0,6.0,6.0,6.0,,,,,,6,6.0,6.0,6.0,6.0,,,,,,0,0.0,0.0,0.0,0.0
koharu-midori,task_weak,outside,question_positive_difference,1000,-2.218,-2.288006627754303,-2.147993372245697,-2.3457711817727875,-2.0902288182272124,,,,,,-1.529,-1.5924570154294007,-1.4655429845705992,-1.6448172892093091,-1.4131827107906907,,,,,,0.689,0.6528264691973436,0.7251735308026563,0.6229786113427573,0.7550213886572426
koharu-midori,task_weak,outside,other_positive_difference,1000,-2.193,-2.2895820538958183,-2.096417946104182,-2.3692747836907952,-2.016725216309205,,,,,,-2.108,-2.2029879312580536,-2.0130120687419466,-2.281365302976586,-1.934634697023414,,,,,,0.085,0.038027449925935895,0.1319725500740641,-0.0007310004262520292,0.17073100042625206
koharu-midori,task_weak,outside,immediate_positive_difference,1000,-2.218,-2.288006627754303,-2.147993372245697,-2.3457711817727875,-2.0902288182272124,,,,,,-1.529,-1.5924570154294007,-1.4655429845705992,-1.6448172892093091,-1.4131827107906907,,,,,,0.689,0.6528264691973436,0.7251735308026563,0.6229786113427573,0.7550213886572426
koharu-midori,task_weak,outside,immediate_positive_losses,1000,2.218,2.147993372245697,2.288006627754303,2.0902288182272124,2.3457711817727875,,,,,,1.529,1.4655429845705992,1.5924570154294007,1.4131827107906907,1.6448172892093091,,,,,,-0.689,-0.7251735308026563,-0.6528264691973436,-0.7550213886572426,-0.6229786113427573
koharu-midori,task_weak,outside,immediate_positive_gains,1000,0,0.0,0.0,0.0,0.0,,,,,,0,0.0,0.0,0.0,0.0,,,,,,0,0.0,0.0,0.0,0.0
koharu-midori,task_weak,outside,changed_topics,1000,11.992,11.870356964993611,12.11364303500639,11.769985673131648,12.214014326868353,,,,,,11.685,11.566335953229313,11.803664046770688,11.468422713303024,11.901577286696977,,,,,,-0.307,-0.35166350490355935,-0.26233649509644064,-0.38851669330039557,-0.22548330669960442
koharu-midori,task_weak,outside,task_progress,1000,0.48375,0.4815395130306807,0.4859604869693193,0.47971557438312096,0.48778442561687907,,,,,,0.48375,0.4815395130306807,0.4859604869693193,0.47971557438312096,0.48778442561687907,,,,,,0.0,0.0,0.0,0.0,0.0
koharu-midori,task_medium,original,bridge_count,1000,2.765,2.7141740802924916,2.8158259197075086,2.6722360998660157,2.8577639001339845,-0.58,-0.6348934518048469,-0.525106548195153,-0.68018767413435,-0.47981232586564987,2.704,2.65232586923624,2.75567413076376,2.6096880045995166,2.798311995400484,-0.598,-0.6542359222610651,-0.5417640777389349,-0.7006378569554402,-0.4953621430445598,-0.061,-0.07952882953464475,-0.04247117046535524,-0.09481751874718142,-0.02718248125281858
koharu-midori,task_medium,original,bridge_rate,1000,0.69125,0.6785435200731229,0.7039564799268772,0.6680590249665039,0.7144409750334961,-0.145,-0.15872336295121173,-0.13127663704878825,-0.1700469185335875,-0.11995308146641247,0.676,0.66308146730906,0.68891853269094,0.6524220011498791,0.699577998850121,-0.1495,-0.16355898056526627,-0.13544101943473372,-0.17515946423886006,-0.12384053576113994,-0.01525,-0.01988220738366119,-0.01061779261633881,-0.023704379686795354,-0.006795620313204645
koharu-midori,task_medium,original,unformed_turns,1000,28.30075,27.873803074145513,28.727696925854488,27.521516447112095,29.079983552887906,3.73525,3.3219719959633465,4.148528004036654,2.980964003511382,4.489535996488619,29.05725,28.628713855616656,29.485786144383344,28.27511591703314,29.83938408296686,3.7055,3.2888353385374374,4.122164661462562,2.9450329141567195,4.46596708584328,0.7565,0.6115570203157126,0.9014429796842873,0.4919602500076537,1.0210397499923463
koharu-midori,task_medium,original,known_share,1000,0.21616666666666667,0.2137364259142804,0.21859690741905294,0.21173116187396943,0.22060217145936392,0.0,0.0,0.0,0.0,0.0,0.24297916666666666,0.24056242178641288,0.24539591154692045,0.23856829359223292,0.2473900397411004,0.0,0.0,0.0,0.0,0.0,0.0268125,0.025371206603866835,0.028253793396133164,0.02418195248739067,0.02944304751260933
koharu-midori,task_medium,original,bridge_share,1000,0.5650416666666667,0.5617133718096884,0.5683699615236449,0.5589670965751474,0.5711162367581859,0.0,0.0,0.0,0.0,0.0,0.537875,0.5345714290330141,0.5411785709669859,0.531845554216617,0.543904445783383,0.0,0.0,0.0,0.0,0.0,-0.027166666666666665,-0.028646218365251185,-0.025687114968082146,-0.029867040546773464,-0.024466292786559866
koharu-midori,task_medium,original,all_formed,1000,0.189,0.16472190220728913,0.21327809779271087,0.14468932048752617,0.23331067951247383,-0.269,-0.30220022043657296,-0.23579977956342704,-0.3295947113348457,-0.20840528866515434,0.172,0.14859801379030918,0.1954019862096908,0.12928833783657168,0.2147116621634283,-0.26,-0.29271959675809,-0.22728040324191004,-0.31971751074173493,-0.20028248925826506,-0.017,-0.027134875100034206,-0.006865124899965798,-0.03549746245735105,0.0014974624573510543
koharu-midori,task_medium,original,questions,1000,12,12.0,12.0,12.0,12.0,,,,,,12,12.0,12.0,12.0,12.0,,,,,,0,0.0,0.0,0.0,0.0
koharu-midori,task_medium,original,question_positive_difference,1000,-2.44,-2.5587713436485084,-2.3212286563514914,-2.656773117425,-2.2232268825749997,,,,,,-1.655,-1.7586907388792719,-1.5513092611207282,-1.8442490564178584,-1.4657509435821416,,,,,,0.785,0.735749509130864,0.834250490869136,0.695111461970076,0.8748885380299241
koharu-midori,task_medium,original,other_positive_difference,1000,-1.592,-1.7393678784172089,-1.4446321215827913,-1.8609655049061822,-1.323034495093818,,,,,,-1.441,-1.584627870399709,-1.2973721296002911,-1.7031395048606894,-1.1788604951393107,,,,,,0.151,0.09029825389348028,0.2117017461065197,0.04021143490981802,0.261788565090182
koharu-midori,task_medium,original,immediate_positive_difference,1000,-1.693,-1.8148138598766907,-1.5711861401233094,-1.915326104427918,-1.4706738955720822,,,,,,-0.858,-0.9636354676689114,-0.7523645323310886,-1.050798438864216,-0.6652015611357839,,,,,,0.835,0.7872158041883158,0.8827841958116841,0.7477876407595436,0.9222123592404563
koharu-midori,task_medium,original,immediate_positive_losses,1000,2.623,2.5333321107421174,2.712667889257883,2.4593444641590105,2.78665553584099,,,,,,1.814,1.7414860187006405,1.8865139812993597,1.6816525725794653,1.9463474274205348,,,,,,-0.809,-0.8557569117799626,-0.7622430882200375,-0.8943374325519428,-0.7236625674480573
koharu-midori,task_medium,original,immediate_positive_gains,1000,0.93,0.8711346375965383,0.9888653624034618,0.8225630735111158,1.0374369264888843,,,,,,0.956,0.8959394144522688,1.0160605855477312,0.8463816361454785,1.0656183638545214,,,,,,0.026,0.010896119518295782,0.041103880481704214,-0.0015665422033368966,0.0535665422033369
koharu-midori,task_medium,original,changed_topics,1000,19.899,19.68866437078965,20.109335629210353,19.51511017734706,20.28288982265294,,,,,,19.949,19.73985978189447,20.158140218105533,19.567291957765104,20.3307080422349,,,,,,0.05,-0.03786200391370398,0.13786200391370398,-0.11035956070301113,0.21035956070301115
koharu-midori,task_medium,original,task_progress,1000,0.9515,0.9476353944547387,0.9553646055452614,0.944446593294899,0.958553406705101,,,,,,0.9515,0.9476353944547387,0.9553646055452614,0.944446593294899,0.958553406705101,,,,,,0.0,0.0,0.0,0.0,0.0
koharu-midori,task_medium,rotated,bridge_count,1000,2.855,2.8040154436619775,2.9059845563380224,2.761946567425968,2.948053432574032,-0.49,-0.5432686980711392,-0.4367313019288607,-0.5872222876944523,-0.39277771230554764,2.797,2.744829398342771,2.8491706016572294,2.701781880782255,2.892218119217745,-0.505,-0.5600464792232426,-0.44995352077675743,-0.6054669690342654,-0.40453303096573456,-0.058,-0.07687396842967277,-0.039126031570327235,-0.0924474420259923,-0.02355255797400771
koharu-midori,task_medium,rotated,bridge_rate,1000,0.71375,0.7010038609154944,0.7264961390845056,0.690486641856492,0.737013358143508,-0.1225,-0.1358171745177848,-0.10918282548221518,-0.14680557192361307,-0.09819442807638691,0.69925,0.6862073495856927,0.7122926504143073,0.6754454701955638,0.7230545298044363,-0.12625,-0.14001161980581064,-0.11248838019418936,-0.15136674225856636,-0.10113325774143364,-0.0145,-0.019218492107418193,-0.009781507892581809,-0.023111860506498074,-0.005888139493501927
koharu-midori,task_medium,rotated,unformed_turns,1000,27.513,27.06498367887588,27.961016321124124,26.695312066159946,28.330687933840057,2.9475,2.5173015687147613,3.3776984312852383,2.1623320276898954,3.732667972310104,28.2385,27.78897754295498,28.688022457045015,27.41806317262377,29.058936827376225,2.88675,2.446827727973993,3.3266722720260073,2.083834756286125,3.6896652437138755,0.7255,0.5842341714570933,0.8667658285429067,0.4676715280960701,0.9833284719039299
koharu-midori,task_medium,rotated,known_share,1000,0.21616666666666667,0.2137364259142804,0.21859690741905294,0.21173116187396943,0.22060217145936392,0.0,0.0,0.0,0.0,0.0,0.24297916666666666,0.24056242178641288,0.24539591154692045,0.23856829359223292,0.2473900397411004,0.0,0.0,0.0,0.0,0.0,0.0268125,0.025371206603866835,0.028253793396133164,0.02418195248739067,0.02944304751260933
koharu-midori,task_medium,rotated,bridge_share,1000,0.5650416666666667,0.5617133718096884,0.5683699615236449,0.5589670965751474,0.5711162367581859,0.0,0.0,0.0,0.0,0.0,0.537875,0.5345714290330141,0.5411785709669859,0.531845554216617,0.543904445783383,0.0,0.0,0.0,0.0,0.0,-0.027166666666666665,-0.028646218365251185,-0.025687114968082146,-0.029867040546773464,-0.024466292786559866
koharu-midori,task_medium,rotated,all_formed,1000,0.22,0.19431190084030275,0.24568809915969725,0.17311588498948474,0.2668841150105153,-0.238,-0.27226703721420104,-0.20373296278579894,-0.3005417904155717,-0.1754582095844283,0.203,0.17805689546058745,0.22794310453941258,0.1574755968639407,0.24852440313605934,-0.229,-0.2631097365649242,-0.1948902634350758,-0.29125469631467793,-0.1667453036853221,-0.017,-0.028215541269415667,-0.005784458730584335,-0.03746981847553184,0.003469818475531832
koharu-midori,task_medium,rotated,questions,1000,12,12.0,12.0,12.0,12.0,,,,,,12,12.0,12.0,12.0,12.0,,,,,,0,0.0,0.0,0.0,0.0
koharu-midori,task_medium,rotated,question_positive_difference,1000,-2.42,-2.535940239343806,-2.3040597606561937,-2.6316059846214697,-2.20839401537853,,,,,,-1.609,-1.7128416421145054,-1.5051583578854946,-1.7985244744078066,-1.4194755255921934,,,,,,0.811,0.7647907465814314,0.8572092534185687,0.7266621150378745,0.8953378849621256
koharu-midori,task_medium,rotated,other_positive_difference,1000,-1.388,-1.5333701353299425,-1.2426298646700573,-1.65331936448596,-1.1226806355140397,,,,,,-1.254,-1.3965659158942796,-1.1114340841057204,-1.5142013000577978,-0.9937986999422022,,,,,,0.134,0.0744544720377735,0.19354552796222652,0.025321683088061417,0.24267831691193859
koharu-midori,task_medium,rotated,immediate_positive_difference,1000,-1.708,-1.830913546680411,-1.585086453319589,-1.9323331755724444,-1.4836668244275555,,,,,,-0.84,-0.9496467082982459,-0.730353291701754,-1.0401194736294364,-0.6398805263705635,,,,,,0.868,0.8214881163903577,0.9145118836096423,0.7831097756609613,0.9528902243390387
koharu-midori,task_medium,rotated,immediate_positive_losses,1000,2.684,2.595818117309536,2.7721818826904645,2.523056619012513,2.844943380987487,,,,,,1.85,1.7754440385254715,1.9245559614745287,1.7139256937323135,1.9860743062676867,,,,,,-0.834,-0.8778683268486558,-0.7901316731513441,-0.9140653901444802,-0.7539346098555197
koharu-midori,task_medium,rotated,immediate_positive_gains,1000,0.976,0.9134504317609874,1.0385495682390125,0.8618389196902142,1.0901610803097856,,,,,,1.01,0.9466418079448246,1.0733581920551756,0.8943630762748827,1.1256369237251174,,,,,,0.034,0.018454480594924674,0.04954551940507533,0.0056274094414411925,0.062372590558558816
koharu-midori,task_medium,rotated,changed_topics,1000,19.896,19.677483173055123,20.11451682694488,19.49717842964846,20.29482157035154,,,,,,20.053,19.836010671888882,20.26998932811112,19.656966313273298,20.449033686726704,,,,,,0.157,0.06691537511183586,0.24708462488816413,-0.007416132454137997,0.321416132454138
koharu-midori,task_medium,rotated,task_progress,1000,0.9515,0.9476353944547387,0.9553646055452614,0.944446593294899,0.958553406705101,,,,,,0.9515,0.9476353944547387,0.9553646055452614,0.944446593294899,0.958553406705101,,,,,,0.0,0.0,0.0,0.0,0.0
koharu-midori,task_medium,outside,bridge_count,1000,1.665,1.614744727317102,1.715255272682898,1.573277604749889,1.756722395250111,-1.68,-1.7369562795289315,-1.6230437204710684,-1.7839526024640646,-1.5760473975359353,1.554,1.50427129160295,1.6037287083970502,1.4632386529140466,1.6447613470859535,-1.748,-1.804783717949992,-1.691216282050008,-1.8516376551858287,-1.6443623448141713,-0.111,-0.13218213230836615,-0.08981786769163384,-0.14966014067991065,-0.07233985932008935
koharu-midori,task_medium,outside,bridge_rate,1000,0.41625,0.4036861818292755,0.4288138181707245,0.3933194011874723,0.43918059881252774,-0.42,-0.4342390698822329,-0.4057609301177671,-0.44598815061601615,-0.3940118493839838,0.3885,0.3760678229007375,0.40093217709926254,0.36580966322851166,0.41119033677148836,-0.437,-0.451195929487498,-0.422804070512502,-0.46290941379645717,-0.41109058620354283,-0.02775,-0.033045533077091536,-0.02245446692290846,-0.03741503516997766,-0.018084964830022338
koharu-midori,task_medium,outside,unformed_turns,1000,35.80375,35.394182855170705,36.2133171448293,35.056236803195155,36.55126319680485,11.23825,10.838260161891968,11.638239838108033,10.508216630994765,11.968283369005237,36.74475,36.33867113418554,37.15082886581447,36.00360336513902,37.485896634860985,11.393,10.9949260981263,11.791073901873702,10.666463463290714,12.119536536709287,0.941,0.7751635217211607,1.1068364782788391,0.6383269033170629,1.243673096682937
koharu-midori,task_medium,outside,known_share,1000,0.21616666666666667,0.2137364259142804,0.21859690741905294,0.21173116187396943,0.22060217145936392,0.0,0.0,0.0,0.0,0.0,0.24297916666666666,0.24056242178641288,0.24539591154692045,0.23856829359223292,0.2473900397411004,0.0,0.0,0.0,0.0,0.0,0.0268125,0.025371206603866835,0.028253793396133164,0.02418195248739067,0.02944304751260933
koharu-midori,task_medium,outside,bridge_share,1000,0.5650416666666667,0.5617133718096884,0.5683699615236449,0.5589670965751474,0.5711162367581859,0.0,0.0,0.0,0.0,0.0,0.537875,0.5345714290330141,0.5411785709669859,0.531845554216617,0.543904445783383,0.0,0.0,0.0,0.0,0.0,-0.027166666666666665,-0.028646218365251185,-0.025687114968082146,-0.029867040546773464,-0.024466292786559866
koharu-midori,task_medium,outside,all_formed,1000,0.01,0.003829918160193504,0.016170081839806498,-0.0012612001691287757,0.021261200169128774,-0.448,-0.4788376924700419,-0.41716230752995814,-0.5042827911647388,-0.3917172088352612,0.007,0.0018299234733621895,0.012170076526637812,-0.0024360606824638713,0.016436060682463872,-0.425,-0.4556550278213987,-0.39434497217860126,-0.4809494044730222,-0.3690505955269778,-0.003,-0.007380938052314621,0.0013809380523146205,-0.010995780544981442,0.004995780544981443
koharu-midori,task_medium,outside,questions,1000,12,12.0,12.0,12.0,12.0,,,,,,12,12.0,12.0,12.0,12.0,,,,,,0,0.0,0.0,0.0,0.0
koharu-midori,task_medium,outside,question_positive_difference,1000,-4.79,-4.8764145271960135,-4.7035854728039865,-4.94771772782603,-4.6322822721739705,,,,,,-3.51,-3.5860976760242798,-3.43390232397572,-3.648888135419255,-3.3711118645807447,,,,,,1.28,1.232464920913669,1.327535079086331,1.193242311116034,1.366757688883966
koharu-midori,task_medium,outside,other_positive_difference,1000,-4.419,-4.559061791248604,-4.278938208751395,-4.6746309475705,-4.163369052429499,,,,,,-4.196,-4.332982385978886,-4.059017614021114,-4.446010633278969,-3.94598936672103,,,,,,0.223,0.15526036217891234,0.2907396378210877,0.09936636908668978,0.34663363091331023
koharu-midori,task_medium,outside,immediate_positive_difference,1000,-3.356,-3.434568156001891,-3.2774318439981087,-3.4993970820206144,-3.2126029179793854,,,,,,-2,-2.065568346082603,-1.934431653917397,-2.1196707416798315,-1.8803292583201683,,,,,,1.356,1.3088033040297258,1.4031966959702744,1.2698599042213936,1.4421400957786066
koharu-midori,task_medium,outside,immediate_positive_losses,1000,3.356,3.2774318439981087,3.434568156001891,3.2126029179793854,3.4993970820206144,,,,,,2,1.934431653917397,2.065568346082603,1.8803292583201683,2.1196707416798315,,,,,,-1.356,-1.4031966959702744,-1.3088033040297258,-1.4421400957786066,-1.2698599042213936
koharu-midori,task_medium,outside,immediate_positive_gains,1000,0,0.0,0.0,0.0,0.0,,,,,,0,0.0,0.0,0.0,0.0,,,,,,0,0.0,0.0,0.0,0.0
koharu-midori,task_medium,outside,changed_topics,1000,22.814,22.64193129847516,22.98606870152484,22.49995228701633,23.12804771298367,,,,,,22.362,22.191057405131602,22.532942594868395,22.050007577821095,22.6739924221789,,,,,,-0.452,-0.5207098100098639,-0.38329018999013614,-0.5774043210759343,-0.3265956789240657
koharu-midori,task_medium,outside,task_progress,1000,0.9515,0.9476353944547387,0.9553646055452614,0.944446593294899,0.958553406705101,,,,,,0.9515,0.9476353944547387,0.9553646055452614,0.944446593294899,0.958553406705101,,,,,,0.0,0.0,0.0,0.0,0.0
koharu-midori,task_strong,original,bridge_count,1000,2.87,2.8185976112854125,2.9214023887145877,2.7761839691085055,2.9638160308914947,-0.624,-0.6802437171079057,-0.5677562828920943,-0.726652083562613,-0.521347916437387,2.848,2.7966052425368626,2.899394757463137,2.7541978971328582,2.9418021028671415,-0.614,-0.6707331756525194,-0.5572668243474805,-0.7175454089330848,-0.5104545910669152,-0.022,-0.03401106703550236,-0.009988932964497644,-0.04392175624948569,-7.824375051431257e-05
koharu-midori,task_strong,original,bridge_rate,1000,0.7175,0.7046494028213531,0.7303505971786469,0.6940459922771264,0.7409540077228737,-0.156,-0.1700609292769764,-0.14193907072302359,-0.18166302089065325,-0.13033697910934675,0.712,0.6991513106342157,0.7248486893657843,0.6885494742832146,0.7354505257167854,-0.1535,-0.16768329391312986,-0.13931670608687013,-0.1793863522332712,-0.1276136477667288,-0.0055,-0.00850276675887559,-0.002497233241124411,-0.010980439062371422,-1.956093762857814e-05
koharu-midori,task_strong,original,unformed_turns,1000,26.85575,26.420053002626112,27.29144699737389,26.060546430922287,27.650953569077714,5.29325,4.803565714928336,5.782934285071663,4.399512623893873,6.186987376106126,27.14625,26.71460121875783,27.577898781242165,26.35843495077839,27.93406504922161,5.1185,4.627251496098985,5.609748503901015,4.221907721511219,6.0150922784887815,0.2905,0.20377819601226638,0.3772218039877336,0.13222145214779746,0.4487785478522025
koharu-midori,task_strong,original,known_share,1000,0.19941666666666666,0.1973958228691161,0.2014375104642172,0.1957283644519471,0.2031049688813862,0.0,0.0,0.0,0.0,0.0,0.21889583333333335,0.21691286756703437,0.22087879909963232,0.2152766634418165,0.22251500322485018,0.0,0.0,0.0,0.0,0.0,0.019479166666666665,0.018298800352269332,0.020659532981064,0.017324844943805692,0.02163348838952764
koharu-midori,task_strong,original,bridge_share,1000,0.598375,0.5954998943871463,0.6012501056128536,0.5931275590981875,0.6036224409018125,0.0,0.0,0.0,0.0,0.0,0.5786875,0.5758661426935249,0.5815088573064752,0.573538156733291,0.583836843266709,0.0,0.0,0.0,0.0,0.0,-0.0196875,-0.020891109752724495,-0.018483890247275505,-0.02188424401456095,-0.01749075598543905
koharu-midori,task_strong,original,all_formed,1000,0.248,0.22122015321564004,0.27477984678435996,0.1991233038771598,0.2968766961228402,-0.31,-0.3462595890461792,-0.2737404109538208,-0.37617845612112316,-0.24382154387887683,0.239,0.2125537191240021,0.26544628087599786,0.1907321049532538,0.2872678950467462,-0.296,-0.33239106874336455,-0.2596089312566354,-0.362418423633163,-0.22958157636683696,-0.009,-0.016574311889577864,-0.0014256881104221346,-0.022824102264196768,0.004824102264196771
koharu-midori,task_strong,original,questions,1000,12.642,12.583767258094523,12.700232741905475,12.5357176880274,12.748282311972599,,,,,,12.642,12.583767258094523,12.700232741905475,12.5357176880274,12.748282311972599,,,,,,0,0.0,0.0,0.0,0.0
koharu-midori,task_strong,original,question_positive_difference,1000,-2.532,-2.6602153929471366,-2.4037846070528635,-2.7660097331328894,-2.2979902668671106,,,,,,-1.637,-1.755655231969238,-1.518344768030762,-1.8535611985402616,-1.4204388014597384,,,,,,0.895,0.8457807507727465,0.9442192492272535,0.8051684820213468,0.9848315179786532
koharu-midori,task_strong,original,other_positive_difference,1000,-2.822,-3.0010227848713766,-2.6429772151286235,-3.148739817657698,-2.495260182342302,,,,,,-2.476,-2.647262497007609,-2.304737502992391,-2.7885762851028875,-2.1634237148971125,,,,,,0.346,0.2835470273870956,0.40845297261290436,0.23201521924495402,0.4599847807550459
koharu-midori,task_strong,original,immediate_positive_difference,1000,-1.186,-1.3155049850297182,-1.0564950149702816,-1.4223634060590384,-0.9496365939409613,,,,,,-0.321,-0.4400229530710684,-0.20197704692893156,-0.5382323372774189,-0.10376766272258109,,,,,,0.865,0.8174983026487342,0.9125016973512657,0.7783032371151248,0.9516967628848751
koharu-midori,task_strong,original,immediate_positive_losses,1000,2.5,2.4141188940199045,2.5858811059800955,2.343255835125463,2.656744164874537,,,,,,1.722,1.6490284313212644,1.7949715686787355,1.5888174162220932,1.8551825837779068,,,,,,-0.778,-0.8234302993353302,-0.7325697006646699,-0.860916192660199,-0.695083807339801
koharu-midori,task_strong,original,immediate_positive_gains,1000,1.314,1.2418049022541107,1.3861950977458894,1.182234576452267,1.445765423547733,,,,,,1.401,1.326014624860011,1.475985375139989,1.264141958059488,1.5378580419405121,,,,,,0.087,0.06930428108077921,0.10469571891922078,0.054703016254929626,0.11929698374507036
koharu-midori,task_strong,original,changed_topics,1000,27.434,27.197202794554272,27.67079720544573,27.001814366284275,27.866185633715727,,,,,,27.308,27.07568265280568,27.54031734719432,26.883990689031396,27.732009310968603,,,,,,-0.126,-0.19681622480827465,-0.055183775191725334,-0.25524880147343626,0.003248801473436258
koharu-midori,task_strong,original,task_progress,1000,1.0,1.0,1.0,1.0,1.0,,,,,,1.0,1.0,1.0,1.0,1.0,,,,,,0.0,0.0,0.0,0.0,0.0
koharu-midori,task_strong,rotated,bridge_count,1000,2.807,2.7562507051031,2.8577492948969,2.714375950090467,2.8996240499095327,-0.687,-0.7427081114675708,-0.6312918885324293,-0.7886745337530445,-0.5853254662469556,2.768,2.717234605814129,2.8187653941858706,2.675346566798578,2.8606534332014215,-0.694,-0.750643633743287,-0.6373563662567129,-0.7973819833271412,-0.5906180166728587,-0.039,-0.053340522200288835,-0.024659477799711164,-0.06517331426390809,-0.012826685736091914
koharu-midori,task_strong,rotated,bridge_rate,1000,0.70175,0.689062676275775,0.714437323724225,0.6785939875226168,0.7249060124773832,-0.17175,-0.1856770278668927,-0.15782297213310734,-0.19716863343826113,-0.1463313665617389,0.692,0.6793086514535323,0.7046913485464676,0.6688366416996445,0.7151633583003554,-0.1735,-0.18766090843582175,-0.15933909156417822,-0.1993454958317853,-0.14765450416821468,-0.00975,-0.013335130550072209,-0.006164869449927791,-0.01629332856597702,-0.0032066714340229785
koharu-midori,task_strong,rotated,unformed_turns,1000,26.98225,26.51806832804334,27.44643167195666,26.135058202798692,27.82944179720131,5.41975,4.908213516129855,5.931286483870144,4.486129524901947,6.353370475098052,27.421,26.96285541142731,27.87914458857269,26.584826663524126,28.257173336475873,5.39325,4.879638515057768,5.906861484942232,4.4558423786321555,6.330657621367845,0.43875,0.32239448572068785,0.5551055142793121,0.2263860847229299,0.6511139152770701
koharu-midori,task_strong,rotated,known_share,1000,0.19941666666666666,0.1973958228691161,0.2014375104642172,0.1957283644519471,0.2031049688813862,0.0,0.0,0.0,0.0,0.0,0.21889583333333335,0.21691286756703437,0.22087879909963232,0.2152766634418165,0.22251500322485018,0.0,0.0,0.0,0.0,0.0,0.019479166666666665,0.018298800352269332,0.020659532981064,0.017324844943805692,0.02163348838952764
koharu-midori,task_strong,rotated,bridge_share,1000,0.598375,0.5954998943871463,0.6012501056128536,0.5931275590981875,0.6036224409018125,0.0,0.0,0.0,0.0,0.0,0.5786875,0.5758661426935249,0.5815088573064752,0.573538156733291,0.583836843266709,0.0,0.0,0.0,0.0,0.0,-0.0196875,-0.020891109752724495,-0.018483890247275505,-0.02188424401456095,-0.01749075598543905
koharu-midori,task_strong,rotated,all_formed,1000,0.208,0.18283090583868977,0.2331690941613102,0.1620631364729104,0.2539368635270896,-0.35,-0.3861321010837832,-0.31386789891621675,-0.4159457740431589,-0.28405422595684104,0.192,0.16757527841254635,0.21642472158745366,0.14742171303190002,0.2365782869681,-0.343,-0.37891063875198516,-0.3070893612480149,-0.4085415765441549,-0.27745842345584515,-0.016,-0.024713465147395433,-0.007286534852604569,-0.03190320480978004,-9.6795190219965e-05
koharu-midori,task_strong,rotated,questions,1000,12.642,12.583767258094523,12.700232741905475,12.5357176880274,12.748282311972599,,,,,,12.642,12.583767258094523,12.700232741905475,12.5357176880274,12.748282311972599,,,,,,0,0.0,0.0,0.0,0.0
koharu-midori,task_strong,rotated,question_positive_difference,1000,-2.515,-2.6443024809180846,-2.3856975190819156,-2.750993809772411,-2.279006190227589,,,,,,-1.63,-1.748750296812231,-1.5112497031877687,-1.846734704217137,-1.4132652957828629,,,,,,0.885,0.8373770266826231,0.9326229733173769,0.7980818927366321,0.9719181072633679
koharu-midori,task_strong,rotated,other_positive_difference,1000,-2.936,-3.1260017701998564,-2.7459982298001435,-3.2827778908385588,-2.589222109161441,,,,,,-2.649,-2.8308940342014495,-2.4671059657985506,-2.980980220342931,-2.317019779657069,,,,,,0.287,0.2221798418506827,0.3518201581493172,0.1686947984053096,0.40530520159469036
koharu-midori,task_strong,rotated,immediate_positive_difference,1000,-1.231,-1.361690781858794,-1.1003092181412062,-1.469527639176011,-0.992472360823989,,,,,,-0.358,-0.47805040140073035,-0.23794959859926962,-0.5771075638309977,-0.1388924361690022,,,,,,0.873,0.8267245523992404,0.9192754476007596,0.78854130206407,0.95745869793593
koharu-midori,task_strong,rotated,immediate_positive_losses,1000,2.542,2.4536853868915878,2.630314613108412,2.3808143687727514,2.703185631227248,,,,,,1.734,1.6607515550671204,1.8072484449328796,1.6003120811226659,1.867687918877334,,,,,,-0.808,-0.8530230244467243,-0.7629769755532758,-0.8901728631285126,-0.7258271368714875
koharu-midori,task_strong,rotated,immediate_positive_gains,1000,1.311,1.2389949075430096,1.3830050924569903,1.1795813607651882,1.4424186392348117,,,,,,1.376,1.3007989071704222,1.4512010928295775,1.2387482452781098,1.51325175472189,,,,,,0.065,0.04897565540748641,0.08102434459251359,0.03575349132791225,0.09424650867208775
koharu-midori,task_strong,rotated,changed_topics,1000,27.516,27.271405527850266,27.76059447214973,27.06958334254657,27.962416657453428,,,,,,27.359,27.121906813405513,27.59609318659449,26.92627416227256,27.791725837727444,,,,,,-0.157,-0.2278766640235212,-0.08612333597647881,-0.2863591108856332,-0.027640889114366796
koharu-midori,task_strong,rotated,task_progress,1000,1.0,1.0,1.0,1.0,1.0,,,,,,1.0,1.0,1.0,1.0,1.0,,,,,,0.0,0.0,0.0,0.0,0.0
koharu-midori,task_strong,outside,bridge_count,1000,0.915,0.8823171511552526,0.9476828488447475,0.8553495589696064,0.9746504410303937,-2.579,-2.6285223933371746,-2.5294776066628257,-2.6693847953241643,-2.488615204675836,0.897,0.8648739521797569,0.9291260478202431,0.8383657931062213,0.9556342068937788,-2.565,-2.6150636115877113,-2.5149363884122886,-2.6563725888758083,-2.4736274111241916,-0.018,-0.026244519009238423,-0.009755480990761576,-0.03304731724338568,-0.002952682756614316
koharu-midori,task_strong,outside,bridge_rate,1000,0.22875,0.22057928778881314,0.23692071221118688,0.2138373897424016,0.24366261025759842,-0.64475,-0.6571305983342937,-0.6323694016657064,-0.6673461988310411,-0.622153801168959,0.22425,0.21621848804493923,0.23228151195506078,0.20959144827655532,0.2389085517234447,-0.64125,-0.6537659028969278,-0.6287340971030722,-0.6640931472189521,-0.6184068527810479,-0.0045,-0.006561129752309606,-0.002438870247690394,-0.00826182931084642,-0.000738170689153579
koharu-midori,task_strong,outside,unformed_turns,1000,41.7255,41.450422035476905,42.00057796452309,41.22344701252971,42.22755298747028,20.163,19.731195866926985,20.594804133073016,19.374901413524064,20.951098586475936,41.85275,41.58024595485109,42.125254045148914,41.355394749455144,42.35010525054486,19.825,19.388729160904553,20.261270839095445,19.02874909530184,20.621250904698158,0.12725,0.07110051098169265,0.18339948901830735,0.024769894930715006,0.22973010506928498
koharu-midori,task_strong,outside,known_share,1000,0.19941666666666666,0.1973958228691161,0.2014375104642172,0.1957283644519471,0.2031049688813862,0.0,0.0,0.0,0.0,0.0,0.21889583333333335,0.21691286756703437,0.22087879909963232,0.2152766634418165,0.22251500322485018,0.0,0.0,0.0,0.0,0.0,0.019479166666666665,0.018298800352269332,0.020659532981064,0.017324844943805692,0.02163348838952764
koharu-midori,task_strong,outside,bridge_share,1000,0.598375,0.5954998943871463,0.6012501056128536,0.5931275590981875,0.6036224409018125,0.0,0.0,0.0,0.0,0.0,0.5786875,0.5758661426935249,0.5815088573064752,0.573538156733291,0.583836843266709,0.0,0.0,0.0,0.0,0.0,-0.0196875,-0.020891109752724495,-0.018483890247275505,-0.02188424401456095,-0.01749075598543905
koharu-midori,task_strong,outside,all_formed,1000,0,0.0,0.0,0.0,0.0,-0.558,-0.5887965141352538,-0.5272034858647463,-0.6142076353592374,-0.5017923646407627,0,0.0,0.0,0.0,0.0,-0.535,-0.565929770298059,-0.504070229701941,-0.5914508451516001,-0.4785491548484,0,0.0,0.0,0.0,0.0
koharu-midori,task_strong,outside,questions,1000,12.642,12.583767258094523,12.700232741905475,12.5357176880274,12.748282311972599,,,,,,12.642,12.583767258094523,12.700232741905475,12.5357176880274,12.748282311972599,,,,,,0,0.0,0.0,0.0,0.0
koharu-midori,task_strong,outside,question_positive_difference,1000,-5.267,-5.359180925904988,-5.174819074095013,-5.435242153887581,-5.09875784611242,,,,,,-3.915,-3.997728638739361,-3.832271361260639,-4.065990503003231,-3.7640094969967692,,,,,,1.352,1.3031681933680626,1.4008318066319376,1.262875615043757,1.4411243849562432
koharu-midori,task_strong,outside,other_positive_difference,1000,-8.5,-8.673477537612383,-8.326522462387617,-8.816619021695487,-8.183380978304513,,,,,,-7.874,-8.038279679118785,-7.709720320881213,-8.173831736159745,-7.574168263840255,,,,,,0.626,0.5563334442692378,0.6956665557307622,0.4988494938079327,0.7531505061920674
koharu-midori,task_strong,outside,immediate_positive_difference,1000,-2.828,-2.898769835913864,-2.7572301640861356,-2.9571641357203484,-2.6988358642796513,,,,,,-1.51,-1.5665599333987061,-1.4534400666012939,-1.61322921933486,-1.40677078066514,,,,,,1.318,1.269295143932,1.3667048560680002,1.2291073162997859,1.4068926837002143
koharu-midori,task_strong,outside,immediate_positive_losses,1000,2.828,2.7572301640861356,2.898769835913864,2.6988358642796513,2.9571641357203484,,,,,,1.51,1.4534400666012939,1.5665599333987061,1.40677078066514,1.61322921933486,,,,,,-1.318,-1.3667048560680002,-1.269295143932,-1.4068926837002143,-1.2291073162997859
koharu-midori,task_strong,outside,immediate_positive_gains,1000,0,0.0,0.0,0.0,0.0,,,,,,0,0.0,0.0,0.0,0.0,,,,,,0,0.0,0.0,0.0,0.0
koharu-midori,task_strong,outside,changed_topics,1000,31.526,31.379577309536113,31.672422690463886,31.258759585784052,31.793240414215948,,,,,,30.758,30.616463425435192,30.899536574564806,30.499677381466125,31.016322618533874,,,,,,-0.768,-0.8285106673443821,-0.707489332655618,-0.8784398215492747,-0.6575601784507253
koharu-midori,task_strong,outside,task_progress,1000,1.0,1.0,1.0,1.0,1.0,,,,,,1.0,1.0,1.0,1.0,1.0,,,,,,0.0,0.0,0.0,0.0,0.0
koharu-midori,task_strong,freeze_T,bridge_count,1000,3.379,3.3382720304716536,3.4197279695283465,3.3046661695503103,3.4533338304496897,-0.115,-0.14586754355703163,-0.08413245644296838,-0.17133727327285111,-0.058662726727148895,3.344,3.302509428903787,3.385490571096213,3.2682743227113216,3.419725677288678,-0.118,-0.14950265351964465,-0.08649734648035536,-0.17549643138518778,-0.06050356861481221,-0.035,-0.048267451347763266,-0.021732548652236738,-0.059214820684781254,-0.010785179315218753
koharu-midori,task_strong,freeze_T,bridge_rate,1000,0.84475,0.8345680076179134,0.8549319923820866,0.8261665423875776,0.8633334576124224,-0.02875,-0.03646688588925791,-0.021033114110742095,-0.04283431831821278,-0.014665681681787224,0.836,0.8256273572259467,0.8463726427740532,0.8170685806778304,0.8549314193221695,-0.0295,-0.03737566337991116,-0.02162433662008884,-0.043874107846296945,-0.015125892153703052,-0.00875,-0.012066862836940816,-0.005433137163059184,-0.014803705171195313,-0.002696294828804688
koharu-midori,task_strong,freeze_T,unformed_turns,1000,24.25075,23.842697817156896,24.658802182843104,23.506001805446026,24.995498194553974,2.68825,2.310801961110988,3.0656980388890123,1.999358340257028,3.377141659742972,24.72825,24.318576462912123,25.137923537087875,23.98054262351466,25.47595737648534,2.7005,2.3177774201948718,3.083222579805128,2.001981618505391,3.3990183814946087,0.4775,0.3657779735181947,0.5892220264818053,0.27359280133117775,0.6814071986688222
koharu-midori,task_strong,freeze_T,known_share,1000,0.19941666666666666,0.1973958228691161,0.2014375104642172,0.1957283644519471,0.2031049688813862,0.0,0.0,0.0,0.0,0.0,0.21889583333333335,0.21691286756703437,0.22087879909963232,0.2152766634418165,0.22251500322485018,0.0,0.0,0.0,0.0,0.0,0.019479166666666665,0.018298800352269332,0.020659532981064,0.017324844943805692,0.02163348838952764
koharu-midori,task_strong,freeze_T,bridge_share,1000,0.598375,0.5954998943871463,0.6012501056128536,0.5931275590981875,0.6036224409018125,0.0,0.0,0.0,0.0,0.0,0.5786875,0.5758661426935249,0.5815088573064752,0.573538156733291,0.583836843266709,0.0,0.0,0.0,0.0,0.0,-0.0196875,-0.020891109752724495,-0.018483890247275505,-0.02188424401456095,-0.01749075598543905
koharu-midori,task_strong,freeze_T,all_formed,1000,0.473,0.4420394116394466,0.5039605883605534,0.41649290788448856,0.5295070921155114,-0.085,-0.10978721537498809,-0.060212784625011916,-0.13023988517821694,-0.039760114821783085,0.451,0.4201434213360125,0.4818565786639875,0.39468273908008183,0.5073172609199181,-0.084,-0.1094885255622081,-0.05851147443779191,-0.1305198672925516,-0.03748013270744839,-0.022,-0.03335270670587193,-0.010647293294128066,-0.04272016319969004,-0.0012798368003099567
koharu-midori,task_strong,freeze_T,questions,1000,12.642,12.583767258094523,12.700232741905475,12.5357176880274,12.748282311972599,,,,,,12.642,12.583767258094523,12.700232741905475,12.5357176880274,12.748282311972599,,,,,,0,0.0,0.0,0.0,0.0
koharu-midori,task_strong,freeze_T,question_positive_difference,1000,-2.41,-2.535684944783953,-2.284315055216047,-2.6393913368096236,-2.1806086631903767,,,,,,-1.52,-1.6361059583034117,-1.4038940416965884,-1.7319084432313208,-1.3080915567686793,,,,,,0.89,0.8403170911536831,0.9396829088463169,0.7993222430384328,0.9806777569615672
koharu-midori,task_strong,freeze_T,other_positive_difference,1000,-0.624,-0.7247689214685458,-0.5232310785314542,-0.8079163604222306,-0.4400836395777694,,,,,,-0.455,-0.5495342217351954,-0.36046577826480464,-0.6275372242106639,-0.2824627757893361,,,,,,0.169,0.12655760823163922,0.2114423917683608,0.0915371264483773,0.24646287355162272
koharu-midori,task_strong,freeze_T,immediate_positive_difference,1000,-2.48,-2.594370744630029,-2.365629255369971,-2.6887414530649814,-2.2712585469350186,,,,,,-1.625,-1.7292529178050708,-1.5207470821949292,-1.815275105922331,-1.434724894077669,,,,,,0.855,0.8070471039431377,0.9029528960568622,0.7674797409165828,0.9425202590834172
koharu-midori,task_strong,freeze_T,immediate_positive_losses,1000,3.248,3.1550549742513816,3.340945025748619,3.0783632647256995,3.417636735274301,,,,,,2.479,2.3985386161647173,2.559461383835283,2.3321475314624616,2.6258524685375386,,,,,,-0.769,-0.815057547482254,-0.722942452517746,-0.8530610019385223,-0.6849389980614777
koharu-midori,task_strong,freeze_T,immediate_positive_gains,1000,0.768,0.7155946105209927,0.8204053894790073,0.6723533625345294,0.8636466374654707,,,,,,0.854,0.7983038662588352,0.9096961337411648,0.7523473271522289,0.9556526728477711,,,,,,0.086,0.06861416111331425,0.10338583888668573,0.054268587533462725,0.11773141246653726
koharu-midori,task_strong,freeze_T,changed_topics,1000,11.004,10.922814829147397,11.085185170852602,10.855826526215937,11.152173473784062,,,,,,11.538,11.459253596109246,11.616746403890755,11.394277592447517,11.681722407552483,,,,,,0.534,0.5014900383265681,0.5665099616734319,0.47466510049618693,0.5933348995038131
koharu-midori,task_strong,freeze_T,task_progress,1000,1.0,1.0,1.0,1.0,1.0,,,,,,1.0,1.0,1.0,1.0,1.0,,,,,,0.0,0.0,0.0,0.0,0.0
koharu-midori,task_strong,freeze_R,bridge_count,1000,3.378,3.336257541298356,3.419742458701644,3.301814595139058,3.4541854048609424,-0.116,-0.15611842617200378,-0.07588157382799622,-0.18922133471207214,-0.04277866528792787,3.353,3.31046927077361,3.3955307292263903,3.275375899122204,3.4306241008777962,-0.109,-0.1495273094741461,-0.06847269052585389,-0.1829675998072177,-0.03503240019278231,-0.025,-0.03682700630244518,-0.013172993697554819,-0.046585821522516425,-0.0034141784774835773
koharu-midori,task_strong,freeze_R,bridge_rate,1000,0.8445,0.834064385324589,0.854935614675411,0.8254536487847645,0.8635463512152356,-0.029,-0.039029606543000944,-0.018970393456999055,-0.047305333678018036,-0.010694666321981967,0.83825,0.8276173176934025,0.8488826823065976,0.818843974780551,0.8576560252194491,-0.02725,-0.03738182736853653,-0.017118172631463473,-0.04574189995180442,-0.008758100048195577,-0.00625,-0.009206751575611296,-0.0032932484243887047,-0.011646455380629106,-0.0008535446193708943
koharu-midori,task_strong,freeze_R,unformed_turns,1000,23.65,23.27340872369452,24.026591276305478,22.962672043170713,24.337327956829284,2.0875,1.7243194654849316,2.450680534515068,1.4246483875109135,2.7503516124890863,24.00275,23.62690331985652,24.378596680143477,23.31678102780708,24.688718972192916,1.975,1.6071795224519119,2.3428204775480883,1.3036798892600325,2.6463201107399676,0.35275,0.260609882954985,0.444890117045015,0.1845823275784281,0.5209176724215719
koharu-midori,task_strong,freeze_R,known_share,1000,0.19941666666666666,0.1973958228691161,0.2014375104642172,0.1957283644519471,0.2031049688813862,0.0,0.0,0.0,0.0,0.0,0.21889583333333335,0.21691286756703437,0.22087879909963232,0.2152766634418165,0.22251500322485018,0.0,0.0,0.0,0.0,0.0,0.019479166666666665,0.018298800352269332,0.020659532981064,0.017324844943805692,0.02163348838952764
koharu-midori,task_strong,freeze_R,bridge_share,1000,0.598375,0.5954998943871463,0.6012501056128536,0.5931275590981875,0.6036224409018125,0.0,0.0,0.0,0.0,0.0,0.5786875,0.5758661426935249,0.5815088573064752,0.573538156733291,0.583836843266709,0.0,0.0,0.0,0.0,0.0,-0.0196875,-0.020891109752724495,-0.018483890247275505,-0.02188424401456095,-0.01749075598543905
koharu-midori,task_strong,freeze_R,all_formed,1000,0.483,0.45201209868952674,0.5139879013104732,0.4264430582059523,0.5395569417940477,-0.075,-0.10718488568982135,-0.042815114310178655,-0.13374159364229327,-0.01625840635770673,0.47,0.43905003294896,0.50094996705104,0.4135122931528843,0.5264877068471157,-0.065,-0.09702918526451632,-0.03297081473548369,-0.1234574201578402,-0.006542579842159807,-0.013,-0.02236991808742024,-0.0036300819125797586,-0.030101316625986398,0.0041013166259864006
koharu-midori,task_strong,freeze_R,questions,1000,12.642,12.583767258094523,12.700232741905475,12.5357176880274,12.748282311972599,,,,,,12.642,12.583767258094523,12.700232741905475,12.5357176880274,12.748282311972599,,,,,,0,0.0,0.0,0.0,0.0
koharu-midori,task_strong,freeze_R,question_positive_difference,1000,-2.474,-2.5889028291145983,-2.359097170885402,-2.6837125763082694,-2.264287423691731,,,,,,-1.619,-1.724635522273362,-1.513364477726638,-1.8117985385244255,-1.4262014614755745,,,,,,0.855,0.8070471039431377,0.9029528960568622,0.7674797409165828,0.9425202590834172
koharu-midori,task_strong,freeze_R,other_positive_difference,1000,-1.826,-1.9608339894949458,-1.6911660105050543,-2.072089530856597,-1.579910469143403,,,,,,-1.681,-1.8107991354283917,-1.5512008645716084,-1.917900268714234,-1.4440997312857662,,,,,,0.145,0.10519764595671019,0.1848023540432898,0.07235553794565625,0.21764446205434373
koharu-midori,task_strong,freeze_R,immediate_positive_difference,1000,-1.191,-1.321733145551332,-1.0602668544486682,-1.429604958413253,-0.9523950415867471,,,,,,-0.331,-0.4512680692073789,-0.21073193079262115,-0.5505048358291146,-0.11149516417088545,,,,,,0.86,0.8116309085364526,0.9083690914635474,0.7717201302816128,0.9482798697183872
koharu-midori,task_strong,freeze_R,immediate_positive_losses,1000,2.504,2.4181192522317296,2.5898807477682704,2.347256488908536,2.660743511091464,,,,,,1.727,1.6538769504603783,1.8001230495396219,1.5935409439903596,1.8604590560096406,,,,,,-0.777,-0.8221992660034126,-0.7318007339965874,-0.8594945268437622,-0.6945054731562379
koharu-midori,task_strong,freeze_R,immediate_positive_gains,1000,1.313,1.240708371375593,1.3852916286244068,1.1810583950702838,1.4449416049297161,,,,,,1.396,1.3207334821909296,1.4712665178090703,1.258628836199064,1.5333711638009357,,,,,,0.083,0.06397636427187704,0.10202363572812297,0.048279395729100893,0.11772060427089912
koharu-midori,task_strong,freeze_R,changed_topics,1000,27.434,27.197202794554272,27.67079720544573,27.001814366284275,27.866185633715727,,,,,,27.308,27.07568265280568,27.54031734719432,26.883990689031396,27.732009310968603,,,,,,-0.126,-0.19681622480827465,-0.055183775191725334,-0.25524880147343626,0.003248801473436258
koharu-midori,task_strong,freeze_R,task_progress,1000,1.0,1.0,1.0,1.0,1.0,,,,,,1.0,1.0,1.0,1.0,1.0,,,,,,0.0,0.0,0.0,0.0,0.0
koharu-midori,task_strong,freeze_TR,bridge_count,1000,3.552,3.5158787561418787,3.5881212438581214,3.4860740418028278,3.6179259581971723,0.058,0.04128719726151908,0.07471280273848092,0.027496965856922954,0.08850303414307706,3.524,3.486822784077021,3.561177215922979,3.456146755730437,3.591853244269563,0.062,0.04444336236276647,0.07955663763723353,0.029956857645838393,0.09404314235416161,-0.028,-0.03996294686512056,-0.016037053134879447,-0.04983393069304881,-0.00616606930695119
koharu-midori,task_strong,freeze_TR,bridge_rate,1000,0.888,0.8789696890354697,0.8970303109645303,0.8715185104507069,0.9044814895492931,0.0145,0.01032179931537977,0.01867820068462023,0.006874241464230739,0.022125758535769265,0.881,0.8717056960192553,0.8902943039807447,0.8640366889326092,0.8979633110673908,0.0155,0.011110840590691617,0.019889159409308382,0.007489214411459598,0.023510785588540403,-0.007,-0.00999073671628014,-0.004009263283719862,-0.012458482673262203,-0.0015415173267377975
koharu-midori,task_strong,freeze_TR,unformed_turns,1000,22.729,22.356337246585895,23.101662753414104,22.048842107328266,23.409157892671733,1.1665,0.8712500897308961,1.461749910269104,0.6276305934376453,1.705369406562355,23.18775,22.8119358955534,23.563564104446602,22.501840482681867,23.873659517318135,1.16,0.8589326131720484,1.4610673868279513,0.6105129436707091,1.7094870563292908,0.45875,0.3538584082324826,0.5636415917675174,0.2673092312030665,0.6501907687969335
koharu-midori,task_strong,freeze_TR,known_share,1000,0.19941666666666666,0.1973958228691161,0.2014375104642172,0.1957283644519471,0.2031049688813862,0.0,0.0,0.0,0.0,0.0,0.21889583333333335,0.21691286756703437,0.22087879909963232,0.2152766634418165,0.22251500322485018,0.0,0.0,0.0,0.0,0.0,0.019479166666666665,0.018298800352269332,0.020659532981064,0.017324844943805692,0.02163348838952764
koharu-midori,task_strong,freeze_TR,bridge_share,1000,0.598375,0.5954998943871463,0.6012501056128536,0.5931275590981875,0.6036224409018125,0.0,0.0,0.0,0.0,0.0,0.5786875,0.5758661426935249,0.5815088573064752,0.573538156733291,0.583836843266709,0.0,0.0,0.0,0.0,0.0,-0.0196875,-0.020891109752724495,-0.018483890247275505,-0.02188424401456095,-0.01749075598543905
koharu-midori,task_strong,freeze_TR,all_formed,1000,0.596,0.56557103787284,0.6264289621271599,0.5404631947599039,0.651536805240096,0.038,0.02433546747784436,0.05166453252215564,0.013060454635008437,0.06293954536499156,0.577,0.5463640453826665,0.6076359546173334,0.5210854065998973,0.6329145934001026,0.042,0.02729447484548512,0.05670552515451489,0.015160507971099451,0.06883949202890055,-0.019,-0.0294942704421085,-0.0085057295578915,-0.038153405602357714,0.0001534056023577146
koharu-midori,task_strong,freeze_TR,questions,1000,12.642,12.583767258094523,12.700232741905475,12.5357176880274,12.748282311972599,,,,,,12.642,12.583767258094523,12.700232741905475,12.5357176880274,12.748282311972599,,,,,,0,0.0,0.0,0.0,0.0
koharu-midori,task_strong,freeze_TR,question_positive_difference,1000,-2.474,-2.5889028291145983,-2.359097170885402,-2.6837125763082694,-2.264287423691731,,,,,,-1.619,-1.724635522273362,-1.513364477726638,-1.8117985385244255,-1.4262014614755745,,,,,,0.855,0.8070471039431377,0.9029528960568622,0.7674797409165828,0.9425202590834172
koharu-midori,task_strong,freeze_TR,other_positive_difference,1000,0,0.0,0.0,0.0,0.0,,,,,,0,0.0,0.0,0.0,0.0,,,,,,0,0.0,0.0,0.0,0.0
koharu-midori,task_strong,freeze_TR,immediate_positive_difference,1000,-2.474,-2.5889028291145983,-2.359097170885402,-2.6837125763082694,-2.264287423691731,,,,,,-1.619,-1.724635522273362,-1.513364477726638,-1.8117985385244255,-1.4262014614755745,,,,,,0.855,0.8070471039431377,0.9029528960568622,0.7674797409165828,0.9425202590834172
koharu-midori,task_strong,freeze_TR,immediate_positive_losses,1000,3.236,3.1435567806964992,3.328443219303501,3.067279126617218,3.4047208733827823,,,,,,2.465,2.384605170759752,2.5453948292402475,2.3182690022364842,2.6117309977635155,,,,,,-0.771,-0.816761030651924,-0.7252389693480761,-0.854519820238416,-0.687480179761584
koharu-midori,task_strong,freeze_TR,immediate_positive_gains,1000,0.762,0.7097717528592103,0.8142282471407897,0.6666766702929818,0.8573233297070182,,,,,,0.846,0.7904559692338253,0.9015440307661746,0.7446249348229461,0.9473750651770538,,,,,,0.084,0.06657660064036741,0.1014233993596326,0.052200034795381885,0.11579996520461813
koharu-midori,task_strong,freeze_TR,changed_topics,1000,11.004,10.922814829147397,11.085185170852602,10.855826526215937,11.152173473784062,,,,,,11.538,11.459253596109246,11.616746403890755,11.394277592447517,11.681722407552483,,,,,,0.534,0.5014900383265681,0.5665099616734319,0.47466510049618693,0.5933348995038131
koharu-midori,task_strong,freeze_TR,task_progress,1000,1.0,1.0,1.0,1.0,1.0,,,,,,1.0,1.0,1.0,1.0,1.0,,,,,,0.0,0.0,0.0,0.0,0.0
koharu-kurumi,task_weak,original,bridge_count,1000,3.447,3.4128546569785856,3.4811453430214145,3.3846803172808855,3.5093196827191147,-0.134,-0.16282334844905805,-0.10517665155094198,-0.18660635188585595,-0.08139364811414407,3.384,3.349443090265326,3.418556909734674,3.320929154612172,3.447070845387828,-0.129,-0.15863346210749726,-0.09936653789250274,-0.1830849144567076,-0.0749150855432924,-0.063,-0.0804329974186598,-0.04556700258134021,-0.09481748290806949,-0.03118251709193051
koharu-kurumi,task_weak,original,bridge_rate,1000,0.86175,0.8532136642446464,0.8702863357553536,0.8461700793202214,0.8773299206797787,-0.0335,-0.04070583711226451,-0.026294162887735496,-0.04665158797146399,-0.020348412028536017,0.846,0.8373607725663315,0.8546392274336685,0.830232288653043,0.861767711346957,-0.03225,-0.039658365526874316,-0.024841634473125686,-0.0457712286141769,-0.0187287713858231,-0.01575,-0.02010824935466495,-0.011391750645335052,-0.023704370727017372,-0.007795629272982628
koharu-kurumi,task_weak,original,unformed_turns,1000,16.16575,15.847437222047704,16.484062777952296,15.58478786659908,16.74671213340092,0.68725,0.5352170727412286,0.8392829272587714,0.4097701754838778,0.9647298245161222,17.40525,17.094352073637477,17.71614792636252,16.837820933119872,17.972679066880126,0.6935,0.5332438628885562,0.8537561371114438,0.4010117502169286,0.9859882497830714,1.2395,1.0714608300835005,1.4075391699164996,0.9328067051922133,1.5461932948077868
koharu-kurumi,task_weak,original,known_share,1000,0.13995833333333332,0.1374226088683231,0.14249405779834354,0.13533030707442514,0.1445863595922415,0.0,0.0,0.0,0.0,0.0,0.1935,0.19100790156268097,0.19599209843731905,0.18895159690382604,0.19804840309617397,0.0,0.0,0.0,0.0,0.0,0.05354166666666667,0.05161889037549598,0.055464442957837354,0.050032350379217355,0.05705098295411598
koharu-kurumi,task_weak,original,bridge_share,1000,0.7257916666666666,0.722224088130203,0.7293592452031302,0.7192803728035913,0.732302960529742,0.0,0.0,0.0,0.0,0.0,0.6717083333333334,0.6681907705216347,0.675225896145032,0.6652883246594672,0.6781283420071995,0.0,0.0,0.0,0.0,0.0,-0.05408333333333333,-0.05606580791630755,-0.05210085875035911,-0.057701606751532096,-0.050465059915134565
koharu-kurumi,task_weak,original,all_formed,1000,0.475,0.4440329536772078,0.5059670463227922,0.41848112126522735,0.5315188787347727,-0.117,-0.1436946313130738,-0.0903053686869262,-0.16572116682767452,-0.0682788331723255,0.421,0.3903836328684095,0.4516163671315905,0.3651211563036271,0.47687884369637284,-0.107,-0.13414035593945886,-0.07985964406054114,-0.156534672121178,-0.05746532787882201,-0.054,-0.07029904147958257,-0.03770095852041743,-0.08374786614374445,-0.024252133856255548
koharu-kurumi,task_weak,original,questions,1000,6,6.0,6.0,6.0,6.0,,,,,,6,6.0,6.0,6.0,6.0,,,,,,0,0.0,0.0,0.0,0.0
koharu-kurumi,task_weak,original,question_positive_difference,1000,-1.149,-1.2342248409321597,-1.0637751590678404,-1.3045463959857797,-0.9934536040142203,,,,,,-1.02,-1.0943519493515292,-0.9456480506484708,-1.155701957664593,-0.884298042335407,,,,,,0.129,0.08889044115038024,0.16910955884961976,0.055794849302163524,0.20220515069783648
koharu-kurumi,task_weak,original,other_positive_difference,1000,-0.767,-0.8649845188973418,-0.6690154811026582,-0.9458344643437263,-0.5881655356562737,,,,,,-0.528,-0.6072007079370996,-0.4487992920629005,-0.6725515714009322,-0.3834484285990678,,,,,,0.239,0.17256126075494455,0.30543873924505544,0.11774067783084943,0.3602593221691506
koharu-kurumi,task_weak,original,immediate_positive_difference,1000,-1.149,-1.2342248409321597,-1.0637751590678404,-1.3045463959857797,-0.9934536040142203,,,,,,-1.02,-1.0943519493515292,-0.9456480506484708,-1.155701957664593,-0.884298042335407,,,,,,0.129,0.08889044115038024,0.16910955884961976,0.055794849302163524,0.20220515069783648
koharu-kurumi,task_weak,original,immediate_positive_losses,1000,1.489,1.4195613703354562,1.558438629664544,1.362265488461178,1.6157345115388222,,,,,,1.258,1.1960058340308202,1.3199941659691798,1.14485260091801,1.37114739908199,,,,,,-0.231,-0.2618590710272468,-0.20014092897275318,-0.2873218098063489,-0.17467819019365108
koharu-kurumi,task_weak,original,immediate_positive_gains,1000,0.34,0.30489899259678266,0.3751010074032174,0.27593610574894767,0.4040638942510524,,,,,,0.238,0.20843168765900402,0.267568312340996,0.18403399232290912,0.29196600767709086,,,,,,-0.102,-0.123445276717578,-0.08055472328242198,-0.14114041338008843,-0.06285958661991155
koharu-kurumi,task_weak,original,changed_topics,1000,10.437,10.280809010776181,10.593190989223817,10.151931172725124,10.722068827274875,,,,,,9.017,8.882637598143555,9.151362401856444,8.771771177790765,9.262228822209234,,,,,,-1.42,-1.514526594337451,-1.3254734056625488,-1.5925233032198247,-1.2474766967801751
koharu-kurumi,task_weak,original,task_progress,1000,0.48375,0.4815395130306807,0.4859604869693193,0.47971557438312096,0.48778442561687907,,,,,,0.48375,0.4815395130306807,0.4859604869693193,0.47971557438312096,0.48778442561687907,,,,,,0.0,0.0,0.0,0.0,0.0
koharu-kurumi,task_weak,rotated,bridge_count,1000,3.482,3.4492055065536853,3.514794493446315,3.422145793081455,3.5418542069185452,-0.099,-0.12450775419208684,-0.07349224580791316,-0.14555496203775348,-0.05244503796224652,3.416,3.383131248499141,3.448868751500859,3.3560102624940007,3.475989737505999,-0.097,-0.12385834984798129,-0.07014165015201872,-0.14601997440281803,-0.04798002559718199,-0.066,-0.08327934507341543,-0.048720654926584575,-0.09753704743554631,-0.03446295256445369
koharu-kurumi,task_weak,rotated,bridge_rate,1000,0.8705,0.8623013766384213,0.8786986233615788,0.8555364482703638,0.8854635517296363,-0.02475,-0.03112693854802171,-0.01837306145197829,-0.03638874050943837,-0.01311125949056163,0.854,0.8457828121247852,0.8622171878752147,0.8390025656235002,0.8689974343764998,-0.02425,-0.030964587461995322,-0.01753541253800468,-0.036504993600704506,-0.011995006399295497,-0.0165,-0.020819836268353858,-0.012180163731646144,-0.024384261858886577,-0.008615738141113423
koharu-kurumi,task_weak,rotated,unformed_turns,1000,15.982,15.67056161670695,16.293438383293047,15.413584529076056,16.55041547092394,0.5035,0.3628758338815959,0.6441241661184041,0.24684264530179567,0.7601573546982042,17.2265,16.92259180915141,17.530408190848593,16.67182810762667,17.781171892373333,0.51475,0.3654371236398316,0.6640628763601685,0.2422346214077178,0.7872653785922823,1.2445,1.077290083584293,1.411709916415707,0.9393202004595091,1.5496797995404907
koharu-kurumi,task_weak,rotated,known_share,1000,0.13995833333333332,0.1374226088683231,0.14249405779834354,0.13533030707442514,0.1445863595922415,0.0,0.0,0.0,0.0,0.0,0.1935,0.19100790156268097,0.19599209843731905,0.18895159690382604,0.19804840309617397,0.0,0.0,0.0,0.0,0.0,0.05354166666666667,0.05161889037549598,0.055464442957837354,0.050032350379217355,0.05705098295411598
koharu-kurumi,task_weak,rotated,bridge_share,1000,0.7257916666666666,0.722224088130203,0.7293592452031302,0.7192803728035913,0.732302960529742,0.0,0.0,0.0,0.0,0.0,0.6717083333333334,0.6681907705216347,0.675225896145032,0.6652883246594672,0.6781283420071995,0.0,0.0,0.0,0.0,0.0,-0.05408333333333333,-0.05606580791630755,-0.05210085875035911,-0.057701606751532096,-0.050465059915134565
koharu-kurumi,task_weak,rotated,all_formed,1000,0.497,0.4659947302486762,0.5280052697513238,0.4404113585471598,0.5535886414528403,-0.095,-0.11917460592381128,-0.07082539407618872,-0.13912179341958014,-0.05087820658041987,0.435,0.404257287784674,0.465742712215326,0.3788905601275519,0.4911094398724481,-0.093,-0.11798623448047971,-0.06801376551952029,-0.13860312087631788,-0.04739687912368212,-0.062,-0.07865748965365314,-0.045342510346346857,-0.09240208058421193,-0.03159791941578808
koharu-kurumi,task_weak,rotated,questions,1000,6,6.0,6.0,6.0,6.0,,,,,,6,6.0,6.0,6.0,6.0,,,,,,0,0.0,0.0,0.0,0.0
koharu-kurumi,task_weak,rotated,question_positive_difference,1000,-1.106,-1.1902255265446393,-1.0217744734553609,-1.2597225175280977,-0.9522774824719025,,,,,,-1.027,-1.0990048788359246,-0.9549951211640754,-1.1584182493486408,-0.895581750651359,,,,,,0.079,0.0390633863790693,0.11893661362093069,0.006110496790985867,0.15188950320901412
koharu-kurumi,task_weak,rotated,other_positive_difference,1000,-0.724,-0.8201845358846387,-0.6278154641153613,-0.8995492617267513,-0.5484507382732486,,,,,,-0.499,-0.5747963828295919,-0.4232036171704081,-0.6373382362342731,-0.3606617637657269,,,,,,0.225,0.16391379759615005,0.28608620240384997,0.11350975226882185,0.3364902477311782
koharu-kurumi,task_weak,rotated,immediate_positive_difference,1000,-1.106,-1.1902255265446393,-1.0217744734553609,-1.2597225175280977,-0.9522774824719025,,,,,,-1.027,-1.0990048788359246,-0.9549951211640754,-1.1584182493486408,-0.895581750651359,,,,,,0.079,0.0390633863790693,0.11893661362093069,0.006110496790985867,0.15188950320901412
koharu-kurumi,task_weak,rotated,immediate_positive_losses,1000,1.467,1.3996691902949658,1.5343308097050343,1.3441125334600605,1.5898874665399396,,,,,,1.27,1.210227068305433,1.329772931694567,1.1609066417619365,1.3790933582380636,,,,,,-0.197,-0.22675209122956794,-0.16724790877043208,-0.2513014280012942,-0.14269857199870584
koharu-kurumi,task_weak,rotated,immediate_positive_gains,1000,0.361,0.32406900021465507,0.3979309997853449,0.29359613213787394,0.42840386786212603,,,,,,0.243,0.21287796988418115,0.27312203011581887,0.1880233855171361,0.2979766144828639,,,,,,-0.118,-0.14053643833112617,-0.09546356166887383,-0.15913192494607126,-0.07686807505392872
koharu-kurumi,task_weak,rotated,changed_topics,1000,10.264,10.106799486489871,10.421200513510128,9.977088659877014,10.550911340122985,,,,,,8.861,8.722675374034308,8.999324625965693,8.60853960453653,9.113460395463472,,,,,,-1.403,-1.5031558504530813,-1.3028441495469187,-1.5857974262488628,-1.2202025737511373
koharu-kurumi,task_weak,rotated,task_progress,1000,0.48375,0.4815395130306807,0.4859604869693193,0.47971557438312096,0.48778442561687907,,,,,,0.48375,0.4815395130306807,0.4859604869693193,0.47971557438312096,0.48778442561687907,,,,,,0.0,0.0,0.0,0.0,0.0
koharu-kurumi,task_weak,outside,bridge_count,1000,3.312,3.2763416263802005,3.347658373619799,3.246918840063435,3.377081159936565,-0.269,-0.29839110442667,-0.23960889557333004,-0.32264258023372955,-0.21535741976627049,3.225,3.1890345761638805,3.2609654238361196,3.1593584335667746,3.2906415664332256,-0.288,-0.3181924811089701,-0.2578075188910299,-0.34310519668916,-0.23289480331083995,-0.087,-0.10674961713494661,-0.06725038286505337,-0.12304561456307431,-0.050954385436925674
koharu-kurumi,task_weak,outside,bridge_rate,1000,0.828,0.8190854065950501,0.8369145934049498,0.8117297100158587,0.8442702899841412,-0.06725,-0.0745977761066675,-0.05990222389333251,-0.08066064505843239,-0.05383935494156762,0.80625,0.7972586440409701,0.8152413559590299,0.7898396083916936,0.8226603916083064,-0.072,-0.07954812027724252,-0.06445187972275747,-0.08577629917229,-0.05822370082770999,-0.02175,-0.026687404283736654,-0.016812595716263343,-0.030761403640768577,-0.012738596359231419
koharu-kurumi,task_weak,outside,unformed_turns,1000,16.92525,16.587096796986025,17.263403203013972,16.308076515783814,17.542423484216183,1.44675,1.2977948025278945,1.5957051974721055,1.174887431801376,1.718612568198624,18.26825,17.938993629424324,18.597506370575672,17.66731438969863,18.869185610301365,1.5565,1.4023781696481936,1.7106218303518064,1.275207656221521,1.8377923437784789,1.343,1.161576414656421,1.524423585343579,1.0118784098819773,1.6741215901180226
koharu-kurumi,task_weak,outside,known_share,1000,0.13995833333333332,0.1374226088683231,0.14249405779834354,0.13533030707442514,0.1445863595922415,0.0,0.0,0.0,0.0,0.0,0.1935,0.19100790156268097,0.19599209843731905,0.18895159690382604,0.19804840309617397,0.0,0.0,0.0,0.0,0.0,0.05354166666666667,0.05161889037549598,0.055464442957837354,0.050032350379217355,0.05705098295411598
koharu-kurumi,task_weak,outside,bridge_share,1000,0.7257916666666666,0.722224088130203,0.7293592452031302,0.7192803728035913,0.732302960529742,0.0,0.0,0.0,0.0,0.0,0.6717083333333334,0.6681907705216347,0.675225896145032,0.6652883246594672,0.6781283420071995,0.0,0.0,0.0,0.0,0.0,-0.05408333333333333,-0.05606580791630755,-0.05210085875035911,-0.057701606751532096,-0.050465059915134565
koharu-kurumi,task_weak,outside,all_formed,1000,0.37,0.34006050545962185,0.39993949454037814,0.31535653663350594,0.42464346336649406,-0.222,-0.24777149501979961,-0.1962285049802004,-0.26903632327910426,-0.17496367672089574,0.306,0.2774231881313437,0.3345768118686563,0.2538436093712225,0.35815639062877747,-0.222,-0.24777149501979961,-0.1962285049802004,-0.26903632327910426,-0.17496367672089574,-0.064,-0.08152901802363363,-0.046470981976366364,-0.09599273297460754,-0.03200726702539246
koharu-kurumi,task_weak,outside,questions,1000,6,6.0,6.0,6.0,6.0,,,,,,6,6.0,6.0,6.0,6.0,,,,,,0,0.0,0.0,0.0,0.0
koharu-kurumi,task_weak,outside,question_positive_difference,1000,-2.218,-2.288006627754303,-2.147993372245697,-2.3457711817727875,-2.0902288182272124,,,,,,-1.872,-1.9340617409140712,-1.809938259085929,-1.9852707321269312,-1.758729267873069,,,,,,0.346,0.31068688018836577,0.3813131198116342,0.2815489730736357,0.41045102692636426
koharu-kurumi,task_weak,outside,other_positive_difference,1000,-2.193,-2.2895820538958183,-2.096417946104182,-2.3692747836907952,-2.016725216309205,,,,,,-1.389,-1.4668407838734556,-1.3111592161265444,-1.5310695334809963,-1.2469304665190037,,,,,,0.804,0.7378017515148437,0.8701982484851564,0.6831796046808271,0.924820395319173
koharu-kurumi,task_weak,outside,immediate_positive_difference,1000,-2.218,-2.288006627754303,-2.147993372245697,-2.3457711817727875,-2.0902288182272124,,,,,,-1.872,-1.9340617409140712,-1.809938259085929,-1.9852707321269312,-1.758729267873069,,,,,,0.346,0.31068688018836577,0.3813131198116342,0.2815489730736357,0.41045102692636426
koharu-kurumi,task_weak,outside,immediate_positive_losses,1000,2.218,2.147993372245697,2.288006627754303,2.0902288182272124,2.3457711817727875,,,,,,1.872,1.809938259085929,1.9340617409140712,1.758729267873069,1.9852707321269312,,,,,,-0.346,-0.3813131198116342,-0.31068688018836577,-0.41045102692636426,-0.2815489730736357
koharu-kurumi,task_weak,outside,immediate_positive_gains,1000,0,0.0,0.0,0.0,0.0,,,,,,0,0.0,0.0,0.0,0.0,,,,,,0,0.0,0.0,0.0,0.0
koharu-kurumi,task_weak,outside,changed_topics,1000,11.992,11.870356964993611,12.11364303500639,11.769985673131648,12.214014326868353,,,,,,10.213,10.106678832586166,10.319321167413833,10.018950070104713,10.407049929895285,,,,,,-1.779,-1.8554067903527691,-1.7025932096472307,-1.9184523091885235,-1.6395476908114763
koharu-kurumi,task_weak,outside,task_progress,1000,0.48375,0.4815395130306807,0.4859604869693193,0.47971557438312096,0.48778442561687907,,,,,,0.48375,0.4815395130306807,0.4859604869693193,0.47971557438312096,0.48778442561687907,,,,,,0.0,0.0,0.0,0.0,0.0
koharu-kurumi,task_medium,original,bridge_count,1000,3.409,3.3758531022985974,3.4421468977014023,3.3485026095775687,3.469497390422431,-0.236,-0.2704320521115517,-0.20156794788844828,-0.29884296402042815,-0.17315703597957183,3.378,3.3450044376812165,3.4109955623187838,3.317778816292583,3.4382211837074173,-0.225,-0.26020902548318364,-0.18979097451681637,-0.2892610412665972,-0.16073895873340283,-0.031,-0.0427722558759317,-0.019227744124068302,-0.052485894888101986,-0.009514105111898017
koharu-kurumi,task_medium,original,bridge_rate,1000,0.85225,0.8439632755746493,0.8605367244253506,0.8371256523943922,0.8673743476056077,-0.059,-0.06760801302788792,-0.05039198697211207,-0.07471074100510704,-0.04328925899489296,0.8445,0.8362511094203041,0.8527488905796959,0.8294447040731457,0.8595552959268543,-0.05625,-0.06505225637079591,-0.04744774362920409,-0.0723152603166493,-0.040184739683350706,-0.00775,-0.010693063968982924,-0.0048069360310170756,-0.013121473722025496,-0.0023785262779745043
koharu-kurumi,task_medium,original,unformed_turns,1000,17.14025,16.852752116841323,17.42774788315868,16.615529049045453,17.66497095095455,1.6225,1.366263563282851,1.878736436717149,1.1548352462069438,2.090164753793056,18.00075,17.714514400960926,18.286985599039074,17.47833288139488,18.52316711860512,1.51925,1.2588503872786954,1.7796496127213046,1.0439869096630674,1.9945130903369326,0.8605,0.7345817522806615,0.9864182477193386,0.6306828550530401,1.09031714494696
koharu-kurumi,task_medium,original,known_share,1000,0.14420833333333333,0.14187647570438847,0.1465401909622782,0.1399523905100074,0.14846427615665925,0.0,0.0,0.0,0.0,0.0,0.19083333333333333,0.1884217843240491,0.19324488234261755,0.18643194339778824,0.19523472326887842,0.0,0.0,0.0,0.0,0.0,0.046625,0.04471168421986941,0.04853831578013059,0.043132950373073325,0.050117049626926674
koharu-kurumi,task_medium,original,bridge_share,1000,0.718,0.7147101418825275,0.7212898581174725,0.7119955819467618,0.7240044180532381,0.0,0.0,0.0,0.0,0.0,0.6713749999999999,0.6680805233856842,0.6746694766143156,0.6653621525905907,0.6773878474094092,0.0,0.0,0.0,0.0,0.0,-0.046625,-0.04855741160230211,-0.04469258839769789,-0.05015190198082582,-0.04309809801917418
koharu-kurumi,task_medium,original,all_formed,1000,0.431,0.40029082880318007,0.4617091711968199,0.3749517768395956,0.4870482231604044,-0.218,-0.25036960909855405,-0.18563039090144595,-0.27707873783837866,-0.1589212621616213,0.402,0.3715955644139987,0.43240443558600133,0.3465079588808046,0.45749204111919545,-0.21,-0.24269020173215958,-0.1773097982678404,-0.26966386100424794,-0.15033613899575204,-0.029,-0.040120507186278874,-0.01787949281372113,-0.04929636893938652,-0.00870363106061348
koharu-kurumi,task_medium,original,questions,1000,12,12.0,12.0,12.0,12.0,,,,,,12,12.0,12.0,12.0,12.0,,,,,,0,0.0,0.0,0.0,0.0
koharu-kurumi,task_medium,original,question_positive_difference,1000,-2.44,-2.5587713436485084,-2.3212286563514914,-2.656773117425,-2.2232268825749997,,,,,,-2.165,-2.2690572397728728,-2.0609427602271273,-2.3549179681166272,-1.975082031883373,,,,,,0.275,0.22580419502409554,0.3241958049759045,0.18521127082287517,0.3647887291771249
koharu-kurumi,task_medium,original,other_positive_difference,1000,-1.592,-1.7393678784172089,-1.4446321215827913,-1.8609655049061822,-1.323034495093818,,,,,,-1.048,-1.1654248625800854,-0.9305751374199146,-1.2623156147161012,-0.8336843852838989,,,,,,0.544,0.45189517514722066,0.6361048248527794,0.37589674040981225,0.7121032595901878
koharu-kurumi,task_medium,original,immediate_positive_difference,1000,-1.693,-1.8148138598766907,-1.5711861401233094,-1.915326104427918,-1.4706738955720822,,,,,,-1.63,-1.7362391967539614,-1.5237608032460384,-1.8239003228020936,-1.4360996771979062,,,,,,0.063,0.009402733683922311,0.1165972663160777,-0.034821967386154326,0.16082196738615434
koharu-kurumi,task_medium,original,immediate_positive_losses,1000,2.623,2.5333321107421174,2.712667889257883,2.4593444641590105,2.78665553584099,,,,,,2.283,2.202458555874495,2.363541444125505,2.1360014110418257,2.429998588958174,,,,,,-0.34,-0.37691647147095547,-0.3030835285290446,-0.4073773518027435,-0.27262264819725657
koharu-kurumi,task_medium,original,immediate_positive_gains,1000,0.93,0.8711346375965383,0.9888653624034618,0.8225630735111158,1.0374369264888843,,,,,,0.653,0.6021432207311789,0.7038567792688212,0.5601797771613748,0.7458202228386253,,,,,,-0.277,-0.31220334570959346,-0.24179665429040662,-0.3412506749426204,-0.21274932505737967
koharu-kurumi,task_medium,original,changed_topics,1000,19.899,19.68866437078965,20.109335629210353,19.51511017734706,20.28288982265294,,,,,,17.283,17.100250577431694,17.465749422568308,16.94945858486718,17.616541415132822,,,,,,-2.616,-2.7444186979858944,-2.4875813020141058,-2.850380791215471,-2.3816192087845294
koharu-kurumi,task_medium,original,task_progress,1000,0.9515,0.9476353944547387,0.9553646055452614,0.944446593294899,0.958553406705101,,,,,,0.9515,0.9476353944547387,0.9553646055452614,0.944446593294899,0.958553406705101,,,,,,0.0,0.0,0.0,0.0,0.0
koharu-kurumi,task_medium,rotated,bridge_count,1000,3.425,3.3919311544116133,3.4580688455883863,3.364645064814163,3.485354935185837,-0.22,-0.25348629409014817,-0.18651370590985183,-0.28111683288196043,-0.1588831671180396,3.384,3.350689638089468,3.417310361910532,3.323204266179979,3.444795733820021,-0.219,-0.2540263767676514,-0.18397362323234862,-0.28292768365487586,-0.15507231634512414,-0.041,-0.05558513615283027,-0.02641486384716973,-0.06761976647560472,-0.01438023352439528
koharu-kurumi,task_medium,rotated,bridge_rate,1000,0.85625,0.8479827886029033,0.8645172113970966,0.8411612662035407,0.8713387337964592,-0.055,-0.06337157352253704,-0.04662842647746296,-0.07027920822049011,-0.0397207917795099,0.846,0.837672409522367,0.854327590477633,0.8308010665449947,0.8611989334550052,-0.05475,-0.06350659419191285,-0.045993405808087154,-0.07073192091371897,-0.038768079086281035,-0.01025,-0.013896284038207567,-0.006603715961792433,-0.01690494161890118,-0.00359505838109882
koharu-kurumi,task_medium,rotated,unformed_turns,1000,17.07125,16.761645601030345,17.380854398969653,16.506181788498054,17.636318211501944,1.5535,1.283819602682922,1.8231803973170781,1.0612982732279224,2.045701726772078,18.04125,17.728873487657985,18.353626512342018,17.471122321802444,18.61137767819756,1.55975,1.2847998537355712,1.8347001462644288,1.0579302974412292,2.0615697025587707,0.97,0.8264915764575904,1.1135084235424095,0.7080785011568225,1.2319214988431775
koharu-kurumi,task_medium,rotated,known_share,1000,0.14420833333333333,0.14187647570438847,0.1465401909622782,0.1399523905100074,0.14846427615665925,0.0,0.0,0.0,0.0,0.0,0.19083333333333333,0.1884217843240491,0.19324488234261755,0.18643194339778824,0.19523472326887842,0.0,0.0,0.0,0.0,0.0,0.046625,0.04471168421986941,0.04853831578013059,0.043132950373073325,0.050117049626926674
koharu-kurumi,task_medium,rotated,bridge_share,1000,0.718,0.7147101418825275,0.7212898581174725,0.7119955819467618,0.7240044180532381,0.0,0.0,0.0,0.0,0.0,0.6713749999999999,0.6680805233856842,0.6746694766143156,0.6653621525905907,0.6773878474094092,0.0,0.0,0.0,0.0,0.0,-0.046625,-0.04855741160230211,-0.04469258839769789,-0.05015190198082582,-0.04309809801917418
koharu-kurumi,task_medium,rotated,all_formed,1000,0.445,0.41418232830194845,0.47581767169805156,0.3887537493426283,0.5012462506573717,-0.204,-0.23552144628623464,-0.17247855371376533,-0.2615307306233172,-0.14646926937668275,0.41,0.3795006024116335,0.4404993975883664,0.35433464090142286,0.4656653590985771,-0.202,-0.2340544480726348,-0.1699455519273652,-0.26050352806150223,-0.1434964719384978,-0.035,-0.048554193305252666,-0.02144580669474734,-0.0597381619732782,-0.010261838026721808
koharu-kurumi,task_medium,rotated,questions,1000,12,12.0,12.0,12.0,12.0,,,,,,12,12.0,12.0,12.0,12.0,,,,,,0,0.0,0.0,0.0,0.0
koharu-kurumi,task_medium,rotated,question_positive_difference,1000,-2.42,-2.535940239343806,-2.3040597606561937,-2.6316059846214697,-2.20839401537853,,,,,,-2.163,-2.2642601350213623,-2.0617398649786374,-2.347812888910454,-1.9781871110895457,,,,,,0.257,0.2039827179705165,0.3100172820294835,0.16023657921271728,0.35376342078728273
koharu-kurumi,task_medium,rotated,other_positive_difference,1000,-1.388,-1.5333701353299425,-1.2426298646700573,-1.65331936448596,-1.1226806355140397,,,,,,-1.054,-1.1715457719482198,-0.9364542280517802,-1.268536290005706,-0.8394637099942942,,,,,,0.334,0.244084296676809,0.42391570332319106,0.1698921713261737,0.4981078286738263
koharu-kurumi,task_medium,rotated,immediate_positive_difference,1000,-1.708,-1.830913546680411,-1.585086453319589,-1.9323331755724444,-1.4836668244275555,,,,,,-1.636,-1.7403106095738572,-1.5316893904261426,-1.8263804008881486,-1.4456195991118512,,,,,,0.072,0.014198749752880511,0.12980125024711947,-0.03349478369303613,0.17749478369303612
koharu-kurumi,task_medium,rotated,immediate_positive_losses,1000,2.684,2.595818117309536,2.7721818826904645,2.523056619012513,2.844943380987487,,,,,,2.317,2.238059600683527,2.395940399316473,2.172923525617022,2.4610764743829785,,,,,,-0.367,-0.4050405496939913,-0.3289594503060087,-0.43642894045326974,-0.29757105954673024
koharu-kurumi,task_medium,rotated,immediate_positive_gains,1000,0.976,0.9134504317609874,1.0385495682390125,0.8618389196902142,1.0901610803097856,,,,,,0.681,0.6311109003422124,0.7308890996577877,0.5899459180461082,0.7720540819538919,,,,,,-0.295,-0.3307294241732462,-0.2592705758267538,-0.3602108364182172,-0.22978916358178275
koharu-kurumi,task_medium,rotated,changed_topics,1000,19.896,19.677483173055123,20.11451682694488,19.49717842964846,20.29482157035154,,,,,,17.391,17.20391258179008,17.578087418209915,17.0495411797952,17.732458820204798,,,,,,-2.505,-2.638086534200818,-2.3719134657991816,-2.747900198143566,-2.262099801856434
koharu-kurumi,task_medium,rotated,task_progress,1000,0.9515,0.9476353944547387,0.9553646055452614,0.944446593294899,0.958553406705101,,,,,,0.9515,0.9476353944547387,0.9553646055452614,0.944446593294899,0.958553406705101,,,,,,0.0,0.0,0.0,0.0,0.0
koharu-kurumi,task_medium,outside,bridge_count,1000,3.021,2.9871164885711834,3.0548835114288164,2.9591581939203526,3.082841806079647,-0.624,-0.6626578891145234,-0.5853421108854766,-0.6945556650198801,-0.5534443349801199,2.973,2.9389065014960294,3.0070934985039703,2.9107749402540914,3.0352250597459083,-0.63,-0.6695661577720259,-0.5904338422279741,-0.7022133732035046,-0.5577866267964954,-0.048,-0.0626347507505092,-0.0333652492494908,-0.07471031955581973,-0.021289680444180267
koharu-kurumi,task_medium,outside,bridge_rate,1000,0.75525,0.7467791221427958,0.7637208778572041,0.7397895484800882,0.7707104515199118,-0.156,-0.16566447227863085,-0.14633552772136915,-0.17363891625497002,-0.13836108374502998,0.74325,0.7347266253740073,0.7517733746259926,0.7276937350635229,0.7588062649364771,-0.1575,-0.16739153944300647,-0.14760846055699353,-0.17555334330087616,-0.13944665669912384,-0.012,-0.0156586876876273,-0.0083413123123727,-0.018677579888954934,-0.005322420111045067
koharu-kurumi,task_medium,outside,unformed_turns,1000,20.19675,19.892775992558082,20.50072400744192,19.64195798380155,20.751542016198453,4.679,4.412507054156054,4.945492945843947,4.1926157858639375,5.165384214136063,21.165,20.860005078497785,21.469994921502213,20.60834468313764,21.721655316862357,4.6835,4.416820478755021,4.95017952124498,4.196775261541535,5.170224738458466,0.96825,0.8258602539967612,1.110639746003239,0.7083702328583434,1.2281297671416567
koharu-kurumi,task_medium,outside,known_share,1000,0.14420833333333333,0.14187647570438847,0.1465401909622782,0.1399523905100074,0.14846427615665925,0.0,0.0,0.0,0.0,0.0,0.19083333333333333,0.1884217843240491,0.19324488234261755,0.18643194339778824,0.19523472326887842,0.0,0.0,0.0,0.0,0.0,0.046625,0.04471168421986941,0.04853831578013059,0.043132950373073325,0.050117049626926674
koharu-kurumi,task_medium,outside,bridge_share,1000,0.718,0.7147101418825275,0.7212898581174725,0.7119955819467618,0.7240044180532381,0.0,0.0,0.0,0.0,0.0,0.6713749999999999,0.6680805233856842,0.6746694766143156,0.6653621525905907,0.6773878474094092,0.0,0.0,0.0,0.0,0.0,-0.046625,-0.04855741160230211,-0.04469258839769789,-0.05015190198082582,-0.04309809801917418
koharu-kurumi,task_medium,outside,all_formed,1000,0.16,0.13726615149456944,0.18273384850543056,0.11850777586406672,0.2014922241359333,-0.489,-0.5199983235427734,-0.45800167645722656,-0.5455759637206914,-0.43242403627930864,0.138,0.11661218084029118,0.15938781915970884,0.09896445412040722,0.1770355458795928,-0.474,-0.5049638796057638,-0.4430361203942361,-0.5305130990651895,-0.41748690093481045,-0.022,-0.032286460852833536,-0.011713539147166462,-0.04077412613044018,-0.003225873869559817
koharu-kurumi,task_medium,outside,questions,1000,12,12.0,12.0,12.0,12.0,,,,,,12,12.0,12.0,12.0,12.0,,,,,,0,0.0,0.0,0.0,0.0
koharu-kurumi,task_medium,outside,question_positive_difference,1000,-4.79,-4.8764145271960135,-4.7035854728039865,-4.94771772782603,-4.6322822721739705,,,,,,-3.96,-4.039713324193976,-3.880286675806023,-4.105487162601912,-3.8145128373980883,,,,,,0.83,0.7927362059050564,0.8672637940949435,0.7619887393296685,0.8980112606703314
koharu-kurumi,task_medium,outside,other_positive_difference,1000,-4.419,-4.559061791248604,-4.278938208751395,-4.6746309475705,-4.163369052429499,,,,,,-2.808,-2.918323876905298,-2.6976761230947015,-3.0093553942266427,-2.606644605773357,,,,,,1.611,1.5148583520899352,1.7071416479100647,1.4355290143932524,1.7864709856067476
koharu-kurumi,task_medium,outside,immediate_positive_difference,1000,-3.356,-3.434568156001891,-3.2774318439981087,-3.4993970820206144,-3.2126029179793854,,,,,,-2.98,-3.0522003174913093,-2.9077996825086907,-3.111774950260592,-2.848225049739408,,,,,,0.376,0.3390718637669643,0.4129281362330357,0.30860135849249704,0.44339864150750297
koharu-kurumi,task_medium,outside,immediate_positive_losses,1000,3.356,3.2774318439981087,3.434568156001891,3.2126029179793854,3.4993970820206144,,,,,,2.98,2.9077996825086907,3.0522003174913093,2.848225049739408,3.111774950260592,,,,,,-0.376,-0.4129281362330357,-0.3390718637669643,-0.44339864150750297,-0.30860135849249704
koharu-kurumi,task_medium,outside,immediate_positive_gains,1000,0,0.0,0.0,0.0,0.0,,,,,,0,0.0,0.0,0.0,0.0,,,,,,0,0.0,0.0,0.0,0.0
koharu-kurumi,task_medium,outside,changed_topics,1000,22.814,22.64193129847516,22.98606870152484,22.49995228701633,23.12804771298367,,,,,,19.637,19.484885130433796,19.789114869566205,19.359370620137568,19.914629379862433,,,,,,-3.177,-3.2852218170022813,-3.0687781829977188,-3.374518862078454,-2.979481137921546
koharu-kurumi,task_medium,outside,task_progress,1000,0.9515,0.9476353944547387,0.9553646055452614,0.944446593294899,0.958553406705101,,,,,,0.9515,0.9476353944547387,0.9553646055452614,0.944446593294899,0.958553406705101,,,,,,0.0,0.0,0.0,0.0,0.0
koharu-kurumi,task_strong,original,bridge_count,1000,3.442,3.410099478046576,3.4739005219534245,3.3837774070840423,3.500222592915958,-0.256,-0.2923952952992543,-0.21960470470074572,-0.3224261376462241,-0.18957386235377593,3.423,3.391013104009374,3.454986895990626,3.3646197632557113,3.4813802367442888,-0.264,-0.30101550477832223,-0.2269844952216778,-0.3315581004421656,-0.19644189955783442,-0.019,-0.027908768071318757,-0.010091231928681242,-0.03525965799419771,-0.0027403420058022855
koharu-kurumi,task_strong,original,bridge_rate,1000,0.8605,0.852524869511644,0.8684751304883561,0.8459443517710106,0.8750556482289895,-0.064,-0.07309882382481357,-0.05490117617518643,-0.08060653441155602,-0.047393465588443984,0.85575,0.8477532760023435,0.8637467239976565,0.8411549408139278,0.8703450591860722,-0.066,-0.07525387619458056,-0.05674612380541945,-0.0828895251105414,-0.049110474889458605,-0.00475,-0.006977192017829689,-0.0025228079821703105,-0.008814914498549428,-0.0006850855014505714
koharu-kurumi,task_strong,original,unformed_turns,1000,17.6285,17.33651637069832,17.92048362930168,17.09559198013198,18.161408019868016,2.6485,2.3289108363697073,2.9680891636302924,2.065208297075352,3.2317917029246477,18.09225,17.802996683813607,18.381503316186393,17.564325155933197,18.620174844066803,2.64475,2.3262189651602907,2.9632810348397096,2.063389519452113,3.2261104805478875,0.46375,0.3666097074642353,0.5608902925357646,0.2864563583378209,0.6410436416621791
koharu-kurumi,task_strong,original,known_share,1000,0.15129166666666666,0.1492747331950414,0.15330860013829192,0.1476105013042798,0.15497283202905351,0.0,0.0,0.0,0.0,0.0,0.181375,0.17930167080599232,0.1834483291940077,0.17759090512469589,0.18515909487530413,0.0,0.0,0.0,0.0,0.0,0.030083333333333333,0.028592946762705535,0.03157371990396113,0.027363184405495553,0.032803482261171114
koharu-kurumi,task_strong,original,bridge_share,1000,0.7017916666666667,0.6990270395118823,0.7045562938214511,0.6967458632897681,0.7068374700435653,0.0,0.0,0.0,0.0,0.0,0.6715833333333333,0.6687794718263288,0.6743871948403378,0.6664659221714284,0.6767007444952382,0.0,0.0,0.0,0.0,0.0,-0.030208333333333334,-0.03170689265983831,-0.028709774006828354,-0.0329433986013844,-0.027473268065282268
koharu-kurumi,task_strong,original,all_formed,1000,0.451,0.4201434213360125,0.4818565786639875,0.39468273908008183,0.5073172609199181,-0.248,-0.2832156325283868,-0.2127843674716132,-0.3122730999816176,-0.18372690001838238,0.434,0.4032654819299049,0.4647345180700951,0.3779055155061119,0.4900944844938881,-0.255,-0.2906216347303273,-0.2193783652696727,-0.3200141066949585,-0.1899858933050415,-0.017,-0.0254824601224957,-0.008517539877504301,-0.03248159065732464,-0.0015184093426753639
koharu-kurumi,task_strong,original,questions,1000,12.642,12.583767258094523,12.700232741905475,12.5357176880274,12.748282311972599,,,,,,12.642,12.583767258094523,12.700232741905475,12.5357176880274,12.748282311972599,,,,,,0,0.0,0.0,0.0,0.0
koharu-kurumi,task_strong,original,question_positive_difference,1000,-2.532,-2.6602153929471366,-2.4037846070528635,-2.7660097331328894,-2.2979902668671106,,,,,,-2.273,-2.3906992170717345,-2.1553007829282658,-2.4878163472716777,-2.0581836527283226,,,,,,0.259,0.20660404054731923,0.3113959594526808,0.1633705735564931,0.3546294264435069
koharu-kurumi,task_strong,original,other_positive_difference,1000,-2.822,-3.0010227848713766,-2.6429772151286235,-3.148739817657698,-2.495260182342302,,,,,,-2.056,-2.2063045874596363,-1.9056954125403638,-2.3303253800624417,-1.7816746199375586,,,,,,0.766,0.6654102129654523,0.8665897870345477,0.5824105831695742,0.9495894168304259
koharu-kurumi,task_strong,original,immediate_positive_difference,1000,-1.186,-1.3155049850297182,-1.0564950149702816,-1.4223634060590384,-0.9496365939409613,,,,,,-1.317,-1.4336496935641436,-1.2003503064358563,-1.5299008306532529,-1.104099169346747,,,,,,-0.131,-0.1836857902559589,-0.0783142097440411,-0.2271584052764679,-0.03484159472353211
koharu-kurumi,task_strong,original,immediate_positive_losses,1000,2.5,2.4141188940199045,2.5858811059800955,2.343255835125463,2.656744164874537,,,,,,2.293,2.2127877135814438,2.3732122864185565,2.1466021665782025,2.439397833421798,,,,,,-0.207,-0.23801519020776146,-0.17598480979223852,-0.2636067475734095,-0.15039325242659043
koharu-kurumi,task_strong,original,immediate_positive_gains,1000,1.314,1.2418049022541107,1.3861950977458894,1.182234576452267,1.445765423547733,,,,,,0.976,0.9123534406042013,1.0396465593957986,0.859836768451209,1.092163231548791,,,,,,-0.338,-0.3759111897453497,-0.30008881025465034,-0.40719284175744325,-0.2688071582425568
koharu-kurumi,task_strong,original,changed_topics,1000,27.434,27.197202794554272,27.67079720544573,27.001814366284275,27.866185633715727,,,,,,23.163,22.957925748134052,23.36807425186595,22.788712873871834,23.537287126128167,,,,,,-4.271,-4.408654129301353,-4.133345870698647,-4.522236652027664,-4.019763347972336
koharu-kurumi,task_strong,original,task_progress,1000,1.0,1.0,1.0,1.0,1.0,,,,,,1.0,1.0,1.0,1.0,1.0,,,,,,0.0,0.0,0.0,0.0,0.0
koharu-kurumi,task_strong,rotated,bridge_count,1000,3.422,3.389544969039691,3.4544550309603093,3.3627653561770625,3.481234643822938,-0.276,-0.3133011320585965,-0.23869886794140355,-0.3440794073000716,-0.20792059269992846,3.412,3.3792888663010916,3.4447111336989082,3.3522979354396867,3.471702064560313,-0.275,-0.31279024083414003,-0.23720975916586,-0.3439720942965938,-0.20602790570340623,-0.01,-0.017311066385397665,-0.0026889336146023344,-0.02334364505258069,0.003343645052580689
koharu-kurumi,task_strong,rotated,bridge_rate,1000,0.8555,0.8473862422599228,0.8636137577400773,0.8406913390442656,0.8703086609557344,-0.069,-0.07832528301464912,-0.05967471698535089,-0.0860198518250179,-0.051980148174982116,0.853,0.8448222165752729,0.8611777834247271,0.8380744838599217,0.8679255161400783,-0.06875,-0.07819756020853501,-0.059302439791465,-0.08599302357414845,-0.05150697642585156,-0.0025,-0.004327766596349416,-0.0006722334036505836,-0.005835911263145172,0.0008359112631451723
koharu-kurumi,task_strong,rotated,unformed_turns,1000,17.56875,17.271127411908232,17.86637258809177,17.025550148462752,18.11194985153725,2.58875,2.249126133836316,2.928373866163684,1.9688923646590413,3.208607635340959,17.98825,17.693811831696273,18.28268816830373,17.450862127879994,18.525637872120008,2.54075,2.200010752895095,2.881489247104905,1.9188566496766422,3.162643350323358,0.4195,0.33791825784985796,0.501081742150142,0.2706027321271623,0.5683972678728377
koharu-kurumi,task_strong,rotated,known_share,1000,0.15129166666666666,0.1492747331950414,0.15330860013829192,0.1476105013042798,0.15497283202905351,0.0,0.0,0.0,0.0,0.0,0.181375,0.17930167080599232,0.1834483291940077,0.17759090512469589,0.18515909487530413,0.0,0.0,0.0,0.0,0.0,0.030083333333333333,0.028592946762705535,0.03157371990396113,0.027363184405495553,0.032803482261171114
koharu-kurumi,task_strong,rotated,bridge_share,1000,0.7017916666666667,0.6990270395118823,0.7045562938214511,0.6967458632897681,0.7068374700435653,0.0,0.0,0.0,0.0,0.0,0.6715833333333333,0.6687794718263288,0.6743871948403378,0.6664659221714284,0.6767007444952382,0.0,0.0,0.0,0.0,0.0,-0.030208333333333334,-0.03170689265983831,-0.028709774006828354,-0.0329433986013844,-0.027473268065282268
koharu-kurumi,task_strong,rotated,all_formed,1000,0.437,0.4062412810996884,0.4677587189003116,0.3808613458499544,0.4931386541500456,-0.262,-0.29758820773978556,-0.2264117922602145,-0.3269530980987493,-0.19704690190125074,0.43,0.39929953292409576,0.46070046707590423,0.37396766298996975,0.48603233701003024,-0.259,-0.2948338847698334,-0.2231661152301666,-0.32440149056487144,-0.1935985094351286,-0.007,-0.012866905673537132,-0.0011330943264628683,-0.017707864316621597,0.003707864316621598
koharu-kurumi,task_strong,rotated,questions,1000,12.642,12.583767258094523,12.700232741905475,12.5357176880274,12.748282311972599,,,,,,12.642,12.583767258094523,12.700232741905475,12.5357176880274,12.748282311972599,,,,,,0,0.0,0.0,0.0,0.0
koharu-kurumi,task_strong,rotated,question_positive_difference,1000,-2.515,-2.6443024809180846,-2.3856975190819156,-2.750993809772411,-2.279006190227589,,,,,,-2.22,-2.337488769552545,-2.1025112304474556,-2.43443225323529,-2.0055677467647106,,,,,,0.295,0.2443939674492207,0.34560603255077926,0.20263742246607797,0.387362577533922
koharu-kurumi,task_strong,rotated,other_positive_difference,1000,-2.936,-3.1260017701998564,-2.7459982298001435,-3.2827778908385588,-2.589222109161441,,,,,,-2.12,-2.2751481560003546,-1.9648518439996456,-2.403165521293313,-1.8368344787066873,,,,,,0.816,0.7117144618661635,0.9202855381338364,0.6256653577438973,1.0063346422561026
koharu-kurumi,task_strong,rotated,immediate_positive_difference,1000,-1.231,-1.361690781858794,-1.1003092181412062,-1.469527639176011,-0.992472360823989,,,,,,-1.3,-1.4174953154349106,-1.1825046845650895,-1.514444200320194,-1.0855557996798062,,,,,,-0.069,-0.12177330351573573,-0.016226696484264287,-0.16531812833385778,0.027318128333857758
koharu-kurumi,task_strong,rotated,immediate_positive_losses,1000,2.542,2.4536853868915878,2.630314613108412,2.3808143687727514,2.703185631227248,,,,,,2.284,2.20221642913847,2.3657835708615296,2.1347343685336435,2.433265631466356,,,,,,-0.258,-0.28872150302879646,-0.2272784969712036,-0.3140707303543031,-0.20192926964569688
koharu-kurumi,task_strong,rotated,immediate_positive_gains,1000,1.311,1.2389949075430096,1.3830050924569903,1.1795813607651882,1.4424186392348117,,,,,,0.984,0.9219962822775004,1.0460037177224997,0.8708351677284846,1.0971648322715155,,,,,,-0.327,-0.3647238365154108,-0.28927616348458923,-0.39585089779633353,-0.2581491022036665
koharu-kurumi,task_strong,rotated,changed_topics,1000,27.516,27.271405527850266,27.76059447214973,27.06958334254657,27.962416657453428,,,,,,23.147,22.932926001245963,23.361073998754033,22.756287167728942,23.537712832271055,,,,,,-4.369,-4.506448369785737,-4.231551630214263,-4.619861114206252,-4.118138885793748
koharu-kurumi,task_strong,rotated,task_progress,1000,1.0,1.0,1.0,1.0,1.0,,,,,,1.0,1.0,1.0,1.0,1.0,,,,,,0.0,0.0,0.0,0.0,0.0
koharu-kurumi,task_strong,outside,bridge_count,1000,2.812,2.7838098532466753,2.8401901467533244,2.7605493233917526,2.863450676608247,-0.886,-0.9259484072478696,-0.8460515927521304,-0.958911028108866,-0.813088971891134,2.809,2.780955987144186,2.8370440128558143,2.757816036721347,2.8601839632786534,-0.878,-0.9181458305844244,-0.8378541694155756,-0.9512713513215434,-0.8047286486784566,-0.003,-0.006391419662520008,0.0003914196625200081,-0.009189781054566162,0.0031897810545661607
koharu-kurumi,task_strong,outside,bridge_rate,1000,0.703,0.6959524633116688,0.7100475366883311,0.6901373308479382,0.7158626691520618,-0.2215,-0.2314871018119674,-0.2115128981880326,-0.2397277570272165,-0.2032722429727835,0.70225,0.6952389967860465,0.7092610032139536,0.6894540091803367,0.7150459908196634,-0.2195,-0.2295364576461061,-0.2094635423538939,-0.23781783783038585,-0.20118216216961415,-0.00075,-0.001597854915630002,9.785491563000202e-05,-0.0022974452636415404,0.0007974452636415402
koharu-kurumi,task_strong,outside,unformed_turns,1000,23.39225,23.11216196456919,23.672338035430812,22.881052982868813,23.90344701713119,8.41225,8.05843634559709,8.76606365440291,7.76649415943775,9.05800584056225,23.67625,23.396471589903264,23.956028410096735,23.1656180892896,24.186881910710397,8.22875,7.878956101899063,8.578543898100937,7.590330736410779,8.86716926358922,0.284,0.20393903780200945,0.3640609621979905,0.13787835292102077,0.43012164707897915
koharu-kurumi,task_strong,outside,known_share,1000,0.15129166666666666,0.1492747331950414,0.15330860013829192,0.1476105013042798,0.15497283202905351,0.0,0.0,0.0,0.0,0.0,0.181375,0.17930167080599232,0.1834483291940077,0.17759090512469589,0.18515909487530413,0.0,0.0,0.0,0.0,0.0,0.030083333333333333,0.028592946762705535,0.03157371990396113,0.027363184405495553,0.032803482261171114
koharu-kurumi,task_strong,outside,bridge_share,1000,0.7017916666666667,0.6990270395118823,0.7045562938214511,0.6967458632897681,0.7068374700435653,0.0,0.0,0.0,0.0,0.0,0.6715833333333333,0.6687794718263288,0.6743871948403378,0.6664659221714284,0.6767007444952382,0.0,0.0,0.0,0.0,0.0,-0.030208333333333334,-0.03170689265983831,-0.028709774006828354,-0.0329433986013844,-0.027473268065282268
koharu-kurumi,task_strong,outside,all_formed,1000,0.026,0.01613176507877622,0.03586823492122378,0.007989190476058117,0.04401080952394188,-0.673,-0.7020907377806859,-0.6439092622193142,-0.7260943721203891,-0.619905627879611,0.024,0.014509177374214914,0.03349082262578509,0.006678016899365129,0.04132198310063487,-0.665,-0.694268910282228,-0.635731089717772,-0.718419560060613,-0.611580439939387,-0.002,-0.004770470918293334,0.0007704709182933338,-0.007056469003761171,0.003056469003761171
koharu-kurumi,task_strong,outside,questions,1000,12.642,12.583767258094523,12.700232741905475,12.5357176880274,12.748282311972599,,,,,,12.642,12.583767258094523,12.700232741905475,12.5357176880274,12.748282311972599,,,,,,0,0.0,0.0,0.0,0.0
koharu-kurumi,task_strong,outside,question_positive_difference,1000,-5.267,-5.359180925904988,-5.174819074095013,-5.435242153887581,-5.09875784611242,,,,,,-4.415,-4.503282799529085,-4.326717200470915,-4.57612756731591,-4.25387243268409,,,,,,0.852,0.8148915288346147,0.8891084711653853,0.7842722238353887,0.9197277761646112
koharu-kurumi,task_strong,outside,other_positive_difference,1000,-8.5,-8.673477537612383,-8.326522462387617,-8.816619021695487,-8.183380978304513,,,,,,-5.4,-5.550804391064599,-5.249195608935402,-5.67523758651073,-5.124762413489271,,,,,,3.1,2.9973149893537943,3.202685010646206,2.9125865281403938,3.2874134718596064
koharu-kurumi,task_strong,outside,immediate_positive_difference,1000,-2.828,-2.898769835913864,-2.7572301640861356,-2.9571641357203484,-2.6988358642796513,,,,,,-2.77,-2.838300145460093,-2.701699854539907,-2.894656630102469,-2.645343369897531,,,,,,0.058,0.035586753666387125,0.08041324633361288,0.01709291643841114,0.09890708356158887
koharu-kurumi,task_strong,outside,immediate_positive_losses,1000,2.828,2.7572301640861356,2.898769835913864,2.6988358642796513,2.9571641357203484,,,,,,2.77,2.701699854539907,2.838300145460093,2.645343369897531,2.894656630102469,,,,,,-0.058,-0.08041324633361288,-0.035586753666387125,-0.09890708356158887,-0.01709291643841114
koharu-kurumi,task_strong,outside,immediate_positive_gains,1000,0,0.0,0.0,0.0,0.0,,,,,,0,0.0,0.0,0.0,0.0,,,,,,0,0.0,0.0,0.0,0.0
koharu-kurumi,task_strong,outside,changed_topics,1000,31.526,31.379577309536113,31.672422690463886,31.258759585784052,31.793240414215948,,,,,,26.246,26.109075174850787,26.38292482514921,25.996094422705973,26.495905577294025,,,,,,-5.28,-5.38541251898688,-5.174587481013121,-5.472391528583122,-5.087608471416878
koharu-kurumi,task_strong,outside,task_progress,1000,1.0,1.0,1.0,1.0,1.0,,,,,,1.0,1.0,1.0,1.0,1.0,,,,,,0.0,0.0,0.0,0.0,0.0
koharu-kurumi,task_strong,freeze_T,bridge_count,1000,3.628,3.5980273861136007,3.6579726138863995,3.5732960895284758,3.6827039104715245,-0.07,-0.09066951835406402,-0.049330481645935995,-0.10772455368142991,-0.03227544631857011,3.609,3.578486799482752,3.639513200517248,3.5533094487647388,3.664690551235261,-0.078,-0.09982915980558615,-0.05617084019441385,-0.11784104983967525,-0.038158950160324744,-0.019,-0.028330436186987155,-0.009669563813012842,-0.03602925703336218,-0.0019707429666378194
koharu-kurumi,task_strong,freeze_T,bridge_rate,1000,0.907,0.8995068465284002,0.9144931534715999,0.8933240223821189,0.9206759776178811,-0.0175,-0.022667379588516005,-0.012332620411483999,-0.02693113842035748,-0.008068861579642527,0.90225,0.894621699870688,0.909878300129312,0.8883273621911847,0.9161726378088153,-0.0195,-0.02495728995139654,-0.014042710048603463,-0.029460262459918812,-0.009539737540081186,-0.00475,-0.007082609046746789,-0.0024173909532532105,-0.009007314258340546,-0.0004926857416594549
koharu-kurumi,task_strong,freeze_T,unformed_turns,1000,16.70375,16.41011123314027,16.99738876685973,16.167821139269158,17.23967886073084,1.72375,1.4694143256781842,1.9780856743218156,1.2595543842773183,2.1879456157226818,17.24275,16.94828923501081,17.53721076498919,16.70532088599622,17.780179114003783,1.79525,1.5363930040964158,2.054106995903584,1.3228023855707836,2.2676976144292165,0.539,0.4321719139628236,0.6458280860371765,0.34402487782442726,0.7339751221755728
koharu-kurumi,task_strong,freeze_T,known_share,1000,0.15129166666666666,0.1492747331950414,0.15330860013829192,0.1476105013042798,0.15497283202905351,0.0,0.0,0.0,0.0,0.0,0.181375,0.17930167080599232,0.1834483291940077,0.17759090512469589,0.18515909487530413,0.0,0.0,0.0,0.0,0.0,0.030083333333333333,0.028592946762705535,0.03157371990396113,0.027363184405495553,0.032803482261171114
koharu-kurumi,task_strong,freeze_T,bridge_share,1000,0.7017916666666667,0.6990270395118823,0.7045562938214511,0.6967458632897681,0.7068374700435653,0.0,0.0,0.0,0.0,0.0,0.6715833333333333,0.6687794718263288,0.6743871948403378,0.6664659221714284,0.6767007444952382,0.0,0.0,0.0,0.0,0.0,-0.030208333333333334,-0.03170689265983831,-0.028709774006828354,-0.0329433986013844,-0.027473268065282268
koharu-kurumi,task_strong,freeze_T,all_formed,1000,0.628,0.5980273861136006,0.6579726138863994,0.5732960895284757,0.6827039104715243,-0.071,-0.09156310617916796,-0.05043689382083203,-0.10853033765106776,-0.03346966234893223,0.611,0.5807678709312754,0.6412321290687246,0.5558224406384012,0.6661775593615987,-0.078,-0.09911276046030586,-0.05688723953969414,-0.11653352805346712,-0.03946647194653288,-0.017,-0.025924293844367778,-0.008075706155632223,-0.03328799454509361,-0.0007120054549063955
koharu-kurumi,task_strong,freeze_T,questions,1000,12.642,12.583767258094523,12.700232741905475,12.5357176880274,12.748282311972599,,,,,,12.642,12.583767258094523,12.700232741905475,12.5357176880274,12.748282311972599,,,,,,0,0.0,0.0,0.0,0.0
koharu-kurumi,task_strong,freeze_T,question_positive_difference,1000,-2.41,-2.535684944783953,-2.284315055216047,-2.6393913368096236,-2.1806086631903767,,,,,,-2.185,-2.3003945941210087,-2.0696054058789914,-2.3956101112708748,-1.9743898887291251,,,,,,0.225,0.17384978059729417,0.27615021940270584,0.13164421083160388,0.31835578916839613
koharu-kurumi,task_strong,freeze_T,other_positive_difference,1000,-0.624,-0.7247689214685458,-0.5232310785314542,-0.8079163604222306,-0.4400836395777694,,,,,,-0.486,-0.5722787846175122,-0.3997212153824877,-0.6434699800023115,-0.3285300199976885,,,,,,0.138,0.08181333333333335,0.19418666666666667,0.035452040897193005,0.24054795910280702
koharu-kurumi,task_strong,freeze_T,immediate_positive_difference,1000,-2.48,-2.594370744630029,-2.365629255369971,-2.6887414530649814,-2.2712585469350186,,,,,,-2.223,-2.3285887705301187,-2.117411229469881,-2.4157132105251238,-2.030286789474876,,,,,,0.257,0.21207038357573,0.30192961642427,0.17499761863584162,0.3390023813641584
koharu-kurumi,task_strong,freeze_T,immediate_positive_losses,1000,3.248,3.1550549742513816,3.340945025748619,3.0783632647256995,3.417636735274301,,,,,,2.85,2.7635943732599992,2.936405626740001,2.6922985166613786,3.0077014833386215,,,,,,-0.398,-0.4322805009640517,-0.36371949903594836,-0.46056636350650165,-0.3354336364934984
koharu-kurumi,task_strong,freeze_T,immediate_positive_gains,1000,0.768,0.7155946105209927,0.8204053894790073,0.6723533625345294,0.8636466374654707,,,,,,0.627,0.5799417327761198,0.6740582672238802,0.5411125546501526,0.7128874453498474,,,,,,-0.141,-0.17015992200695074,-0.11184007799304922,-0.19422064231270458,-0.08777935768729539
koharu-kurumi,task_strong,freeze_T,changed_topics,1000,11.004,10.922814829147397,11.085185170852602,10.855826526215937,11.152173473784062,,,,,,11.301,11.223190839460486,11.378809160539515,11.158988183207823,11.443011816792177,,,,,,0.297,0.26812686432748317,0.3258731356725168,0.24430277996947578,0.34969722003052417
koharu-kurumi,task_strong,freeze_T,task_progress,1000,1.0,1.0,1.0,1.0,1.0,,,,,,1.0,1.0,1.0,1.0,1.0,,,,,,0.0,0.0,0.0,0.0,0.0
koharu-kurumi,task_strong,freeze_R,bridge_count,1000,3.621,3.5906612133338136,3.6513387866661864,3.565627776680003,3.676372223319997,-0.077,-0.1057583691713803,-0.048241630828619694,-0.12948775627046988,-0.024512243729530127,3.598,3.567218473462546,3.6287815265374537,3.541819718951979,3.6541802810480206,-0.089,-0.11880942280702678,-0.05919057719297322,-0.14340606557119004,-0.03459393442880995,-0.023,-0.03308924112044045,-0.012910758879559553,-0.041414174521783684,-0.004585825478216319
koharu-kurumi,task_strong,freeze_R,bridge_rate,1000,0.90525,0.8976653033334534,0.9128346966665466,0.8914069441700008,0.9190930558299992,-0.01925,-0.026439592292845076,-0.012060407707154924,-0.03237193906761747,-0.006128060932382532,0.8995,0.8918046183656365,0.9071953816343634,0.8854549297379948,0.9135450702620052,-0.02225,-0.029702355701756694,-0.014797644298243305,-0.03585151639279751,-0.008648483607202488,-0.00575,-0.008272310280110112,-0.0032276897198898883,-0.010353543630445921,-0.0011464563695540797
koharu-kurumi,task_strong,freeze_R,unformed_turns,1000,16.121,15.852229479803071,16.389770520196926,15.63045891706464,16.611541082935357,1.141,0.9003081349020613,1.3816918650979386,0.7017061069332862,1.5802938930667139,16.6795,16.408562249673192,16.95043775032681,16.18500344079402,17.173996559205982,1.232,0.9831394452764816,1.4808605547235183,0.777797188156931,1.686202811843069,0.5585,0.4606580113696623,0.6563419886303378,0.37992567189248017,0.7370743281075198
koharu-kurumi,task_strong,freeze_R,known_share,1000,0.15129166666666666,0.1492747331950414,0.15330860013829192,0.1476105013042798,0.15497283202905351,0.0,0.0,0.0,0.0,0.0,0.181375,0.17930167080599232,0.1834483291940077,0.17759090512469589,0.18515909487530413,0.0,0.0,0.0,0.0,0.0,0.030083333333333333,0.028592946762705535,0.03157371990396113,0.027363184405495553,0.032803482261171114
koharu-kurumi,task_strong,freeze_R,bridge_share,1000,0.7017916666666667,0.6990270395118823,0.7045562938214511,0.6967458632897681,0.7068374700435653,0.0,0.0,0.0,0.0,0.0,0.6715833333333333,0.6687794718263288,0.6743871948403378,0.6664659221714284,0.6767007444952382,0.0,0.0,0.0,0.0,0.0,-0.030208333333333334,-0.03170689265983831,-0.028709774006828354,-0.0329433986013844,-0.027473268065282268
koharu-kurumi,task_strong,freeze_R,all_formed,1000,0.623,0.5929469865534716,0.6530530134465284,0.5681493498962262,0.6778506501037738,-0.076,-0.10429689086158464,-0.047703109138415356,-0.12764549846008025,-0.02435450153991975,0.601,0.5706333411062005,0.6313666588937995,0.5455769062470887,0.6564230937529113,-0.088,-0.11723479644059323,-0.05876520355940676,-0.1413572978720131,-0.03464270212798689,-0.022,-0.03190557348092406,-0.01209442651907594,-0.04007895724154574,-0.003921042758454257
koharu-kurumi,task_strong,freeze_R,questions,1000,12.642,12.583767258094523,12.700232741905475,12.5357176880274,12.748282311972599,,,,,,12.642,12.583767258094523,12.700232741905475,12.5357176880274,12.748282311972599,,,,,,0,0.0,0.0,0.0,0.0
koharu-kurumi,task_strong,freeze_R,question_positive_difference,1000,-2.474,-2.5889028291145983,-2.359097170885402,-2.6837125763082694,-2.264287423691731,,,,,,-2.209,-2.3154239800699727,-2.1025760199300274,-2.4032375763367377,-2.0147624236632624,,,,,,0.265,0.22016360024775916,0.30983639975224087,0.18316775116083472,0.3468322488391653
koharu-kurumi,task_strong,freeze_R,other_positive_difference,1000,-1.826,-1.9608339894949458,-1.6911660105050543,-2.072089530856597,-1.579910469143403,,,,,,-1.298,-1.40514200092383,-1.19085799907617,-1.4935480575865534,-1.1024519424134467,,,,,,0.528,0.44754681298481147,0.6084531870151886,0.38116249172299416,0.674837508277006
koharu-kurumi,task_strong,freeze_R,immediate_positive_difference,1000,-1.191,-1.321733145551332,-1.0602668544486682,-1.429604958413253,-0.9523950415867471,,,,,,-1.331,-1.4472357001974883,-1.2147642998025117,-1.5431452390271387,-1.1188547609728612,,,,,,-0.14,-0.1936463546885655,-0.08635364531143454,-0.23791156003709704,-0.042088439962902985
koharu-kurumi,task_strong,freeze_R,immediate_positive_losses,1000,2.504,2.4181192522317296,2.5898807477682704,2.347256488908536,2.660743511091464,,,,,,2.301,2.2206620152717895,2.381337984728211,2.15437275084877,2.4476272491512305,,,,,,-0.203,-0.2336183766811794,-0.17238162331882062,-0.2588825113851909,-0.14711748861480914
koharu-kurumi,task_strong,freeze_R,immediate_positive_gains,1000,1.313,1.240708371375593,1.3852916286244068,1.1810583950702838,1.4449416049297161,,,,,,0.97,0.90832723380543,1.03167276619457,0.8574391972209705,1.0825608027790294,,,,,,-0.343,-0.3822857910061001,-0.30371420899389995,-0.41470166746704396,-0.2712983325329561
koharu-kurumi,task_strong,freeze_R,changed_topics,1000,27.434,27.197202794554272,27.67079720544573,27.001814366284275,27.866185633715727,,,,,,23.163,22.957925748134052,23.36807425186595,22.788712873871834,23.537287126128167,,,,,,-4.271,-4.408654129301353,-4.133345870698647,-4.522236652027664,-4.019763347972336
koharu-kurumi,task_strong,freeze_R,task_progress,1000,1.0,1.0,1.0,1.0,1.0,,,,,,1.0,1.0,1.0,1.0,1.0,,,,,,0.0,0.0,0.0,0.0,0.0
koharu-kurumi,task_strong,freeze_TR,bridge_count,1000,3.717,3.6890664506232955,3.7449335493767046,3.666017646907715,3.767982353092285,0.019,0.008878793489844147,0.029121206510155852,0.0005274844932155916,0.037472515506784404,3.706,3.677747990541584,3.734252009458416,3.6544364159258342,3.7575635840741657,0.019,0.0085057295578915,0.0294942704421085,-0.0001534056023577146,0.038153405602357714,-0.011,-0.01803743503642427,-0.003962564963575727,-0.02384423232624402,0.0018442323262440226
koharu-kurumi,task_strong,freeze_TR,bridge_rate,1000,0.92925,0.9222666126558239,0.9362333873441762,0.9165044117269288,0.9419955882730713,0.00475,0.002219698372461037,0.007280301627538963,0.0001318711233038979,0.009368128876696101,0.9265,0.919436997635396,0.933563002364604,0.9136091039814586,0.9393908960185414,0.00475,0.002126432389472875,0.007373567610527125,-3.835140058942865e-05,0.009538351400589428,-0.00275,-0.004509358759106068,-0.0009906412408939318,-0.005961058081561005,0.00046105808156100565
koharu-kurumi,task_strong,freeze_TR,unformed_turns,1000,15.649,15.37690430193164,15.921095698068358,15.152390035876296,16.1456099641237,0.669,0.48531891113997394,0.8526810888600261,0.33375817296433885,1.0042418270356612,16.25275,15.979511030263831,16.52598896973617,15.754053416697952,16.751446583302045,0.80525,0.6098356875010701,1.0006643124989298,0.448593516974785,1.161906483025215,0.60375,0.5031591724256526,0.7043408275743475,0.4201586840493885,0.7873413159506115
koharu-kurumi,task_strong,freeze_TR,known_share,1000,0.15129166666666666,0.1492747331950414,0.15330860013829192,0.1476105013042798,0.15497283202905351,0.0,0.0,0.0,0.0,0.0,0.181375,0.17930167080599232,0.1834483291940077,0.17759090512469589,0.18515909487530413,0.0,0.0,0.0,0.0,0.0,0.030083333333333333,0.028592946762705535,0.03157371990396113,0.027363184405495553,0.032803482261171114
koharu-kurumi,task_strong,freeze_TR,bridge_share,1000,0.7017916666666667,0.6990270395118823,0.7045562938214511,0.6967458632897681,0.7068374700435653,0.0,0.0,0.0,0.0,0.0,0.6715833333333333,0.6687794718263288,0.6743871948403378,0.6664659221714284,0.6767007444952382,0.0,0.0,0.0,0.0,0.0,-0.030208333333333334,-0.03170689265983831,-0.028709774006828354,-0.0329433986013844,-0.027473268065282268
koharu-kurumi,task_strong,freeze_TR,all_formed,1000,0.717,0.6890664506232956,0.7449335493767043,0.666017646907715,0.7679823530922849,0.018,0.008063418230736624,0.027936581769263374,-0.0001355513923134502,0.03613555139231345,0.706,0.6777479905415837,0.7342520094584162,0.6544364159258345,0.7575635840741655,0.017,0.006865124899965798,0.027134875100034206,-0.0014974624573510543,0.03549746245735105,-0.011,-0.01803743503642427,-0.003962564963575727,-0.02384423232624402,0.0018442323262440226
koharu-kurumi,task_strong,freeze_TR,questions,1000,12.642,12.583767258094523,12.700232741905475,12.5357176880274,12.748282311972599,,,,,,12.642,12.583767258094523,12.700232741905475,12.5357176880274,12.748282311972599,,,,,,0,0.0,0.0,0.0,0.0
koharu-kurumi,task_strong,freeze_TR,question_positive_difference,1000,-2.474,-2.5889028291145983,-2.359097170885402,-2.6837125763082694,-2.264287423691731,,,,,,-2.209,-2.3154239800699727,-2.1025760199300274,-2.4032375763367377,-2.0147624236632624,,,,,,0.265,0.22016360024775916,0.30983639975224087,0.18316775116083472,0.3468322488391653
koharu-kurumi,task_strong,freeze_TR,other_positive_difference,1000,0,0.0,0.0,0.0,0.0,,,,,,0,0.0,0.0,0.0,0.0,,,,,,0,0.0,0.0,0.0,0.0
koharu-kurumi,task_strong,freeze_TR,immediate_positive_difference,1000,-2.474,-2.5889028291145983,-2.359097170885402,-2.6837125763082694,-2.264287423691731,,,,,,-2.209,-2.3154239800699727,-2.1025760199300274,-2.4032375763367377,-2.0147624236632624,,,,,,0.265,0.22016360024775916,0.30983639975224087,0.18316775116083472,0.3468322488391653
koharu-kurumi,task_strong,freeze_TR,immediate_positive_losses,1000,3.236,3.1435567806964992,3.328443219303501,3.067279126617218,3.4047208733827823,,,,,,2.837,2.750841035888907,2.9231589641110935,2.6797487079733395,2.994251292026661,,,,,,-0.399,-0.4330668693893347,-0.36493313061066535,-0.4611764581555203,-0.33682354184447977
koharu-kurumi,task_strong,freeze_TR,immediate_positive_gains,1000,0.762,0.7097717528592103,0.8142282471407897,0.6666766702929818,0.8573233297070182,,,,,,0.628,0.5805452385952686,0.6754547614047314,0.5413889013093405,0.7146110986906595,,,,,,-0.134,-0.16335215459518057,-0.10464784540481945,-0.18757149173598442,-0.08042850826401558
koharu-kurumi,task_strong,freeze_TR,changed_topics,1000,11.004,10.922814829147397,11.085185170852602,10.855826526215937,11.152173473784062,,,,,,11.301,11.223190839460486,11.378809160539515,11.158988183207823,11.443011816792177,,,,,,0.297,0.26812686432748317,0.3258731356725168,0.24430277996947578,0.34969722003052417
koharu-kurumi,task_strong,freeze_TR,task_progress,1000,1.0,1.0,1.0,1.0,1.0,,,,,,1.0,1.0,1.0,1.0,1.0,,,,,,0.0,0.0,0.0,0.0,0.0
kurumi-midori,task_weak,original,bridge_count,1000,3.475,3.438346180246767,3.511653819753233,3.4081020216715197,3.5418979783284805,-0.12,-0.15183801845937367,-0.08816198154062631,-0.17810851592702184,-0.06189148407297815,3.372,3.3332928033477924,3.4107071966522073,3.3013543423242484,3.4426456576757514,-0.108,-0.14232198094481108,-0.0736780190551889,-0.1706420698550512,-0.04535793014494881,-0.103,-0.13302228844381125,-0.07297771155618873,-0.15779457298603405,-0.04820542701396595
kurumi-midori,task_weak,original,bridge_rate,1000,0.86875,0.8595865450616917,0.8779134549383083,0.8520255054178799,0.8854744945821201,-0.03,-0.03795950461484342,-0.022040495385156577,-0.04452712898175546,-0.015472871018244537,0.843,0.8333232008369481,0.8526767991630518,0.8253385855810621,0.8606614144189378,-0.027,-0.03558049523620277,-0.018419504763797227,-0.0426605174637628,-0.011339482536237202,-0.02575,-0.033255572110952814,-0.018244427889047184,-0.039448643246508514,-0.012051356753491487
kurumi-midori,task_weak,original,unformed_turns,1000,16.81875,16.4825599640415,17.154940035958504,16.20515955045841,17.43234044954159,0.6665,0.48525346869661334,0.8477465313033866,0.3357015564850737,0.9972984435149262,18.41975,18.0827122445415,18.7567877554585,17.804612352345867,19.034887647654134,0.653,0.4615823532139707,0.8444176467860294,0.3036379506258431,1.002362049374157,1.601,1.325807432899456,1.876192567100544,1.098737847951654,2.103262152048346
kurumi-midori,task_weak,original,known_share,1000,0.132875,0.13034301690763017,0.13540698309236981,0.12825380223175117,0.1374961977682488,0.0,0.0,0.0,0.0,0.0,0.19354166666666667,0.19110002607854987,0.19598330725478347,0.1890853556941829,0.19799797763915045,0.0,0.0,0.0,0.0,0.0,0.06066666666666667,0.05873300310024115,0.06260033023309218,0.057137479688823906,0.06419585364450943
kurumi-midori,task_weak,original,bridge_share,1000,0.7235625,0.7200636811184051,0.7270613188815949,0.7171767014313374,0.7299482985686626,0.0,0.0,0.0,0.0,0.0,0.6623958333333333,0.6589976017606515,0.6657940649060151,0.6561936196586078,0.6685980470080588,0.0,0.0,0.0,0.0,0.0,-0.06116666666666667,-0.06316971140722469,-0.059163621926108655,-0.06482248329224514,-0.05751085004108819
kurumi-midori,task_weak,original,all_formed,1000,0.525,0.49403295367720784,0.5559670463227923,0.4684811212652274,0.5815188787347727,-0.104,-0.1318144224548434,-0.07618557754515659,-0.15476493099847194,-0.05323506900152804,0.45,0.41914959080096753,0.4808504091990325,0.39369399915435616,0.5063060008456439,-0.087,-0.11604840683306986,-0.05795159316693013,-0.1400171126468797,-0.03398288735312029,-0.075,-0.09975616827919595,-0.050243831720804044,-0.120183220198811,-0.029816779801188985
kurumi-midori,task_weak,original,questions,1000,6,6.0,6.0,6.0,6.0,,,,,,6,6.0,6.0,6.0,6.0,,,,,,0,0.0,0.0,0.0,0.0
kurumi-midori,task_weak,original,question_positive_difference,1000,-1.149,-1.2342248409321597,-1.0637751590678404,-1.3045463959857797,-0.9934536040142203,,,,,,-0.997,-1.0746754098469709,-0.9193245901530291,-1.1387677044188587,-0.8552322955811413,,,,,,0.152,0.10962756678338265,0.19437243321661735,0.07466480988519049,0.22933519011480952
kurumi-midori,task_weak,original,other_positive_difference,1000,-0.767,-0.8649845188973418,-0.6690154811026582,-0.9458344643437263,-0.5881655356562737,,,,,,-0.428,-0.5113085917962071,-0.34469140820379285,-0.5800489926037593,-0.2759510073962407,,,,,,0.339,0.2655200081954578,0.41247999180454226,0.20488947802954216,0.4731105219704579
kurumi-midori,task_weak,original,immediate_positive_difference,1000,-1.149,-1.2342248409321597,-1.0637751590678404,-1.3045463959857797,-0.9934536040142203,,,,,,-0.997,-1.0746754098469709,-0.9193245901530291,-1.1387677044188587,-0.8552322955811413,,,,,,0.152,0.10962756678338265,0.19437243321661735,0.07466480988519049,0.22933519011480952
kurumi-midori,task_weak,original,immediate_positive_losses,1000,1.489,1.4195613703354562,1.558438629664544,1.362265488461178,1.6157345115388222,,,,,,1.292,1.2292873577889347,1.3547126422110654,1.177541288525938,1.406458711474062,,,,,,-0.197,-0.2324167996196056,-0.16158320038039442,-0.26164025603245655,-0.13235974396754346
kurumi-midori,task_weak,original,immediate_positive_gains,1000,0.34,0.30489899259678266,0.3751010074032174,0.27593610574894767,0.4040638942510524,,,,,,0.295,0.2623053873291379,0.3276946126708621,0.23532808846012662,0.3546719115398733,,,,,,-0.045,-0.0672703014421971,-0.022729698557802897,-0.0856461905820173,-0.00435380941798269
kurumi-midori,task_weak,original,changed_topics,1000,10.437,10.280809010776181,10.593190989223817,10.151931172725124,10.722068827274875,,,,,,8.945,8.805013236862003,9.084986763137998,8.689505988469215,9.200494011530786,,,,,,-1.492,-1.601778777172628,-1.382221222827372,-1.6923605164663293,-1.2916394835336706
kurumi-midori,task_weak,original,task_progress,1000,0.48375,0.4815395130306807,0.4859604869693193,0.47971557438312096,0.48778442561687907,,,,,,0.48375,0.4815395130306807,0.4859604869693193,0.47971557438312096,0.48778442561687907,,,,,,0.0,0.0,0.0,0.0,0.0
kurumi-midori,task_weak,rotated,bridge_count,1000,3.476,3.438513761772399,3.513486238227601,3.4075827499166684,3.5444172500833315,-0.119,-0.15301264415423127,-0.08498735584576872,-0.18107749006359342,-0.056922509936406566,3.396,3.3573142682602457,3.434685731739754,3.3253935185753947,3.466606481424605,-0.084,-0.11945765524841873,-0.048542344751581284,-0.1487148228576698,-0.019285177142330204,-0.08,-0.10811802951103763,-0.05188197048896236,-0.131319053281017,-0.028680946718982997
kurumi-midori,task_weak,rotated,bridge_rate,1000,0.869,0.8596284404430997,0.8783715595569003,0.8518956874791671,0.8861043125208329,-0.02975,-0.03825316103855782,-0.02124683896144218,-0.045269372515898354,-0.014230627484101642,0.849,0.8393285670650614,0.8586714329349385,0.8313483796438487,0.8666516203561513,-0.021,-0.02986441381210468,-0.012135586187895321,-0.03717870571441745,-0.004821294285582551,-0.02,-0.02702950737775941,-0.01297049262224059,-0.03282976332025425,-0.007170236679745749
kurumi-midori,task_weak,rotated,unformed_turns,1000,16.762,16.427325265687134,17.096674734312867,16.15117517263185,17.372824827368152,0.60975,0.42270473885281773,0.7967952611471822,0.26836812190623327,0.9511318780937668,18.27475,17.942989380895973,18.60651061910403,17.669243811109364,18.880256188890638,0.508,0.3132936608733653,0.7027063391266347,0.15263566026669295,0.8633643397333071,1.51275,1.2450346509667254,1.7804653490332747,1.024134741388385,2.001365258611615
kurumi-midori,task_weak,rotated,known_share,1000,0.132875,0.13034301690763017,0.13540698309236981,0.12825380223175117,0.1374961977682488,0.0,0.0,0.0,0.0,0.0,0.19354166666666667,0.19110002607854987,0.19598330725478347,0.1890853556941829,0.19799797763915045,0.0,0.0,0.0,0.0,0.0,0.06066666666666667,0.05873300310024115,0.06260033023309218,0.057137479688823906,0.06419585364450943
kurumi-midori,task_weak,rotated,bridge_share,1000,0.7235625,0.7200636811184051,0.7270613188815949,0.7171767014313374,0.7299482985686626,0.0,0.0,0.0,0.0,0.0,0.6623958333333333,0.6589976017606515,0.6657940649060151,0.6561936196586078,0.6685980470080588,0.0,0.0,0.0,0.0,0.0,-0.06116666666666667,-0.06316971140722469,-0.059163621926108655,-0.06482248329224514,-0.05751085004108819
kurumi-midori,task_weak,rotated,all_formed,1000,0.534,0.5030659406733221,0.564934059326678,0.4775413268144999,0.5904586731855002,-0.095,-0.12421630970455975,-0.06578369029544025,-0.14832355717936885,-0.041676442820631154,0.471,0.4400463678748076,0.5019536321251924,0.41450560391686825,0.5274943960831318,-0.066,-0.09571672044277219,-0.03628327955722782,-0.12023687172463723,-0.011763128275362772,-0.063,-0.08578715304604645,-0.04021284695395355,-0.10458951184092387,-0.021410488159076133
kurumi-midori,task_weak,rotated,questions,1000,6,6.0,6.0,6.0,6.0,,,,,,6,6.0,6.0,6.0,6.0,,,,,,0,0.0,0.0,0.0,0.0
kurumi-midori,task_weak,rotated,question_positive_difference,1000,-1.106,-1.1902255265446393,-1.0217744734553609,-1.2597225175280977,-0.9522774824719025,,,,,,-1.018,-1.0985597044904436,-0.9374402955095564,-1.16503191649419,-0.87096808350581,,,,,,0.088,0.045475374270978065,0.13052462572902193,0.010387038797070786,0.1656129612029292
kurumi-midori,task_weak,rotated,other_positive_difference,1000,-0.724,-0.8201845358846387,-0.6278154641153613,-0.8995492617267513,-0.5484507382732486,,,,,,-0.434,-0.5164462162198422,-0.3515537837801578,-0.5844750452496481,-0.2835249547503519,,,,,,0.29,0.21924418451162175,0.3607558154883782,0.16086145337586666,0.4191385466241333
kurumi-midori,task_weak,rotated,immediate_positive_difference,1000,-1.106,-1.1902255265446393,-1.0217744734553609,-1.2597225175280977,-0.9522774824719025,,,,,,-1.018,-1.0985597044904436,-0.9374402955095564,-1.16503191649419,-0.87096808350581,,,,,,0.088,0.045475374270978065,0.13052462572902193,0.010387038797070786,0.1656129612029292
kurumi-midori,task_weak,rotated,immediate_positive_losses,1000,1.467,1.3996691902949658,1.5343308097050343,1.3441125334600605,1.5898874665399396,,,,,,1.327,1.2624342514215974,1.3915657485784025,1.2091591288919052,1.4448408711080947,,,,,,-0.14,-0.1731863763549981,-0.10681362364500194,-0.2005694440891559,-0.07943055591084414
kurumi-midori,task_weak,rotated,immediate_positive_gains,1000,0.361,0.32406900021465507,0.3979309997853449,0.29359613213787394,0.42840386786212603,,,,,,0.309,0.27528943500039504,0.34271056499960495,0.2474738436002846,0.3705261563997154,,,,,,-0.052,-0.07705884792761748,-0.02694115207238251,-0.09773564984180313,-0.006264350158196867
kurumi-midori,task_weak,rotated,changed_topics,1000,10.264,10.106799486489871,10.421200513510128,9.977088659877014,10.550911340122985,,,,,,9.014,8.878908437062943,9.149091562937055,8.767440364181237,9.260559635818762,,,,,,-1.25,-1.361577908340449,-1.138422091659551,-1.4536441643558338,-1.0463558356441662
kurumi-midori,task_weak,rotated,task_progress,1000,0.48375,0.4815395130306807,0.4859604869693193,0.47971557438312096,0.48778442561687907,,,,,,0.48375,0.4815395130306807,0.4859604869693193,0.47971557438312096,0.48778442561687907,,,,,,0.0,0.0,0.0,0.0,0.0
kurumi-midori,task_weak,outside,bridge_count,1000,3.179,3.1375421123204417,3.220457887679558,3.1033339741886787,3.254666025811321,-0.416,-0.45178153138685356,-0.3802184686131464,-0.4813059388460168,-0.35069406115398316,3.057,3.0152283024487114,3.0987716975512885,2.9807612304435627,3.133238769556437,-0.423,-0.45851871524608867,-0.3874812847539113,-0.4878262652783605,-0.3581737347216395,-0.122,-0.156920656893562,-0.08707934310643801,-0.18573473116333916,-0.05826526883666083
kurumi-midori,task_weak,outside,bridge_rate,1000,0.79475,0.7843855280801104,0.8051144719198895,0.7758334935471697,0.8136665064528302,-0.104,-0.11294538284671339,-0.0950546171532866,-0.1203264847115042,-0.08767351528849579,0.76425,0.7538070756121779,0.7746929243878221,0.7451903076108907,0.7833096923891093,-0.10575,-0.11462967881152217,-0.09687032118847783,-0.12195656631959012,-0.08954343368040987,-0.0305,-0.0392301642233905,-0.021769835776609504,-0.04643368279083479,-0.014566317209165208
kurumi-midori,task_weak,outside,unformed_turns,1000,18.416,18.047375683171392,18.78462431682861,17.743212778243233,19.088787221756768,2.26375,2.0815950658985116,2.4459049341014882,1.9312936034774455,2.5962063965225544,20.11625,19.756947175912995,20.475552824087007,19.460475712328005,20.772024287671996,2.3495,2.1683336111193356,2.530666388880664,2.0188478268081824,2.6801521731918174,1.70025,1.389123318868967,2.011376681131033,1.132403425977386,2.268096574022614
kurumi-midori,task_weak,outside,known_share,1000,0.132875,0.13034301690763017,0.13540698309236981,0.12825380223175117,0.1374961977682488,0.0,0.0,0.0,0.0,0.0,0.19354166666666667,0.19110002607854987,0.19598330725478347,0.1890853556941829,0.19799797763915045,0.0,0.0,0.0,0.0,0.0,0.06066666666666667,0.05873300310024115,0.06260033023309218,0.057137479688823906,0.06419585364450943
kurumi-midori,task_weak,outside,bridge_share,1000,0.7235625,0.7200636811184051,0.7270613188815949,0.7171767014313374,0.7299482985686626,0.0,0.0,0.0,0.0,0.0,0.6623958333333333,0.6589976017606515,0.6657940649060151,0.6561936196586078,0.6685980470080588,0.0,0.0,0.0,0.0,0.0,-0.06116666666666667,-0.06316971140722469,-0.059163621926108655,-0.06482248329224514,-0.05751085004108819
kurumi-midori,task_weak,outside,all_formed,1000,0.329,0.29986382504358045,0.3581361749564196,0.27582269913663127,0.38217730086336876,-0.3,-0.3284173106317882,-0.2715826893682118,-0.3518652801699166,-0.2481347198300834,0.257,0.22990218360728576,0.28409781639271425,0.207542968072815,0.306457031927185,-0.28,-0.3078431643640195,-0.25215683563598057,-0.3308173887131146,-0.22918261128688544,-0.072,-0.09717520479631767,-0.046824795203682316,-0.11794801622907408,-0.026051983770925907
kurumi-midori,task_weak,outside,questions,1000,6,6.0,6.0,6.0,6.0,,,,,,6,6.0,6.0,6.0,6.0,,,,,,0,0.0,0.0,0.0,0.0
kurumi-midori,task_weak,outside,question_positive_difference,1000,-2.218,-2.288006627754303,-2.147993372245697,-2.3457711817727875,-2.0902288182272124,,,,,,-1.983,-2.048236468132283,-1.917763531867717,-2.1020650213462435,-1.8639349786537567,,,,,,0.235,0.19322719775970243,0.27677280224029754,0.15875921424274422,0.3112407857572558
kurumi-midori,task_weak,outside,other_positive_difference,1000,-2.193,-2.2895820538958183,-2.096417946104182,-2.3692747836907952,-2.016725216309205,,,,,,-1.597,-1.6792348207960068,-1.5147651792039931,-1.7470892211642544,-1.4469107788357456,,,,,,0.596,0.5186273437037195,0.6733726562962804,0.4547848601053659,0.737215139894634
kurumi-midori,task_weak,outside,immediate_positive_difference,1000,-2.218,-2.288006627754303,-2.147993372245697,-2.3457711817727875,-2.0902288182272124,,,,,,-1.983,-2.048236468132283,-1.917763531867717,-2.1020650213462435,-1.8639349786537567,,,,,,0.235,0.19322719775970243,0.27677280224029754,0.15875921424274422,0.3112407857572558
kurumi-midori,task_weak,outside,immediate_positive_losses,1000,2.218,2.147993372245697,2.288006627754303,2.0902288182272124,2.3457711817727875,,,,,,1.983,1.917763531867717,2.048236468132283,1.8639349786537567,2.1020650213462435,,,,,,-0.235,-0.27677280224029754,-0.19322719775970243,-0.3112407857572558,-0.15875921424274422
kurumi-midori,task_weak,outside,immediate_positive_gains,1000,0,0.0,0.0,0.0,0.0,,,,,,0,0.0,0.0,0.0,0.0,,,,,,0,0.0,0.0,0.0,0.0
kurumi-midori,task_weak,outside,changed_topics,1000,11.992,11.870356964993611,12.11364303500639,11.769985673131648,12.214014326868353,,,,,,10.325,10.218864465178942,10.431135534821056,10.131288873679681,10.518711126320317,,,,,,-1.667,-1.7556595586213632,-1.5783404413786368,-1.82881520155867,-1.50518479844133
kurumi-midori,task_weak,outside,task_progress,1000,0.48375,0.4815395130306807,0.4859604869693193,0.47971557438312096,0.48778442561687907,,,,,,0.48375,0.4815395130306807,0.4859604869693193,0.47971557438312096,0.48778442561687907,,,,,,0.0,0.0,0.0,0.0,0.0
kurumi-midori,task_medium,original,bridge_count,1000,3.356,3.31623200689404,3.39576799310596,3.28341825111597,3.42858174888403,-0.344,-0.38613435327765366,-0.3018656467223463,-0.4209006633259383,-0.26709933667406166,3.301,3.260128767377824,3.3418712326221764,3.2264046958100336,3.3755953041899667,-0.31,-0.3541068118418329,-0.2658931881581671,-0.3905006562098627,-0.2294993437901373,-0.055,-0.08041532409194695,-0.029584675908053054,-0.10138626510854701,-0.008613734891452993
kurumi-midori,task_medium,original,bridge_rate,1000,0.839,0.82905800172351,0.84894199827649,0.8208545627789925,0.8571454372210074,-0.086,-0.09653358831941342,-0.07546641168058657,-0.10522516583148457,-0.06677483416851542,0.82525,0.815032191844456,0.8354678081555441,0.8066011739525084,0.8438988260474917,-0.0775,-0.08852670296045823,-0.06647329703954177,-0.09762516405246567,-0.05737483594753433,-0.01375,-0.020103831022986737,-0.0073961689770132635,-0.025346566277136752,-0.002153433722863248
kurumi-midori,task_medium,original,unformed_turns,1000,18.5475,18.20090119688562,18.894098803114378,17.914912199450843,19.180087800549156,2.48875,2.1696696841774075,2.8078303158225926,1.906387010367478,3.071112989632522,19.64475,19.296989624720535,19.992510375279462,19.01004217948976,20.27945782051024,2.226,1.901788593237877,2.5502114067621227,1.634272103441403,2.817727896558597,1.09725,0.8772442167292583,1.3172557832707419,0.6957108911029477,1.4987891088970524
kurumi-midori,task_medium,original,known_share,1000,0.13666666666666666,0.13433106008299953,0.1390022732503338,0.13240388151439786,0.14092945181893546,0.0,0.0,0.0,0.0,0.0,0.18783333333333332,0.18546179284152123,0.19020487382514542,0.18350496413485806,0.1921617025318086,0.0,0.0,0.0,0.0,0.0,0.051166666666666666,0.049352435629428384,0.05298089770390495,0.047855459555671984,0.05447787377766135
kurumi-midori,task_medium,original,bridge_share,1000,0.7169583333333334,0.7137016439696201,0.7202150226970466,0.71101445256066,0.7229022141060067,0.0,0.0,0.0,0.0,0.0,0.6652708333333334,0.6619850853472543,0.6685565813194124,0.6592739168033399,0.6712677498633268,0.0,0.0,0.0,0.0,0.0,-0.0516875,-0.053541576473907934,-0.04983342352609206,-0.0550714302044338,-0.048303569795566194
kurumi-midori,task_medium,original,all_formed,1000,0.447,0.4161688549498222,0.4778311450501778,0.390729158726299,0.503270841273701,-0.271,-0.30561333756715087,-0.23638666243284914,-0.33417383350583485,-0.2078261664941652,0.413,0.3824671458133245,0.44353285418667543,0.3572735782671957,0.46872642173280427,-0.232,-0.2674159852836768,-0.1965840147163232,-0.29663876976369435,-0.16736123023630567,-0.034,-0.05407914047668083,-0.013920859523319177,-0.07064703743039005,0.002647037430390048
kurumi-midori,task_medium,original,questions,1000,12,12.0,12.0,12.0,12.0,,,,,,12,12.0,12.0,12.0,12.0,,,,,,0,0.0,0.0,0.0,0.0
kurumi-midori,task_medium,original,question_positive_difference,1000,-2.44,-2.5587713436485084,-2.3212286563514914,-2.656773117425,-2.2232268825749997,,,,,,-2.172,-2.280554339158553,-2.063445660841447,-2.370125758171515,-1.973874241828485,,,,,,0.268,0.2171589128977582,0.3188410871022418,0.17520841740205967,0.36079158259794036
kurumi-midori,task_medium,original,other_positive_difference,1000,-1.592,-1.7393678784172089,-1.4446321215827913,-1.8609655049061822,-1.323034495093818,,,,,,-1.001,-1.1264874306600212,-0.8755125693399786,-1.2300308478981998,-0.7719691521018,,,,,,0.591,0.4908224973237881,0.6911775026762119,0.40816305563369387,0.773836944366306
kurumi-midori,task_medium,original,immediate_positive_difference,1000,-1.693,-1.8148138598766907,-1.5711861401233094,-1.915326104427918,-1.4706738955720822,,,,,,-1.608,-1.7211323760561588,-1.4948676239438414,-1.8144812696905022,-1.401518730309498,,,,,,0.085,0.03260932503944216,0.13739067496055785,-0.010619781559511293,0.1806197815595113
kurumi-midori,task_medium,original,immediate_positive_losses,1000,2.623,2.5333321107421174,2.712667889257883,2.4593444641590105,2.78665553584099,,,,,,2.401,2.3161958242382683,2.4858041757617313,2.2462213725481495,2.55577862745185,,,,,,-0.222,-0.2633537315936146,-0.18064626840638542,-0.2974759274361138,-0.14652407256388622
kurumi-midori,task_medium,original,immediate_positive_gains,1000,0.93,0.8711346375965383,0.9888653624034618,0.8225630735111158,1.0374369264888843,,,,,,0.793,0.7395780833104728,0.8464219166895273,0.6954980684408306,0.8905019315591695,,,,,,-0.137,-0.1678959344957936,-0.10610406550420641,-0.1933890904209358,-0.08061090957906422
kurumi-midori,task_medium,original,changed_topics,1000,19.899,19.68866437078965,20.109335629210353,19.51511017734706,20.28288982265294,,,,,,17.293,17.105245428655756,17.480754571344242,16.95032353873562,17.635676461264378,,,,,,-2.606,-2.7522313735044466,-2.459768626495553,-2.8728912359340524,-2.3391087640659474
kurumi-midori,task_medium,original,task_progress,1000,0.9515,0.9476353944547387,0.9553646055452614,0.944446593294899,0.958553406705101,,,,,,0.9515,0.9476353944547387,0.9553646055452614,0.944446593294899,0.958553406705101,,,,,,0.0,0.0,0.0,0.0,0.0
kurumi-midori,task_medium,rotated,bridge_count,1000,3.43,3.3911201259697954,3.468879874030205,3.359039183697703,3.5009608163022974,-0.27,-0.3096632289625004,-0.2303367710374996,-0.34239054072493647,-0.19760945927506357,3.363,3.323427476777514,3.402572523222486,3.2907750090232373,3.4352249909767627,-0.248,-0.2893435015294873,-0.2066564984705127,-0.32345725624132715,-0.17254274375867285,-0.067,-0.09199854365327678,-0.042001456346723226,-0.1126255867142732,-0.021374413285726812
kurumi-midori,task_medium,rotated,bridge_rate,1000,0.8575,0.8477800314924488,0.8672199685075512,0.8397597959244257,0.8752402040755743,-0.0675,-0.0774158072406251,-0.0575841927593749,-0.08559763518123412,-0.04940236481876589,0.84075,0.8308568691943785,0.8506431308056215,0.8226937522558093,0.8588062477441907,-0.062,-0.07233587538237182,-0.05166412461762818,-0.08086431406033179,-0.04313568593966821,-0.01675,-0.022999635913319195,-0.010500364086680807,-0.0281563966785683,-0.005343603321431703
kurumi-midori,task_medium,rotated,unformed_turns,1000,17.83625,17.491913573271326,18.180586426728674,17.207791329987323,18.464708670012676,1.7775,1.460935242587499,2.094064757412501,1.1997282309588186,2.3552717690411815,18.9615,18.612825616062185,19.310174383937817,18.3251239950596,19.597876004940403,1.54275,1.2190011376672318,1.8664988623327683,0.9518663070583587,2.1336336929416415,1.12525,0.8982617156302091,1.352238284369791,0.7109669203422581,1.5395330796577422
kurumi-midori,task_medium,rotated,known_share,1000,0.13666666666666666,0.13433106008299953,0.1390022732503338,0.13240388151439786,0.14092945181893546,0.0,0.0,0.0,0.0,0.0,0.18783333333333332,0.18546179284152123,0.19020487382514542,0.18350496413485806,0.1921617025318086,0.0,0.0,0.0,0.0,0.0,0.051166666666666666,0.049352435629428384,0.05298089770390495,0.047855459555671984,0.05447787377766135
kurumi-midori,task_medium,rotated,bridge_share,1000,0.7169583333333334,0.7137016439696201,0.7202150226970466,0.71101445256066,0.7229022141060067,0.0,0.0,0.0,0.0,0.0,0.6652708333333334,0.6619850853472543,0.6685565813194124,0.6592739168033399,0.6712677498633268,0.0,0.0,0.0,0.0,0.0,-0.0516875,-0.053541576473907934,-0.04983342352609206,-0.0550714302044338,-0.048303569795566194
kurumi-midori,task_medium,rotated,all_formed,1000,0.504,0.47299516434111877,0.5350048356588812,0.447412150822208,0.560587849177792,-0.214,-0.24797672886704228,-0.1800232711329577,-0.2760119400030484,-0.15198805999695156,0.451,0.4201434213360125,0.4818565786639875,0.39468273908008183,0.5073172609199181,-0.194,-0.22843540241291424,-0.15956459758708577,-0.25684907875524854,-0.13115092124475147,-0.053,-0.07320771380679411,-0.032792286193205886,-0.08988170044530763,-0.01611829955469237
kurumi-midori,task_medium,rotated,questions,1000,12,12.0,12.0,12.0,12.0,,,,,,12,12.0,12.0,12.0,12.0,,,,,,0,0.0,0.0,0.0,0.0
kurumi-midori,task_medium,rotated,question_positive_difference,1000,-2.42,-2.535940239343806,-2.3040597606561937,-2.6316059846214697,-2.20839401537853,,,,,,-2.144,-2.2506395676087436,-2.0373604323912566,-2.338631051575981,-1.949368948424019,,,,,,0.276,0.22404977474250665,0.3279502252574934,0.18118409631430277,0.3708159036856973
kurumi-midori,task_medium,rotated,other_positive_difference,1000,-1.388,-1.5333701353299425,-1.2426298646700573,-1.65331936448596,-1.1226806355140397,,,,,,-0.895,-1.0212965224049007,-0.7687034775950994,-1.1255075453441712,-0.6644924546558287,,,,,,0.493,0.3926646236397683,0.5933353763602317,0.3098749156700203,0.6761250843299798
kurumi-midori,task_medium,rotated,immediate_positive_difference,1000,-1.708,-1.830913546680411,-1.585086453319589,-1.9323331755724444,-1.4836668244275555,,,,,,-1.626,-1.7405475302880646,-1.5114524697119351,-1.8350641098358091,-1.4169358901641906,,,,,,0.082,0.029334759953940123,0.1346652400460599,-0.014120898476201862,0.17812089847620188
kurumi-midori,task_medium,rotated,immediate_positive_losses,1000,2.684,2.595818117309536,2.7721818826904645,2.523056619012513,2.844943380987487,,,,,,2.457,2.3742626229860098,2.53973737701399,2.3059935485114345,2.6080064514885652,,,,,,-0.227,-0.26782755298426153,-0.18617244701573848,-0.30151558318161614,-0.15248441681838387
kurumi-midori,task_medium,rotated,immediate_positive_gains,1000,0.976,0.9134504317609874,1.0385495682390125,0.8618389196902142,1.0901610803097856,,,,,,0.831,0.7743538204990659,0.887646179500934,0.7276133703347403,0.9343866296652596,,,,,,-0.145,-0.17745852608970278,-0.1125414739102972,-0.20424102288771182,-0.08575897711228817
kurumi-midori,task_medium,rotated,changed_topics,1000,19.896,19.677483173055123,20.11451682694488,19.49717842964846,20.29482157035154,,,,,,17.427,17.241641455811976,17.612358544188023,17.08869659927475,17.765303400725248,,,,,,-2.469,-2.6235202923345122,-2.3144797076654875,-2.7510195886130755,-2.1869804113869242
kurumi-midori,task_medium,rotated,task_progress,1000,0.9515,0.9476353944547387,0.9553646055452614,0.944446593294899,0.958553406705101,,,,,,0.9515,0.9476353944547387,0.9553646055452614,0.944446593294899,0.958553406705101,,,,,,0.0,0.0,0.0,0.0,0.0
kurumi-midori,task_medium,outside,bridge_count,1000,2.644,2.6041354271744126,2.6838645728255877,2.571241980592622,2.7167580194073784,-1.056,-1.0997111359473282,-1.012288864052672,-1.135778496347838,-0.9762215036521622,2.55,2.5115978082874384,2.5884021917125613,2.4799110159255235,2.620088984074476,-1.061,-1.1045531569910136,-1.0174468430089862,-1.1404901642485632,-0.9815098357514367,-0.094,-0.12605252855839905,-0.06194747144160095,-0.1525000246988893,-0.03549997530111071
kurumi-midori,task_medium,outside,bridge_rate,1000,0.661,0.6510338567936031,0.6709661432063969,0.6428104951481555,0.6791895048518446,-0.264,-0.27492778398683204,-0.253072216013168,-0.2839446240869595,-0.24405537591304055,0.6375,0.6278994520718596,0.6471005479281403,0.6199777539813809,0.655022246018619,-0.26525,-0.2761382892477534,-0.25436171075224656,-0.2851225410621408,-0.24537745893785917,-0.0235,-0.03151313213959976,-0.015486867860400237,-0.03812500617472232,-0.008874993825277677
kurumi-midori,task_medium,outside,unformed_turns,1000,23.2135,22.88811947243863,23.53888052756137,22.61963830624324,23.80736169375676,7.15475,6.848830783357744,7.4606692166422555,6.596407724543319,7.713092275456681,24.42175,24.109225316141075,24.734274683858924,23.851351889552987,24.992148110447012,7.003,6.69806439967438,7.30793560032562,6.446452951984192,7.5595470480158085,1.20825,0.945791064843005,1.470708935156995,0.7292283789396214,1.6872716210603786
kurumi-midori,task_medium,outside,known_share,1000,0.13666666666666666,0.13433106008299953,0.1390022732503338,0.13240388151439786,0.14092945181893546,0.0,0.0,0.0,0.0,0.0,0.18783333333333332,0.18546179284152123,0.19020487382514542,0.18350496413485806,0.1921617025318086,0.0,0.0,0.0,0.0,0.0,0.051166666666666666,0.049352435629428384,0.05298089770390495,0.047855459555671984,0.05447787377766135
kurumi-midori,task_medium,outside,bridge_share,1000,0.7169583333333334,0.7137016439696201,0.7202150226970466,0.71101445256066,0.7229022141060067,0.0,0.0,0.0,0.0,0.0,0.6652708333333334,0.6619850853472543,0.6685565813194124,0.6592739168033399,0.6712677498633268,0.0,0.0,0.0,0.0,0.0,-0.0516875,-0.053541576473907934,-0.04983342352609206,-0.0550714302044338,-0.048303569795566194
kurumi-midori,task_medium,outside,all_formed,1000,0.092,0.07407702226942378,0.10992297773057622,0.05928823942841154,0.12471176057158845,-0.626,-0.6560051840432527,-0.5959948159567473,-0.6807633552350442,-0.5712366447649558,0.068,0.052388819693868424,0.08361118030613159,0.0395075697749218,0.09649243022507821,-0.577,-0.6076359546173334,-0.5463640453826665,-0.6329145934001026,-0.5210854065998973,-0.024,-0.04147628848065456,-0.006523711519345447,-0.055896494714932736,0.007896494714932735
kurumi-midori,task_medium,outside,questions,1000,12,12.0,12.0,12.0,12.0,,,,,,12,12.0,12.0,12.0,12.0,,,,,,0,0.0,0.0,0.0,0.0
kurumi-midori,task_medium,outside,question_positive_difference,1000,-4.79,-4.8764145271960135,-4.7035854728039865,-4.94771772782603,-4.6322822721739705,,,,,,-4.302,-4.383014757325467,-4.220985242674532,-4.449862446979163,-4.154137553020836,,,,,,0.488,0.4397321411724552,0.5362678588275448,0.39990489298124476,0.5760951070187552
kurumi-midori,task_medium,outside,other_positive_difference,1000,-4.419,-4.559061791248604,-4.278938208751395,-4.6746309475705,-4.163369052429499,,,,,,-3.32,-3.4447898869134668,-3.195210113086533,-3.547757740026924,-3.0922422599730757,,,,,,1.099,0.9894445324099299,1.20855546759007,0.8990470525050652,1.2989529474949346
kurumi-midori,task_medium,outside,immediate_positive_difference,1000,-3.356,-3.434568156001891,-3.2774318439981087,-3.4993970820206144,-3.2126029179793854,,,,,,-3.164,-3.2409820197043295,-3.0870179802956708,-3.304502177413818,-3.023497822586182,,,,,,0.192,0.1481890395236779,0.2358109604763221,0.11203931093057831,0.2719606890694217
kurumi-midori,task_medium,outside,immediate_positive_losses,1000,3.356,3.2774318439981087,3.434568156001891,3.2126029179793854,3.4993970820206144,,,,,,3.164,3.0870179802956708,3.2409820197043295,3.023497822586182,3.304502177413818,,,,,,-0.192,-0.2358109604763221,-0.1481890395236779,-0.2719606890694217,-0.11203931093057831
kurumi-midori,task_medium,outside,immediate_positive_gains,1000,0,0.0,0.0,0.0,0.0,,,,,,0,0.0,0.0,0.0,0.0,,,,,,0,0.0,0.0,0.0,0.0
kurumi-midori,task_medium,outside,changed_topics,1000,22.814,22.64193129847516,22.98606870152484,22.49995228701633,23.12804771298367,,,,,,19.737,19.586939083541886,19.88706091645811,19.463119351141263,20.010880648858734,,,,,,-3.077,-3.2076824251758813,-2.9463175748241186,-3.3155123871450867,-2.8384876128549132
kurumi-midori,task_medium,outside,task_progress,1000,0.9515,0.9476353944547387,0.9553646055452614,0.944446593294899,0.958553406705101,,,,,,0.9515,0.9476353944547387,0.9553646055452614,0.944446593294899,0.958553406705101,,,,,,0.0,0.0,0.0,0.0,0.0
kurumi-midori,task_strong,original,bridge_count,1000,3.426,3.387948685950405,3.464051314049595,3.356551413200654,3.495448586799346,-0.37,-0.41210860832294144,-0.32789139167705855,-0.44685367544216514,-0.29314632455783485,3.4,3.3605847750233497,3.43941522497665,3.328062098737539,3.4719379012624607,-0.382,-0.4252339998188965,-0.33876600018110353,-0.4609076609862179,-0.30309233901378213,-0.026,-0.04368408904652443,-0.008315910953475569,-0.05827575771796484,0.006275757717964844
kurumi-midori,task_strong,original,bridge_rate,1000,0.8565,0.8469871714876013,0.8660128285123988,0.8391378533001635,0.8738621466998365,-0.0925,-0.10302715208073536,-0.08197284791926464,-0.11171341886054129,-0.07328658113945871,0.85,0.8401461937558374,0.8598538062441625,0.8320155246843848,0.8679844753156152,-0.0955,-0.10630849995472412,-0.08469150004527588,-0.11522691524655447,-0.07577308475344553,-0.0065,-0.010921022261631108,-0.002078977738368892,-0.01456893942949121,0.001568939429491211
kurumi-midori,task_strong,original,unformed_turns,1000,18.73125,18.38804217382255,19.074457826177447,18.10485117247375,19.357648827526248,3.80625,3.427697418851497,4.184802581148503,3.1153424072755325,4.497157592724467,19.3795,19.032822926340664,19.726177073659336,18.74676934554761,20.01223065445239,3.84575,3.4632329756140976,4.228267024385902,3.1476067838244015,4.543893216175598,0.64825,0.48760109572254917,0.8088989042774508,0.3550448991619343,0.9414551008380656
kurumi-midori,task_strong,original,known_share,1000,0.146,0.14410043785375193,0.14789956214624805,0.14253305253998538,0.1494669474600146,0.0,0.0,0.0,0.0,0.0,0.18166666666666667,0.17968300705347276,0.18365032627986058,0.1780462304145126,0.18528710291882075,0.0,0.0,0.0,0.0,0.0,0.035666666666666666,0.034145141684418616,0.037188191648914716,0.03288968609618483,0.0384436472371485
kurumi-midori,task_strong,original,bridge_share,1000,0.6998333333333333,0.6971582582286485,0.7025084084380181,0.6949509740707771,0.7047156925958895,0.0,0.0,0.0,0.0,0.0,0.6640833333333334,0.6613183379406168,0.6668483287260499,0.6590368578744151,0.6691298087922516,0.0,0.0,0.0,0.0,0.0,-0.03575,-0.037279341483862624,-0.03422065851613737,-0.03854124670042782,-0.03295875329957217
kurumi-midori,task_strong,original,all_formed,1000,0.492,0.4609981411387502,0.5230018588612498,0.4354175838642423,0.5485824161357578,-0.311,-0.34727968056118497,-0.27472031943881503,-0.3772151257436752,-0.24478487425632478,0.482,0.4510142704291631,0.5129857295708369,0.4254470219126574,0.5385529780873426,-0.306,-0.3424955321411576,-0.2695044678588424,-0.3726090828923815,-0.23939091710761853,-0.01,-0.023285554032329472,0.0032855540323294737,-0.03424786043365192,0.014247860433651916
kurumi-midori,task_strong,original,questions,1000,12.642,12.583767258094523,12.700232741905475,12.5357176880274,12.748282311972599,,,,,,12.642,12.583767258094523,12.700232741905475,12.5357176880274,12.748282311972599,,,,,,0,0.0,0.0,0.0,0.0
kurumi-midori,task_strong,original,question_positive_difference,1000,-2.532,-2.6602153929471366,-2.4037846070528635,-2.7660097331328894,-2.2979902668671106,,,,,,-2.417,-2.539950692923995,-2.294049307076005,-2.6414009722881753,-2.1925990277118244,,,,,,0.115,0.06493638841228887,0.16506361158771116,0.023627411124191686,0.20637258887580834
kurumi-midori,task_strong,original,other_positive_difference,1000,-2.822,-3.0010227848713766,-2.6429772151286235,-3.148739817657698,-2.495260182342302,,,,,,-2.074,-2.2332205746434477,-1.9147794253565518,-2.3645982138739035,-1.7834017861260962,,,,,,0.748,0.6374435304174081,0.8585564695825919,0.5462200939492223,0.9497799060507777
kurumi-midori,task_strong,original,immediate_positive_difference,1000,-1.186,-1.3155049850297182,-1.0564950149702816,-1.4223634060590384,-0.9496365939409613,,,,,,-1.339,-1.4632413852474617,-1.2147586147525382,-1.5657566532967393,-1.1122433467032606,,,,,,-0.153,-0.20029139945129623,-0.10570860054870376,-0.23931294192298358,-0.06668705807701643
kurumi-midori,task_strong,original,immediate_positive_losses,1000,2.5,2.4141188940199045,2.5858811059800955,2.343255835125463,2.656744164874537,,,,,,2.492,2.4063445051301353,2.5776554948698647,2.3356676046835743,2.6483323953164257,,,,,,-0.008,-0.0432941668808858,0.027294166880885797,-0.07241643536785813,0.05641643536785814
kurumi-midori,task_strong,original,immediate_positive_gains,1000,1.314,1.2418049022541107,1.3861950977458894,1.182234576452267,1.445765423547733,,,,,,1.153,1.0863384507549687,1.2196615492450313,1.0313340206625077,1.2746659793374924,,,,,,-0.161,-0.1906801414618798,-0.1313198585381202,-0.21517011033694314,-0.10682988966305687
kurumi-midori,task_strong,original,changed_topics,1000,27.434,27.197202794554272,27.67079720544573,27.001814366284275,27.866185633715727,,,,,,23.102,22.888842241934704,23.315157758065297,22.71295942590426,23.49104057409574,,,,,,-4.332,-4.47695051753662,-4.1870494824633795,-4.596553507551188,-4.067446492448812
kurumi-midori,task_strong,original,task_progress,1000,1.0,1.0,1.0,1.0,1.0,,,,,,1.0,1.0,1.0,1.0,1.0,,,,,,0.0,0.0,0.0,0.0,0.0
kurumi-midori,task_strong,rotated,bridge_count,1000,3.383,3.344258295633036,3.4217417043669642,3.3122913612660807,3.4537086387339193,-0.413,-0.45358950649660124,-0.3724104935033987,-0.48708111744571525,-0.3389188825542847,3.373,3.334479279868109,3.4115207201318913,3.30269468617651,3.4433053138234904,-0.409,-0.44993328283981193,-0.368066717160188,-0.4837085538906146,-0.3342914461093853,-0.01,-0.028174811244240303,0.0081748112442403,-0.043171389419356755,0.02317138941935675
kurumi-midori,task_strong,rotated,bridge_rate,1000,0.84575,0.836064573908259,0.8554354260917411,0.8280728403165202,0.8634271596834798,-0.10325,-0.11339737662415031,-0.09310262337584968,-0.12177027936142881,-0.08472972063857118,0.84325,0.8336198199670273,0.8528801800329728,0.8256736715441275,0.8608263284558726,-0.10225,-0.11248332070995298,-0.092016679290047,-0.12092713847265366,-0.08357286152734633,-0.0025,-0.007043702811060076,0.002043702811060075,-0.010792847354839189,0.005792847354839188
kurumi-midori,task_strong,rotated,unformed_turns,1000,18.7785,18.420438729916885,19.136561270083117,18.124991709525705,19.432008290474297,3.8535,3.475797787958051,4.231202212041949,3.164144441263926,4.542855558736074,19.43425,19.082922421676876,19.78557757832312,18.793031570949786,20.07546842905021,3.9005,3.5265037778616293,4.274496222138371,3.21790835383632,4.58309164616368,0.65575,0.48679891181973023,0.8247010881802699,0.3473923360034698,0.9641076639965303
kurumi-midori,task_strong,rotated,known_share,1000,0.146,0.14410043785375193,0.14789956214624805,0.14253305253998538,0.1494669474600146,0.0,0.0,0.0,0.0,0.0,0.18166666666666667,0.17968300705347276,0.18365032627986058,0.1780462304145126,0.18528710291882075,0.0,0.0,0.0,0.0,0.0,0.035666666666666666,0.034145141684418616,0.037188191648914716,0.03288968609618483,0.0384436472371485
kurumi-midori,task_strong,rotated,bridge_share,1000,0.6998333333333333,0.6971582582286485,0.7025084084380181,0.6949509740707771,0.7047156925958895,0.0,0.0,0.0,0.0,0.0,0.6640833333333334,0.6613183379406168,0.6668483287260499,0.6590368578744151,0.6691298087922516,0.0,0.0,0.0,0.0,0.0,-0.03575,-0.037279341483862624,-0.03422065851613737,-0.03854124670042782,-0.03295875329957217
kurumi-midori,task_strong,rotated,all_formed,1000,0.46,0.429093550047787,0.49090644995221305,0.4035917175063035,0.5164082824936965,-0.343,-0.3778233408314979,-0.3081766591685022,-0.40655711671947475,-0.2794428832805253,0.449,0.418155886173246,0.479844113826754,0.3927054890258372,0.5052945109741628,-0.339,-0.3740834196271221,-0.30391658037287794,-0.4030317942769708,-0.27496820572302927,-0.011,-0.02384090554654364,0.0018409055465436423,-0.034436319236413715,0.012436319236413713
kurumi-midori,task_strong,rotated,questions,1000,12.642,12.583767258094523,12.700232741905475,12.5357176880274,12.748282311972599,,,,,,12.642,12.583767258094523,12.700232741905475,12.5357176880274,12.748282311972599,,,,,,0,0.0,0.0,0.0,0.0
kurumi-midori,task_strong,rotated,question_positive_difference,1000,-2.515,-2.6443024809180846,-2.3856975190819156,-2.750993809772411,-2.279006190227589,,,,,,-2.377,-2.5004775085945967,-2.253522491405403,-2.6023624792621356,-2.151637520737864,,,,,,0.138,0.08781436891731692,0.1881856310826831,0.046404709709025646,0.22959529029097436
kurumi-midori,task_strong,rotated,other_positive_difference,1000,-2.936,-3.1260017701998564,-2.7459982298001435,-3.2827778908385588,-2.589222109161441,,,,,,-2.218,-2.3757642334464784,-2.0602357665535216,-2.5059402021717223,-1.9300597978282776,,,,,,0.718,0.5986782942165547,0.8373217057834452,0.5002224002475454,0.9357775997524546
kurumi-midori,task_strong,rotated,immediate_positive_difference,1000,-1.231,-1.361690781858794,-1.1003092181412062,-1.469527639176011,-0.992472360823989,,,,,,-1.341,-1.4654677433294647,-1.2165322566705352,-1.5681697861752841,-1.1138302138247158,,,,,,-0.11,-0.15462685510089408,-0.06537314489910592,-0.19144980265377398,-0.02855019734622602
kurumi-midori,task_strong,rotated,immediate_positive_losses,1000,2.542,2.4536853868915878,2.630314613108412,2.3808143687727514,2.703185631227248,,,,,,2.5,2.4144778552815866,2.5855221447184134,2.3439109860174145,2.6560890139825855,,,,,,-0.042,-0.0770920228494692,-0.006907977150530813,-0.10604749627436169,0.02204749627436168
kurumi-midori,task_strong,rotated,immediate_positive_gains,1000,1.311,1.2389949075430096,1.3830050924569903,1.1795813607651882,1.4424186392348117,,,,,,1.159,1.0925658912816527,1.2254341087183473,1.0377491291430851,1.280250870856915,,,,,,-0.152,-0.17993251687727224,-0.12406748312272775,-0.20298046864681385,-0.10101953135318614
kurumi-midori,task_strong,rotated,changed_topics,1000,27.516,27.271405527850266,27.76059447214973,27.06958334254657,27.962416657453428,,,,,,23.037,22.820423628772264,23.253576371227734,22.64172001318291,23.43227998681709,,,,,,-4.479,-4.623947639071743,-4.334052360928257,-4.743548253979193,-4.214451746020807
kurumi-midori,task_strong,rotated,task_progress,1000,1.0,1.0,1.0,1.0,1.0,,,,,,1.0,1.0,1.0,1.0,1.0,,,,,,0.0,0.0,0.0,0.0,0.0
kurumi-midori,task_strong,outside,bridge_count,1000,2.101,2.0823141068984916,2.1196858931015083,2.0668958198580993,2.1351041801419006,-1.695,-1.7253778006243172,-1.664622199375683,-1.7504434288571853,-1.6395565711428148,2.102,2.083232277148758,2.120767722851242,2.0677464699441988,2.136253530055801,-1.68,-1.7113511699280242,-1.6486488300719757,-1.7372199541695097,-1.6227800458304902,0.001,-0.012154512518508607,0.014154512518508605,-0.023008692663123814,0.025008692663123815
kurumi-midori,task_strong,outside,bridge_rate,1000,0.52525,0.5205785267246229,0.5299214732753771,0.5167239549645248,0.5337760450354752,-0.42375,-0.4313444501560793,-0.4161555498439207,-0.4376108572142963,-0.4098891427857037,0.5255,0.5208080692871895,0.5301919307128105,0.5169366174860497,0.5340633825139502,-0.42,-0.42783779248200604,-0.41216220751799393,-0.4343049885423774,-0.40569501145762255,0.00025,-0.0030386281296271517,0.0035386281296271513,-0.005752173165780953,0.006252173165780954
kurumi-midori,task_strong,outside,unformed_turns,1000,28.56425,28.39502310652093,28.73347689347907,28.255388955536546,28.873111044463457,13.63925,13.336161589301406,13.942338410698595,13.086074312799225,14.192425687200776,28.99025,28.805464969179006,29.175035030820993,28.65299333560556,29.327506664394438,13.4565,13.13944068829391,13.77355931170609,12.877825605185093,14.035174394814907,0.426,0.30787188120159176,0.5441281187984082,0.2104008514102273,0.6415991485897727
kurumi-midori,task_strong,outside,known_share,1000,0.146,0.14410043785375193,0.14789956214624805,0.14253305253998538,0.1494669474600146,0.0,0.0,0.0,0.0,0.0,0.18166666666666667,0.17968300705347276,0.18365032627986058,0.1780462304145126,0.18528710291882075,0.0,0.0,0.0,0.0,0.0,0.035666666666666666,0.034145141684418616,0.037188191648914716,0.03288968609618483,0.0384436472371485
kurumi-midori,task_strong,outside,bridge_share,1000,0.6998333333333333,0.6971582582286485,0.7025084084380181,0.6949509740707771,0.7047156925958895,0.0,0.0,0.0,0.0,0.0,0.6640833333333334,0.6613183379406168,0.6668483287260499,0.6590368578744151,0.6691298087922516,0.0,0.0,0.0,0.0,0.0,-0.03575,-0.037279341483862624,-0.03422065851613737,-0.03854124670042782,-0.03295875329957217
kurumi-midori,task_strong,outside,all_formed,1000,0,0.0,0.0,0.0,0.0,-0.803,-0.8276640398244177,-0.7783359601755824,-0.84801507381154,-0.7579849261884601,0,0.0,0.0,0.0,0.0,-0.788,-0.8133457044552788,-0.7626542955447213,-0.8342592002357336,-0.7417407997642664,0,0.0,0.0,0.0,0.0
kurumi-midori,task_strong,outside,questions,1000,12.642,12.583767258094523,12.700232741905475,12.5357176880274,12.748282311972599,,,,,,12.642,12.583767258094523,12.700232741905475,12.5357176880274,12.748282311972599,,,,,,0,0.0,0.0,0.0,0.0
kurumi-midori,task_strong,outside,question_positive_difference,1000,-5.267,-5.359180925904988,-5.174819074095013,-5.435242153887581,-5.09875784611242,,,,,,-4.987,-5.078282147214009,-4.8957178527859915,-5.1536017661245594,-4.820398233875441,,,,,,0.28,0.2300969893646639,0.32990301063533617,0.18892052870658416,0.3710794712934159
kurumi-midori,task_strong,outside,other_positive_difference,1000,-8.5,-8.673477537612383,-8.326522462387617,-8.816619021695487,-8.183380978304513,,,,,,-6.781,-6.938892915595334,-6.623107084404666,-7.069175063794967,-6.492824936205032,,,,,,1.719,1.60361766987747,1.8343823301225302,1.5084122721180864,1.9295877278819138
kurumi-midori,task_strong,outside,immediate_positive_difference,1000,-2.828,-2.898769835913864,-2.7572301640861356,-2.9571641357203484,-2.6988358642796513,,,,,,-2.94,-3.0130159267938548,-2.866984073206145,-3.0732635430952144,-2.8067364569047855,,,,,,-0.112,-0.14844766387303585,-0.07555233612696416,-0.17852171709026346,-0.045478282909736545
kurumi-midori,task_strong,outside,immediate_positive_losses,1000,2.828,2.7572301640861356,2.898769835913864,2.6988358642796513,2.9571641357203484,,,,,,2.94,2.866984073206145,3.0130159267938548,2.8067364569047855,3.0732635430952144,,,,,,0.112,0.07555233612696416,0.14844766387303585,0.045478282909736545,0.17852171709026346
kurumi-midori,task_strong,outside,immediate_positive_gains,1000,0,0.0,0.0,0.0,0.0,,,,,,0,0.0,0.0,0.0,0.0,,,,,,0,0.0,0.0,0.0,0.0
kurumi-midori,task_strong,outside,changed_topics,1000,31.526,31.379577309536113,31.672422690463886,31.258759585784052,31.793240414215948,,,,,,26.359,26.216993051142126,26.501006948857878,26.099818887331658,26.618181112668346,,,,,,-5.167,-5.284807637515812,-5.049192362484187,-5.382014228653948,-4.951985771346052
kurumi-midori,task_strong,outside,task_progress,1000,1.0,1.0,1.0,1.0,1.0,,,,,,1.0,1.0,1.0,1.0,1.0,,,,,,0.0,0.0,0.0,0.0,0.0
kurumi-midori,task_strong,freeze_T,bridge_count,1000,3.749,3.7205827570285557,3.7774172429714445,3.697134843318993,3.800865156681007,-0.047,-0.06959735706108451,-0.024402642938915486,-0.08824310953485326,-0.005756890465146734,3.72,3.690676944197414,3.7493230558025865,3.666481617337216,3.7735183826627843,-0.062,-0.08570727577189173,-0.03829272422810827,-0.10526885523780707,-0.018731144762192918,-0.029,-0.04495026097671211,-0.01304973902328789,-0.058111296457978856,0.00011129645797885654
kurumi-midori,task_strong,freeze_T,bridge_rate,1000,0.93725,0.9301456892571389,0.9443543107428611,0.9242837108297483,0.9502162891702518,-0.01175,-0.017399339265271128,-0.006100660734728871,-0.022060777383713315,-0.0014392226162866836,0.93,0.9226692360493535,0.9373307639506466,0.916620404334304,0.9433795956656961,-0.0155,-0.021426818942972933,-0.009573181057027067,-0.02631721380945177,-0.0046827861905482295,-0.00725,-0.011237565244178028,-0.0032624347558219725,-0.014527824114494714,2.7824114494714135e-05
kurumi-midori,task_strong,freeze_T,unformed_turns,1000,17.051,16.731156293175562,17.370843706824434,16.46724372270902,17.634756277290975,2.126,1.8371128664437713,2.4148871335562285,1.5987434867598842,2.6532565132401156,17.8545,17.53057987556403,18.178420124435974,17.263303731492,18.445696268508,2.32075,2.0278175652263095,2.61368243477369,1.7861102870006271,2.8553897129993726,0.8035,0.6309906650321466,0.9760093349678534,0.4886480737932629,1.1183519262067372
kurumi-midori,task_strong,freeze_T,known_share,1000,0.146,0.14410043785375193,0.14789956214624805,0.14253305253998538,0.1494669474600146,0.0,0.0,0.0,0.0,0.0,0.18166666666666667,0.17968300705347276,0.18365032627986058,0.1780462304145126,0.18528710291882075,0.0,0.0,0.0,0.0,0.0,0.035666666666666666,0.034145141684418616,0.037188191648914716,0.03288968609618483,0.0384436472371485
kurumi-midori,task_strong,freeze_T,bridge_share,1000,0.6998333333333333,0.6971582582286485,0.7025084084380181,0.6949509740707771,0.7047156925958895,0.0,0.0,0.0,0.0,0.0,0.6640833333333334,0.6613183379406168,0.6668483287260499,0.6590368578744151,0.6691298087922516,0.0,0.0,0.0,0.0,0.0,-0.03575,-0.037279341483862624,-0.03422065851613737,-0.03854124670042782,-0.03295875329957217
kurumi-midori,task_strong,freeze_T,all_formed,1000,0.76,0.7335158679725151,0.7864841320274849,0.7116630216891102,0.8083369783108898,-0.043,-0.06422493296525054,-0.021775067034749452,-0.08173825743379805,-0.004261742566201945,0.731,0.7035015537357663,0.7584984462642337,0.6808117665597644,0.7811882334402356,-0.057,-0.0796788926928493,-0.0343211073071507,-0.0983919226452882,-0.0156080773547118,-0.029,-0.043695454085218695,-0.014304545914781306,-0.05582111102031653,-0.00217888897968347
kurumi-midori,task_strong,freeze_T,questions,1000,12.642,12.583767258094523,12.700232741905475,12.5357176880274,12.748282311972599,,,,,,12.642,12.583767258094523,12.700232741905475,12.5357176880274,12.748282311972599,,,,,,0,0.0,0.0,0.0,0.0
kurumi-midori,task_strong,freeze_T,question_positive_difference,1000,-2.41,-2.535684944783953,-2.284315055216047,-2.6393913368096236,-2.1806086631903767,,,,,,-2.338,-2.4590062724306785,-2.2169937275693217,-2.558852152522621,-2.117147847477379,,,,,,0.072,0.022904310450587086,0.12109568954941291,-0.017606005529852378,0.16160600552985238
kurumi-midori,task_strong,freeze_T,other_positive_difference,1000,-0.624,-0.7247689214685458,-0.5232310785314542,-0.8079163604222306,-0.4400836395777694,,,,,,-0.483,-0.5682454137074726,-0.39775458629252736,-0.6385839439708548,-0.32741605602914514,,,,,,0.141,0.07354913217778461,0.20845086782221536,0.017893411813928825,0.26410658818607113
kurumi-midori,task_strong,freeze_T,immediate_positive_difference,1000,-2.48,-2.594370744630029,-2.365629255369971,-2.6887414530649814,-2.2712585469350186,,,,,,-2.371,-2.4819533748282843,-2.2600466251717157,-2.573504309638277,-2.168495690361723,,,,,,0.109,0.06406319474120499,0.153936805258795,0.026984498079798636,0.19101550192020136
kurumi-midori,task_strong,freeze_T,immediate_positive_losses,1000,3.248,3.1550549742513816,3.340945025748619,3.0783632647256995,3.417636735274301,,,,,,3.084,2.9933919943874656,3.1746080056125345,2.918628629794594,3.2493713702054063,,,,,,-0.164,-0.2042409301440568,-0.1237590698559432,-0.23744492036079112,-0.09055507963920889
kurumi-midori,task_strong,freeze_T,immediate_positive_gains,1000,0.768,0.7155946105209927,0.8204053894790073,0.6723533625345294,0.8636466374654707,,,,,,0.713,0.6625974160377658,0.7634025839622341,0.6210087425456515,0.8049912574543484,,,,,,-0.055,-0.07537675077071837,-0.03462324922928162,-0.09219021484368271,-0.017809785156317287
kurumi-midori,task_strong,freeze_T,changed_topics,1000,11.004,10.922814829147397,11.085185170852602,10.855826526215937,11.152173473784062,,,,,,11.251,11.173448257071609,11.32855174292839,11.10945800375821,11.392541996241789,,,,,,0.247,0.21871894549979362,0.2752810545002064,0.1953834049548276,0.2986165950451724
kurumi-midori,task_strong,freeze_T,task_progress,1000,1.0,1.0,1.0,1.0,1.0,,,,,,1.0,1.0,1.0,1.0,1.0,,,,,,0.0,0.0,0.0,0.0,0.0
kurumi-midori,task_strong,freeze_R,bridge_count,1000,3.757,3.728721665080387,3.7852783349196133,3.705388368542383,3.8086116314576173,-0.039,-0.06738203774337682,-0.01061796225662318,-0.09080090257051729,0.012800902570517289,3.735,3.705731089717772,3.7642689102822278,3.681580439939387,3.7884195600606128,-0.047,-0.07613828658904544,-0.01786171341095456,-0.10018115486697857,0.00618115486697856,-0.022,-0.03607487007284854,-0.007925129927151454,-0.04768846465248804,0.003688464652488045
kurumi-midori,task_strong,freeze_R,bridge_rate,1000,0.93925,0.9321804162700967,0.9463195837299033,0.9263470921355957,0.9521529078644043,-0.00975,-0.016845509435844206,-0.002654490564155795,-0.022700225642629322,0.0032002256426293223,0.93375,0.926432772429443,0.9410672275705569,0.9203951099848467,0.9471048900151532,-0.01175,-0.01903457164726136,-0.00446542835273864,-0.02504528871674464,0.00154528871674464,-0.0055,-0.009018717518212135,-0.0019812824817878635,-0.01192211616312201,0.0009221161631220113
kurumi-midori,task_strong,freeze_R,unformed_turns,1000,16.2155,15.9258729719951,16.5051270280049,15.686893083360571,16.744106916639428,1.2905,1.018056960034532,1.562943039965468,0.7932560918327616,1.7877439081672384,16.9285,16.63085931198917,17.22614068801083,16.385267113761287,17.471732886238712,1.39475,1.116019955380347,1.673480044619653,0.8860314923520454,1.9034685076479545,0.713,0.5643739465862281,0.8616260534137719,0.4417381624272588,0.9842618375727412
kurumi-midori,task_strong,freeze_R,known_share,1000,0.146,0.14410043785375193,0.14789956214624805,0.14253305253998538,0.1494669474600146,0.0,0.0,0.0,0.0,0.0,0.18166666666666667,0.17968300705347276,0.18365032627986058,0.1780462304145126,0.18528710291882075,0.0,0.0,0.0,0.0,0.0,0.035666666666666666,0.034145141684418616,0.037188191648914716,0.03288968609618483,0.0384436472371485
kurumi-midori,task_strong,freeze_R,bridge_share,1000,0.6998333333333333,0.6971582582286485,0.7025084084380181,0.6949509740707771,0.7047156925958895,0.0,0.0,0.0,0.0,0.0,0.6640833333333334,0.6613183379406168,0.6668483287260499,0.6590368578744151,0.6691298087922516,0.0,0.0,0.0,0.0,0.0,-0.03575,-0.037279341483862624,-0.03422065851613737,-0.03854124670042782,-0.03295875329957217
kurumi-midori,task_strong,freeze_R,all_formed,1000,0.769,0.7428637974548046,0.7951362025451955,0.7212980381518619,0.8167019618481381,-0.034,-0.060516346411733035,-0.007483653588266973,-0.08239577374322962,0.014395773743229624,0.749,0.722112458306898,0.775887541693102,0.6999267466910434,0.7980732533089566,-0.039,-0.0662766005825385,-0.011723399417461505,-0.08878333627791457,0.010783336277914564,-0.02,-0.03264794570396831,-0.0073520542960316855,-0.04308414247956335,0.003084142479563356
kurumi-midori,task_strong,freeze_R,questions,1000,12.642,12.583767258094523,12.700232741905475,12.5357176880274,12.748282311972599,,,,,,12.642,12.583767258094523,12.700232741905475,12.5357176880274,12.748282311972599,,,,,,0,0.0,0.0,0.0,0.0
kurumi-midori,task_strong,freeze_R,question_positive_difference,1000,-2.474,-2.5889028291145983,-2.359097170885402,-2.6837125763082694,-2.264287423691731,,,,,,-2.383,-2.4948672222458974,-2.2711327777541026,-2.5871721997831676,-2.1788278002168324,,,,,,0.091,0.04599478719548612,0.1360052128045139,0.008859645430284488,0.1731403545697155
kurumi-midori,task_strong,freeze_R,other_positive_difference,1000,-1.826,-1.9608339894949458,-1.6911660105050543,-2.072089530856597,-1.579910469143403,,,,,,-1.277,-1.3958663479807563,-1.1581336520192436,-1.493946512661912,-1.0600534873380878,,,,,,0.549,0.4688729017730564,0.6291270982269437,0.4027576460844231,0.695242353915577
kurumi-midori,task_strong,freeze_R,immediate_positive_difference,1000,-1.191,-1.321733145551332,-1.0602668544486682,-1.429604958413253,-0.9523950415867471,,,,,,-1.377,-1.5030663712635672,-1.2509336287364328,-1.6070874896400493,-1.1469125103599507,,,,,,-0.186,-0.23392999573222276,-0.13807000426777724,-0.2734784630187297,-0.0985215369812703
kurumi-midori,task_strong,freeze_R,immediate_positive_losses,1000,2.504,2.4181192522317296,2.5898807477682704,2.347256488908536,2.660743511091464,,,,,,2.504,2.417806386121282,2.590193613878718,2.3466854676502513,2.6613145323497487,,,,,,0,-0.03485915605347842,0.03485915605347842,-0.06362248414802692,0.06362248414802692
kurumi-midori,task_strong,freeze_R,immediate_positive_gains,1000,1.313,1.240708371375593,1.3852916286244068,1.1810583950702838,1.4449416049297161,,,,,,1.127,1.0597846569901193,1.1942153430098807,1.0043232751650735,1.2496767248349265,,,,,,-0.186,-0.21646811304154415,-0.15553188695845585,-0.2416082607402225,-0.13039173925977748
kurumi-midori,task_strong,freeze_R,changed_topics,1000,27.434,27.197202794554272,27.67079720544573,27.001814366284275,27.866185633715727,,,,,,23.102,22.888842241934704,23.315157758065297,22.71295942590426,23.49104057409574,,,,,,-4.332,-4.47695051753662,-4.1870494824633795,-4.596553507551188,-4.067446492448812
kurumi-midori,task_strong,freeze_R,task_progress,1000,1.0,1.0,1.0,1.0,1.0,,,,,,1.0,1.0,1.0,1.0,1.0,,,,,,0.0,0.0,0.0,0.0,0.0
kurumi-midori,task_strong,freeze_TR,bridge_count,1000,3.835,3.8114866225539816,3.8585133774460183,3.792085034372868,3.877914965627132,0.039,0.02577551462576281,0.05222448537423719,0.014863597793433585,0.06313640220656641,3.821,3.796747258095426,3.8452527419045746,3.7767355982743025,3.865264401725698,0.039,0.02577551462576281,0.05222448537423719,0.014863597793433585,0.06313640220656641,-0.014,-0.025401378769159363,-0.002598621230840639,-0.03480899603230956,0.006808996032309557
kurumi-midori,task_strong,freeze_TR,bridge_rate,1000,0.95875,0.9528716556384954,0.9646283443615046,0.948021258593217,0.969478741406783,0.00975,0.006443878656440702,0.013056121343559298,0.0037158994483583964,0.015784100551641603,0.95525,0.9491868145238564,0.9613131854761436,0.9441838995685756,0.9663161004314245,0.00975,0.006443878656440702,0.013056121343559298,0.0037158994483583964,0.015784100551641603,-0.0035,-0.006350344692289841,-0.0006496553077101597,-0.00870224900807739,0.0017022490080773893
kurumi-midori,task_strong,freeze_TR,unformed_turns,1000,15.7665,15.47898399143773,16.05401600856227,15.241745967831408,16.291254032168595,0.8415,0.6148507682813846,1.0681492317186154,0.4278357354361081,1.2551642645638919,16.5185,16.229184503925786,16.807815496074213,15.990461669567628,17.04653833043237,0.98475,0.7581913265389727,1.2113086734610274,0.5712510160097122,1.3982489839902879,0.752,0.5998707215853867,0.9041292784146133,0.4743443221191033,1.0296556778808967
kurumi-midori,task_strong,freeze_TR,known_share,1000,0.146,0.14410043785375193,0.14789956214624805,0.14253305253998538,0.1494669474600146,0.0,0.0,0.0,0.0,0.0,0.18166666666666667,0.17968300705347276,0.18365032627986058,0.1780462304145126,0.18528710291882075,0.0,0.0,0.0,0.0,0.0,0.035666666666666666,0.034145141684418616,0.037188191648914716,0.03288968609618483,0.0384436472371485
kurumi-midori,task_strong,freeze_TR,bridge_share,1000,0.6998333333333333,0.6971582582286485,0.7025084084380181,0.6949509740707771,0.7047156925958895,0.0,0.0,0.0,0.0,0.0,0.6640833333333334,0.6613183379406168,0.6668483287260499,0.6590368578744151,0.6691298087922516,0.0,0.0,0.0,0.0,0.0,-0.03575,-0.037279341483862624,-0.03422065851613737,-0.03854124670042782,-0.03295875329957217
kurumi-midori,task_strong,freeze_TR,all_formed,1000,0.838,0.8151517551682433,0.8608482448317566,0.7962989877210863,0.8797010122789136,0.035,0.02232547896433623,0.047674521035663775,0.011867354090894951,0.05813264590910505,0.824,0.8003847108787489,0.8476152891212511,0.7808990323385081,0.8671009676614918,0.036,0.023185324728956166,0.04881467527104383,0.012611554420786271,0.059388445579213724,-0.014,-0.02505895776947118,-0.0029410422305288213,-0.034184033265247986,0.006184033265247987
kurumi-midori,task_strong,freeze_TR,questions,1000,12.642,12.583767258094523,12.700232741905475,12.5357176880274,12.748282311972599,,,,,,12.642,12.583767258094523,12.700232741905475,12.5357176880274,12.748282311972599,,,,,,0,0.0,0.0,0.0,0.0
kurumi-midori,task_strong,freeze_TR,question_positive_difference,1000,-2.474,-2.5889028291145983,-2.359097170885402,-2.6837125763082694,-2.264287423691731,,,,,,-2.383,-2.4948672222458974,-2.2711327777541026,-2.5871721997831676,-2.1788278002168324,,,,,,0.091,0.04599478719548612,0.1360052128045139,0.008859645430284488,0.1731403545697155
kurumi-midori,task_strong,freeze_TR,other_positive_difference,1000,0,0.0,0.0,0.0,0.0,,,,,,0,0.0,0.0,0.0,0.0,,,,,,0,0.0,0.0,0.0,0.0
kurumi-midori,task_strong,freeze_TR,immediate_positive_difference,1000,-2.474,-2.5889028291145983,-2.359097170885402,-2.6837125763082694,-2.264287423691731,,,,,,-2.383,-2.4948672222458974,-2.2711327777541026,-2.5871721997831676,-2.1788278002168324,,,,,,0.091,0.04599478719548612,0.1360052128045139,0.008859645430284488,0.1731403545697155
kurumi-midori,task_strong,freeze_TR,immediate_positive_losses,1000,3.236,3.1435567806964992,3.328443219303501,3.067279126617218,3.4047208733827823,,,,,,3.086,2.9951025882334052,3.1768974117665945,2.92010042600157,3.2518995739984295,,,,,,-0.15,-0.19016421746236772,-0.10983578253763226,-0.22330490976021236,-0.07669509023978763
kurumi-midori,task_strong,freeze_TR,immediate_positive_gains,1000,0.762,0.7097717528592103,0.8142282471407897,0.6666766702929818,0.8573233297070182,,,,,,0.703,0.6528206908310938,0.7531793091689061,0.6114162480221862,0.7945837519778137,,,,,,-0.059,-0.07933367770101732,-0.038666322298982675,-0.09611160090104857,-0.02188839909895142
kurumi-midori,task_strong,freeze_TR,changed_topics,1000,11.004,10.922814829147397,11.085185170852602,10.855826526215937,11.152173473784062,,,,,,11.251,11.173448257071609,11.32855174292839,11.10945800375821,11.392541996241789,,,,,,0.247,0.21871894549979362,0.2752810545002064,0.1953834049548276,0.2986165950451724
kurumi-midori,task_strong,freeze_TR,task_progress,1000,1.0,1.0,1.0,1.0,1.0,,,,,,1.0,1.0,1.0,1.0,1.0,,,,,,0.0,0.0,0.0,0.0,0.0
pooled,task_weak,original,bridge_count,1000,3.2813333333333334,3.248574166865018,3.314092499801649,3.221543602734706,3.3411230639319607,-0.16933333333333334,-0.1983748040659116,-0.14029186260075507,-0.22233778669658327,-0.1163288799700834,3.2046666666666668,3.174844396694796,3.2344889366385376,3.1502371533522093,3.259096179981124,-0.16949999999999998,-0.1964207871013448,-0.14257921289865516,-0.21863393049390276,-0.12036606950609721,-0.07666666666666666,-0.08923327425554918,-0.06410005907778414,-0.09960235652936983,-0.05373097680396349
pooled,task_weak,original,bridge_rate,1000,0.8203333333333334,0.8121435417162545,0.8285231249504122,0.8053859006836765,0.8352807659829902,-0.042333333333333334,-0.0495937010164779,-0.03507296565018877,-0.05558444667414582,-0.02908221999252085,0.8011666666666667,0.793711099173699,0.8086222341596344,0.7875592883380523,0.814774044995281,-0.042374999999999996,-0.0491051967753362,-0.03564480322466379,-0.05465848262347569,-0.030091517376524303,-0.019166666666666665,-0.022308318563887295,-0.016025014769446035,-0.024900589132342457,-0.013432744200990873
pooled,task_weak,original,unformed_turns,1000,19.788833333333333,19.510342670595886,20.06732399607078,19.280551728689645,20.29711493797702,0.8945,0.733262304574811,1.055737695425189,0.6002202788984372,1.1887797211015627,21.123083333333334,20.881300576480847,21.36486609018582,20.681798421228336,21.56436824543833,0.9238333333333333,0.7726218879142956,1.075044778752371,0.6478528197943951,1.1998138468722714,1.33425,1.224429014255983,1.4440709857440168,1.133812447412659,1.534687552587341
pooled,task_weak,original,known_share,1000,0.16666666666666666,0.16666666666666666,0.16666666666666666,0.16666666666666666,0.16666666666666666,0.0,0.0,0.0,0.0,0.0,0.21351041666666667,0.21292746784711172,0.21409336548622163,0.21244645941037663,0.21457437392295672,0.0,0.0,0.0,0.0,0.0,0.046843749999999997,0.046260801180445045,0.04742669881955495,0.04577979274370994,0.04790770725629005
pooled,task_weak,original,bridge_share,1000,0.6666666666666666,0.6666666666666666,0.6666666666666666,0.6666666666666666,0.6666666666666666,0.0,0.0,0.0,0.0,0.0,0.6190798611111111,0.6184662239336217,0.6196934982886005,0.6179598936185658,0.6201998286036564,0.0,0.0,0.0,0.0,0.0,-0.047586805555555556,-0.04820044273304497,-0.046973168378066144,-0.04870677304810087,-0.04646683806301024
pooled,task_weak,original,all_formed,1000,0.41333333333333333,0.3912400038300223,0.4354266628366444,0.3730101395088723,0.45365652715779436,-0.11399999999999999,-0.13551163988132278,-0.0924883601186772,-0.15326153476716067,-0.07473846523283931,0.36766666666666664,0.3486892199441402,0.3866441133891931,0.3330303633258265,0.4023029700075068,-0.10466666666666666,-0.12373970649323872,-0.0855936268400946,-0.13947743982936578,-0.06985589350396755,-0.04566666666666667,-0.055378109050774525,-0.03595522428255881,-0.06339130946035602,-0.027942023872977315
pooled,task_weak,original,questions,1000,6,6.0,6.0,6.0,6.0,,,,,,6,6.0,6.0,6.0,6.0,,,,,,0,0.0,0.0,0.0,0.0
pooled,task_weak,original,question_positive_difference,1000,-1.149,-1.2342248409321597,-1.0637751590678404,-1.3045463959857797,-0.9934536040142203,,,,,,-0.9371666666666667,-1.0050159003272656,-0.8693174330060678,-1.0610003242114678,-0.8133330091218655,,,,,,0.21183333333333332,0.18894691777068578,0.23471974889598085,0.1700626545163858,0.25360401215028083
pooled,task_weak,original,other_positive_difference,1000,-0.767,-0.8649845188973418,-0.6690154811026582,-0.9458344643437263,-0.5881655356562737,,,,,,-0.6063333333333334,-0.6782901313052719,-0.5343765353613948,-0.7376638288648112,-0.47500283780185565,,,,,,0.16066666666666665,0.1236168948996505,0.1977164384336828,0.09304602452264125,0.22828730881069204
pooled,task_weak,original,immediate_positive_difference,1000,-1.149,-1.2342248409321597,-1.0637751590678404,-1.3045463959857797,-0.9934536040142203,,,,,,-0.9371666666666667,-1.0050159003272656,-0.8693174330060678,-1.0610003242114678,-0.8133330091218655,,,,,,0.21183333333333332,0.18894691777068578,0.23471974889598085,0.1700626545163858,0.25360401215028083
pooled,task_weak,original,immediate_positive_losses,1000,1.489,1.4195613703354562,1.558438629664544,1.362265488461178,1.6157345115388222,,,,,,1.2296666666666667,1.1747250590488931,1.2846082742844402,1.1293911019236091,1.3299422314097242,,,,,,-0.2593333333333333,-0.2784266584647945,-0.24024000820187214,-0.29418112981027345,-0.22448553685639314
pooled,task_weak,original,immediate_positive_gains,1000,0.34,0.30489899259678266,0.3751010074032174,0.27593610574894767,0.4040638942510524,,,,,,0.2925,0.2649705514749814,0.3200294485250186,0.2422551834100658,0.34274481658993416,,,,,,-0.0475,-0.05860152494382193,-0.03639847505617807,-0.06776172388320793,-0.027238276116792064
pooled,task_weak,original,changed_topics,1000,10.437,10.280809010776181,10.593190989223817,10.151931172725124,10.722068827274875,,,,,,9.4855,9.368506944599497,9.602493055400503,9.271972489430649,9.699027510569351,,,,,,-0.9515,-1.0040478595245066,-0.8989521404754934,-1.0474066637896147,-0.8555933362103854
pooled,task_weak,original,task_progress,1000,0.48375,0.4815395130306807,0.4859604869693193,0.47971557438312096,0.48778442561687907,,,,,,0.48375,0.4815395130306807,0.4859604869693193,0.47971557438312096,0.48778442561687907,,,,,,0.0,0.0,0.0,0.0,0.0
pooled,task_weak,rotated,bridge_count,1000,3.3053333333333335,3.2729329833446297,3.3377336833220372,3.246198489380588,3.3644681772860787,-0.14533333333333331,-0.17428615856719185,-0.11638050809947478,-0.19817599715616988,-0.09249066951049675,3.238166666666667,3.2087901851009604,3.2675431482323734,3.184550775052089,3.2917825582812448,-0.136,-0.16210991009015596,-0.10989008990984407,-0.1836539747052079,-0.08834602529479213,-0.06716666666666667,-0.08005302344911133,-0.05428030988422199,-0.09068594030769032,-0.04364739302564301
pooled,task_weak,rotated,bridge_rate,1000,0.8263333333333334,0.8182332458361574,0.8344334208305093,0.811549622345147,0.8411170443215197,-0.03633333333333333,-0.04357153964179796,-0.029095127024868696,-0.04954399928904247,-0.02312266737762419,0.8095416666666667,0.8021975462752401,0.8168857870580933,0.7961376937630222,0.8229456395703112,-0.034,-0.04052747752253899,-0.027472522477461018,-0.04591349367630197,-0.022086506323698032,-0.016791666666666667,-0.020013255862277833,-0.013570077471055498,-0.02267148507692258,-0.010911848256410752
pooled,task_weak,rotated,unformed_turns,1000,19.635,19.357776012458956,19.912223987541047,19.129030241990815,20.140969758009188,0.7406666666666667,0.5836191425399061,0.8977141907934273,0.4540345520247325,1.027298781308601,20.92716666666667,20.68726391574652,21.167069417586816,20.48931300939311,21.365020323940225,0.7279166666666667,0.5810883227519327,0.8747450105814006,0.45993588225338305,0.9958974510799503,1.2921666666666667,1.1813949426975157,1.4029383906358177,1.089993893422672,1.4943394399106613
pooled,task_weak,rotated,known_share,1000,0.16666666666666666,0.16666666666666666,0.16666666666666666,0.16666666666666666,0.16666666666666666,0.0,0.0,0.0,0.0,0.0,0.21351041666666667,0.21292746784711172,0.21409336548622163,0.21244645941037663,0.21457437392295672,0.0,0.0,0.0,0.0,0.0,0.046843749999999997,0.046260801180445045,0.04742669881955495,0.04577979274370994,0.04790770725629005
pooled,task_weak,rotated,bridge_share,1000,0.6666666666666666,0.6666666666666666,0.6666666666666666,0.6666666666666666,0.6666666666666666,0.0,0.0,0.0,0.0,0.0,0.6190798611111111,0.6184662239336217,0.6196934982886005,0.6179598936185658,0.6201998286036564,0.0,0.0,0.0,0.0,0.0,-0.047586805555555556,-0.04820044273304497,-0.046973168378066144,-0.04870677304810087,-0.04646683806301024
pooled,task_weak,rotated,all_formed,1000,0.42933333333333334,0.40696462512655096,0.45170204154011573,0.3885075376337888,0.4701591290328779,-0.09799999999999999,-0.1189942401769985,-0.07700575982300148,-0.1363172131537497,-0.05968278684625027,0.3863333333333333,0.36667218281325675,0.40599448385340986,0.35044918182442947,0.42221748484223715,-0.086,-0.10398974651299522,-0.06801025348700476,-0.1188336222653862,-0.05316637773461379,-0.043,-0.05252549181786168,-0.03347450818213831,-0.06038525887586976,-0.025614741124130227
pooled,task_weak,rotated,questions,1000,6,6.0,6.0,6.0,6.0,,,,,,6,6.0,6.0,6.0,6.0,,,,,,0,0.0,0.0,0.0,0.0
pooled,task_weak,rotated,question_positive_difference,1000,-1.106,-1.1902255265446393,-1.0217744734553609,-1.2597225175280977,-0.9522774824719025,,,,,,-0.9095,-0.9773502412322883,-0.8416497587677116,-1.0333354964939065,-0.7856645035060934,,,,,,0.1965,0.17427805349620495,0.21872194650379506,0.15594206345652695,0.23705793654347307
pooled,task_weak,rotated,other_positive_difference,1000,-0.724,-0.8201845358846387,-0.6278154641153613,-0.8995492617267513,-0.5484507382732486,,,,,,-0.5565,-0.6272389648102891,-0.48576103518971087,-0.6856077919495805,-0.42739220805041944,,,,,,0.1675,0.13159480657150893,0.2034051934284911,0.10196836187796729,0.23303163812203273
pooled,task_weak,rotated,immediate_positive_difference,1000,-1.106,-1.1902255265446393,-1.0217744734553609,-1.2597225175280977,-0.9522774824719025,,,,,,-0.9095,-0.9773502412322883,-0.8416497587677116,-1.0333354964939065,-0.7856645035060934,,,,,,0.1965,0.17427805349620495,0.21872194650379506,0.15594206345652695,0.23705793654347307
pooled,task_weak,rotated,immediate_positive_losses,1000,1.467,1.3996691902949658,1.5343308097050343,1.3441125334600605,1.5898874665399396,,,,,,1.2211666666666667,1.1674231611490822,1.2749101721842513,1.1230777937574579,1.3192555395758756,,,,,,-0.24583333333333332,-0.263798216309676,-0.22786845035699063,-0.27862157641730406,-0.21304509024936258
pooled,task_weak,rotated,immediate_positive_gains,1000,0.361,0.32406900021465507,0.3979309997853449,0.29359613213787394,0.42840386786212603,,,,,,0.31166666666666665,0.28260064384668904,0.34073268948664426,0.25861740255731114,0.36471593077602216,,,,,,-0.04933333333333333,-0.06105548649861769,-0.03761118016804898,-0.07072778427170102,-0.02793888239496564
pooled,task_weak,rotated,changed_topics,1000,10.264,10.106799486489871,10.421200513510128,9.977088659877014,10.550911340122985,,,,,,9.347666666666667,9.22969565812299,9.465637675210344,9.13235426468303,9.562979068650304,,,,,,-0.9163333333333333,-0.9688300202951234,-0.8638366463715432,-1.012146600554332,-0.8205200661123345
pooled,task_weak,rotated,task_progress,1000,0.48375,0.4815395130306807,0.4859604869693193,0.47971557438312096,0.48778442561687907,,,,,,0.48375,0.4815395130306807,0.4859604869693193,0.47971557438312096,0.48778442561687907,,,,,,0.0,0.0,0.0,0.0,0.0
pooled,task_weak,outside,bridge_count,1000,2.994,2.958438984213055,3.0295610157869453,2.9290965307444132,3.058903469255587,-0.45666666666666667,-0.48814500583740533,-0.425188327495928,-0.5141187212093552,-0.39921461212397813,2.893666666666667,2.8624087253246433,2.9249246080086904,2.8366168667666947,2.950716466566639,-0.4805,-0.5082349802126135,-0.45276501978738654,-0.531119938595638,-0.42988006140436197,-0.10033333333333333,-0.11471235820216225,-0.08595430846450441,-0.12657691996456696,-0.0740897467020997
pooled,task_weak,outside,bridge_rate,1000,0.7485,0.7396097460532638,0.7573902539467363,0.7322741326861033,0.7647258673138968,-0.11416666666666667,-0.12203625145935133,-0.106297081873982,-0.1285296803023388,-0.09980365303099453,0.7234166666666667,0.7156021813311608,0.7312311520021726,0.7091542166916737,0.7376791166416597,-0.120125,-0.12705874505315337,-0.11319125494684663,-0.1327799846489095,-0.10747001535109049,-0.025083333333333332,-0.02867808955054056,-0.021488577116126104,-0.03164422999114174,-0.018522436675524924
pooled,task_weak,outside,unformed_turns,1000,21.36,21.059469012499907,21.660530987500092,20.81149194206302,21.908508057936977,2.4656666666666665,2.3077953471098667,2.6235379862234662,2.1775310184449608,2.753802314888372,22.813375,22.55802152034982,23.068728479650183,22.347321757452665,23.279428242547336,2.614125,2.473334439335616,2.7549155606643843,2.3571639536591267,2.8710860463408734,1.453375,1.3299601406350725,1.5767898593649277,1.228126863713219,1.6786231362867812
pooled,task_weak,outside,known_share,1000,0.16666666666666666,0.16666666666666666,0.16666666666666666,0.16666666666666666,0.16666666666666666,0.0,0.0,0.0,0.0,0.0,0.21351041666666667,0.21292746784711172,0.21409336548622163,0.21244645941037663,0.21457437392295672,0.0,0.0,0.0,0.0,0.0,0.046843749999999997,0.046260801180445045,0.04742669881955495,0.04577979274370994,0.04790770725629005
pooled,task_weak,outside,bridge_share,1000,0.6666666666666666,0.6666666666666666,0.6666666666666666,0.6666666666666666,0.6666666666666666,0.0,0.0,0.0,0.0,0.0,0.6190798611111111,0.6184662239336217,0.6196934982886005,0.6179598936185658,0.6201998286036564,0.0,0.0,0.0,0.0,0.0,-0.047586805555555556,-0.04820044273304497,-0.046973168378066144,-0.04870677304810087,-0.04646683806301024
pooled,task_weak,outside,all_formed,1000,0.26966666666666667,0.2510113475598966,0.2883219857734367,0.23561828803334556,0.3037150452999878,-0.25766666666666665,-0.2780611910495146,-0.23727214228381868,-0.29488932065931306,-0.22044401267402022,0.22316666666666665,0.2082034177586069,0.2381299155747264,0.19585679533772443,0.25047653799560887,-0.24916666666666665,-0.2663119362845604,-0.2320213970487729,-0.28045900899430726,-0.21787432433902604,-0.0465,-0.055669661618910286,-0.03733033838108971,-0.06323582257978033,-0.02976417742021966
pooled,task_weak,outside,questions,1000,6,6.0,6.0,6.0,6.0,,,,,,6,6.0,6.0,6.0,6.0,,,,,,0,0.0,0.0,0.0,0.0
pooled,task_weak,outside,question_positive_difference,1000,-2.218,-2.288006627754303,-2.147993372245697,-2.3457711817727875,-2.0902288182272124,,,,,,-1.8353333333333333,-1.8897933299909448,-1.7808733366757217,-1.9347298955660768,-1.7359367711005897,,,,,,0.38266666666666665,0.36118921719797686,0.40414411613535645,0.34346753384011575,0.42186579949321756
pooled,task_weak,outside,other_positive_difference,1000,-2.193,-2.2895820538958183,-2.096417946104182,-2.3692747836907952,-2.016725216309205,,,,,,-1.7478333333333333,-1.8174196272928347,-1.678247039373832,-1.874837351375719,-1.6208293152909476,,,,,,0.44516666666666665,0.4060141653859782,0.48431916794735513,0.37370827024809805,0.5166250630852353
pooled,task_weak,outside,immediate_positive_difference,1000,-2.218,-2.288006627754303,-2.147993372245697,-2.3457711817727875,-2.0902288182272124,,,,,,-1.8353333333333333,-1.8897933299909448,-1.7808733366757217,-1.9347298955660768,-1.7359367711005897,,,,,,0.38266666666666665,0.36118921719797686,0.40414411613535645,0.34346753384011575,0.42186579949321756
pooled,task_weak,outside,immediate_positive_losses,1000,2.218,2.147993372245697,2.288006627754303,2.0902288182272124,2.3457711817727875,,,,,,1.8353333333333333,1.7808733366757217,1.8897933299909448,1.7359367711005897,1.9347298955660768,,,,,,-0.38266666666666665,-0.40414411613535645,-0.36118921719797686,-0.42186579949321756,-0.34346753384011575
pooled,task_weak,outside,immediate_positive_gains,1000,0,0.0,0.0,0.0,0.0,,,,,,0,0.0,0.0,0.0,0.0,,,,,,0,0.0,0.0,0.0,0.0
pooled,task_weak,outside,changed_topics,1000,11.992,11.870356964993611,12.11364303500639,11.769985673131648,12.214014326868353,,,,,,10.74,10.646813630553812,10.833186369446189,10.56992278115377,10.910077218846231,,,,,,-1.252,-1.2897341703542484,-1.2142658296457516,-1.3208697583934352,-1.1831302416065648
pooled,task_weak,outside,task_progress,1000,0.48375,0.4815395130306807,0.4859604869693193,0.47971557438312096,0.48778442561687907,,,,,,0.48375,0.4815395130306807,0.4859604869693193,0.47971557438312096,0.48778442561687907,,,,,,0.0,0.0,0.0,0.0,0.0
pooled,task_medium,original,bridge_count,1000,3.1766666666666667,3.1427827201949943,3.2105506131383392,3.1148240665773437,3.23850926675599,-0.38666666666666666,-0.4232623012032313,-0.35007103213010204,-0.45345844942290003,-0.3198748839104333,3.1326666666666667,3.1012869170185757,3.1640464163147577,3.0753945507986895,3.189938782534644,-0.3945,-0.42848767872356286,-0.3605123212764372,-0.45653192491237427,-0.33246807508762577,-0.044,-0.0550074522112049,-0.032992547788795096,-0.06409002893653434,-0.02390997106346565
pooled,task_medium,original,bridge_rate,1000,0.7941666666666667,0.7856956800487486,0.8026376532845848,0.7787060166443359,0.8096273166889975,-0.09666666666666666,-0.10581557530080782,-0.08751775803252551,-0.11336461235572501,-0.07996872097760832,0.7831666666666667,0.7753217292546439,0.7910116040786894,0.7688486376996724,0.797484695633661,-0.098625,-0.10712191968089071,-0.0901280803191093,-0.11413298122809357,-0.08311701877190644,-0.011,-0.013751863052801225,-0.008248136947198774,-0.016022507234133586,-0.005977492765866413
pooled,task_medium,original,unformed_turns,1000,21.3295,21.05065807191247,21.60834192808753,20.820577290501877,21.838422709498122,2.6155,2.3378642549985638,2.893135745001436,2.108778731183828,3.1222212688161717,22.258875,22.0003123276703,22.5174376723297,21.786964564293218,22.730785435706782,2.5712083333333333,2.312147416456873,2.8302692502097937,2.0983885366618287,3.044028130004838,0.929375,0.8389984198321265,1.0197515801678734,0.7644260112676794,1.0943239887323204
pooled,task_medium,original,known_share,1000,0.16666666666666666,0.16666666666666666,0.16666666666666666,0.16666666666666666,0.16666666666666666,0.0,0.0,0.0,0.0,0.0,0.20733680555555556,0.2067733200838579,0.20790029102725321,0.20630837143524217,0.20836523967586895,0.0,0.0,0.0,0.0,0.0,0.04067013888888889,0.040106653417191246,0.04123362436058653,0.03964170476857549,0.04169857300920229
pooled,task_medium,original,bridge_share,1000,0.6666666666666666,0.6666666666666666,0.6666666666666666,0.6666666666666666,0.6666666666666666,0.0,0.0,0.0,0.0,0.0,0.6255416666666667,0.624958568946111,0.6261247643872223,0.6244774376467246,0.6266058956866087,0.0,0.0,0.0,0.0,0.0,-0.041125,-0.041708097720555615,-0.04054190227944439,-0.04218922901994204,-0.04006077098005796
pooled,task_medium,original,all_formed,1000,0.35566666666666663,0.3343598391597495,0.3769734941735838,0.31677894106528015,0.3945543922680531,-0.25266666666666665,-0.2784298043960983,-0.22690352893723498,-0.29968773680616134,-0.20564559652717193,0.3293333333333333,0.3102496331968349,0.3484170334698317,0.29450310372142297,0.36416356294524366,-0.25016666666666665,-0.27327704395443125,-0.22705628937890202,-0.2923461046998203,-0.207987228633513,-0.026333333333333334,-0.034265521281818576,-0.01840114538484809,-0.04081060585357023,-0.011856060813096442
pooled,task_medium,original,questions,1000,12,12.0,12.0,12.0,12.0,,,,,,12,12.0,12.0,12.0,12.0,,,,,,0,0.0,0.0,0.0,0.0
pooled,task_medium,original,question_positive_difference,1000,-2.44,-2.5587713436485084,-2.3212286563514914,-2.656773117425,-2.2232268825749997,,,,,,-2.0235,-2.1201174846913404,-1.9268825153086593,-2.1998394494911664,-1.8471605505088335,,,,,,0.4165,0.38933178727171186,0.4436682127282881,0.36691448562369156,0.4660855143763084
pooled,task_medium,original,other_positive_difference,1000,-1.592,-1.7393678784172089,-1.4446321215827913,-1.8609655049061822,-1.323034495093818,,,,,,-1.2243333333333333,-1.333848388960037,-1.1148182777066296,-1.4242125237500785,-1.024454142916588,,,,,,0.36766666666666664,0.31694418579039224,0.41838914754294104,0.27509155582495276,0.4602417775083805
pooled,task_medium,original,immediate_positive_difference,1000,-1.693,-1.8148138598766907,-1.5711861401233094,-1.915326104427918,-1.4706738955720822,,,,,,-1.3708333333333333,-1.4706703738108935,-1.2709962928557732,-1.5530488899987012,-1.1886177766679655,,,,,,0.32216666666666666,0.29544141161598114,0.34889192171735217,0.273389607543213,0.3709437257901203
pooled,task_medium,original,immediate_positive_losses,1000,2.623,2.5333321107421174,2.712667889257883,2.4593444641590105,2.78665553584099,,,,,,2.1765,2.10478516005734,2.24821483994266,2.045611109275553,2.3073888907244466,,,,,,-0.4465,-0.4684438110768825,-0.42455618892311753,-0.4865503032903157,-0.40644969670968434
pooled,task_medium,original,immediate_positive_gains,1000,0.93,0.8711346375965383,0.9888653624034618,0.8225630735111158,1.0374369264888843,,,,,,0.8056666666666666,0.7569630080830849,0.8543703252502484,0.7167761685309367,0.8945571648023966,,,,,,-0.12433333333333332,-0.13812805810398984,-0.11053860856267679,-0.14951049644941836,-0.09915617021724829
pooled,task_medium,original,changed_topics,1000,19.899,19.68866437078965,20.109335629210353,19.51511017734706,20.28288982265294,,,,,,18.195833333333333,18.0367431268486,18.354923539818067,17.905473058269497,18.48619360839717,,,,,,-1.7031666666666667,-1.7732784234724832,-1.6330549098608502,-1.8311297226031076,-1.5752036107302259
pooled,task_medium,original,task_progress,1000,0.9515,0.9476353944547387,0.9553646055452614,0.944446593294899,0.958553406705101,,,,,,0.9515,0.9476353944547387,0.9553646055452614,0.944446593294899,0.958553406705101,,,,,,0.0,0.0,0.0,0.0,0.0
pooled,task_medium,rotated,bridge_count,1000,3.236666666666667,3.2026769624413185,3.270656370892015,3.174631044950645,3.2987022883826884,-0.32666666666666666,-0.36217913204742613,-0.2911542012859072,-0.39148152512963486,-0.26185180820369847,3.1778333333333335,3.1459435031609417,3.2097231635057253,3.1196302543054406,3.2360364123612264,-0.34933333333333333,-0.3822196292460514,-0.31644703742061525,-0.40935509166805495,-0.2893115749986117,-0.05883333333333333,-0.07046403683635008,-0.047202629830316575,-0.08006087676886198,-0.03760578989780468
pooled,task_medium,rotated,bridge_rate,1000,0.8091666666666667,0.8006692406103296,0.8176640927230038,0.7936577612376613,0.8246755720956721,-0.08166666666666667,-0.09054478301185653,-0.0727885503214768,-0.09787038128240871,-0.06546295205092462,0.7944583333333334,0.7864858757902354,0.8024307908764313,0.7799075635763602,0.8090091030903066,-0.08733333333333333,-0.09555490731151285,-0.07911175935515381,-0.10233877291701374,-0.07232789374965293,-0.014708333333333332,-0.01761600920908752,-0.011800657457579144,-0.020015219192215494,-0.00940144747445117
pooled,task_medium,rotated,unformed_turns,1000,20.806833333333334,20.51385793326762,21.099808733399048,20.272115203099574,21.341551463567093,2.0928333333333335,1.8038307132971727,2.381835953369494,1.5653660422784161,2.6203006243882507,21.83075,21.557162217441643,22.104337782558353,21.331416788025237,22.33008321197476,2.1430833333333332,1.8715425976290478,2.4146240690376186,1.64748624755232,2.6386804191143463,1.0239166666666666,0.9326904913972428,1.1151428419360903,0.8574170566055423,1.1904162767277908
pooled,task_medium,rotated,known_share,1000,0.16666666666666666,0.16666666666666666,0.16666666666666666,0.16666666666666666,0.16666666666666666,0.0,0.0,0.0,0.0,0.0,0.20733680555555556,0.2067733200838579,0.20790029102725321,0.20630837143524217,0.20836523967586895,0.0,0.0,0.0,0.0,0.0,0.04067013888888889,0.040106653417191246,0.04123362436058653,0.03964170476857549,0.04169857300920229
pooled,task_medium,rotated,bridge_share,1000,0.6666666666666666,0.6666666666666666,0.6666666666666666,0.6666666666666666,0.6666666666666666,0.0,0.0,0.0,0.0,0.0,0.6255416666666667,0.624958568946111,0.6261247643872223,0.6244774376467246,0.6266058956866087,0.0,0.0,0.0,0.0,0.0,-0.041125,-0.041708097720555615,-0.04054190227944439,-0.04218922901994204,-0.04006077098005796
pooled,task_medium,rotated,all_formed,1000,0.38966666666666666,0.3677672046226896,0.41156612871064374,0.3496973061174396,0.4296360272158937,-0.21866666666666665,-0.244596998672643,-0.1927363346606903,-0.2659928880609074,-0.17134044527242592,0.3551666666666667,0.3356118465888146,0.3747214867445188,0.31947658201539136,0.390856751317942,-0.22433333333333333,-0.24751820243414752,-0.20114846423251914,-0.2666487285935533,-0.18201793807311334,-0.034499999999999996,-0.04316038773343729,-0.025839612266562697,-0.05030633164041848,-0.018693668359581517
pooled,task_medium,rotated,questions,1000,12,12.0,12.0,12.0,12.0,,,,,,12,12.0,12.0,12.0,12.0,,,,,,0,0.0,0.0,0.0,0.0
pooled,task_medium,rotated,question_positive_difference,1000,-2.42,-2.535940239343806,-2.3040597606561937,-2.6316059846214697,-2.20839401537853,,,,,,-2.0166666666666666,-2.1111448833216775,-1.9221884500116555,-2.189101674337126,-1.8442316589962073,,,,,,0.4033333333333333,0.3762210066076038,0.4304456600590628,0.3538498181651075,0.4528168485015591
pooled,task_medium,rotated,other_positive_difference,1000,-1.388,-1.5333701353299425,-1.2426298646700573,-1.65331936448596,-1.1226806355140397,,,,,,-1.0921666666666667,-1.2009226452007746,-0.9834106881325587,-1.2906604428692319,-0.8936728904641016,,,,,,0.29583333333333334,0.24579482502798378,0.3458718416386829,0.20450656120597593,0.38716010546069074
pooled,task_medium,rotated,immediate_positive_difference,1000,-1.708,-1.830913546680411,-1.585086453319589,-1.9323331755724444,-1.4836668244275555,,,,,,-1.3898333333333333,-1.4903717609509752,-1.2892949057156913,-1.573329012561996,-1.2063376541046704,,,,,,0.31816666666666665,0.29071542856088706,0.34561790477244625,0.26806459424273027,0.36826873909060304
pooled,task_medium,rotated,immediate_positive_losses,1000,2.684,2.595818117309536,2.7721818826904645,2.523056619012513,2.844943380987487,,,,,,2.2298333333333336,2.159300576710446,2.300366089956221,2.1011018980894063,2.358564768577261,,,,,,-0.45416666666666666,-0.4761431066402819,-0.4321902266930514,-0.49427652192840593,-0.4140568114049274
pooled,task_medium,rotated,immediate_positive_gains,1000,0.976,0.9134504317609874,1.0385495682390125,0.8618389196902142,1.0901610803097856,,,,,,0.84,0.7882632974276508,0.8917367025723492,0.745573802927681,0.9344261970723189,,,,,,-0.13599999999999998,-0.15016401964553797,-0.121835980354462,-0.16185117419331957,-0.11014882580668038
pooled,task_medium,rotated,changed_topics,1000,19.896,19.677483173055123,20.11451682694488,19.49717842964846,20.29482157035154,,,,,,18.241333333333333,18.07510581851017,18.407560848156496,17.937946544204593,18.544720122462074,,,,,,-1.6546666666666667,-1.724472880218067,-1.5848604531152664,-1.7820720665075096,-1.5272612668258239
pooled,task_medium,rotated,task_progress,1000,0.9515,0.9476353944547387,0.9553646055452614,0.944446593294899,0.958553406705101,,,,,,0.9515,0.9476353944547387,0.9553646055452614,0.944446593294899,0.958553406705101,,,,,,0.0,0.0,0.0,0.0,0.0
pooled,task_medium,outside,bridge_count,1000,2.4433333333333334,2.4098298182114015,2.476836848455265,2.3821850698332594,2.5044815968334073,-1.1199999999999999,-1.1579708530192876,-1.0820291469807122,-1.1893017349760429,-1.050698265023957,2.3521666666666667,2.322780601715704,2.3815527316176293,2.298533284130174,2.4058000492031595,-1.175,-1.208756188440578,-1.1412438115594221,-1.2366094251009323,-1.1133905748990678,-0.09116666666666666,-0.10421448081091442,-0.0781188525224189,-0.11498062094844191,-0.0673527123848914
pooled,task_medium,outside,bridge_rate,1000,0.6108333333333333,0.6024574545528504,0.6192092121138163,0.5955462674583148,0.6261203992083518,-0.27999999999999997,-0.2894927132548219,-0.27050728674517804,-0.2973254337440107,-0.26267456625598923,0.5880416666666667,0.580695150428926,0.5953881829044073,0.5746333210325435,0.6014500123007899,-0.29375,-0.3021890471101445,-0.28531095288985553,-0.3091523562752331,-0.27834764372476695,-0.022791666666666665,-0.026053620202728604,-0.019529713130604726,-0.02874515523711048,-0.01683817809622285
pooled,task_medium,outside,unformed_turns,1000,26.404666666666667,26.145770826953132,26.663562506380202,25.932148157242775,26.87718517609056,7.690666666666667,7.422739061693657,7.958594271639677,7.201664013416455,8.17966931991688,27.537958333333332,27.312201667006637,27.763714999660028,27.125923116455255,27.94999355021141,7.850291666666667,7.613410933143326,8.087172400190008,7.417953583368236,8.282629749965098,1.1332916666666666,1.0287591061461092,1.237824227187224,0.9425061764939006,1.3240771568394325
pooled,task_medium,outside,known_share,1000,0.16666666666666666,0.16666666666666666,0.16666666666666666,0.16666666666666666,0.16666666666666666,0.0,0.0,0.0,0.0,0.0,0.20733680555555556,0.2067733200838579,0.20790029102725321,0.20630837143524217,0.20836523967586895,0.0,0.0,0.0,0.0,0.0,0.04067013888888889,0.040106653417191246,0.04123362436058653,0.03964170476857549,0.04169857300920229
pooled,task_medium,outside,bridge_share,1000,0.6666666666666666,0.6666666666666666,0.6666666666666666,0.6666666666666666,0.6666666666666666,0.0,0.0,0.0,0.0,0.0,0.6255416666666667,0.624958568946111,0.6261247643872223,0.6244774376467246,0.6266058956866087,0.0,0.0,0.0,0.0,0.0,-0.041125,-0.041708097720555615,-0.04054190227944439,-0.04218922901994204,-0.04006077098005796
pooled,task_medium,outside,all_formed,1000,0.08733333333333333,0.07692891826473931,0.09773774840192735,0.06834392544991838,0.10632274121674828,-0.521,-0.5440180401742275,-0.49798195982577254,-0.563010910816566,-0.4789890891834341,0.06916666666666667,0.060867658882788916,0.07746567445054442,0.054019900337496526,0.08431343299583681,-0.5103333333333333,-0.5309991201293751,-0.4896675465372915,-0.5480510764370559,-0.4726155902296108,-0.018166666666666664,-0.02380028328998074,-0.012533050043352588,-0.028448748188175426,-0.007884585145157903
pooled,task_medium,outside,questions,1000,12,12.0,12.0,12.0,12.0,,,,,,12,12.0,12.0,12.0,12.0,,,,,,0,0.0,0.0,0.0,0.0
pooled,task_medium,outside,question_positive_difference,1000,-4.79,-4.8764145271960135,-4.7035854728039865,-4.94771772782603,-4.6322822721739705,,,,,,-4.015333333333333,-4.082731328013015,-3.9479353386536515,-4.138343421171905,-3.892323245494762,,,,,,0.7746666666666666,0.7497801119212627,0.7995532214120705,0.7292454742442394,0.8200878590890939
pooled,task_medium,outside,other_positive_difference,1000,-4.419,-4.559061791248604,-4.278938208751395,-4.6746309475705,-4.163369052429499,,,,,,-3.519,-3.620246150482919,-3.4177538495170814,-3.703787365312749,-3.334212634687251,,,,,,0.9,0.8462347064019495,0.9537652935980505,0.801871361016078,0.998128638983922
pooled,task_medium,outside,immediate_positive_difference,1000,-3.356,-3.434568156001891,-3.2774318439981087,-3.4993970820206144,-3.2126029179793854,,,,,,-2.7703333333333333,-2.831958898012647,-2.7087077686540195,-2.8828079872207617,-2.657858679445905,,,,,,0.5856666666666667,0.5631087483754504,0.6082245849578829,0.5444955380055589,0.6268377953277744
pooled,task_medium,outside,immediate_positive_losses,1000,3.356,3.2774318439981087,3.434568156001891,3.2126029179793854,3.4993970820206144,,,,,,2.7703333333333333,2.7087077686540195,2.831958898012647,2.657858679445905,2.8828079872207617,,,,,,-0.5856666666666667,-0.6082245849578829,-0.5631087483754504,-0.6268377953277744,-0.5444955380055589
pooled,task_medium,outside,immediate_positive_gains,1000,0,0.0,0.0,0.0,0.0,,,,,,0,0.0,0.0,0.0,0.0,,,,,,0,0.0,0.0,0.0,0.0
pooled,task_medium,outside,changed_topics,1000,22.814,22.64193129847516,22.98606870152484,22.49995228701633,23.12804771298367,,,,,,20.590333333333334,20.460862297277217,20.71980436938945,20.354031888557337,20.82663477810933,,,,,,-2.2236666666666665,-2.281725750642953,-2.16560758269038,-2.3296320303795284,-2.1177013029538045
pooled,task_medium,outside,task_progress,1000,0.9515,0.9476353944547387,0.9553646055452614,0.944446593294899,0.958553406705101,,,,,,0.9515,0.9476353944547387,0.9553646055452614,0.944446593294899,0.958553406705101,,,,,,0.0,0.0,0.0,0.0,0.0
pooled,task_strong,original,bridge_count,1000,3.246,3.2117632007021757,3.2802367992978243,3.1835133977063785,3.3084866022936215,-0.41666666666666663,-0.45415680284020316,-0.3791765304931301,-0.4850910310072425,-0.34824230232609077,3.2243333333333335,3.1912115811524147,3.2574550855142523,3.163881836749408,3.284784829917259,-0.42416666666666664,-0.46075117131583293,-0.38758216201750034,-0.4909381359338562,-0.35739519739947706,-0.021666666666666664,-0.02871514301241504,-0.01461819032091829,-0.03453105081547255,-0.008802282517860775
pooled,task_strong,original,bridge_rate,1000,0.8115,0.8029408001755439,0.8200591998244561,0.7958783494265946,0.8271216505734054,-0.10416666666666666,-0.11353920071005079,-0.09479413262328253,-0.12127275775181062,-0.08706057558152269,0.8060833333333334,0.7978028952881037,0.8143637713785631,0.790970459187352,0.8211962074793148,-0.10604166666666666,-0.11518779282895823,-0.09689554050437509,-0.12273453398346405,-0.08934879934986927,-0.005416666666666666,-0.00717878575310376,-0.0036545475802295725,-0.008632762703868138,-0.0022005706294651937
pooled,task_strong,original,unformed_turns,1000,21.071833333333334,20.777664210172148,21.36600245649452,20.534936503517685,21.608730163148984,3.916,3.5820455014530843,4.2499544985469155,3.3064896963837054,4.5255103036162945,21.607666666666667,21.323461576886785,21.891871756446548,21.088955490998238,22.126377842335096,3.9600833333333334,3.634909264668173,4.285257401998494,3.366598453858341,4.553568212808326,0.5358333333333334,0.4751099368832666,0.5965567297834002,0.4250052535561919,0.6466614131104749
pooled,task_strong,original,known_share,1000,0.16666666666666666,0.16666666666666666,0.16666666666666666,0.16666666666666666,0.16666666666666666,0.0,0.0,0.0,0.0,0.0,0.1942465277777778,0.19376536249845555,0.19472769305710003,0.19336833869284137,0.1951247168627142,0.0,0.0,0.0,0.0,0.0,0.02757986111111111,0.027098695831788866,0.028061026390433355,0.02670167202617468,0.02845805019604754
pooled,task_strong,original,bridge_share,1000,0.6666666666666666,0.6666666666666666,0.6666666666666666,0.6666666666666666,0.6666666666666666,0.0,0.0,0.0,0.0,0.0,0.639,0.6385116984663444,0.6394883015336557,0.6381087863246946,0.6398912136753054,0.0,0.0,0.0,0.0,0.0,-0.027666666666666666,-0.028154968200322344,-0.027178365133010987,-0.028557880341972083,-0.026775452991361248
pooled,task_strong,original,all_formed,1000,0.39699999999999996,0.3738478837665736,0.42015211623342635,0.35474438297373906,0.43925561702626087,-0.2896666666666667,-0.31762804091450375,-0.2617052924188296,-0.34069980376014336,-0.23863352957319,0.3838333333333333,0.3617168304610594,0.4059498362056072,0.3434678451028565,0.4241988215638101,-0.2901666666666667,-0.3171888558945257,-0.26314447743880764,-0.3394856692023834,-0.24084766413095,-0.013166666666666667,-0.01852467747207776,-0.007808655861255575,-0.02294573179977704,-0.003387601533556295
pooled,task_strong,original,questions,1000,12.642,12.583767258094523,12.700232741905475,12.5357176880274,12.748282311972599,,,,,,12.642,12.583767258094523,12.700232741905475,12.5357176880274,12.748282311972599,,,,,,0,0.0,0.0,0.0,0.0
pooled,task_strong,original,question_positive_difference,1000,-2.532,-2.6602153929471366,-2.4037846070528635,-2.7660097331328894,-2.2979902668671106,,,,,,-2.0801666666666665,-2.1889366148295517,-1.9713967185037815,-2.27868593925486,-1.881647394078473,,,,,,0.4518333333333333,0.4277730439905887,0.47589362267607793,0.40792018251128515,0.4957464841553815
pooled,task_strong,original,other_positive_difference,1000,-2.822,-3.0010227848713766,-2.6429772151286235,-3.148739817657698,-2.495260182342302,,,,,,-2.25,-2.390088556131879,-2.109911443868121,-2.505679796956275,-1.994320203043725,,,,,,0.572,0.5213915654447104,0.6226084345552895,0.47963303849609185,0.6643669615039081
pooled,task_strong,original,immediate_positive_difference,1000,-1.186,-1.3155049850297182,-1.0564950149702816,-1.4223634060590384,-0.9496365939409613,,,,,,-0.951,-1.0604083369377324,-0.8415916630622676,-1.150684414958413,-0.7513155850415868,,,,,,0.235,0.21095654038678305,0.25904345961321695,0.19111756561866106,0.2788824343813389
pooled,task_strong,original,immediate_positive_losses,1000,2.5,2.4141188940199045,2.5858811059800955,2.343255835125463,2.656744164874537,,,,,,2.1133333333333333,2.042732277296203,2.1839343893704637,1.9844772427938704,2.242189423872796,,,,,,-0.38666666666666666,-0.40525752708791435,-0.36807580624541897,-0.4205973998328526,-0.3527359335004807
pooled,task_strong,original,immediate_positive_gains,1000,1.314,1.2418049022541107,1.3861950977458894,1.182234576452267,1.445765423547733,,,,,,1.1623333333333334,1.1002895397853165,1.2243771268813504,1.04909535747883,1.275571309187837,,,,,,-0.15166666666666667,-0.16433275713000237,-0.13900057620333098,-0.17478392568707368,-0.12854940764625966
pooled,task_strong,original,changed_topics,1000,27.434,27.197202794554272,27.67079720544573,27.001814366284275,27.866185633715727,,,,,,24.465333333333334,24.27688331817213,24.65378334849454,24.121387596841732,24.809279069824935,,,,,,-2.9686666666666666,-3.028374385065107,-2.9089589482682263,-3.0776410021753016,-2.8596923311580316
pooled,task_strong,original,task_progress,1000,1.0,1.0,1.0,1.0,1.0,,,,,,1.0,1.0,1.0,1.0,1.0,,,,,,0.0,0.0,0.0,0.0,0.0
pooled,task_strong,rotated,bridge_count,1000,3.204,3.1702021874494832,3.237797812550517,3.14231460549606,3.2656853945039406,-0.45866666666666667,-0.4957967780842883,-0.42153655524904504,-0.5264339391002855,-0.3908993942330478,3.1775,3.1450518830667367,3.2099481169332638,3.118277975173789,3.2367220248262116,-0.471,-0.5070132449615014,-0.43498675503849865,-0.5367288461937246,-0.4052711538062753,-0.0265,-0.03384982015128644,-0.019150179848713558,-0.03991437570515737,-0.013085624294842628
pooled,task_strong,rotated,bridge_rate,1000,0.801,0.7925505468623708,0.8094494531376293,0.785578651374015,0.8164213486259851,-0.11466666666666667,-0.12394919452107207,-0.10538413881226126,-0.13160848477507137,-0.09772484855826195,0.794375,0.7862629707666842,0.8024870292333159,0.7795694937934472,0.8091805062065529,-0.11775,-0.12675331124037534,-0.10874668875962466,-0.13418221154843116,-0.10131778845156883,-0.006625,-0.00846245503782161,-0.004787544962178389,-0.009978593926289343,-0.003271406073710657
pooled,task_strong,rotated,unformed_turns,1000,21.109833333333334,20.800581441985788,21.41908522468088,20.545408493993502,21.674258172673166,3.954,3.6076205351909922,4.300379464809008,3.3218125203259437,4.586187479674057,21.682708333333334,21.38784553252382,21.97757113414285,21.14454545177745,22.22087121488922,4.035125,3.700243136039976,4.370006863960024,3.423922134142543,4.646327865857456,0.572875,0.5076046433498925,0.6381453566501075,0.4537481277103551,0.6920018722896449
pooled,task_strong,rotated,known_share,1000,0.16666666666666666,0.16666666666666666,0.16666666666666666,0.16666666666666666,0.16666666666666666,0.0,0.0,0.0,0.0,0.0,0.1942465277777778,0.19376536249845555,0.19472769305710003,0.19336833869284137,0.1951247168627142,0.0,0.0,0.0,0.0,0.0,0.02757986111111111,0.027098695831788866,0.028061026390433355,0.02670167202617468,0.02845805019604754
pooled,task_strong,rotated,bridge_share,1000,0.6666666666666666,0.6666666666666666,0.6666666666666666,0.6666666666666666,0.6666666666666666,0.0,0.0,0.0,0.0,0.0,0.639,0.6385116984663444,0.6394883015336557,0.6381087863246946,0.6398912136753054,0.0,0.0,0.0,0.0,0.0,-0.027666666666666666,-0.028154968200322344,-0.027178365133010987,-0.028557880341972083,-0.026775452991361248
pooled,task_strong,rotated,all_formed,1000,0.36833333333333335,0.3463994036670848,0.39026726299958187,0.32830106489992744,0.40836560176673925,-0.3183333333333333,-0.34591884120774324,-0.29074782545892336,-0.36868046551181843,-0.26798620115484817,0.35283333333333333,0.33209748551457896,0.3735691811520877,0.3149877197699793,0.39067894689668736,-0.32116666666666666,-0.3476089627167107,-0.2947243706166226,-0.3694272888888588,-0.2729060444444745,-0.0155,-0.020712412787691654,-0.010287587212308344,-0.025013329853686858,-0.005986670146313142
pooled,task_strong,rotated,questions,1000,12.642,12.583767258094523,12.700232741905475,12.5357176880274,12.748282311972599,,,,,,12.642,12.583767258094523,12.700232741905475,12.5357176880274,12.748282311972599,,,,,,0,0.0,0.0,0.0,0.0
pooled,task_strong,rotated,question_positive_difference,1000,-2.515,-2.6443024809180846,-2.3856975190819156,-2.750993809772411,-2.279006190227589,,,,,,-2.0766666666666667,-2.185998255233195,-1.967335078100138,-2.2762110058865046,-1.8771223274468285,,,,,,0.43833333333333335,0.4139826248037077,0.46268404186295903,0.393890129801883,0.4827765368647837
pooled,task_strong,rotated,other_positive_difference,1000,-2.936,-3.1260017701998564,-2.7459982298001435,-3.2827778908385588,-2.589222109161441,,,,,,-2.3746666666666667,-2.522453341629853,-2.2268799917034805,-2.644396529624628,-2.1049368037087053,,,,,,0.5613333333333334,0.5087405108031363,0.6139261558635304,0.4653446062226101,0.6573220604440566
pooled,task_strong,rotated,immediate_positive_difference,1000,-1.231,-1.361690781858794,-1.1003092181412062,-1.469527639176011,-0.992472360823989,,,,,,-1.0015,-1.111974827296033,-0.8910251727039671,-1.2031308982815008,-0.7998691017184993,,,,,,0.2295,0.20547215933652857,0.25352784066347145,0.1856460722291214,0.27335392777087864
pooled,task_strong,rotated,immediate_positive_losses,1000,2.542,2.4536853868915878,2.630314613108412,2.3808143687727514,2.703185631227248,,,,,,2.1458333333333335,2.073653897828484,2.2180127688381828,2.0140964954082925,2.2775701712583745,,,,,,-0.39616666666666667,-0.4152264147540027,-0.37710691857933065,-0.43095318068013255,-0.3613801526532008
pooled,task_strong,rotated,immediate_positive_gains,1000,1.311,1.2389949075430096,1.3830050924569903,1.1795813607651882,1.4424186392348117,,,,,,1.1443333333333334,1.0821496238006725,1.2065170428659944,1.0308399926472367,1.2578266740194302,,,,,,-0.16666666666666666,-0.17900856144871918,-0.15432477188461413,-0.1891922264915552,-0.1441411068417781
pooled,task_strong,rotated,changed_topics,1000,27.516,27.271405527850266,27.76059447214973,27.06958334254657,27.962416657453428,,,,,,24.517833333333332,24.32323802209691,24.712428644569755,24.162671633909913,24.87299503275675,,,,,,-2.9981666666666666,-3.059517546372001,-2.9368157869613323,-3.110139984825373,-2.8861933485079603
pooled,task_strong,rotated,task_progress,1000,1.0,1.0,1.0,1.0,1.0,,,,,,1.0,1.0,1.0,1.0,1.0,,,,,,0.0,0.0,0.0,0.0,0.0
pooled,task_strong,outside,bridge_count,1000,1.9426666666666665,1.9208456117692323,1.9644877215641008,1.9028404093363,1.982492923997033,-1.72,-1.7530625461606526,-1.6869374538393473,-1.7803434379126237,-1.6596565620873762,1.9236666666666666,1.903265983820946,1.9440673495123872,1.8864327726799741,1.9609005606533592,-1.7248333333333332,-1.7567142657473156,-1.6929524009193508,-1.7830201727972943,-1.6666464938693721,-0.019,-0.024892050085476642,-0.013107949914523357,-0.029753756131890415,-0.008246243868109585
pooled,task_strong,outside,bridge_rate,1000,0.48566666666666664,0.4802114029423081,0.4911219303910252,0.475710102334075,0.49562323099925826,-0.43,-0.43826563654016315,-0.42173436345983684,-0.44508585947815593,-0.41491414052184405,0.48091666666666666,0.4758164959552365,0.4860168373780968,0.47160819316999353,0.4902251401633398,-0.4312083333333333,-0.4391785664368289,-0.4232381002298377,-0.4457550431993236,-0.41666162346734303,-0.00475,-0.0062230125213691605,-0.0032769874786308393,-0.007438439032972604,-0.002061560967027396
pooled,task_strong,outside,unformed_turns,1000,31.227333333333334,31.03174482247108,31.42292184419559,30.87035891568594,31.584307750980727,14.0715,13.772938051736856,14.370061948263144,13.526585694230958,14.616414305769043,31.669125,31.482376195549968,31.855873804450034,31.328284193855485,32.00996580614452,14.021541666666666,13.735680870560214,14.307402462773117,13.499808612059043,14.543274721274289,0.4417916666666667,0.38949786459032604,0.49408546874300735,0.34634869069392943,0.5372346426394039
pooled,task_strong,outside,known_share,1000,0.16666666666666666,0.16666666666666666,0.16666666666666666,0.16666666666666666,0.16666666666666666,0.0,0.0,0.0,0.0,0.0,0.1942465277777778,0.19376536249845555,0.19472769305710003,0.19336833869284137,0.1951247168627142,0.0,0.0,0.0,0.0,0.0,0.02757986111111111,0.027098695831788866,0.028061026390433355,0.02670167202617468,0.02845805019604754
pooled,task_strong,outside,bridge_share,1000,0.6666666666666666,0.6666666666666666,0.6666666666666666,0.6666666666666666,0.6666666666666666,0.0,0.0,0.0,0.0,0.0,0.639,0.6385116984663444,0.6394883015336557,0.6381087863246946,0.6398912136753054,0.0,0.0,0.0,0.0,0.0,-0.027666666666666666,-0.028154968200322344,-0.027178365133010987,-0.028557880341972083,-0.026775452991361248
pooled,task_strong,outside,all_formed,1000,0.008666666666666666,0.005377255026258741,0.011956078307074592,0.0026630634920193725,0.01467026984131396,-0.678,-0.700270963339621,-0.6557290366603791,-0.7186473986307232,-0.6373526013692768,0.007166666666666667,0.004295933303329572,0.010037400030003762,0.0019272056876937895,0.012406127645639545,-0.6668333333333333,-0.6883321954459849,-0.6453344712206817,-0.7060715470142496,-0.627595119652417,-0.0014999999999999998,-0.002579974521546417,-0.00042002547845358305,-0.0034710936711132324,0.00047109367111323303
pooled,task_strong,outside,questions,1000,12.642,12.583767258094523,12.700232741905475,12.5357176880274,12.748282311972599,,,,,,12.642,12.583767258094523,12.700232741905475,12.5357176880274,12.748282311972599,,,,,,0,0.0,0.0,0.0,0.0
pooled,task_strong,outside,question_positive_difference,1000,-5.267,-5.359180925904988,-5.174819074095013,-5.435242153887581,-5.09875784611242,,,,,,-4.436,-4.511354399877312,-4.360645600122688,-4.573531559981641,-4.298468440018359,,,,,,0.831,0.8098043572112383,0.8521956427887616,0.7923152009398498,0.8696847990601502
pooled,task_strong,outside,other_positive_difference,1000,-8.5,-8.673477537612383,-8.326522462387617,-8.816619021695487,-8.183380978304513,,,,,,-6.828333333333333,-6.961939752555913,-6.6947269141107535,-7.072182389117201,-6.584484277549465,,,,,,1.6716666666666666,1.6197828607968796,1.7235504725364537,1.5769719869840686,1.7663613463492647
pooled,task_strong,outside,immediate_positive_difference,1000,-2.828,-2.898769835913864,-2.7572301640861356,-2.9571641357203484,-2.6988358642796513,,,,,,-2.3925,-2.449192521521281,-2.3358074784787193,-2.4959712098670974,-2.2890287901329027,,,,,,0.4355,0.41736392880317696,0.45363607119682303,0.4023993161952289,0.4686006838047711
pooled,task_strong,outside,immediate_positive_losses,1000,2.828,2.7572301640861356,2.898769835913864,2.6988358642796513,2.9571641357203484,,,,,,2.3925,2.3358074784787193,2.449192521521281,2.2890287901329027,2.4959712098670974,,,,,,-0.4355,-0.45363607119682303,-0.41736392880317696,-0.4686006838047711,-0.4023993161952289
pooled,task_strong,outside,immediate_positive_gains,1000,0,0.0,0.0,0.0,0.0,,,,,,0,0.0,0.0,0.0,0.0,,,,,,0,0.0,0.0,0.0,0.0
pooled,task_strong,outside,changed_topics,1000,31.526,31.379577309536113,31.672422690463886,31.258759585784052,31.793240414215948,,,,,,27.794166666666666,27.680986298880025,27.907347034453306,27.587597805839216,28.000735527494115,,,,,,-3.7318333333333333,-3.778921965532082,-3.684744701134585,-3.8177761987033687,-3.645890467963298
pooled,task_strong,outside,task_progress,1000,1.0,1.0,1.0,1.0,1.0,,,,,,1.0,1.0,1.0,1.0,1.0,,,,,,0.0,0.0,0.0,0.0,0.0
pooled,task_strong,freeze_T,bridge_count,1000,3.5853333333333333,3.558189002567275,3.6124776640993916,3.5357914066377205,3.634875260028946,-0.07733333333333332,-0.09794360469704141,-0.05672306196962523,-0.11494975356772982,-0.03971691309893682,3.5658333333333334,3.5397094538704876,3.591957212796179,3.518153862709889,3.6135128039567777,-0.08266666666666667,-0.10279256733802518,-0.06254076599530815,-0.11939904752132308,-0.04593428581201025,-0.0195,-0.025981717865559327,-0.013018282134440675,-0.03132997636319372,-0.007670023636806278
pooled,task_strong,freeze_T,bridge_rate,1000,0.8963333333333333,0.8895472506418187,0.9031194160248479,0.8839478516594301,0.9087188150072365,-0.01933333333333333,-0.024485901174260354,-0.014180765492406308,-0.028737438391932456,-0.009929228274734204,0.8914583333333334,0.8849273634676219,0.8979893031990448,0.8795384656774723,0.9033782009891944,-0.020666666666666667,-0.025698141834506295,-0.01563519149882704,-0.02984976188033077,-0.011483571453002562,-0.004875,-0.006495429466389832,-0.0032545705336101687,-0.00783249409079843,-0.0019175059092015694
pooled,task_strong,freeze_T,unformed_turns,1000,19.335166666666666,19.060111810409236,19.610221522924096,18.83315585478042,19.837177478552913,2.179333333333333,1.9195960609929532,2.439070605673713,1.705279100156377,2.6533875665102893,19.995208333333334,19.73132013136502,20.259096535301648,19.51357811483856,20.47683855182811,2.347625,2.090168378205456,2.6050816217945436,1.8777332500735575,2.817516749926442,0.6600416666666666,0.5942895033259734,0.7257938300073599,0.540035434633281,0.7800478987000523
pooled,task_strong,freeze_T,known_share,1000,0.16666666666666666,0.16666666666666666,0.16666666666666666,0.16666666666666666,0.16666666666666666,0.0,0.0,0.0,0.0,0.0,0.1942465277777778,0.19376536249845555,0.19472769305710003,0.19336833869284137,0.1951247168627142,0.0,0.0,0.0,0.0,0.0,0.02757986111111111,0.027098695831788866,0.028061026390433355,0.02670167202617468,0.02845805019604754
pooled,task_strong,freeze_T,bridge_share,1000,0.6666666666666666,0.6666666666666666,0.6666666666666666,0.6666666666666666,0.6666666666666666,0.0,0.0,0.0,0.0,0.0,0.639,0.6385116984663444,0.6394883015336557,0.6381087863246946,0.6398912136753054,0.0,0.0,0.0,0.0,0.0,-0.027666666666666666,-0.028154968200322344,-0.027178365133010987,-0.028557880341972083,-0.026775452991361248
pooled,task_strong,freeze_T,all_formed,1000,0.6203333333333333,0.597411573875197,0.6432550927914695,0.5784981473198545,0.6621685193468121,-0.06633333333333333,-0.08401117556388144,-0.04865549110278522,-0.09859768980137062,-0.03406897686529602,0.6041666666666666,0.5822267112205334,0.6261066221127999,0.5641234004028886,0.6442099329304447,-0.06983333333333333,-0.08707633741004774,-0.052590329256618926,-0.10130405373322257,-0.0383626129334441,-0.016166666666666666,-0.0219911334149442,-0.010342199918389132,-0.026797074436565052,-0.00553625889676828
pooled,task_strong,freeze_T,questions,1000,12.642,12.583767258094523,12.700232741905475,12.5357176880274,12.748282311972599,,,,,,12.642,12.583767258094523,12.700232741905475,12.5357176880274,12.748282311972599,,,,,,0,0.0,0.0,0.0,0.0
pooled,task_strong,freeze_T,question_positive_difference,1000,-2.41,-2.535684944783953,-2.284315055216047,-2.6393913368096236,-2.1806086631903767,,,,,,-1.9873333333333334,-2.0940823876486734,-1.8805842790179932,-2.182164212359072,-1.792502454307595,,,,,,0.4226666666666667,0.3989029385768176,0.4464303947565158,0.3792947786216725,0.4660385547116609
pooled,task_strong,freeze_T,other_positive_difference,1000,-0.624,-0.7247689214685458,-0.5232310785314542,-0.8079163604222306,-0.4400836395777694,,,,,,-0.5298333333333334,-0.6092637846679534,-0.45040288199871337,-0.674804216253008,-0.38486245041365874,,,,,,0.09416666666666666,0.06612057611169556,0.12221275722163777,0.04297891131738807,0.14535442201594526
pooled,task_strong,freeze_T,immediate_positive_difference,1000,-2.48,-2.594370744630029,-2.365629255369971,-2.6887414530649814,-2.2712585469350186,,,,,,-2.0418333333333334,-2.1386501025539255,-1.945016564112741,-2.2185365029554123,-1.8651301637112545,,,,,,0.43816666666666665,0.416011154224477,0.4603221791088563,0.3977299809080632,0.4786033524252701
pooled,task_strong,freeze_T,immediate_positive_losses,1000,3.248,3.1550549742513816,3.340945025748619,3.0783632647256995,3.417636735274301,,,,,,2.7475,2.670924200960394,2.824075799039606,2.607739228022456,2.887260771977544,,,,,,-0.5005,-0.5204151703272836,-0.48058482967271626,-0.536847770626146,-0.464152229373854
pooled,task_strong,freeze_T,immediate_positive_gains,1000,0.768,0.7155946105209927,0.8204053894790073,0.6723533625345294,0.8636466374654707,,,,,,0.7056666666666667,0.660110200529621,0.7512231328037123,0.622520203218218,0.7888131301151153,,,,,,-0.06233333333333333,-0.0724815217932461,-0.05218514487342056,-0.08085509440039633,-0.04381157226627033
pooled,task_strong,freeze_T,changed_topics,1000,11.004,10.922814829147397,11.085185170852602,10.855826526215937,11.152173473784062,,,,,,11.277833333333334,11.2038309452447,11.351835721421967,11.142769370342888,11.412897296323779,,,,,,0.2738333333333333,0.2620694872451742,0.28559717942149243,0.2523627873994179,0.2953038792672487
pooled,task_strong,freeze_T,task_progress,1000,1.0,1.0,1.0,1.0,1.0,,,,,,1.0,1.0,1.0,1.0,1.0,,,,,,0.0,0.0,0.0,0.0,0.0
pooled,task_strong,freeze_R,bridge_count,1000,3.5853333333333333,3.5575050275322373,3.6131616391344292,3.5345430634260384,3.636123603240628,-0.07733333333333332,-0.10407895078133585,-0.0505877158853308,-0.12614755647471476,-0.028519110191951892,3.5665,3.539604841605669,3.593395158394331,3.5174128452227325,3.6155871547772676,-0.082,-0.10806444306613712,-0.05593555693386289,-0.12957099148523382,-0.03442900851476618,-0.018833333333333334,-0.02546911977550811,-0.012197546891158557,-0.030944504845324915,-0.006722161821341752
pooled,task_strong,freeze_R,bridge_rate,1000,0.8963333333333333,0.8893762568830593,0.9032904097836073,0.8836357658565096,0.909030900810157,-0.01933333333333333,-0.02601973769533396,-0.0126469289713327,-0.03153688911867869,-0.007129777547987973,0.891625,0.8849012104014172,0.8983487895985828,0.8793532113056831,0.9038967886943169,-0.0205,-0.02701611076653428,-0.013983889233465722,-0.032392747871308455,-0.008607252128691545,-0.0047083333333333335,-0.006367279943877028,-0.003049386722789639,-0.007736126211331229,-0.001680540455335438
pooled,task_strong,freeze_R,unformed_turns,1000,18.662166666666668,18.41036950478941,18.913963828543924,18.202604165627424,19.12172916770591,1.5063333333333333,1.2617131461709792,1.7509535204956874,1.0598697426443309,1.9527969240223357,19.22404166666667,18.983484554378865,19.46459877895447,18.784993714967943,19.663089618365394,1.5764583333333333,1.3366164888149523,1.8163001778517143,1.1387158381480096,2.014200828518657,0.561875,0.5030729463907813,0.6206770536092188,0.4545536202774223,0.6691963797225777
pooled,task_strong,freeze_R,known_share,1000,0.16666666666666666,0.16666666666666666,0.16666666666666666,0.16666666666666666,0.16666666666666666,0.0,0.0,0.0,0.0,0.0,0.1942465277777778,0.19376536249845555,0.19472769305710003,0.19336833869284137,0.1951247168627142,0.0,0.0,0.0,0.0,0.0,0.02757986111111111,0.027098695831788866,0.028061026390433355,0.02670167202617468,0.02845805019604754
pooled,task_strong,freeze_R,bridge_share,1000,0.6666666666666666,0.6666666666666666,0.6666666666666666,0.6666666666666666,0.6666666666666666,0.0,0.0,0.0,0.0,0.0,0.639,0.6385116984663444,0.6394883015336557,0.6381087863246946,0.6398912136753054,0.0,0.0,0.0,0.0,0.0,-0.027666666666666666,-0.028154968200322344,-0.027178365133010987,-0.028557880341972083,-0.026775452991361248
pooled,task_strong,freeze_R,all_formed,1000,0.625,0.6018215450448603,0.6481784549551397,0.5826963113881243,0.6673036886118757,-0.06166666666666666,-0.08456134420518915,-0.038771989128144176,-0.10345242466190323,-0.019880908671430095,0.6093333333333333,0.5870281316385522,0.6316385350281144,0.5686234452606658,0.6500432214060008,-0.06466666666666666,-0.0868320533005898,-0.04250128003274353,-0.10512137410674949,-0.024211959226583833,-0.015666666666666666,-0.021505539631903263,-0.009827793701430066,-0.026323367652290208,-0.005009965681043121
pooled,task_strong,freeze_R,questions,1000,12.642,12.583767258094523,12.700232741905475,12.5357176880274,12.748282311972599,,,,,,12.642,12.583767258094523,12.700232741905475,12.5357176880274,12.748282311972599,,,,,,0,0.0,0.0,0.0,0.0
pooled,task_strong,freeze_R,question_positive_difference,1000,-2.474,-2.5889028291145983,-2.359097170885402,-2.6837125763082694,-2.264287423691731,,,,,,-2.039,-2.1366731392148304,-1.9413268607851697,-2.2172661560093476,-1.8607338439906527,,,,,,0.435,0.41311970575689044,0.45688029424310955,0.39506562317513433,0.47493437682486567
pooled,task_strong,freeze_R,other_positive_difference,1000,-1.826,-1.9608339894949458,-1.6911660105050543,-2.072089530856597,-1.579910469143403,,,,,,-1.4376666666666666,-1.5426702850850222,-1.332663048248311,-1.6293118986412563,-1.246021434692077,,,,,,0.3883333333333333,0.3512829907183468,0.42538367594831983,0.32071164931767193,0.4559550173489947
pooled,task_strong,freeze_R,immediate_positive_difference,1000,-1.191,-1.321733145551332,-1.0602668544486682,-1.429604958413253,-0.9523950415867471,,,,,,-0.958,-1.0684020814692743,-0.8475979185307255,-1.1594981277060261,-0.7565018722939738,,,,,,0.23299999999999998,0.20842116658163443,0.2575788334183655,0.18814043893839716,0.2778595610616028
pooled,task_strong,freeze_R,immediate_positive_losses,1000,2.504,2.4181192522317296,2.5898807477682704,2.347256488908536,2.660743511091464,,,,,,2.1186666666666665,2.0476978132591594,2.1896355200741735,1.9891392981900506,2.2481940351432823,,,,,,-0.3853333333333333,-0.4033435888875266,-0.36732307777914003,-0.418204387260763,-0.35246227940590363
pooled,task_strong,freeze_R,immediate_positive_gains,1000,1.313,1.240708371375593,1.3852916286244068,1.1810583950702838,1.4449416049297161,,,,,,1.1606666666666667,1.098769921657126,1.2225634116762074,1.04769707348023,1.2736362598531035,,,,,,-0.15233333333333332,-0.1660936345033037,-0.13857303216336295,-0.1774476689103462,-0.12721899775632045
pooled,task_strong,freeze_R,changed_topics,1000,27.434,27.197202794554272,27.67079720544573,27.001814366284275,27.866185633715727,,,,,,24.465333333333334,24.27688331817213,24.65378334849454,24.121387596841732,24.809279069824935,,,,,,-2.9686666666666666,-3.028374385065107,-2.9089589482682263,-3.0776410021753016,-2.8596923311580316
pooled,task_strong,freeze_R,task_progress,1000,1.0,1.0,1.0,1.0,1.0,,,,,,1.0,1.0,1.0,1.0,1.0,,,,,,0.0,0.0,0.0,0.0,0.0
pooled,task_strong,freeze_TR,bridge_count,1000,3.7013333333333334,3.677252504094586,3.725414162572081,3.6573826945352184,3.7452839721314484,0.03866666666666666,0.027524798174346048,0.049808535158987276,0.018331310571281963,0.05900202276205136,3.689,3.6656001409352816,3.7123998590647185,3.646292220152227,3.731707779847773,0.0405,0.029513689166201063,0.05148631083379894,0.020448556821159126,0.060551443178840876,-0.012333333333333333,-0.017748505089780073,-0.006918161576886592,-0.02221672462097173,-0.0024499420456949375
pooled,task_strong,freeze_TR,bridge_rate,1000,0.9253333333333333,0.9193131260236465,0.9313535406430202,0.9143456736338046,0.9363209930328621,0.009666666666666665,0.006881199543586512,0.012452133789746819,0.004582827642820491,0.01475050569051284,0.92225,0.9164000352338204,0.9280999647661796,0.9115730550380567,0.9329269449619433,0.010125,0.007378422291550266,0.012871577708449735,0.005112139205289782,0.015137860794710219,-0.0030833333333333333,-0.004437126272445018,-0.001729540394221648,-0.005554181155242932,-0.0006124855114237344
pooled,task_strong,freeze_TR,unformed_turns,1000,18.048166666666667,17.80012747688933,18.296205856444004,17.595462952454874,18.50087038087846,0.8923333333333333,0.6934807213131167,1.09118594535355,0.5294015074267922,1.2552651592398745,18.6655,18.428834462354622,18.90216553764538,18.233554677109005,19.097445322890998,1.0179166666666666,0.8197887746143129,1.2160445587190203,0.6563075487624759,1.3795257845708573,0.6173333333333333,0.5564200462401214,0.6782466204265452,0.5061586784866513,0.7285079881800153
pooled,task_strong,freeze_TR,known_share,1000,0.16666666666666666,0.16666666666666666,0.16666666666666666,0.16666666666666666,0.16666666666666666,0.0,0.0,0.0,0.0,0.0,0.1942465277777778,0.19376536249845555,0.19472769305710003,0.19336833869284137,0.1951247168627142,0.0,0.0,0.0,0.0,0.0,0.02757986111111111,0.027098695831788866,0.028061026390433355,0.02670167202617468,0.02845805019604754
pooled,task_strong,freeze_TR,bridge_share,1000,0.6666666666666666,0.6666666666666666,0.6666666666666666,0.6666666666666666,0.6666666666666666,0.0,0.0,0.0,0.0,0.0,0.639,0.6385116984663444,0.6394883015336557,0.6381087863246946,0.6398912136753054,0.0,0.0,0.0,0.0,0.0,-0.027666666666666666,-0.028154968200322344,-0.027178365133010987,-0.028557880341972083,-0.026775452991361248
pooled,task_strong,freeze_TR,all_formed,1000,0.717,0.6953185813460423,0.7386814186539576,0.6774285969372885,0.7565714030627114,0.03033333333333333,0.020755058142972127,0.03991160852369453,0.012851737951927452,0.047814928714739205,0.7058333333333333,0.6848250576125638,0.7268416090541028,0.6674905034905362,0.7441761631761304,0.03183333333333333,0.022301771121958934,0.04136489554470773,0.014436995201429867,0.049229671465236796,-0.011166666666666667,-0.01621416615386778,-0.006119167179465552,-0.02037900834295296,-0.001954324990380372
pooled,task_strong,freeze_TR,questions,1000,12.642,12.583767258094523,12.700232741905475,12.5357176880274,12.748282311972599,,,,,,12.642,12.583767258094523,12.700232741905475,12.5357176880274,12.748282311972599,,,,,,0,0.0,0.0,0.0,0.0
pooled,task_strong,freeze_TR,question_positive_difference,1000,-2.474,-2.5889028291145983,-2.359097170885402,-2.6837125763082694,-2.264287423691731,,,,,,-2.039,-2.1366731392148304,-1.9413268607851697,-2.2172661560093476,-1.8607338439906527,,,,,,0.435,0.41311970575689044,0.45688029424310955,0.39506562317513433,0.47493437682486567
pooled,task_strong,freeze_TR,other_positive_difference,1000,0,0.0,0.0,0.0,0.0,,,,,,0,0.0,0.0,0.0,0.0,,,,,,0,0.0,0.0,0.0,0.0
pooled,task_strong,freeze_TR,immediate_positive_difference,1000,-2.474,-2.5889028291145983,-2.359097170885402,-2.6837125763082694,-2.264287423691731,,,,,,-2.039,-2.1366731392148304,-1.9413268607851697,-2.2172661560093476,-1.8607338439906527,,,,,,0.435,0.41311970575689044,0.45688029424310955,0.39506562317513433,0.47493437682486567
pooled,task_strong,freeze_TR,immediate_positive_losses,1000,3.236,3.1435567806964992,3.328443219303501,3.067279126617218,3.4047208733827823,,,,,,2.7391666666666667,2.6625797089948886,2.815753624338445,2.5993855287371357,2.878947804596198,,,,,,-0.49683333333333335,-0.5163301650806075,-0.4773365015860593,-0.5324175817550307,-0.4612490849116359
pooled,task_strong,freeze_TR,immediate_positive_gains,1000,0.762,0.7097717528592103,0.8142282471407897,0.6666766702929818,0.8573233297070182,,,,,,0.7001666666666667,0.6547189443930493,0.7456143889402841,0.6172186748827799,0.7831146584505535,,,,,,-0.06183333333333333,-0.0719352870983171,-0.051731379568349556,-0.08027071008137562,-0.04339595658529103
pooled,task_strong,freeze_TR,changed_topics,1000,11.004,10.922814829147397,11.085185170852602,10.855826526215937,11.152173473784062,,,,,,11.277833333333334,11.2038309452447,11.351835721421967,11.142769370342888,11.412897296323779,,,,,,0.2738333333333333,0.2620694872451742,0.28559717942149243,0.2523627873994179,0.2953038792672487
pooled,task_strong,freeze_TR,task_progress,1000,1.0,1.0,1.0,1.0,1.0,,,,,,1.0,1.0,1.0,1.0,1.0,,,,,,0.0,0.0,0.0,0.0,0.0
