known_pair,theta,metric,seeds,A_mean,A_ci_low,A_ci_high,A_simultaneous_low,A_simultaneous_high,difference_A_mean,difference_A_ci_low,difference_A_ci_high,difference_A_simultaneous_low,difference_A_simultaneous_high,B_mean,B_ci_low,B_ci_high,B_simultaneous_low,B_simultaneous_high,difference_B_mean,difference_B_ci_low,difference_B_ci_high,difference_B_simultaneous_low,difference_B_simultaneous_high,B_minus_A_mean,B_minus_A_ci_low,B_minus_A_ci_high,B_minus_A_simultaneous_low,B_minus_A_simultaneous_high,gap_change_mean,gap_change_ci_low,gap_change_ci_high,gap_change_simultaneous_low,gap_change_simultaneous_high
akane-koharu,-1,bridge_before,1000,3.796,3.7699562857977313,3.8220437142022683,3.769956764357091,3.8220432356429086,0,0.0,0.0,0.0,0.0,3.792,3.7657832203133728,3.818216779686627,3.7657837020528517,3.818216297947148,0,0.0,0.0,0.0,0.0,-0.004,-0.016399850430174175,0.008399850430174176,-0.016399622580012693,0.008399622580012691,0,0.0,0.0,0.0,0.0
akane-koharu,-1,bridge_after,1000,3.901,3.882068764697726,3.9199312353022737,3.882069112563617,3.9199308874363825,0.003,-0.0003914196625200081,0.006391419662520008,-0.0023260655169414415,0.008326065516941442,3.898,3.879028486831254,3.9169715131687464,3.87902883543726,3.91697116456274,0.002,-0.0007704709182933338,0.004770470918293334,-0.0023508946376299905,0.006350894637629991,-0.003,-0.011984416806078476,0.005984416806078475,-0.011984251715311322,0.005984251715311323,-0.001,-0.00296,0.0009599999999999999,-0.0038652602385321334,0.0018652602385321334
akane-koharu,-1,bridge_rate,1000,0.97525,0.9705171911744315,0.9799828088255684,0.9705172781409043,0.9799827218590956,0.00075,-9.785491563000202e-05,0.001597854915630002,-0.0005815163792353604,0.0020815163792353604,0.9745,0.9697571217078135,0.9792428782921866,0.969757208859315,0.979242791140685,0.0005,-0.00019261772957333346,0.0011926177295733336,-0.0005877236594074976,0.0015877236594074977,-0.00075,-0.002996104201519619,0.0014961042015196188,-0.0029960629288278305,0.0014960629288278307,-0.00025,-0.00074,0.00023999999999999998,-0.0009663150596330334,0.00046631505963303334
akane-koharu,-1,new_bridge,1000,0.105,0.08539264402300992,0.12460735597699008,0.08539300431277719,0.1246069956872228,0.003,-0.0003914196625200081,0.006391419662520008,-0.0023260655169414415,0.008326065516941442,0.106,0.08631542571288714,0.12568457428711285,0.08631578742155897,0.12568421257844103,0.002,-0.0007704709182933338,0.004770470918293334,-0.0023508946376299905,0.006350894637629991,0.001,-0.009918102553253628,0.011918102553253627,-0.009917901930557096,0.011917901930557098,-0.001,-0.00296,0.0009599999999999999,-0.0038652602385321334,0.0018652602385321334
akane-koharu,-1,unformed_turns,1000,15.78825,15.41556704575674,16.160932954243258,15.41557389389348,16.16092610610652,-0.015,-0.02909316349359707,-0.0009068365064029259,-0.037132652274620266,0.007132652274620267,16.26425,15.894419303925623,16.634080696074378,15.89442609965145,16.63407390034855,-0.00325,-0.01066601782767682,0.0041660178276768205,-0.014896508175182068,0.008396508175182069,0.476,0.3010828926810392,0.6509171073189608,0.3010861068239334,0.6509138931760665,0.01175,-0.0005627788749584719,0.024062778874958474,-0.006249650885845368,0.02974965088584537
akane-koharu,-1,all_formed,1000,0.903,0.8846471688284339,0.9213528311715662,0.8846475060660134,0.9213524939339867,0.003,-0.0003914196625200081,0.006391419662520008,-0.0023260655169414415,0.008326065516941442,0.899,0.8803141068984915,0.9176858931015085,0.8803144502561623,0.9176855497438378,0.002,-0.0007704709182933338,0.004770470918293334,-0.0023508946376299905,0.006350894637629991,-0.004,-0.012766263843952096,0.0047662638439520955,-0.012766102761796815,0.004766102761796814,-0.001,-0.00296,0.0009599999999999999,-0.0038652602385321334,0.0018652602385321334
akane-koharu,-1,free_known_share,1000,0.14458333333333334,0.14116418801302477,0.1480024786536419,0.14116425084062237,0.14800241582604431,-0.0004166666666666667,-0.0011913816070120494,0.00035804827367871605,-0.0016333201451002122,0.0007999868117668787,0.18979166666666666,0.18621984647288325,0.19336348686045007,0.1862199121059175,0.19336342122741582,-4.1666666666666774e-05,-0.0007678944880252139,0.0006845611546918804,-0.0011821733988553872,0.0010988400655220535,0.045208333333333336,0.04293842960210151,0.047478237064565165,0.04293847131211524,0.04747819535455143,0.000375,-0.0006353987730993543,0.0013853987730993544,-0.0011020690967465463,0.0018520690967465466
akane-koharu,-1,free_bridge_share,1000,0.7182083333333333,0.7132538437477994,0.7231628229188672,0.7132539347877082,0.7231627318789585,6.661338147750939e-19,-0.0011321727555818565,0.0011321727555818578,-0.001778024211914978,0.0017780242119149793,0.6731666666666667,0.668131424594095,0.6782019087392384,0.6681315171178497,0.6782018162154837,-0.0003333333333333331,-0.001453459841592832,0.0007867931749261658,-0.0020924394788169555,0.0014257728121502894,-0.04504166666666667,-0.047327198792620144,-0.04275613454071319,-0.047327156795430994,-0.04275617653790234,-0.00033333333333333376,-0.0013470864074570552,0.0006804197407903878,-0.0018153059736274245,0.001148639306960757
akane-koharu,-1,source_contact_share,1000,0.943875,0.9390021948205959,0.9487478051794042,0.9390022843595346,0.9487477156404654,-0.009166666666666667,-0.01051817936974666,-0.007815153963586674,-0.01128915397873054,-0.007044179354602793,0.9445833333333333,0.9397986614501762,0.9493680052164905,0.9397987493696449,0.9493679172970217,-0.007875,-0.009106804369977142,-0.006643195630022858,-0.009809490989439538,-0.005940509010560462,0.0007083333333333332,-0.0003402993451500679,0.0017569660118167342,-0.0003402800762785218,0.0017569467429451881,0.0012916666666666669,0.00014182657318674856,0.002441506760146585,-0.0003892471601282725,0.0029725804934616065
akane-koharu,-1,source_exposure_mean,1000,0.32829166666666665,0.327104724042536,0.3294786092907973,0.32710474585288524,0.32947858748044806,-0.005805555555555556,-0.00660393100153035,-0.005007180109580762,-0.007059366748364258,-0.004551744362746854,0.3285694444444444,0.3274134919052466,0.3297253969836422,0.3274135131461458,0.329725375742743,-0.005166666666666667,-0.005900325677674725,-0.004433007655658608,-0.0063188437336651766,-0.004014489599668157,0.0002777777777777779,-0.00030864731395634633,0.000864202869511902,-0.0003086365382576714,0.0008641920938132271,0.0006388888888888889,-1.1291794722285563e-05,0.0012890695725000633,-0.0003115891012196516,0.0015893668789974296
akane-koharu,-1,immediate_expected_exposure_shift,1000,-0.00691133742284086,-0.007464298329492341,-0.006358376516189378,-0.007464288168705919,-0.0063583866769758,-0.00691133742284086,-0.007464298329492341,-0.006358376516189378,-0.00777973659197959,-0.006042938253702129,-0.006960062595509875,-0.007515852935391594,-0.006404272255628157,-0.007515842722613673,-0.006404282468406078,-0.006960062595509875,-0.007515852935391594,-0.006404272255628157,-0.007832905256831717,-0.006087219934188034,-4.872517266901564e-05,-8.917456239472761e-05,-8.275782943303666e-06,-8.917381912769929e-05,-8.276526210331995e-06,-4.872517266901564e-05,-8.917456239472761e-05,-8.275782943303666e-06,-0.00010785681963532826,1.0406474297296969e-05
akane-koharu,0,bridge_before,1000,3.796,3.7699562857977313,3.8220437142022683,3.769956764357091,3.8220432356429086,0,0.0,0.0,0.0,0.0,3.792,3.7657832203133728,3.818216779686627,3.7657837020528517,3.818216297947148,0,0.0,0.0,0.0,0.0,-0.004,-0.016399850430174175,0.008399850430174176,-0.016399622580012693,0.008399622580012691,0,0.0,0.0,0.0,0.0
akane-koharu,0,bridge_after,1000,3.898,3.8788268624684745,3.9171731375315257,3.878827214779376,3.9171727852206244,0,0.0,0.0,0.0,0.0,3.896,3.8768682233109604,3.9151317766890394,3.8768685748618466,3.9151314251381533,0,0.0,0.0,0.0,0.0,-0.002,-0.010768895433697856,0.006768895433697856,-0.010768734303186495,0.006768734303186495,0,0.0,0.0,0.0,0.0
akane-koharu,0,bridge_rate,1000,0.9745,0.9697067156171186,0.9792932843828814,0.969706803694844,0.9792931963051561,0.0,0.0,0.0,0.0,0.0,0.974,0.9692170558277401,0.9787829441722599,0.9692171437154616,0.9787828562845383,0.0,0.0,0.0,0.0,0.0,-0.0005,-0.002692223858424464,0.001692223858424464,-0.002692183575796624,0.0016921835757966238,0.0,0.0,0.0,0.0,0.0
akane-koharu,0,new_bridge,1000,0.102,0.08262733643265094,0.12137266356734905,0.0826276924098901,0.12137230759010989,0,0.0,0.0,0.0,0.0,0.104,0.08447036454356965,0.12352963545643034,0.08447072340520412,0.12352927659479587,0,0.0,0.0,0.0,0.0,0.002,-0.008740017764490968,0.012740017764490968,-0.008739820414144223,0.012739820414144223,0,0.0,0.0,0.0,0.0
akane-koharu,0,unformed_turns,1000,15.80325,15.429399028686761,16.177100971313237,15.42940589828609,16.177094101713912,0.0,0.0,0.0,0.0,0.0,16.2675,15.89732914218705,16.637670857812946,15.897335944163428,16.637664055836566,0.0,0.0,0.0,0.0,0.0,0.46425,0.28981186897167044,0.6386881310283296,0.2898150743132629,0.6386849256867371,0.0,0.0,0.0,0.0,0.0
akane-koharu,0,all_formed,1000,0.9,0.881396503283251,0.918603496716749,0.8813968451268688,0.9186031548731313,0,0.0,0.0,0.0,0.0,0.897,0.8781510066541963,0.9158489933458037,0.8781513530088724,0.9158486469911277,0,0.0,0.0,0.0,0.0,-0.003,-0.011545692157716333,0.0055456921577163336,-0.011545535128617546,0.005545535128617547,0,0.0,0.0,0.0,0.0
akane-koharu,0,free_known_share,1000,0.145,0.1415842733863187,0.14841572661368127,0.1415843361510968,0.14841566384890317,0.0,0.0,0.0,0.0,0.0,0.18983333333333333,0.18629542178737915,0.1933712448792875,0.18629548679733404,0.1933711798693326,0.0,0.0,0.0,0.0,0.0,0.044833333333333336,0.04256865762919072,0.04709800903747595,0.04256869924313823,0.04709796742352844,0.0,0.0,0.0,0.0,0.0
akane-koharu,0,free_bridge_share,1000,0.7182083333333333,0.713286289726655,0.7231303769400117,0.7132863801703613,0.7231302864963054,0.0,0.0,0.0,0.0,0.0,0.6735,0.6685104160590828,0.6784895839409172,0.6685105077438586,0.6784894922561414,0.0,0.0,0.0,0.0,0.0,-0.04470833333333333,-0.04697514086627286,-0.0424415258003938,-0.046975099213152495,-0.04244156745351416,0.0,0.0,0.0,0.0,0.0
akane-koharu,0,source_contact_share,1000,0.9530416666666667,0.94886508411429,0.9572182492190433,0.9488651608599745,0.9572181724733588,0.0,0.0,0.0,0.0,0.0,0.9524583333333333,0.9482307135288952,0.9566859531377714,0.9482307912124012,0.9566858754542654,0.0,0.0,0.0,0.0,0.0,-0.0005833333333333337,-0.0015900417351313396,0.0004233750684646722,-0.0015900232366282158,0.0004233565699615484,0.0,0.0,0.0,0.0,0.0
akane-koharu,0,source_exposure_mean,1000,0.3340972222222222,0.332968338396506,0.3352261060479384,0.33296835914001127,0.33522608530443315,0.0,0.0,0.0,0.0,0.0,0.33373611111111107,0.3325811832019103,0.3348910390203118,0.3325812044239817,0.33489101779824043,0.0,0.0,0.0,0.0,0.0,-0.00036111111111111104,-0.0009306750524998228,0.00020845283027760077,-0.0009306645866287422,0.00020844236440652018,0.0,0.0,0.0,0.0,0.0
akane-koharu,0,immediate_expected_exposure_shift,1000,0.0,0.0,0.0,0.0,0.0,0.0,0.0,0.0,0.0,0.0,0.0,0.0,0.0,0.0,0.0,0.0,0.0,0.0,0.0,0.0,0.0,0.0,0.0,0.0,0.0,0.0,0.0,0.0,0.0,0.0
akane-koharu,1,bridge_before,1000,3.796,3.7699562857977313,3.8220437142022683,3.769956764357091,3.8220432356429086,0,0.0,0.0,0.0,0.0,3.792,3.7657832203133728,3.818216779686627,3.7657837020528517,3.818216297947148,0,0.0,0.0,0.0,0.0,-0.004,-0.016399850430174175,0.008399850430174176,-0.016399622580012693,0.008399622580012691,0,0.0,0.0,0.0,0.0
akane-koharu,1,bridge_after,1000,3.899,3.87990695459643,3.91809304540357,3.8799073054356197,3.9180926945643804,0.001,-0.0009599999999999999,0.00296,-0.002078088072842161,0.004078088072842162,3.893,3.873434266189597,3.9125657338104025,3.8734346257145473,3.9125653742854523,-0.003,-0.007380938052314621,0.0013809380523146205,-0.009880057738107144,0.003880057738107144,-0.006,-0.015599596588120497,0.003599596588120497,-0.015599420193280486,0.003599420193280486,-0.004,-0.008796993386022701,0.000796993386022701,-0.011012568578302281,0.0030125685783022813
akane-koharu,1,bridge_rate,1000,0.97475,0.9699767386491075,0.9795232613508925,0.9699768263589049,0.9795231736410951,0.00025,-0.00023999999999999998,0.00074,-0.0005195220182105403,0.0010195220182105404,0.97325,0.9683585665473993,0.9781414334526006,0.9683586564286368,0.9781413435713631,-0.00075,-0.0018452345130786551,0.0003452345130786551,-0.002470014434526786,0.000970014434526786,-0.0015,-0.0038998991470301243,0.0008998991470301242,-0.0038998550483201216,0.0008998550483201215,-0.001,-0.0021992483465056753,0.00019924834650567524,-0.0027531421445755704,0.0007531421445755703
akane-koharu,1,new_bridge,1000,0.103,0.08354859329449865,0.12245140670550134,0.08354895071866145,0.12245104928133854,0.001,-0.0009599999999999999,0.00296,-0.002078088072842161,0.004078088072842162,0.101,0.08170660025621007,0.12029339974378994,0.08170695477695787,0.12029304522304214,-0.003,-0.007380938052314621,0.0013809380523146205,-0.009880057738107144,0.003880057738107144,-0.002,-0.013092288874369999,0.009092288874369999,-0.013092085050958943,0.009092085050958943,-0.004,-0.008796993386022701,0.000796993386022701,-0.011012568578302281,0.0030125685783022813
akane-koharu,1,unformed_turns,1000,15.79775,15.42442369937461,16.17107630062539,15.424430559332992,16.171069440667008,-0.0055,-0.013397604938445818,0.0023976049384458187,-0.01790281814543338,0.00690281814543338,16.286,15.914283162213637,16.657716837786364,15.91428999259776,16.65771000740224,0.0185,-0.0015852440719407133,0.03858524407194071,-0.01304293378467573,0.050042933784675725,0.48825,0.31163595514529446,0.6648640448547056,0.3116392004698141,0.664860799530186,0.024,0.002435987269410061,0.04556401273058994,-0.007523728704163311,0.05552372870416331
akane-koharu,1,all_formed,1000,0.901,0.8824794738657811,0.919520526134219,0.8824798141847949,0.9195201858152051,0.001,-0.0009599999999999999,0.00296,-0.002078088072842161,0.004078088072842162,0.895,0.8759901147889911,0.9140098852110089,0.8759904641000928,0.9140095358999072,-0.002,-0.00592,0.0019199999999999998,-0.008156176145684323,0.004156176145684322,-0.006,-0.015190286380943946,0.0031902863809439453,-0.015190117507275043,0.0031901175072750424,-0.003,-0.007380938052314621,0.0013809380523146205,-0.00940435082080076,0.0034043508208007594
akane-koharu,1,free_known_share,1000,0.1445,0.14106344692277156,0.14793655307722842,0.1410635100702408,0.1479364899297592,-0.0005,-0.0012021905442608427,0.00020219054426084254,-0.0016027573158937985,0.0006027573158937985,0.190125,0.18656154826405835,0.19368845173594162,0.18656161374332023,0.19368838625667975,0.0002916666666666668,-0.00063617622034521,0.0012195095536785435,-0.001165467070059198,0.0017488004033925316,0.045625000000000006,0.043322680989609966,0.047927319010390046,0.04332272329526206,0.04792727670473795,0.0007916666666666669,-0.0003064989596132412,0.001889832292946575,-0.0008137059375693326,0.0023970392709026663
akane-koharu,1,free_bridge_share,1000,0.7193333333333334,0.7143442846257132,0.7243223820409536,0.714344376300654,0.7243222903660128,0.0011249999999999995,5.257192975251495e-05,0.002197428070247484,-0.0005591979857193464,0.0028091979857193454,0.6737916666666667,0.6687193733280978,0.6788639600052355,0.6687194665326782,0.6788638668006551,0.00029166666666666685,-0.0009554135078768615,0.0015387468412101952,-0.0016668142573845349,0.002250147590717869,-0.04554166666666667,-0.04785032158440467,-0.043233011748928664,-0.04785027916232879,-0.043233054171004544,-0.0008333333333333327,-0.0019404628360274556,0.00027379616936079,-0.0024518099368921716,0.0007851432702255062
akane-koharu,1,source_contact_share,1000,0.9611666666666666,0.9575333210213479,0.9648000123119853,0.9575333877849268,0.9647999455484064,0.008125000000000002,0.006830573733732491,0.009419426266267513,0.006092164259504269,0.010157835740495735,0.9615416666666666,0.957979114323382,0.9651042190099512,0.9579791797861172,0.965104153547216,0.009083333333333336,0.0076669950958731655,0.010499671570793505,0.006859040559947398,0.011307626106719273,0.0003750000000000001,-0.0006742945856435143,0.0014242945856435146,-0.0006742753046092688,0.001424275304609269,0.0009583333333333338,-0.00027127949210329814,0.0021879461587699656,-0.0008391976551935716,0.002755864321860239
akane-koharu,1,source_exposure_mean,1000,0.3395833333333333,0.3383094933932764,0.3408571732733902,0.3383095168003842,0.3408571498662824,0.005486111111111113,0.0046897362566006556,0.00628248596562157,0.00423544175336619,0.006736780468856035,0.33981944444444445,0.33855571568479287,0.34108317320409604,0.33855573890610535,0.34108314998278355,0.006083333333333334,0.005243799334844547,0.00692286733182212,0.004764884564203833,0.007401782102462835,0.00023611111111111077,-0.0004030387611130041,0.0008752609833352256,-0.00040302701658411497,0.0008752492388063365,0.0005972222222222219,-0.0001115123086077262,0.00130595675305217,-0.0004388537322990928,0.0016332981767435365
akane-koharu,1,immediate_expected_exposure_shift,1000,0.006925631677765035,0.006370993283319137,0.007480270072210932,0.006371003474929791,0.007480259880600279,0.006925631677765035,0.006370993283319137,0.007480270072210932,0.006054598092722054,0.007796665262808016,0.006944422570412202,0.006389404317691867,0.007499440823132537,0.006389414516282505,0.0074994306245419,0.006944422570412202,0.006389404317691867,0.007499440823132537,0.006072792435765182,0.007816052705059223,1.8790892647167756e-05,-1.9248717878550753e-05,5.683050317288626e-05,-1.9248018891780724e-05,5.682980418611624e-05,1.8790892647167756e-05,-1.9248717878550753e-05,5.683050317288626e-05,-3.681797650007187e-05,7.439976179440739e-05
akane-midori,-1,bridge_before,1000,3.698,3.6693941368071332,3.7266058631928667,3.669394662446582,3.726605337553418,0,0.0,0.0,0.0,0.0,3.678,3.6488930736978507,3.707106926302149,3.648893608544452,3.707106391455548,0,0.0,0.0,0.0,0.0,-0.02,-0.029921864915599457,-0.010078135084400544,-0.029921682599003303,-0.010078317400996697,0,0.0,0.0,0.0,0.0
akane-midori,-1,bridge_after,1000,3.829,3.8056520557457216,3.8523479442542787,3.805652484769676,3.852347515230324,-0.003,-0.006391419662520008,0.0003914196625200081,-0.008326065516941442,0.0023260655169414415,3.814,3.7898708511915107,3.8381291488084894,3.7898712945702826,3.8381287054297175,0.001,-0.003384447716848928,0.005384447716848928,-0.0058855695016493525,0.007885569501649353,-0.015,-0.023496954644944168,-0.006503045355055833,-0.023496798511408616,-0.0065032014885913845,0.004,8.589031136649761e-05,0.007914109688633503,-0.001721909622497431,0.009721909622497431
akane-midori,-1,bridge_rate,1000,0.95725,0.9514130139364304,0.9630869860635697,0.951413121192419,0.963086878807581,-0.00075,-0.001597854915630002,9.785491563000202e-05,-0.0020815163792353604,0.0005815163792353604,0.9535,0.9474677127978777,0.9595322872021224,0.9474678236425707,0.9595321763574294,0.00025,-0.000846111929212232,0.001346111929212232,-0.0014713923754123381,0.001971392375412338,-0.00375,-0.005874238661236042,-0.0016257613387639582,-0.005874199627852154,-0.0016258003721478461,0.001,2.1472577841624403e-05,0.001978527422158376,-0.00043047740562435774,0.002430477405624358
akane-midori,-1,new_bridge,1000,0.131,0.11007724530411772,0.1519227546958823,0.11007762976464514,0.15192237023535488,-0.003,-0.006391419662520008,0.0003914196625200081,-0.008326065516941442,0.0023260655169414415,0.136,0.11474311354827285,0.15725688645172717,0.11474350414854968,0.15725649585145035,0.001,-0.003384447716848928,0.005384447716848928,-0.0058855695016493525,0.007885569501649353,0.005,-0.003980992050893833,0.013980992050893832,-0.00398082702305736,0.01398082702305736,0.004,8.589031136649761e-05,0.007914109688633503,-0.001721909622497431,0.009721909622497431
akane-midori,-1,unformed_turns,1000,16.3405,15.960238784349851,16.720761215650146,15.960245771738924,16.720754228261075,0.0135,-0.005682837372235879,0.03268283737223588,-0.01662574638711741,0.043625746387117414,17.022,16.635013526080563,17.408986473919434,16.635020637047838,17.40897936295216,-0.003,-0.02430089090985524,0.01830089090985524,-0.03645205012782522,0.03045205012782522,0.6815,0.5501280804980241,0.8128719195019759,0.5501304944878735,0.8128695055121264,-0.0165,-0.03513991874904424,0.002139918749044241,-0.043749090837299026,0.010749090837299021
akane-midori,-1,all_formed,1000,0.829,0.8056520557457214,0.8523479442542785,0.805652484769676,0.8523475152303239,-0.003,-0.006391419662520008,0.0003914196625200081,-0.008326065516941442,0.0023260655169414415,0.814,0.7898708511915106,0.8381291488084893,0.7898712945702823,0.8381287054297176,0.001,-0.003384447716848928,0.005384447716848928,-0.0058855695016493525,0.007885569501649353,-0.015,-0.023496954644944168,-0.006503045355055833,-0.023496798511408616,-0.0065032014885913845,0.004,8.589031136649761e-05,0.007914109688633503,-0.001721909622497431,0.009721909622497431
akane-midori,-1,free_known_share,1000,0.140375,0.13693081774747462,0.14381918225252538,0.13693088103513174,0.14381911896486826,-0.0008333333333333333,-0.0016569193029837158,-9.74736368295078e-06,-0.0021267364711603683,0.0004600698044937017,0.18925,0.1858219469433992,0.1926780530566008,0.18582200993467857,0.19267799006532144,-4.166666666666664e-05,-0.0009329868510648212,0.0008496535177314879,-0.0014414432119112767,0.0013581098785779434,0.048875,0.04627948855624664,0.051470511443753364,0.0462795362493785,0.051470463750621503,0.0007916666666666668,-0.00035410192767640315,0.0019374352610097368,-0.000883295167991523,0.0024666285013248564
akane-midori,-1,free_bridge_share,1000,0.717125,0.7122811290761217,0.7219688709238783,0.7122812180833866,0.7219687819166134,0.0008749999999999995,-0.0004131808302867211,0.0021631808302867202,-0.0011480275762089124,0.0028980275762089114,0.6680833333333334,0.6632419680476995,0.6729246986189672,0.6632420570089228,0.6729246096577439,0.00016666666666666642,-0.0011457099133755865,0.0014790432467089191,-0.0018943591997136622,0.0022276925330469953,-0.049041666666666664,-0.0516813017600468,-0.046402031573286526,-0.05168125325613253,-0.0464020800772008,-0.0007083333333333331,-0.0019000062253232979,0.00048333955865663164,-0.002450401167392233,0.0010337345007255666
akane-midori,-1,source_contact_share,1000,0.943875,0.9390021948205959,0.9487478051794042,0.9390022843595346,0.9487477156404654,-0.009166666666666667,-0.01051817936974666,-0.007815153963586674,-0.01128915397873054,-0.007044179354602793,0.9444166666666667,0.9395316468000874,0.949301686533246,0.9395317365634738,0.9493015967698596,-0.009125,-0.010480062184580335,-0.0077699378154196625,-0.011253061606283764,-0.006996938393716234,0.000541666666666667,-0.0004618102592967261,0.0015451435926300602,-0.00046179182017272913,0.001545125153506063,4.1666666666666855e-05,-0.0010142241696587619,0.0010975575029920955,-0.001501905797391339,0.0015852391307246726
akane-midori,-1,source_exposure_mean,1000,0.32829166666666665,0.327104724042536,0.3294786092907973,0.32710474585288524,0.32947858748044806,-0.005805555555555556,-0.00660393100153035,-0.005007180109580762,-0.007059366748364258,-0.004551744362746854,0.3285416666666666,0.32734888130175743,0.3297344520315758,0.3273489032194684,0.32973443011386483,-0.005986111111111111,-0.006819028895575853,-0.00515319332664637,-0.007294169426426947,-0.004678052795795275,0.00025000000000000006,-0.00030528802255935106,0.0008052880225593512,-0.00030527781901162904,0.0008052778190116292,-0.00018055555555555563,-0.0008033166825023577,0.00044220557139124637,-0.0010909497877719507,0.0007298386766608394
akane-midori,-1,immediate_expected_exposure_shift,1000,-0.00691133742284086,-0.007464298329492341,-0.006358376516189378,-0.007464288168705919,-0.0063583866769758,-0.00691133742284086,-0.007464298329492341,-0.006358376516189378,-0.00777973659197959,-0.006042938253702129,-0.006885173996969698,-0.007436236824344844,-0.006334111169594553,-0.007436226698436075,-0.006334121295503321,-0.006885173996969698,-0.007436236824344844,-0.006334111169594553,-0.00775059232162792,-0.006019755672311476,2.6163425871161263e-05,-1.7730780705473255e-05,7.005763244779578e-05,-1.772997413912691e-05,7.005682588144943e-05,2.6163425871161263e-05,-1.7730780705473255e-05,7.005763244779578e-05,-3.800408678493392e-05,9.033093852725645e-05
akane-midori,0,bridge_before,1000,3.698,3.6693941368071332,3.7266058631928667,3.669394662446582,3.726605337553418,0,0.0,0.0,0.0,0.0,3.678,3.6488930736978507,3.707106926302149,3.648893608544452,3.707106391455548,0,0.0,0.0,0.0,0.0,-0.02,-0.029921864915599457,-0.010078135084400544,-0.029921682599003303,-0.010078317400996697,0,0.0,0.0,0.0,0.0
akane-midori,0,bridge_after,1000,3.832,3.8088159325703494,3.8551840674296503,3.808816358583029,3.855183641416971,0,0.0,0.0,0.0,0.0,3.813,3.788820940536975,3.8371790594630255,3.7888213848328665,3.837178615167134,0,0.0,0.0,0.0,0.0,-0.019,-0.028330436186987155,-0.009669563813012842,-0.02833026473803268,-0.009669735261967318,0,0.0,0.0,0.0,0.0
akane-midori,0,bridge_rate,1000,0.958,0.9522039831425874,0.9637960168574126,0.9522040896457572,0.9637959103542427,0.0,0.0,0.0,0.0,0.0,0.95325,0.9472052351342437,0.9592947648657564,0.9472053462082166,0.9592946537917835,0.0,0.0,0.0,0.0,0.0,-0.00475,-0.007082609046746789,-0.0024173909532532105,-0.00708256618450817,-0.0024174338154918295,0.0,0.0,0.0,0.0,0.0
akane-midori,0,new_bridge,1000,0.134,0.11287558589519532,0.1551244141048047,0.1128759740612617,0.15512402593873834,0,0.0,0.0,0.0,0.0,0.135,0.11380915547006464,0.15619084452993537,0.11380954485680565,0.15619045514319435,0,0.0,0.0,0.0,0.0,0.001,-0.008804707578030601,0.010804707578030603,-0.00880452741422802,0.010804527414228018,0,0.0,0.0,0.0,0.0
akane-midori,0,unformed_turns,1000,16.327,15.947523899745633,16.70647610025437,15.947530872708025,16.706469127291978,0.0,0.0,0.0,0.0,0.0,17.025,16.637901210706268,17.41209878929373,16.63790832373736,17.412091676262637,0.0,0.0,0.0,0.0,0.0,0.698,0.5655695974289697,0.8304304025710302,0.565572030868694,0.8304279691313059,0.0,0.0,0.0,0.0,0.0
akane-midori,0,all_formed,1000,0.832,0.8088159325703494,0.8551840674296505,0.808816358583029,0.8551836414169709,0,0.0,0.0,0.0,0.0,0.813,0.7888209405369746,0.8371790594630253,0.7888213848328662,0.8371786151671337,0,0.0,0.0,0.0,0.0,-0.019,-0.028330436186987155,-0.009669563813012842,-0.02833026473803268,-0.009669735261967318,0,0.0,0.0,0.0,0.0
akane-midori,0,free_known_share,1000,0.14120833333333332,0.13777304031464696,0.1446436263520197,0.13777310343896232,0.14464356322770433,0.0,0.0,0.0,0.0,0.0,0.18929166666666666,0.18586564447650328,0.19271768885683005,0.185865707430465,0.19271762590286834,0.0,0.0,0.0,0.0,0.0,0.04808333333333334,0.0454708840542697,0.050695782612396975,0.04547093205863826,0.05069573460802842,0.0,0.0,0.0,0.0,0.0
akane-midori,0,free_bridge_share,1000,0.71625,0.7113708219623828,0.7211291780376173,0.7113709116184241,0.721129088381576,0.0,0.0,0.0,0.0,0.0,0.6679166666666667,0.6630352998592474,0.6727980334740861,0.663035389555508,0.6727979437778254,0.0,0.0,0.0,0.0,0.0,-0.04833333333333333,-0.050983984061478395,-0.04568268260518827,-0.050983935355149244,-0.04568273131151742,0.0,0.0,0.0,0.0,0.0
akane-midori,0,source_contact_share,1000,0.9530416666666667,0.94886508411429,0.9572182492190433,0.9488651608599745,0.9572181724733588,0.0,0.0,0.0,0.0,0.0,0.9535416666666666,0.9493563783569492,0.957726954976384,0.949356455262604,0.9577268780707292,0.0,0.0,0.0,0.0,0.0,0.0005000000000000001,-0.0004935313192144661,0.0014935313192144663,-0.0004935130628433271,0.0014935130628433275,0.0,0.0,0.0,0.0,0.0
akane-midori,0,source_exposure_mean,1000,0.3340972222222222,0.332968338396506,0.3352261060479384,0.33296835914001127,0.33522608530443315,0.0,0.0,0.0,0.0,0.0,0.33452777777777776,0.3333637508341927,0.33569180472136284,0.3333637722234609,0.3356917833320946,0.0,0.0,0.0,0.0,0.0,0.0004305555555555557,-0.00015992795952683286,0.0010210390706379443,-0.00015991710925367645,0.0010210282203647878,0.0,0.0,0.0,0.0,0.0
akane-midori,0,immediate_expected_exposure_shift,1000,0.0,0.0,0.0,0.0,0.0,0.0,0.0,0.0,0.0,0.0,0.0,0.0,0.0,0.0,0.0,0.0,0.0,0.0,0.0,0.0,0.0,0.0,0.0,0.0,0.0,0.0,0.0,0.0,0.0,0.0
akane-midori,1,bridge_before,1000,3.698,3.6693941368071332,3.7266058631928667,3.669394662446582,3.726605337553418,0,0.0,0.0,0.0,0.0,3.678,3.6488930736978507,3.707106926302149,3.648893608544452,3.707106391455548,0,0.0,0.0,0.0,0.0,-0.02,-0.029921864915599457,-0.010078135084400544,-0.029921682599003303,-0.010078317400996697,0,0.0,0.0,0.0,0.0
akane-midori,1,bridge_after,1000,3.828,3.804434265353071,3.8515657346469285,3.8044346983789756,3.851565301621024,-0.004,-0.007914109688633503,-8.589031136649761e-05,-0.010146925687948331,0.002146925687948332,3.813,3.7886624198530874,3.837337580146913,3.788662867061834,3.8373371329381665,0,-0.0027732455518563247,0.0027732455518563247,-0.004355252069505883,0.004355252069505883,-0.015,-0.023496954644944168,-0.006503045355055833,-0.023496798511408616,-0.0065032014885913845,0.004,8.589031136649761e-05,0.007914109688633503,-0.001721909622497431,0.009721909622497431
akane-midori,1,bridge_rate,1000,0.957,0.9511085663382678,0.9628914336617321,0.9511086745947439,0.962891325405256,-0.001,-0.001978527422158376,-2.1472577841624403e-05,-0.002536731421987083,0.000536731421987083,0.95325,0.9471656049632718,0.9593343950367282,0.9471657167654585,0.9593342832345416,0.0,-0.0006933113879640812,0.0006933113879640812,-0.0010888130173764708,0.0010888130173764708,-0.00375,-0.005874238661236042,-0.0016257613387639582,-0.005874199627852154,-0.0016258003721478461,0.001,2.1472577841624403e-05,0.001978527422158376,-0.00043047740562435774,0.002430477405624358
akane-midori,1,new_bridge,1000,0.13,0.10914526720670151,0.1508547327932985,0.10914565041731049,0.15085434958268953,-0.004,-0.007914109688633503,-8.589031136649761e-05,-0.010146925687948331,0.002146925687948332,0.135,0.11380915547006464,0.15619084452993537,0.11380954485680565,0.15619045514319435,0,-0.0027732455518563247,0.0027732455518563247,-0.004355252069505883,0.004355252069505883,0.005,-0.003980992050893833,0.013980992050893832,-0.00398082702305736,0.01398082702305736,0.004,8.589031136649761e-05,0.007914109688633503,-0.001721909622497431,0.009721909622497431
akane-midori,1,unformed_turns,1000,16.34225,15.961414099082916,16.723085900917084,15.961421097031964,16.723078902968034,0.01525,-9.145521611780144e-05,0.0305914552161178,-0.008843035877946107,0.0393430358779461,17.02175,16.634470754497357,17.409029245502644,16.634477870844375,17.409022129155627,-0.00325,-0.014901252068974163,0.008401252068974165,-0.021547744911830067,0.015047744911830068,0.6795,0.5480845903347042,0.8109154096652957,0.5480870051236957,0.8109129948763043,-0.0185,-0.036715257560847384,-0.00028474243915261113,-0.04512829246108053,0.00812829246108053
akane-midori,1,all_formed,1000,0.829,0.8056520557457214,0.8523479442542785,0.805652484769676,0.8523475152303239,-0.003,-0.006391419662520008,0.0003914196625200081,-0.008326065516941442,0.0023260655169414415,0.814,0.7898708511915106,0.8381291488084893,0.7898712945702823,0.8381287054297176,0.001,-0.0009599999999999999,0.00296,-0.002078088072842161,0.004078088072842162,-0.015,-0.023496954644944168,-0.006503045355055833,-0.023496798511408616,-0.0065032014885913845,0.004,8.589031136649761e-05,0.007914109688633503,-0.001721909622497431,0.009721909622497431
akane-midori,1,free_known_share,1000,0.14166666666666666,0.1382525040304546,0.14508082930287872,0.13825256676649422,0.1450807665668391,0.00045833333333333327,-0.0004905968356927707,0.0014072635023594372,-0.0010319169907683744,0.0019485836574350407,0.19070833333333334,0.1872999724680967,0.19411669419856997,0.18730003509752743,0.19411663156913925,0.0014166666666666668,0.0005110611484149163,0.002322272184918417,-5.544325389842146e-06,0.002838877658723176,0.04904166666666667,0.04642744574736704,0.0516558875859663,0.046427493784289904,0.05165583954904344,0.0009583333333333334,-0.00021573024636670473,0.0021323969130333715,-0.0007579920199438203,0.002674658686610487
akane-midori,1,free_bridge_share,1000,0.7149583333333334,0.7100262032307291,0.7198904634359377,0.7100262938597771,0.7198903728068896,-0.0012916666666666677,-0.002520106171239104,-6.32271620942316e-05,-0.0032208732928057236,0.0006375399594723882,0.66575,0.6608383537912843,0.6706616462087156,0.660838444043936,0.6706615559560639,-0.002166666666666667,-0.0034039248212465465,-0.0009294085120867877,-0.004109722569033519,-0.00022361076429981523,-0.04920833333333333,-0.051853738773893425,-0.04656292789277324,-0.05185369016394767,-0.046562976502719,-0.0008749999999999993,-0.0020549851816517887,0.0003049851816517904,-0.002599981950532647,0.0008499819505326483
akane-midori,1,source_contact_share,1000,0.9611666666666666,0.9575333210213479,0.9648000123119853,0.9575333877849268,0.9647999455484064,0.008125000000000002,0.006830573733732491,0.009419426266267513,0.006092164259504269,0.010157835740495735,0.9620833333333333,0.9585331434771873,0.9656335231894793,0.958533208712759,0.9656334579539075,0.008541666666666668,0.007262806769956637,0.009820526563376699,0.006533277179473145,0.01055005615386019,0.0009166666666666669,-9.570249755061196e-05,0.0019290358308839458,-9.568389502965038e-05,0.0019290172283629842,0.00041666666666666675,-0.0007033525537779096,0.001536685887111243,-0.001220652995951497,0.0020539863292848306
akane-midori,1,source_exposure_mean,1000,0.3395833333333333,0.3383094933932764,0.3408571732733902,0.3383095168003842,0.3408571498662824,0.005486111111111113,0.0046897362566006556,0.00628248596562157,0.00423544175336619,0.006736780468856035,0.3401944444444444,0.3389309936532662,0.34145789523562264,0.33893101686947097,0.34145787201941785,0.005666666666666667,0.0048784555194382835,0.006454877813895051,0.004428818028317216,0.006904515305016118,0.0006111111111111108,-1.5827836058499934e-06,0.0012238050058280717,-1.5715252117558297e-06,0.0012237937474339775,0.00018055555555555514,-0.0004837037204475179,0.0008448148315586281,-0.0007905034707749281,0.0011516145818860383
akane-midori,1,immediate_expected_exposure_shift,1000,0.006925631677765035,0.006370993283319137,0.007480270072210932,0.006371003474929791,0.007480259880600279,0.006925631677765035,0.006370993283319137,0.007480270072210932,0.006054598092722054,0.007796665262808016,0.0068953777034135195,0.006343421877626049,0.00744733352920099,0.006343432019943874,0.007447323386883165,0.0068953777034135195,0.006343421877626049,0.00744733352920099,0.006028556966631807,0.007762198440195232,-3.025397435151537e-05,-7.442567557434673e-05,1.3917726871315991e-05,-7.442486390897114e-05,1.3916915205940401e-05,-3.025397435151537e-05,-7.442567557434673e-05,1.3917726871315991e-05,-9.482714740360716e-05,3.4319198700576413e-05
akane-kurumi,-1,bridge_before,1000,3.494,3.4555745837366074,3.532425416263393,3.455575289812648,3.5324247101873523,0,0.0,0.0,0.0,0.0,3.49,3.4514778323896826,3.528522167610318,3.4514785402435524,3.528521459756448,0,0.0,0.0,0.0,0.0,-0.004,-0.016085751933570366,0.008085751933570366,-0.016085529855042465,0.008085529855042465,0,0.0,0.0,0.0,0.0
akane-kurumi,-1,bridge_after,1000,3.73,3.700060505459622,3.759939494540378,3.7000610556048597,3.7599389443951403,0,-0.004803402197679544,0.004803402197679544,-0.007543517864153688,0.007543517864153688,3.712,3.681427813486959,3.7425721865130415,3.68142837525806,3.7425716247419403,-0.002,-0.004770470918293334,0.0007704709182933338,-0.006350894637629991,0.0023508946376299905,-0.018,-0.029712818265119276,-0.006287181734880722,-0.029712603039335046,-0.006287396960664949,-0.002,-0.00592,0.0019199999999999998,-0.007730520477064267,0.0037305204770642668
akane-kurumi,-1,bridge_rate,1000,0.9325,0.9250151263649055,0.9399848736350945,0.9250152639012149,0.9399847360987851,0.0,-0.001200850549419886,0.001200850549419886,-0.001885879466038422,0.001885879466038422,0.928,0.9203569533717397,0.9356430466282604,0.920357093814515,0.9356429061854851,-0.0005,-0.0011926177295733336,0.00019261772957333346,-0.0015877236594074977,0.0005877236594074976,-0.0045,-0.007428204566279819,-0.0015717954337201804,-0.0074281507598337616,-0.0015718492401662373,-0.0005,-0.00148,0.00047999999999999996,-0.0019326301192660667,0.0009326301192660667
akane-kurumi,-1,new_bridge,1000,0.236,0.20729295660050062,0.26470704339949935,0.20729348409915965,0.2647065159008403,0,-0.004803402197679544,0.004803402197679544,-0.007543517864153688,0.007543517864153688,0.222,0.19435670900313898,0.24964329099686103,0.194357216955098,0.249642783044902,-0.002,-0.004770470918293334,0.0007704709182933338,-0.006350894637629991,0.0023508946376299905,-0.014,-0.026057081720699236,-0.0019429182793007649,-0.026056860168993223,-0.0019431398310067773,-0.002,-0.00592,0.0019199999999999998,-0.007730520477064267,0.0037305204770642668
akane-kurumi,-1,unformed_turns,1000,23.78625,23.278077824298045,24.294422175701953,23.278087162081025,24.294412837918973,-0.0015,-0.02533602131884246,0.022336021318842457,-0.03893335353343901,0.03593335353343901,24.25175,23.74190704086643,24.761592959133573,23.741916409350445,24.761583590649558,0.00725,-0.009303736801764793,0.023803736801764792,-0.018746867250245183,0.033246867250245185,0.4655,0.2870339481378398,0.6439660518621603,0.28703722749342275,0.6439627725065773,0.00875,-0.008385980255571,0.025885980255571,-0.016300532078856782,0.03380053207885678
akane-kurumi,-1,all_formed,1000,0.748,0.7210769413943237,0.7749230586056763,0.7210774361118435,0.7749225638881565,0,-0.004803402197679544,0.004803402197679544,-0.007543517864153688,0.007543517864153688,0.731,0.7035015537357663,0.7584984462642337,0.7035020590261694,0.7584979409738306,-0.002,-0.004770470918293334,0.0007704709182933338,-0.006350894637629991,0.0023508946376299905,-0.017,-0.028215541269415667,-0.005784458730584335,-0.028215335181212928,-0.005784664818787073,-0.002,-0.00592,0.0019199999999999998,-0.007730520477064267,0.0037305204770642668
akane-kurumi,-1,free_known_share,1000,0.21720833333333334,0.21356191472365474,0.22085475194301193,0.2135619817274524,0.22085468493921429,0.00024999999999999995,-0.0005831123564205749,0.0010831123564205747,-0.001058363881446734,0.001558363881446734,0.24970833333333334,0.246097497372845,0.2533191692938217,0.24609756372280311,0.25331910294386356,4.166666666666658e-05,-0.00075471563948744,0.0008380489728207732,-0.001209014393535114,0.0012923477268684473,0.0325,0.03035123175219836,0.034648768247801644,0.030351271236319158,0.034648728763680844,-0.00020833333333333335,-0.0012704526639513542,0.0008537859972846875,-0.0017610110305762822,0.0013443443639096155
akane-kurumi,-1,free_bridge_share,1000,0.5646666666666667,0.5596091777624536,0.5697241555708797,0.559609270694999,0.5697240626383343,-0.0008750000000000009,-0.0021683530425402825,0.00041835304254028065,-0.0029061502929680423,0.0011561502929680408,0.53225,0.5271887978480624,0.5373112021519376,0.5271888908488396,0.5373111091511604,-0.0007083333333333335,-0.0019812700554267806,0.0005646033887601135,-0.002707420752597944,0.0012907540859312771,-0.03241666666666667,-0.03463441436155252,-0.03019891897178082,-0.034634373609918195,-0.030198959723415145,0.00016666666666666734,-0.0009295061681420876,0.0012628395014754224,-0.0014357927405458724,0.0017691260738792072
akane-kurumi,-1,source_contact_share,1000,0.943875,0.9390021948205959,0.9487478051794042,0.9390022843595346,0.9487477156404654,-0.009166666666666667,-0.01051817936974666,-0.007815153963586674,-0.01128915397873054,-0.007044179354602793,0.9439166666666666,0.9390181083758137,0.9488152249575196,0.9390181983879717,0.9488151349453615,-0.009125,-0.010465200283797006,-0.007784799716202992,-0.011229721688150635,-0.007020278311849363,4.166666666666707e-05,-0.001020528089188413,0.0011038614225217472,-0.0010205085711105127,0.0011038419044438468,4.1666666666666516e-05,-0.001173000353033187,0.00125633368636652,-0.0017340155346610468,0.0018173488679943796
akane-kurumi,-1,source_exposure_mean,1000,0.32829166666666665,0.327104724042536,0.3294786092907973,0.32710474585288524,0.32947858748044806,-0.005805555555555556,-0.00660393100153035,-0.005007180109580762,-0.007059366748364258,-0.004551744362746854,0.32831944444444444,0.32706876484088204,0.32957012404800684,0.3270687878224132,0.32957010106647566,-0.005805555555555556,-0.006595524612927699,-0.005015586498183413,-0.007046164909336964,-0.004564946201774148,2.7777777777777955e-05,-0.000548693798917897,0.0006042493544734528,-0.0005486832061173966,0.0006042387616729525,-2.7755575615628914e-19,-0.0006781670353325669,0.0006781670353325662,-0.0009913903272559283,0.0009913903272559278
akane-kurumi,-1,immediate_expected_exposure_shift,1000,-0.00691133742284086,-0.007464298329492341,-0.006358376516189378,-0.007464288168705919,-0.0063583866769758,-0.00691133742284086,-0.007464298329492341,-0.006358376516189378,-0.00777973659197959,-0.006042938253702129,-0.006763390780524365,-0.0073071327320000995,-0.0062196488290486305,-0.007307122740614143,-0.006219658820434587,-0.006763390780524365,-0.0073071327320000995,-0.0062196488290486305,-0.007617312012943436,-0.005909469548105294,0.00014794664231649452,0.00011995601864452481,0.00017593726598846422,0.00011995653297880324,0.0001759367516541858,0.00014794664231649452,0.00011995601864452481,0.00017593726598846422,0.00010702806014352965,0.00018886522448945939
akane-kurumi,0,bridge_before,1000,3.494,3.4555745837366074,3.532425416263393,3.455575289812648,3.5324247101873523,0,0.0,0.0,0.0,0.0,3.49,3.4514778323896826,3.528522167610318,3.4514785402435524,3.528521459756448,0,0.0,0.0,0.0,0.0,-0.004,-0.016085751933570366,0.008085751933570366,-0.016085529855042465,0.008085529855042465,0,0.0,0.0,0.0,0.0
akane-kurumi,0,bridge_after,1000,3.73,3.700060505459622,3.759939494540378,3.7000610556048597,3.7599389443951403,0,0.0,0.0,0.0,0.0,3.714,3.683481443863304,3.744518556136696,3.6834820046489347,3.744517995351065,0,0.0,0.0,0.0,0.0,-0.016,-0.028047509821240775,-0.003952490178759226,-0.028047288445420662,-0.003952711554579338,0,0.0,0.0,0.0,0.0
akane-kurumi,0,bridge_rate,1000,0.9325,0.9250151263649055,0.9399848736350945,0.9250152639012149,0.9399847360987851,0.0,0.0,0.0,0.0,0.0,0.9285,0.920870360965826,0.936129639034174,0.9208705011622337,0.9361294988377663,0.0,0.0,0.0,0.0,0.0,-0.004,-0.007011877455310194,-0.0009881225446898064,-0.0070118221113551656,-0.0009881778886448346,0.0,0.0,0.0,0.0,0.0
akane-kurumi,0,new_bridge,1000,0.236,0.20729295660050062,0.26470704339949935,0.20729348409915965,0.2647065159008403,0,0.0,0.0,0.0,0.0,0.224,0.19627974944754845,0.25172025055245156,0.19628025881365738,0.25171974118634266,0,0.0,0.0,0.0,0.0,-0.012,-0.024065371224408424,6.537122440842223e-05,-0.024065149520380837,6.514952038083437e-05,0,0.0,0.0,0.0,0.0
akane-kurumi,0,unformed_turns,1000,23.78775,23.278981730222654,24.296518269777344,23.278991078959002,24.296508921040996,0.0,0.0,0.0,0.0,0.0,24.2445,23.734497599181687,24.75450240081831,23.734506970595483,24.754493029404514,0.0,0.0,0.0,0.0,0.0,0.45675,0.27713747090554147,0.6363625290944586,0.2771407713279126,0.6363592286720874,0.0,0.0,0.0,0.0,0.0
akane-kurumi,0,all_formed,1000,0.748,0.7210769413943237,0.7749230586056763,0.7210774361118435,0.7749225638881565,0,0.0,0.0,0.0,0.0,0.733,0.7055665172904793,0.7604334827095207,0.7055670213871618,0.7604329786128382,0,0.0,0.0,0.0,0.0,-0.015,-0.026563968409043903,-0.0034360315909560957,-0.02656375591841071,-0.003436244081589289,0,0.0,0.0,0.0,0.0
akane-kurumi,0,free_known_share,1000,0.21695833333333334,0.21332795179835193,0.22058871486831474,0.21332801850746455,0.22058864815920212,0.0,0.0,0.0,0.0,0.0,0.24966666666666668,0.24607717012554114,0.2532561632077922,0.24607723608338244,0.2532560972499509,0.0,0.0,0.0,0.0,0.0,0.03270833333333333,0.030554638446504086,0.03486202822016258,0.030554678021153032,0.03486198864551363,0.0,0.0,0.0,0.0,0.0
akane-kurumi,0,free_bridge_share,1000,0.5655416666666667,0.5604740400653941,0.5706092932679393,0.5604741331842221,0.5706092001491113,0.0,0.0,0.0,0.0,0.0,0.5329583333333333,0.5279166946440329,0.5379999720226337,0.5279167872853269,0.5379998793813398,0.0,0.0,0.0,0.0,0.0,-0.03258333333333333,-0.03480071976091782,-0.030365946905748842,-0.03480067901592187,-0.030365987650744795,0.0,0.0,0.0,0.0,0.0
akane-kurumi,0,source_contact_share,1000,0.9530416666666667,0.94886508411429,0.9572182492190433,0.9488651608599745,0.9572181724733588,0.0,0.0,0.0,0.0,0.0,0.9530416666666667,0.9487624450680265,0.9573208882653068,0.9487625236997276,0.9573208096336058,0.0,0.0,0.0,0.0,0.0,5.551115123125783e-19,-0.0009598461532825474,0.0009598461532825485,-0.0009598285158842372,0.0009598285158842382,0.0,0.0,0.0,0.0,0.0
akane-kurumi,0,source_exposure_mean,1000,0.3340972222222222,0.332968338396506,0.3352261060479384,0.33296835914001127,0.33522608530443315,0.0,0.0,0.0,0.0,0.0,0.334125,0.332907051872296,0.335342948127704,0.3329070742523787,0.3353429257476213,0.0,0.0,0.0,0.0,0.0,2.7777777777778233e-05,-0.00048029737547123014,0.0005358529310267867,-0.000480288039471061,0.0005358435950266175,0.0,0.0,0.0,0.0,0.0
akane-kurumi,0,immediate_expected_exposure_shift,1000,0.0,0.0,0.0,0.0,0.0,0.0,0.0,0.0,0.0,0.0,0.0,0.0,0.0,0.0,0.0,0.0,0.0,0.0,0.0,0.0,0.0,0.0,0.0,0.0,0.0,0.0,0.0,0.0,0.0,0.0
akane-kurumi,1,bridge_before,1000,3.494,3.4555745837366074,3.532425416263393,3.455575289812648,3.5324247101873523,0,0.0,0.0,0.0,0.0,3.49,3.4514778323896826,3.528522167610318,3.4514785402435524,3.528521459756448,0,0.0,0.0,0.0,0.0,-0.004,-0.016085751933570366,0.008085751933570366,-0.016085529855042465,0.008085529855042465,0,0.0,0.0,0.0,0.0
akane-kurumi,1,bridge_after,1000,3.727,3.6968447959726696,3.75715520402733,3.69684535008162,3.75715464991838,-0.003,-0.007380938052314621,0.0013809380523146205,-0.009880057738107144,0.003880057738107144,3.71,3.679249470979591,3.740750529020409,3.6792500360277773,3.7407499639722226,-0.004,-0.008796993386022701,0.000796993386022701,-0.01153345312603021,0.0035334531260302095,-0.017,-0.028881504439579517,-0.005118495560420485,-0.028881286114147246,-0.005118713885852754,-0.001,-0.00296,0.0009599999999999999,-0.0038652602385321334,0.0018652602385321334
akane-kurumi,1,bridge_rate,1000,0.93175,0.9242111989931674,0.9392888010068325,0.924211337520405,0.939288662479595,-0.00075,-0.0018452345130786551,0.0003452345130786551,-0.002470014434526786,0.000970014434526786,0.9275,0.9198123677448977,0.9351876322551023,0.9198125090069443,0.9351874909930556,-0.001,-0.0021992483465056753,0.00019924834650567524,-0.0028833632815075524,0.0008833632815075524,-0.00425,-0.007220376109894879,-0.0012796238901051213,-0.007220321528536812,-0.0012796784714631886,-0.00025,-0.00074,0.00023999999999999998,-0.0009663150596330334,0.00046631505963303334
akane-kurumi,1,new_bridge,1000,0.233,0.20439985059224086,0.26160014940775916,0.20440037612669773,0.2615996238733023,-0.003,-0.007380938052314621,0.0013809380523146205,-0.009880057738107144,0.003880057738107144,0.22,0.19257429801939194,0.24742570198060806,0.19257480197310173,0.24742519802689827,-0.004,-0.008796993386022701,0.000796993386022701,-0.01153345312603021,0.0035334531260302095,-0.013,-0.024900907578886626,-0.0010990924211133728,-0.02490068889691712,-0.0010993111030828777,-0.001,-0.00296,0.0009599999999999999,-0.0038652602385321334,0.0018652602385321334
akane-kurumi,1,unformed_turns,1000,23.7975,23.287914266870224,24.307085733129774,23.287923630627652,24.307076369372346,0.00975,-0.0075236066119784405,0.02702360661197844,-0.017377389024131808,0.036877389024131804,24.25675,23.745443716268927,24.768056283731074,23.745453111641876,24.768046888358125,0.01225,-0.005699930916856475,0.030199930916856476,-0.015939524624243202,0.0404395246242432,0.45925,0.2797289134847842,0.6387710865152159,0.2797322122268765,0.6387677877731235,0.0025,-0.0024,0.0074,-0.004663150596330334,0.009663150596330333
akane-kurumi,1,all_formed,1000,0.746,0.7190064751322695,0.7729935248677305,0.7190069711446234,0.7729930288553766,-0.002,-0.00592,0.0019199999999999998,-0.008156176145684323,0.004156176145684322,0.73,0.7024693389600377,0.7575306610399622,0.7024698448423948,0.7575301551576051,-0.003,-0.007380938052314621,0.0013809380523146205,-0.009880057738107144,0.003880057738107144,-0.016,-0.027391255905786296,-0.004608744094213706,-0.02739104658878588,-0.004608953411214121,-0.001,-0.00296,0.0009599999999999999,-0.0038652602385321334,0.0018652602385321334
akane-kurumi,1,free_known_share,1000,0.21695833333333334,0.2132895369158056,0.22062712975086107,0.21328960433080071,0.22062706233586596,-6.938893903907229e-20,-0.0007837111023718307,0.0007837111023718305,-0.0012307815289615887,0.0012307815289615887,0.249,0.24538872679812465,0.2526112732018753,0.24538879315611717,0.25261120684388283,-0.0006666666666666666,-0.001466165564337117,0.00013283223100378364,-0.0019222421876717018,0.0005889088543383684,0.03204166666666667,0.02985587339075451,0.03422745994257883,0.02985591355521889,0.03422741977811445,-0.0006666666666666665,-0.0015828992268426018,0.00024956589350926873,-0.002006077240095548,0.0006727439067622147
akane-kurumi,1,free_bridge_share,1000,0.5657083333333334,0.5605406494938752,0.5708760171727916,0.5605407444512783,0.5708759222153884,0.0001666666666666667,-0.0010724462870317177,0.0014057796203650512,-0.0017793021107227304,0.002112635444056064,0.53375,0.528592772380538,0.5389072276194619,0.5285928671458058,0.5389071328541941,0.0007916666666666665,-0.00048108123365504633,0.0020644145669883795,-0.0012071242168614806,0.002790457550194814,-0.03195833333333334,-0.034194062499477755,-0.029722604167188926,-0.03419402141742967,-0.029722645249237005,0.0006249999999999999,-0.0003235642567317986,0.0015735642567317985,-0.0007616752288298004,0.0020116752288298003
akane-kurumi,1,source_contact_share,1000,0.9611666666666666,0.9575333210213479,0.9648000123119853,0.9575333877849268,0.9647999455484064,0.008125000000000002,0.006830573733732491,0.009419426266267513,0.006092164259504269,0.010157835740495735,0.96175,0.9581075702927923,0.9653924297072077,0.9581076372232928,0.9653923627767071,0.008708333333333334,0.007372423952679929,0.010044242713986738,0.006610350307319455,0.010806316359347212,0.0005833333333333337,-0.0003035001950362099,0.0014701668617028772,-0.000303483899262016,0.0014701505659286834,0.0005833333333333332,-0.0005244110705482653,0.0016910777372149315,-0.001036042174267904,0.00220270884093457
akane-kurumi,1,source_exposure_mean,1000,0.3395833333333333,0.3383094933932764,0.3408571732733902,0.3383095168003842,0.3408571498662824,0.005486111111111113,0.0046897362566006556,0.00628248596562157,0.00423544175336619,0.006736780468856035,0.3396666666666667,0.3383463421863678,0.34098699114696557,0.33834636644763993,0.3409869668856934,0.005541666666666667,0.004754273295253091,0.006329060038080243,0.004305102306879368,0.006778231026453966,8.333333333333298e-05,-0.0004158811796215284,0.0005825478462881944,-0.0004158720064377039,0.0005825386731043698,5.5555555555554745e-05,-0.0005690805695663645,0.000680191680677474,-0.0008575796754968012,0.0009686907866079108
akane-kurumi,1,immediate_expected_exposure_shift,1000,0.006925631677765035,0.006370993283319137,0.007480270072210932,0.006371003474929791,0.007480259880600279,0.006925631677765035,0.006370993283319137,0.007480270072210932,0.006054598092722054,0.007796665262808016,0.006781740881666292,0.006235839373905391,0.007327642389427192,0.0062358494049737,0.007327632358358883,0.006781740881666292,0.006235839373905391,0.007327642389427192,0.0059244281673880355,0.007639053595944548,-0.00014389079609874338,-0.0001720794489722135,-0.00011570214322527327,-0.00017207893099910202,-0.00011570266119838475,-0.00014389079609874338,-0.0001720794489722135,-0.00011570214322527327,-0.0001850988707192222,-0.00010268272147826457
koharu-midori,-1,bridge_before,1000,3.494,3.4555745837366074,3.532425416263393,3.455575289812648,3.5324247101873523,0,0.0,0.0,0.0,0.0,3.462,3.422753137120964,3.5012468628790363,3.4227538582912795,3.501246141708721,0,0.0,0.0,0.0,0.0,-0.032,-0.04455272769451216,-0.019447272305487838,-0.044552497035195066,-0.019447502964804932,0,0.0,0.0,0.0,0.0
koharu-midori,-1,bridge_after,1000,3.73,3.700060505459622,3.759939494540378,3.7000610556048597,3.7599389443951403,0,-0.004803402197679544,0.004803402197679544,-0.007543517864153688,0.007543517864153688,3.702,3.6706736166164062,3.7333263833835937,3.670674192246052,3.733325807753948,0.003,-0.0028799999999999997,0.008879999999999999,-0.006234264218526484,0.012234264218526483,-0.028,-0.039301783749298866,-0.016698216250701135,-0.039301576076370325,-0.016698423923629677,0.003,-0.0003914196625200081,0.006391419662520008,-0.0019578060771401253,0.007957806077140125
koharu-midori,-1,bridge_rate,1000,0.9325,0.9250151263649055,0.9399848736350945,0.9250152639012149,0.9399847360987851,0.0,-0.001200850549419886,0.001200850549419886,-0.001885879466038422,0.001885879466038422,0.9255,0.9176684041541016,0.9333315958458984,0.917668548061513,0.933331451938487,0.00075,-0.0007199999999999999,0.0022199999999999998,-0.001558566054631621,0.003058566054631621,-0.007,-0.009825445937324716,-0.004174554062675284,-0.009825394019092581,-0.004174605980907419,0.00075,-9.785491563000202e-05,0.001597854915630002,-0.0004894515192850313,0.0019894515192850314
koharu-midori,-1,new_bridge,1000,0.236,0.20729295660050062,0.26470704339949935,0.20729348409915965,0.2647065159008403,0,-0.004803402197679544,0.004803402197679544,-0.007543517864153688,0.007543517864153688,0.24,0.211555638138258,0.268444361861742,0.21155616081008216,0.2684438391899178,0.003,-0.0028799999999999997,0.008879999999999999,-0.006234264218526484,0.012234264218526483,0.004,-0.006373569556586843,0.014373569556586844,-0.006373378939811913,0.014373378939811913,0.003,-0.0003914196625200081,0.006391419662520008,-0.0019578060771401253,0.007957806077140125
koharu-midori,-1,unformed_turns,1000,23.78625,23.278077824298045,24.294422175701953,23.278087162081025,24.294412837918973,-0.0015,-0.02533602131884246,0.022336021318842457,-0.03893335353343901,0.03593335353343901,24.443,23.92128052801429,24.964719471985713,23.921290114732017,24.964709885267986,-0.0145,-0.0425025542878975,0.0135025542878975,-0.05847669814423083,0.02947669814423083,0.65675,0.4919562336964395,0.8215437663035604,0.4919592618205669,0.8215407381794331,-0.013,-0.027701602181623153,0.001701602181623154,-0.03449179396618474,0.008491793966184743
koharu-midori,-1,all_formed,1000,0.748,0.7210769413943237,0.7749230586056763,0.7210774361118435,0.7749225638881565,0,-0.004803402197679544,0.004803402197679544,-0.007543517864153688,0.007543517864153688,0.725,0.6973109103492786,0.7526890896507213,0.6973114191427986,0.7526885808572014,0.003,-0.0028799999999999997,0.008879999999999999,-0.006234264218526484,0.012234264218526483,-0.023,-0.03308924112044045,-0.012910758879559553,-0.03308905572826725,-0.012910944271732748,0.003,-0.0003914196625200081,0.006391419662520008,-0.0019578060771401253,0.007957806077140125
koharu-midori,-1,free_known_share,1000,0.218125,0.21447844957002216,0.22177155042997787,0.21447851657624203,0.221771483423758,0.000625,-0.0004110276462717563,0.0016610276462717564,-0.001002032827103995,0.0022520328271039953,0.25045833333333334,0.24685867470978373,0.25405799195688294,0.24685874085435566,0.254057925812311,0.0006249999999999999,-0.0003235642567317985,0.0015735642567317983,-0.000864675676005377,0.0021146756760053766,0.03233333333333333,0.03021550944488866,0.034451157221778,0.030215548360399594,0.03445111830626707,-1.249000902703301e-19,-0.0010335275953749436,0.0010335275953749432,-0.0015108803696191598,0.0015108803696191593
koharu-midori,-1,free_bridge_share,1000,0.5646666666666667,0.5596091777624536,0.5697241555708797,0.559609270694999,0.5697240626383343,-0.0008750000000000009,-0.0021683530425402825,0.00041835304254028065,-0.0029061502929680423,0.0011561502929680408,0.5321666666666667,0.5271126638867253,0.5372206694466081,0.5271127567552124,0.537220576578121,-0.0008749999999999998,-0.0020829429765381728,0.00033294297653817327,-0.002772017790181433,0.0010220177901814334,-0.0325,-0.034630044961023225,-0.030369955038976777,-0.03463000582094722,-0.030369994179052787,9.992007221626408e-19,-0.0010335275953749423,0.0010335275953749445,-0.0015108803696191584,0.0015108803696191606
koharu-midori,-1,source_contact_share,1000,0.943875,0.9390021948205959,0.9487478051794042,0.9390022843595346,0.9487477156404654,-0.009166666666666667,-0.01051817936974666,-0.007815153963586674,-0.01128915397873054,-0.007044179354602793,0.943375,0.938410220892692,0.9483397791073079,0.9384103121216731,0.9483396878783268,-0.008875,-0.010211688753201,-0.007538311246798999,-0.01097420699404605,-0.006775793005953949,-0.0004999999999999998,-0.0012658571984119952,0.0002658571984119956,-0.0012658431256062533,0.0002658431256062537,0.00029166666666666675,-0.0006143331675432945,0.001197666500876628,-0.0010327850175570613,0.0016161183508903946
koharu-midori,-1,source_exposure_mean,1000,0.32829166666666665,0.327104724042536,0.3294786092907973,0.32710474585288524,0.32947858748044806,-0.005805555555555556,-0.00660393100153035,-0.005007180109580762,-0.007059366748364258,-0.004551744362746854,0.3279583333333333,0.3267116481834014,0.32920501848326517,0.32671167109153365,0.32920499557513294,-0.0057083333333333335,-0.006495858585547335,-0.004920808081119332,-0.006945104805732279,-0.004471561860934388,-0.00033333333333333316,-0.0007255899998833701,5.8923333216703746e-05,-0.0007255827920750726,5.891612540840637e-05,9.72222222222222e-05,-0.0004454146252796641,0.0006398590697241084,-0.0006960409324255225,0.0008904853768699669
koharu-midori,-1,immediate_expected_exposure_shift,1000,-0.00691133742284086,-0.007464298329492341,-0.006358376516189378,-0.007464288168705919,-0.0063583866769758,-0.00691133742284086,-0.007464298329492341,-0.006358376516189378,-0.00777973659197959,-0.006042938253702129,-0.006765380132971748,-0.00730830501513193,-0.006222455250811566,-0.007308295038759814,-0.0062224652271836815,-0.006765380132971748,-0.00730830501513193,-0.006222455250811566,-0.007618018196352611,-0.005912742069590885,0.00014595728986911206,0.00011922661609188419,0.00017268796364633992,0.00011922710727428764,0.00017268747246393647,0.00014595728986911206,0.00011922661609188419,0.00017268796364633992,0.00010688058745938523,0.00018503399227883888
koharu-midori,0,bridge_before,1000,3.494,3.4555745837366074,3.532425416263393,3.455575289812648,3.5324247101873523,0,0.0,0.0,0.0,0.0,3.462,3.422753137120964,3.5012468628790363,3.4227538582912795,3.501246141708721,0,0.0,0.0,0.0,0.0,-0.032,-0.04455272769451216,-0.019447272305487838,-0.044552497035195066,-0.019447502964804932,0,0.0,0.0,0.0,0.0
koharu-midori,0,bridge_after,1000,3.73,3.700060505459622,3.759939494540378,3.7000610556048597,3.7599389443951403,0,0.0,0.0,0.0,0.0,3.699,3.6675998667715124,3.7304001332284873,3.6676004437563288,3.730399556243671,0,0.0,0.0,0.0,0.0,-0.031,-0.0427722558759317,-0.019227744124068302,-0.04277203955796742,-0.019227960442032576,0,0.0,0.0,0.0,0.0
koharu-midori,0,bridge_rate,1000,0.9325,0.9250151263649055,0.9399848736350945,0.9250152639012149,0.9399847360987851,0.0,0.0,0.0,0.0,0.0,0.92475,0.9168999666928781,0.9326000333071218,0.9169001109390822,0.9325998890609177,0.0,0.0,0.0,0.0,0.0,-0.00775,-0.010693063968982924,-0.0048069360310170756,-0.010693009889491855,-0.004806990110508144,0.0,0.0,0.0,0.0,0.0
koharu-midori,0,new_bridge,1000,0.236,0.20729295660050062,0.26470704339949935,0.20729348409915965,0.2647065159008403,0,0.0,0.0,0.0,0.0,0.237,0.20879791981206125,0.2652020801879387,0.2087984380319028,0.2652015619680972,0,0.0,0.0,0.0,0.0,0.001,-0.009918102553253628,0.011918102553253627,-0.009917901930557096,0.011917901930557098,0,0.0,0.0,0.0,0.0
koharu-midori,0,unformed_turns,1000,23.78775,23.278981730222654,24.296518269777344,23.278991078959002,24.296508921040996,0.0,0.0,0.0,0.0,0.0,24.4575,23.9343518551199,24.9806481448801,23.934361468089826,24.980638531910174,0.0,0.0,0.0,0.0,0.0,0.66975,0.5040558603818354,0.8354441396181645,0.5040589050505337,0.8354410949494662,0.0,0.0,0.0,0.0,0.0
koharu-midori,0,all_formed,1000,0.748,0.7210769413943237,0.7749230586056763,0.7210774361118435,0.7749225638881565,0,0.0,0.0,0.0,0.0,0.722,0.6942179477354888,0.7497820522645111,0.6942184582372187,0.7497815417627812,0,0.0,0.0,0.0,0.0,-0.026,-0.03661903207652384,-0.015380967923476157,-0.0366188369493175,-0.015381163050682494,0,0.0,0.0,0.0,0.0
koharu-midori,0,free_known_share,1000,0.2175,0.21385544111364038,0.22114455888635962,0.21385550808326517,0.22114449191673483,0.0,0.0,0.0,0.0,0.0,0.24983333333333332,0.2462178475778145,0.25344881908885214,0.2462179140132137,0.25344875265345296,0.0,0.0,0.0,0.0,0.0,0.03233333333333333,0.030244073212549724,0.03442259345411694,0.03024411160319472,0.034422555063471943,0.0,0.0,0.0,0.0,0.0
koharu-midori,0,free_bridge_share,1000,0.5655416666666667,0.5604740400653941,0.5706092932679393,0.5604741331842221,0.5706092001491113,0.0,0.0,0.0,0.0,0.0,0.5330416666666666,0.5280100807062839,0.5380732526270494,0.5280101731628566,0.5380731601704767,0.0,0.0,0.0,0.0,0.0,-0.0325,-0.034601647298147395,-0.030398352701852604,-0.034601608679885106,-0.030398391320114893,0.0,0.0,0.0,0.0,0.0
koharu-midori,0,source_contact_share,1000,0.9530416666666667,0.94886508411429,0.9572182492190433,0.9488651608599745,0.9572181724733588,0.0,0.0,0.0,0.0,0.0,0.95225,0.9479553508330689,0.9565446491669312,0.9479554297482551,0.956544570251745,0.0,0.0,0.0,0.0,0.0,-0.0007916666666666665,-0.0015695592632967489,-1.3774070036584314e-05,-0.0015695449693377403,-1.3788363995592711e-05,0.0,0.0,0.0,0.0,0.0
koharu-midori,0,source_exposure_mean,1000,0.3340972222222222,0.332968338396506,0.3352261060479384,0.33296835914001127,0.33522608530443315,0.0,0.0,0.0,0.0,0.0,0.33366666666666667,0.33243790324015865,0.3348954300931747,0.33243792581897497,0.33489540751435837,0.0,0.0,0.0,0.0,0.0,-0.00043055555555555534,-0.0008943964445292035,3.328533341809281e-05,-0.0008943879213440206,3.327681023290995e-05,0.0,0.0,0.0,0.0,0.0
koharu-midori,0,immediate_expected_exposure_shift,1000,0.0,0.0,0.0,0.0,0.0,0.0,0.0,0.0,0.0,0.0,0.0,0.0,0.0,0.0,0.0,0.0,0.0,0.0,0.0,0.0,0.0,0.0,0.0,0.0,0.0,0.0,0.0,0.0,0.0,0.0
koharu-midori,1,bridge_before,1000,3.494,3.4555745837366074,3.532425416263393,3.455575289812648,3.5324247101873523,0,0.0,0.0,0.0,0.0,3.462,3.422753137120964,3.5012468628790363,3.4227538582912795,3.501246141708721,0,0.0,0.0,0.0,0.0,-0.032,-0.04455272769451216,-0.019447272305487838,-0.044552497035195066,-0.019447502964804932,0,0.0,0.0,0.0,0.0
koharu-midori,1,bridge_after,1000,3.727,3.6968447959726696,3.75715520402733,3.69684535008162,3.75715464991838,-0.003,-0.007380938052314621,0.0013809380523146205,-0.009880057738107144,0.003880057738107144,3.696,3.6644054417579466,3.7275945582420538,3.6644060223153687,3.7275939776846316,-0.003,-0.007380938052314621,0.0013809380523146205,-0.009880057738107144,0.003880057738107144,-0.031,-0.0427722558759317,-0.019227744124068302,-0.04277203955796742,-0.019227960442032576,0,-0.004803402197679544,0.004803402197679544,-0.0070219374115760525,0.0070219374115760525
koharu-midori,1,bridge_rate,1000,0.93175,0.9242111989931674,0.9392888010068325,0.924211337520405,0.939288662479595,-0.00075,-0.0018452345130786551,0.0003452345130786551,-0.002470014434526786,0.000970014434526786,0.924,0.9161013604394866,0.9318986395605134,0.9161015055788422,0.9318984944211579,-0.00075,-0.0018452345130786551,0.0003452345130786551,-0.002470014434526786,0.000970014434526786,-0.00775,-0.010693063968982924,-0.0048069360310170756,-0.010693009889491855,-0.004806990110508144,0.0,-0.001200850549419886,0.001200850549419886,-0.0017554843528940131,0.0017554843528940131
koharu-midori,1,new_bridge,1000,0.233,0.20439985059224086,0.26160014940775916,0.20440037612669773,0.2615996238733023,-0.003,-0.007380938052314621,0.0013809380523146205,-0.009880057738107144,0.003880057738107144,0.234,0.20590632446608303,0.262093675533917,0.20590684069396362,0.2620931593060364,-0.003,-0.007380938052314621,0.0013809380523146205,-0.009880057738107144,0.003880057738107144,0.001,-0.009560022370832009,0.011560022370832007,-0.00955982832794286,0.011559828327942862,0,-0.004803402197679544,0.004803402197679544,-0.0070219374115760525,0.0070219374115760525
koharu-midori,1,unformed_turns,1000,23.7975,23.287914266870224,24.307085733129774,23.287923630627652,24.307076369372346,0.00975,-0.0075236066119784405,0.02702360661197844,-0.017377389024131808,0.036877389024131804,24.46975,23.94581472654853,24.993685273451472,23.945824353982132,24.99367564601787,0.01225,-0.004537580014485194,0.029037580014485195,-0.014114107048199143,0.03861410704819915,0.67225,0.5065077685827322,0.8379922314172679,0.5065108141351287,0.8379891858648714,0.0025,-0.018665310306261996,0.023665310306261993,-0.028440878600370853,0.03344087860037085
koharu-midori,1,all_formed,1000,0.746,0.7190064751322695,0.7729935248677305,0.7190069711446234,0.7729930288553766,-0.002,-0.00592,0.0019199999999999998,-0.008156176145684323,0.004156176145684322,0.72,0.6921568356359805,0.7478431643640194,0.6921573472606596,0.7478426527393404,-0.002,-0.00592,0.0019199999999999998,-0.008156176145684323,0.004156176145684322,-0.026,-0.03661903207652384,-0.015380967923476157,-0.0366188369493175,-0.015381163050682494,0,-0.004803402197679544,0.004803402197679544,-0.0070219374115760525,0.0070219374115760525
koharu-midori,1,free_known_share,1000,0.21733333333333332,0.21360748427035062,0.22105918239631603,0.2136075527337015,0.22105911393296515,-0.00016666666666666644,-0.0011606279464418696,0.0008272946131085366,-0.0017276362381681884,0.0013943029048348553,0.24983333333333332,0.2461320777921054,0.25353458887456126,0.24613214580354453,0.2535345208631221,-3.4694469519536144e-19,-0.001007358092180451,0.0010073580921804502,-0.0015820086370518776,0.0015820086370518767,0.0325,0.03035123175219836,0.034648768247801644,0.030351271236319158,0.034648728763680844,0.00016666666666666604,-0.000941620013769718,0.0012749533471030502,-0.0014535015773890175,0.0017868349107223497
koharu-midori,1,free_bridge_share,1000,0.5657083333333334,0.5605406494938752,0.5708760171727916,0.5605407444512783,0.5708759222153884,0.0001666666666666667,-0.0010724462870317177,0.0014057796203650512,-0.0017793021107227304,0.002112635444056064,0.533,0.5278746929918802,0.5381253070081199,0.5278747871705991,0.538125212829401,-4.1666666666666963e-05,-0.00130483179400224,0.001221498460668906,-0.0020254082546675737,0.0019420749213342398,-0.03270833333333333,-0.03487439211140805,-0.030542274555258618,-0.0348743523095697,-0.030542314357096968,-0.00020833333333333364,-0.001325592319711444,0.0009089256530447768,-0.0018416178995639021,0.001424951232897235
koharu-midori,1,source_contact_share,1000,0.9611666666666666,0.9575333210213479,0.9648000123119853,0.9575333877849268,0.9647999455484064,0.008125000000000002,0.006830573733732491,0.009419426266267513,0.006092164259504269,0.010157835740495735,0.960625,0.9569039642370953,0.9643460357629046,0.9569040326120006,0.9643459673879993,0.008375,0.0070358960803429136,0.009714103919657088,0.006272000100309864,0.010477999899690137,-0.0005416666666666669,-0.0014018533431157752,0.00031852000978244133,-0.0014018375369837383,0.00031850420365040464,0.0002499999999999997,-0.000702739238459793,0.0012027392384597923,-0.0011427784988001168,0.0016427784988001163
koharu-midori,1,source_exposure_mean,1000,0.3395833333333333,0.3383094933932764,0.3408571732733902,0.3383095168003842,0.3408571498662824,0.005486111111111113,0.0046897362566006556,0.00628248596562157,0.00423544175336619,0.006736780468856035,0.33931944444444445,0.33795079547478035,0.34068809341410855,0.3379508206240263,0.3406880682648626,0.005652777777777778,0.00484329524229795,0.0064622603132576065,0.004381523421841813,0.006924032133713743,-0.00026388888888888935,-0.0007636046470826203,0.0002358268693048416,-0.000763595464688297,0.0002358176869105183,0.000166666666666666,-0.00040971482850268176,0.0007430481618360137,-0.0006759266906468202,0.0010092600239801522
koharu-midori,1,immediate_expected_exposure_shift,1000,0.006925631677765035,0.006370993283319137,0.007480270072210932,0.006371003474929791,0.007480259880600279,0.006925631677765035,0.006370993283319137,0.007480270072210932,0.006054598092722054,0.007796665262808016,0.00678262172726911,0.006237489120918936,0.007327754333619285,0.006237499137858502,0.007327744316679719,0.00678262172726911,0.006237489120918936,0.007327754333619285,0.005926516536593685,0.007638726917944536,-0.0001430099504959245,-0.0001706214528023199,-0.00011539844818952909,-0.00017062094543448552,-0.00011539895555736347,-0.0001430099504959245,-0.0001706214528023199,-0.00011539844818952909,-0.00018337430747789033,-0.00010264559351395866
koharu-kurumi,-1,bridge_before,1000,3.698,3.6693941368071332,3.7266058631928667,3.669394662446582,3.726605337553418,0,0.0,0.0,0.0,0.0,3.687,3.6579780813631944,3.7160219186368053,3.6579786146477598,3.71602138535224,0,0.0,0.0,0.0,0.0,-0.011,-0.01803743503642427,-0.003962564963575727,-0.018037305721904026,-0.003962694278095972,0,0.0,0.0,0.0,0.0
koharu-kurumi,-1,bridge_after,1000,3.829,3.8056520557457216,3.8523479442542787,3.805652484769676,3.852347515230324,-0.003,-0.006391419662520008,0.0003914196625200081,-0.008326065516941442,0.0023260655169414415,3.81,3.785515209926468,3.834484790073532,3.785515659840231,3.834484340159769,-0.001,-0.00296,0.0009599999999999999,-0.004078088072842162,0.002078088072842161,-0.019,-0.028330436186987155,-0.009669563813012842,-0.02833026473803268,-0.009669735261967318,0.002,-0.0007704709182933338,0.004770470918293334,-0.0020500613082630086,0.006050061308263009
koharu-kurumi,-1,bridge_rate,1000,0.95725,0.9514130139364304,0.9630869860635697,0.951413121192419,0.963086878807581,-0.00075,-0.001597854915630002,9.785491563000202e-05,-0.0020815163792353604,0.0005815163792353604,0.9525,0.946378802481617,0.958621197518383,0.9463789149600578,0.9586210850399423,-0.00025,-0.00074,0.00023999999999999998,-0.0010195220182105404,0.0005195220182105403,-0.00475,-0.007082609046746789,-0.0024173909532532105,-0.00708256618450817,-0.0024174338154918295,0.0005,-0.00019261772957333346,0.0011926177295733336,-0.0005125153270657521,0.0015125153270657522
koharu-kurumi,-1,new_bridge,1000,0.131,0.11007724530411772,0.1519227546958823,0.11007762976464514,0.15192237023535488,-0.003,-0.006391419662520008,0.0003914196625200081,-0.008326065516941442,0.0023260655169414415,0.123,0.10263306489317439,0.1433669351068256,0.10263343914038642,0.14336656085961358,-0.001,-0.00296,0.0009599999999999999,-0.004078088072842162,0.002078088072842161,-0.008,-0.015320527831224175,-0.0006794721687758253,-0.015320393314807394,-0.0006796066851926068,0.002,-0.0007704709182933338,0.004770470918293334,-0.0020500613082630086,0.006050061308263009
koharu-kurumi,-1,unformed_turns,1000,16.3405,15.960238784349851,16.720761215650146,15.960245771738924,16.720754228261075,0.0135,-0.005682837372235879,0.03268283737223588,-0.01662574638711741,0.043625746387117414,16.8985,16.512165280887682,17.284834719112315,16.512172379878805,17.28482762012119,0.0025,-0.009141645842316195,0.014141645842316196,-0.015782658783411233,0.02078265878341123,0.558,0.4471696954167589,0.6688303045832412,0.44717173194961374,0.6688282680503864,-0.011,-0.026253354753339713,0.004253354753339714,-0.033298383101515,0.011298383101515
koharu-kurumi,-1,all_formed,1000,0.829,0.8056520557457214,0.8523479442542785,0.805652484769676,0.8523475152303239,-0.003,-0.006391419662520008,0.0003914196625200081,-0.008326065516941442,0.0023260655169414415,0.811,0.7867219022072892,0.8352780977927109,0.7867223483230333,0.8352776516769668,-0.001,-0.00296,0.0009599999999999999,-0.004078088072842162,0.002078088072842161,-0.018,-0.026698447251353806,-0.009301552748646191,-0.02669828741534433,-0.00930171258465567,0.002,-0.0007704709182933338,0.004770470918293334,-0.0020500613082630086,0.006050061308263009
koharu-kurumi,-1,free_known_share,1000,0.1425,0.13891453799908823,0.14608546200091174,0.13891460388279386,0.1460853961172061,-4.1666666666666896e-05,-0.0010323144582332887,0.000948981124899955,-0.0015974325603445474,0.0015140992270112137,0.18941666666666668,0.18586837285757726,0.1929649604757561,0.18586843805830866,0.1929648952750247,-8.333333333333343e-05,-0.0010569772188218022,0.0008903105521551353,-0.0016123953900260655,0.0014457287233593985,0.04691666666666667,0.04445169251809864,0.0493816408152347,0.04445173781257707,0.049381595520756265,-4.1666666666666516e-05,-0.0012618175630219259,0.001178484229688593,-0.0018253655688789455,0.0017420322355456127
koharu-kurumi,-1,free_bridge_share,1000,0.717125,0.7122811290761217,0.7219688709238783,0.7122812180833866,0.7219687819166134,0.0008749999999999995,-0.0004131808302867211,0.0021631808302867202,-0.0011480275762089124,0.0028980275762089114,0.670125,0.6653535943186452,0.6748964056813548,0.6653536819943442,0.6748963180056557,0.001,-0.00027480507232159265,0.0022748050723215927,-0.001002021575669277,0.003002021575669277,-0.047,-0.049475098997693166,-0.044524901002306834,-0.04947505351716826,-0.04452494648283174,0.00012500000000000044,-0.001106023672872321,0.0013560236728723221,-0.0016745934604963522,0.001924593460496353
koharu-kurumi,-1,source_contact_share,1000,0.943875,0.9390021948205959,0.9487478051794042,0.9390022843595346,0.9487477156404654,-0.009166666666666667,-0.01051817936974666,-0.007815153963586674,-0.01128915397873054,-0.007044179354602793,0.943375,0.9384929364121889,0.948257063587811,0.938493026121253,0.948256973878747,-0.009458333333333334,-0.01077448669792409,-0.008142179968742579,-0.011525290462709807,-0.007391376203956862,-0.0005000000000000003,-0.001577350275885371,0.0005773502758853701,-0.0015773304793212334,0.0005773304793212326,-0.00029166666666666707,-0.001478399285797577,0.0008950659524642429,-0.002026512476546715,0.001443179143213381
koharu-kurumi,-1,source_exposure_mean,1000,0.32829166666666665,0.327104724042536,0.3294786092907973,0.32710474585288524,0.32947858748044806,-0.005805555555555556,-0.00660393100153035,-0.005007180109580762,-0.007059366748364258,-0.004551744362746854,0.3281111111111111,0.3269262348396412,0.3292959873825809,0.3269262566120208,0.32929596561020136,-0.00601388888888889,-0.006807714916380062,-0.005220062861397717,-0.007260555433344121,-0.0047672223444336585,-0.00018055555555555557,-0.0007900734104297768,0.00042896229931866574,-0.0007900622103961601,0.00042895109928504905,-0.00020833333333333364,-0.0009073851773187028,0.0004907185106520354,-0.001230254482947541,0.0008135878162808738
koharu-kurumi,-1,immediate_expected_exposure_shift,1000,-0.00691133742284086,-0.007464298329492341,-0.006358376516189378,-0.007464288168705919,-0.0063583866769758,-0.00691133742284086,-0.007464298329492341,-0.006358376516189378,-0.00777973659197959,-0.006042938253702129,-0.00693114115730626,-0.007487172922426916,-0.006375109392185604,-0.00748716270521275,-0.0063751196093997705,-0.00693114115730626,-0.007487172922426916,-0.006375109392185604,-0.00780436296564262,-0.0060579193489699,-1.980373446540061e-05,-5.831844589335091e-05,1.871097696254969e-05,-5.8317738176490315e-05,1.871026924568909e-05,-1.980373446540061e-05,-5.831844589335091e-05,1.871097696254969e-05,-7.610713816593386e-05,3.6499669235132634e-05
koharu-kurumi,0,bridge_before,1000,3.698,3.6693941368071332,3.7266058631928667,3.669394662446582,3.726605337553418,0,0.0,0.0,0.0,0.0,3.687,3.6579780813631944,3.7160219186368053,3.6579786146477598,3.71602138535224,0,0.0,0.0,0.0,0.0,-0.011,-0.01803743503642427,-0.003962564963575727,-0.018037305721904026,-0.003962694278095972,0,0.0,0.0,0.0,0.0
koharu-kurumi,0,bridge_after,1000,3.832,3.8088159325703494,3.8551840674296503,3.808816358583029,3.855183641416971,0,0.0,0.0,0.0,0.0,3.811,3.7865640239948695,3.8354359760051304,3.7865644730116625,3.8354355269883373,0,0.0,0.0,0.0,0.0,-0.021,-0.030718039652866968,-0.011281960347133035,-0.030717861081607848,-0.011282138918392155,0,0.0,0.0,0.0,0.0
koharu-kurumi,0,bridge_rate,1000,0.958,0.9522039831425874,0.9637960168574126,0.9522040896457572,0.9637959103542427,0.0,0.0,0.0,0.0,0.0,0.95275,0.9466410059987174,0.9588589940012826,0.9466411182529156,0.9588588817470843,0.0,0.0,0.0,0.0,0.0,-0.00525,-0.007679509913216742,-0.0028204900867832587,-0.007679465270401962,-0.0028205347295980386,0.0,0.0,0.0,0.0,0.0
koharu-kurumi,0,new_bridge,1000,0.134,0.11287558589519532,0.1551244141048047,0.1128759740612617,0.15512402593873834,0,0.0,0.0,0.0,0.0,0.124,0.10356210221020601,0.144437897789794,0.10356247776137398,0.14443752223862602,0,0.0,0.0,0.0,0.0,-0.01,-0.017819372262693634,-0.0021806277373063662,-0.017819228579893362,-0.0021807714201066385,0,0.0,0.0,0.0,0.0
koharu-kurumi,0,unformed_turns,1000,16.327,15.947523899745633,16.70647610025437,15.947530872708025,16.706469127291978,0.0,0.0,0.0,0.0,0.0,16.896,16.509791034776224,17.282208965223777,16.50979813145659,17.28220186854341,0.0,0.0,0.0,0.0,0.0,0.569,0.4568850701293538,0.681114929870646,0.45688713026749983,0.6811128697325001,0.0,0.0,0.0,0.0,0.0
koharu-kurumi,0,all_formed,1000,0.832,0.8088159325703494,0.8551840674296505,0.808816358583029,0.8551836414169709,0,0.0,0.0,0.0,0.0,0.812,0.7877712914103967,0.8362287085896034,0.7877717366186027,0.8362282633813974,0,0.0,0.0,0.0,0.0,-0.02,-0.02911381487751543,-0.010886185122484569,-0.029113647409028352,-0.01088635259097165,0,0.0,0.0,0.0,0.0
koharu-kurumi,0,free_known_share,1000,0.14254166666666668,0.13891532573288612,0.14616800760044724,0.13891539236775174,0.1461679409655816,0.0,0.0,0.0,0.0,0.0,0.1895,0.18594436464053524,0.19305563535946477,0.18594442997616936,0.19305557002383064,0.0,0.0,0.0,0.0,0.0,0.04695833333333334,0.04451957090048537,0.04939709576618131,0.04451961571331737,0.04939705095334931,0.0,0.0,0.0,0.0,0.0
koharu-kurumi,0,free_bridge_share,1000,0.71625,0.7113708219623828,0.7211291780376173,0.7113709116184241,0.721129088381576,0.0,0.0,0.0,0.0,0.0,0.669125,0.6643456199816847,0.6739043800183152,0.6643457078039142,0.6739042921960857,0.0,0.0,0.0,0.0,0.0,-0.047125,-0.049573281317979515,-0.044676718682020486,-0.04957323633023577,-0.04467676366976423,0.0,0.0,0.0,0.0,0.0
koharu-kurumi,0,source_contact_share,1000,0.9530416666666667,0.94886508411429,0.9572182492190433,0.9488651608599745,0.9572181724733588,0.0,0.0,0.0,0.0,0.0,0.9528333333333333,0.9486601848961231,0.9570064817705435,0.948660261578705,0.9570064050879616,0.0,0.0,0.0,0.0,0.0,-0.00020833333333333327,-0.001257806053423015,0.0008411393867563483,-0.0012577867691155068,0.0008411201024488404,0.0,0.0,0.0,0.0,0.0
koharu-kurumi,0,source_exposure_mean,1000,0.3340972222222222,0.332968338396506,0.3352261060479384,0.33296835914001127,0.33522608530443315,0.0,0.0,0.0,0.0,0.0,0.334125,0.3329870269407365,0.3352629730592635,0.3329870478512585,0.3352629521487415,0.0,0.0,0.0,0.0,0.0,2.7777777777778067e-05,-0.0005601607563123224,0.0006157163118678785,-0.000560149952803789,0.0006157055083593451,0.0,0.0,0.0,0.0,0.0
koharu-kurumi,0,immediate_expected_exposure_shift,1000,0.0,0.0,0.0,0.0,0.0,0.0,0.0,0.0,0.0,0.0,0.0,0.0,0.0,0.0,0.0,0.0,0.0,0.0,0.0,0.0,0.0,0.0,0.0,0.0,0.0,0.0,0.0,0.0,0.0,0.0
koharu-kurumi,1,bridge_before,1000,3.698,3.6693941368071332,3.7266058631928667,3.669394662446582,3.726605337553418,0,0.0,0.0,0.0,0.0,3.687,3.6579780813631944,3.7160219186368053,3.6579786146477598,3.71602138535224,0,0.0,0.0,0.0,0.0,-0.011,-0.01803743503642427,-0.003962564963575727,-0.018037305721904026,-0.003962694278095972,0,0.0,0.0,0.0,0.0
koharu-kurumi,1,bridge_after,1000,3.828,3.804434265353071,3.8515657346469285,3.8044346983789756,3.851565301621024,-0.004,-0.007914109688633503,-8.589031136649761e-05,-0.010146925687948331,0.002146925687948332,3.808,3.7832624009571174,3.8327375990428822,3.783262855516305,3.8327371444836946,-0.003,-0.007380938052314621,0.0013809380523146205,-0.009880057738107144,0.003880057738107144,-0.02,-0.029526411313422936,-0.010473588686577065,-0.029526236263379524,-0.010473763736620479,0.001,-0.0009599999999999999,0.00296,-0.0018652602385321334,0.0038652602385321334
koharu-kurumi,1,bridge_rate,1000,0.957,0.9511085663382678,0.9628914336617321,0.9511086745947439,0.962891325405256,-0.001,-0.001978527422158376,-2.1472577841624403e-05,-0.002536731421987083,0.000536731421987083,0.952,0.9458156002392794,0.9581843997607206,0.9458157138790763,0.9581842861209237,-0.00075,-0.0018452345130786551,0.0003452345130786551,-0.002470014434526786,0.000970014434526786,-0.005,-0.007381602828355734,-0.0026183971716442662,-0.007381559065844881,-0.0026184409341551197,0.00025,-0.00023999999999999998,0.00074,-0.00046631505963303334,0.0009663150596330334
koharu-kurumi,1,new_bridge,1000,0.13,0.10914526720670151,0.1508547327932985,0.10914565041731049,0.15085434958268953,-0.004,-0.007914109688633503,-8.589031136649761e-05,-0.010146925687948331,0.002146925687948332,0.121,0.1007763076533455,0.1412236923466545,0.10077667926843818,0.1412233207315618,-0.003,-0.007380938052314621,0.0013809380523146205,-0.009880057738107144,0.003880057738107144,-0.009,-0.016574311889577864,-0.0014256881104221346,-0.016574172709819455,-0.001425827290180543,0.001,-0.0009599999999999999,0.00296,-0.0018652602385321334,0.0038652602385321334
koharu-kurumi,1,unformed_turns,1000,16.34225,15.961414099082916,16.723085900917084,15.961421097031964,16.723078902968034,0.01525,-9.145521611780144e-05,0.0305914552161178,-0.008843035877946107,0.0393430358779461,16.9055,16.518289122809012,17.292710877190988,16.518296237899744,17.292703762100256,0.0095,-0.009553806526338594,0.028553806526338592,-0.020423109495390286,0.03942310949539028,0.56325,0.45159135504990183,0.6749086449500983,0.4515934068037053,0.6749065931962948,-0.00575,-0.01702,0.005519999999999999,-0.022225246371559766,0.010725246371559765
koharu-kurumi,1,all_formed,1000,0.829,0.8056520557457214,0.8523479442542785,0.805652484769676,0.8523475152303239,-0.003,-0.006391419662520008,0.0003914196625200081,-0.008326065516941442,0.0023260655169414415,0.81,0.7856727713445602,0.83432722865544,0.7856732183630956,0.8343267816369045,-0.002,-0.00592,0.0019199999999999998,-0.008156176145684323,0.004156176145684322,-0.019,-0.027908768071318757,-0.010091231928681242,-0.027908604370614855,-0.010091395629385142,0.001,-0.0009599999999999999,0.00296,-0.0018652602385321334,0.0038652602385321334
koharu-kurumi,1,free_known_share,1000,0.143375,0.1396877182943349,0.1470622817056651,0.13968778604900153,0.14706221395099847,0.0008333333333333333,-2.9832383696169165e-05,0.0016964990503628356,-0.0005222279413986889,0.0021888946080653553,0.18945833333333334,0.1858689716378128,0.19304769502885388,0.18586903759317625,0.19304762907349043,-4.166666666666659e-05,-0.0008380489728207732,0.00075471563948744,-0.0012923477268684473,0.001209014393535114,0.04608333333333334,0.043647456567599885,0.04851921009906679,0.04364750132740707,0.0485191653392596,-0.0008749999999999999,-0.001884208738208938,0.00013420873820893823,-0.0023503294234537018,0.0006003294234537017
koharu-kurumi,1,free_bridge_share,1000,0.7149583333333334,0.7100262032307291,0.7198904634359377,0.7100262938597771,0.7198903728068896,-0.0012916666666666677,-0.002520106171239104,-6.32271620942316e-05,-0.0032208732928057236,0.0006375399594723882,0.66875,0.6639358383345144,0.6735641616654855,0.6639359267958648,0.6735640732041351,-0.00037500000000000093,-0.0015839374003526019,0.0008339374003525999,-0.002273579486141914,0.001523579486141912,-0.04620833333333334,-0.04865563278480239,-0.04376103388186429,-0.04865558781510067,-0.04376107885156601,0.0009166666666666669,-9.570249755061196e-05,0.0019290358308839458,-0.0005632828807556684,0.002396616214089002
koharu-kurumi,1,source_contact_share,1000,0.9611666666666666,0.9575333210213479,0.9648000123119853,0.9575333877849268,0.9647999455484064,0.008125000000000002,0.006830573733732491,0.009419426266267513,0.006092164259504269,0.010157835740495735,0.96075,0.9571246929392646,0.9643753070607354,0.9571247595551325,0.9643752404448674,0.007916666666666667,0.006656409120600884,0.009176924212732451,0.0059374912986797194,0.009895842034653615,-0.0004166666666666663,-0.0013261562696884224,0.0004928229363550897,-0.0013261395576035402,0.0004928062242702075,-0.00020833333333333305,-0.0012450051753124607,0.0008283385086457945,-0.0017238101747765276,0.0013071435081098612
koharu-kurumi,1,source_exposure_mean,1000,0.3395833333333333,0.3383094933932764,0.3408571732733902,0.3383095168003842,0.3408571498662824,0.005486111111111113,0.0046897362566006556,0.00628248596562157,0.00423544175336619,0.006736780468856035,0.33970833333333333,0.33843134718164863,0.34098531948501803,0.3384313706465688,0.34098529602009786,0.005583333333333334,0.004798489129918726,0.006368177536747942,0.004350772322328328,0.00681589434433834,0.00012499999999999984,-0.00039670612008344577,0.0006467061200834455,-0.0003966965336110623,0.000646696533611062,9.722222222222177e-05,-0.0005172168388265192,0.0007116612832709627,-0.0008010062525859291,0.0009954506970303726
koharu-kurumi,1,immediate_expected_exposure_shift,1000,0.006925631677765035,0.006370993283319137,0.007480270072210932,0.006371003474929791,0.007480259880600279,0.006925631677765035,0.006370993283319137,0.007480270072210932,0.006054598092722054,0.007796665262808016,0.006932894385434283,0.006375915445633536,0.007489873325235029,0.006375925680252259,0.007489863090616306,0.006932894385434283,0.006375915445633536,0.007489873325235029,0.006058185083686859,0.007807603687181706,7.26270766924798e-06,-3.158790293960683e-05,4.61133182781028e-05,-3.1587189050519963e-05,4.611260438901593e-05,7.26270766924798e-06,-3.158790293960683e-05,4.61133182781028e-05,-4.953173611659201e-05,6.405715145508797e-05
kurumi-midori,-1,bridge_before,1000,3.796,3.7699562857977313,3.8220437142022683,3.769956764357091,3.8220432356429086,0,0.0,0.0,0.0,0.0,3.782,3.755510351019632,3.808489648980368,3.7555108377731483,3.8084891622268517,0,0.0,0.0,0.0,0.0,-0.014,-0.026057081720699236,-0.0019429182793007649,-0.026056860168993223,-0.0019431398310067773,0,0.0,0.0,0.0,0.0
kurumi-midori,-1,bridge_after,1000,3.901,3.882068764697726,3.9199312353022737,3.882069112563617,3.9199308874363825,0.003,-0.0003914196625200081,0.006391419662520008,-0.0023260655169414415,0.008326065516941442,3.881,3.8607307240892537,3.901269275910746,3.8607310965419552,3.9012689034580443,0.001,-0.0009599999999999999,0.00296,-0.002078088072842161,0.004078088072842162,-0.02,-0.030302149984071013,-0.00969785001592899,-0.030301960679647483,-0.009698039320352517,-0.002,-0.004770470918293334,0.0007704709182933338,-0.006050061308263009,0.0020500613082630086
kurumi-midori,-1,bridge_rate,1000,0.97525,0.9705171911744315,0.9799828088255684,0.9705172781409043,0.9799827218590956,0.00075,-9.785491563000202e-05,0.001597854915630002,-0.0005815163792353604,0.0020815163792353604,0.97025,0.9651826810223134,0.9753173189776865,0.9651827741354888,0.9753172258645111,0.00025,-0.00023999999999999998,0.00074,-0.0005195220182105403,0.0010195220182105404,-0.005,-0.007575537496017753,-0.0024244625039822475,-0.007575490169911871,-0.0024245098300881293,-0.0005,-0.0011926177295733336,0.00019261772957333346,-0.0015125153270657522,0.0005125153270657521
kurumi-midori,-1,new_bridge,1000,0.105,0.08539264402300992,0.12460735597699008,0.08539300431277719,0.1246069956872228,0.003,-0.0003914196625200081,0.006391419662520008,-0.0023260655169414415,0.008326065516941442,0.099,0.08006876469772588,0.11793123530227413,0.08006911256361708,0.11793088743638293,0.001,-0.0009599999999999999,0.00296,-0.002078088072842161,0.004078088072842162,-0.006,-0.015599596588120497,0.003599596588120497,-0.015599420193280486,0.003599420193280486,-0.002,-0.004770470918293334,0.0007704709182933338,-0.006050061308263009,0.0020500613082630086
kurumi-midori,-1,unformed_turns,1000,15.78825,15.41556704575674,16.160932954243258,15.41557389389348,16.16092610610652,-0.015,-0.02909316349359707,-0.0009068365064029259,-0.037132652274620266,0.007132652274620267,16.49225,16.109738715922852,16.874761284077145,16.10974574465746,16.874754255342538,-0.00875,-0.02091534311365993,0.003415343113659928,-0.027855100785810792,0.01035510078581079,0.704,0.5280763207657498,0.8799236792342501,0.5280795534046392,0.8799204465953607,0.00625,-0.0008943879919682254,0.013394387991968227,-0.00419414838879234,0.01669414838879234
kurumi-midori,-1,all_formed,1000,0.903,0.8846471688284339,0.9213528311715662,0.8846475060660134,0.9213524939339867,0.003,-0.0003914196625200081,0.006391419662520008,-0.0023260655169414415,0.008326065516941442,0.882,0.8619945362418119,0.9020054637581881,0.861994903846903,0.902005096153097,0.001,-0.0009599999999999999,0.00296,-0.002078088072842161,0.004078088072842162,-0.021,-0.031105997505718352,-0.010894002494281648,-0.031105811805642647,-0.010894188194357354,-0.002,-0.004770470918293334,0.0007704709182933338,-0.006050061308263009,0.0020500613082630086
kurumi-midori,-1,free_known_share,1000,0.13720833333333332,0.1337696682413482,0.14064699842531844,0.13376973142762622,0.14064693523904043,0.00041666666666666675,-0.00041618921924906744,0.001249522552582401,-0.000891294439881095,0.0017246277732144285,0.19054166666666666,0.1869329390822309,0.19415039425110242,0.18693300539344712,0.1941503279398862,0.00041666666666666664,-0.0005358483121052081,0.0013691816454385413,-0.001079213433007421,0.0019125467663407545,0.05333333333333334,0.050594485205589734,0.05607218146107694,0.0505945355325668,0.056072131134099874,-1.457167719820518e-19,-0.0011321727555818574,0.001132172755581857,-0.0016550865202643137,0.0016550865202643132
kurumi-midori,-1,free_bridge_share,1000,0.7182083333333333,0.7132538437477994,0.7231628229188672,0.7132539347877082,0.7231627318789585,6.661338147750939e-19,-0.0011321727555818565,0.0011321727555818578,-0.001778024211914978,0.0017780242119149793,0.6646666666666666,0.6596726745871552,0.6696606587461781,0.6596727663529315,0.6696605669804018,-4.166666666666768e-05,-0.0012618175630219272,0.0011784842296885918,-0.001957856422349727,0.0018745230890163916,-0.05354166666666667,-0.05628316436483705,-0.05080016896849628,-0.05628311398917351,-0.050800219344159826,-4.166666666666835e-05,-0.0011767810190234076,0.001093447685690071,-0.001701053411562035,0.0016177200782286983
kurumi-midori,-1,source_contact_share,1000,0.943875,0.9390021948205959,0.9487478051794042,0.9390022843595346,0.9487477156404654,-0.009166666666666667,-0.01051817936974666,-0.007815153963586674,-0.01128915397873054,-0.007044179354602793,0.942,0.9369736013494246,0.9470263986505753,0.9369736937106793,0.9470263062893206,-0.01,-0.01147617267025883,-0.00852382732974117,-0.012318259943764934,-0.007681740056235066,-0.0018750000000000008,-0.003127486099628694,-0.000622513900371308,-0.0031274630849026964,-0.0006225369150973051,-0.0008333333333333345,-0.0020330714688512642,0.0003664048021845952,-0.0025871914845324163,0.0009205248178657473
kurumi-midori,-1,source_exposure_mean,1000,0.32829166666666665,0.327104724042536,0.3294786092907973,0.32710474585288524,0.32947858748044806,-0.005805555555555556,-0.00660393100153035,-0.005007180109580762,-0.007059366748364258,-0.004551744362746854,0.3274444444444444,0.3262281805906859,0.32866070829820293,0.32622820293981963,0.3286606859490692,-0.006097222222222223,-0.00696291041399011,-0.005231534030454336,-0.007456744925222749,-0.004737699519221697,-0.000847222222222222,-0.0015369287556123055,-0.00015751568883213846,-0.0015369160820929034,-0.00015752836235154058,-0.00029166666666666637,-0.0009874126739440672,0.00040407934061073445,-0.0013087551211408627,0.0007254217878075299
kurumi-midori,-1,immediate_expected_exposure_shift,1000,-0.00691133742284086,-0.007464298329492341,-0.006358376516189378,-0.007464288168705919,-0.0063583866769758,-0.00691133742284086,-0.007464298329492341,-0.006358376516189378,-0.00777973659197959,-0.006042938253702129,-0.006938751182461523,-0.00749479767058344,-0.006382704694339606,-0.007494787453098735,-0.006382714911824312,-0.006938751182461523,-0.00749479767058344,-0.006382704694339606,-0.007811996112580831,-0.006065506252342216,-2.7413759620663727e-05,-7.397164070277913e-05,1.9144121461451677e-05,-7.397078519078867e-05,1.9143265949461217e-05,-2.7413759620663727e-05,-7.397164070277913e-05,1.9144121461451677e-05,-9.547521138336406e-05,4.0647692142036616e-05
kurumi-midori,0,bridge_before,1000,3.796,3.7699562857977313,3.8220437142022683,3.769956764357091,3.8220432356429086,0,0.0,0.0,0.0,0.0,3.782,3.755510351019632,3.808489648980368,3.7555108377731483,3.8084891622268517,0,0.0,0.0,0.0,0.0,-0.014,-0.026057081720699236,-0.0019429182793007649,-0.026056860168993223,-0.0019431398310067773,0,0.0,0.0,0.0,0.0
kurumi-midori,0,bridge_after,1000,3.898,3.8788268624684745,3.9171731375315257,3.878827214779376,3.9171727852206244,0,0.0,0.0,0.0,0.0,3.88,3.859658664499843,3.9003413355001566,3.8596590382766567,3.900340961723343,0,0.0,0.0,0.0,0.0,-0.018,-0.028316324352604862,-0.007683675647395135,-0.028316134787723986,-0.007683865212276011,0,0.0,0.0,0.0,0.0
kurumi-midori,0,bridge_rate,1000,0.9745,0.9697067156171186,0.9792932843828814,0.969706803694844,0.9792931963051561,0.0,0.0,0.0,0.0,0.0,0.97,0.9649146661249608,0.9750853338750392,0.9649147595691642,0.9750852404308358,0.0,0.0,0.0,0.0,0.0,-0.0045,-0.007079081088151216,-0.0019209189118487837,-0.007079033696930997,-0.0019209663030690027,0.0,0.0,0.0,0.0,0.0
kurumi-midori,0,new_bridge,1000,0.102,0.08262733643265094,0.12137266356734905,0.0826276924098901,0.12137230759010989,0,0.0,0.0,0.0,0.0,0.098,0.07915049662783188,0.11684950337216812,0.07915084299187969,0.11684915700812032,0,0.0,0.0,0.0,0.0,-0.004,-0.013603601593337969,0.005603601593337969,-0.013603425124905047,0.005603425124905047,0,0.0,0.0,0.0,0.0
kurumi-midori,0,unformed_turns,1000,15.80325,15.429399028686761,16.177100971313237,15.42940589828609,16.177094101713912,0.0,0.0,0.0,0.0,0.0,16.501,16.117943737737576,16.884056262262426,16.11795077648629,16.884049223513713,0.0,0.0,0.0,0.0,0.0,0.69775,0.5217763433927688,0.8737236566072312,0.5217795769500041,0.8737204230499959,0.0,0.0,0.0,0.0,0.0
kurumi-midori,0,all_formed,1000,0.9,0.881396503283251,0.918603496716749,0.8813968451268688,0.9186031548731313,0,0.0,0.0,0.0,0.0,0.881,0.8609213383151403,0.9010786616848597,0.8609217072652605,0.9010782927347395,0,0.0,0.0,0.0,0.0,-0.019,-0.029121206510155852,-0.008878793489844147,-0.029121020530611122,-0.008878979469388879,0,0.0,0.0,0.0,0.0
kurumi-midori,0,free_known_share,1000,0.13679166666666667,0.1333707537511233,0.14021257958221003,0.13337081661120093,0.14021251672213242,0.0,0.0,0.0,0.0,0.0,0.190125,0.1865859875473947,0.19366401245260528,0.18658605257757901,0.19366394742242096,0.0,0.0,0.0,0.0,0.0,0.05333333333333334,0.05067112192328078,0.055995544743385896,0.05067117084204017,0.055995495824626505,0.0,0.0,0.0,0.0,0.0
kurumi-midori,0,free_bridge_share,1000,0.7182083333333333,0.713286289726655,0.7231303769400117,0.7132863801703613,0.7231302864963054,0.0,0.0,0.0,0.0,0.0,0.6647083333333333,0.6597863168541633,0.6696303498125034,0.6597864072973711,0.6696302593692955,0.0,0.0,0.0,0.0,0.0,-0.0535,-0.05616189040062685,-0.05083810959937315,-0.05616184148776608,-0.050838158512233916,0.0,0.0,0.0,0.0,0.0
kurumi-midori,0,source_contact_share,1000,0.9530416666666667,0.94886508411429,0.9572182492190433,0.9488651608599745,0.9572181724733588,0.0,0.0,0.0,0.0,0.0,0.952,0.9477489337745758,0.9562510662254241,0.9477490118889152,0.9562509881110847,0.0,0.0,0.0,0.0,0.0,-0.0010416666666666662,-0.002249101065871832,0.00016576773253849952,-0.0022490788789814023,0.0001657455456480696,0.0,0.0,0.0,0.0,0.0
kurumi-midori,0,source_exposure_mean,1000,0.3340972222222222,0.332968338396506,0.3352261060479384,0.33296835914001127,0.33522608530443315,0.0,0.0,0.0,0.0,0.0,0.3335416666666666,0.3324092400524255,0.33467409328090775,0.3324092608610303,0.33467407247230296,0.0,0.0,0.0,0.0,0.0,-0.0005555555555555556,-0.0012306529538900321,0.000119541842778921,-0.001230640548816915,0.00011952943770580395,0.0,0.0,0.0,0.0,0.0
kurumi-midori,0,immediate_expected_exposure_shift,1000,0.0,0.0,0.0,0.0,0.0,0.0,0.0,0.0,0.0,0.0,0.0,0.0,0.0,0.0,0.0,0.0,0.0,0.0,0.0,0.0,0.0,0.0,0.0,0.0,0.0,0.0,0.0,0.0,0.0,0.0
kurumi-midori,1,bridge_before,1000,3.796,3.7699562857977313,3.8220437142022683,3.769956764357091,3.8220432356429086,0,0.0,0.0,0.0,0.0,3.782,3.755510351019632,3.808489648980368,3.7555108377731483,3.8084891622268517,0,0.0,0.0,0.0,0.0,-0.014,-0.026057081720699236,-0.0019429182793007649,-0.026056860168993223,-0.0019431398310067773,0,0.0,0.0,0.0,0.0
kurumi-midori,1,bridge_after,1000,3.899,3.87990695459643,3.91809304540357,3.8799073054356197,3.9180926945643804,0.001,-0.0009599999999999999,0.00296,-0.002078088072842161,0.004078088072842162,3.879,3.858587047665195,3.899412952334805,3.858587422757984,3.899412577242016,-0.001,-0.004395952133186051,0.002395952133186051,-0.006333183549542285,0.004333183549542285,-0.02,-0.030302149984071013,-0.00969785001592899,-0.030301960679647483,-0.009698039320352517,-0.002,-0.004770470918293334,0.0007704709182933338,-0.006050061308263009,0.0020500613082630086
kurumi-midori,1,bridge_rate,1000,0.97475,0.9699767386491075,0.9795232613508925,0.9699768263589049,0.9795231736410951,0.00025,-0.00023999999999999998,0.00074,-0.0005195220182105403,0.0010195220182105404,0.96975,0.9646467619162987,0.9748532380837013,0.964646855689496,0.974853144310504,-0.00025,-0.0010989880332965126,0.0005989880332965127,-0.0015832958873855712,0.0010832958873855712,-0.005,-0.007575537496017753,-0.0024244625039822475,-0.007575490169911871,-0.0024245098300881293,-0.0005,-0.0011926177295733336,0.00019261772957333346,-0.0015125153270657522,0.0005125153270657521
kurumi-midori,1,new_bridge,1000,0.103,0.08354859329449865,0.12245140670550134,0.08354895071866145,0.12245104928133854,0.001,-0.0009599999999999999,0.00296,-0.002078088072842161,0.004078088072842162,0.097,0.07802899357744338,0.11597100642255663,0.07802934217413825,0.11597065782586176,-0.001,-0.004395952133186051,0.002395952133186051,-0.006333183549542285,0.004333183549542285,-0.006,-0.015599596588120497,0.003599596588120497,-0.015599420193280486,0.003599420193280486,-0.002,-0.004770470918293334,0.0007704709182933338,-0.006050061308263009,0.0020500613082630086
kurumi-midori,1,unformed_turns,1000,15.79775,15.42442369937461,16.17107630062539,15.424430559332992,16.171069440667008,-0.0055,-0.013397604938445818,0.0023976049384458187,-0.01790281814543338,0.00690281814543338,16.50225,16.119631011524202,16.884868988475798,16.119638042237902,16.884861957762098,0.00125,-0.0075876808101504835,0.010087680810150483,-0.012629163210872579,0.015129163210872577,0.7045,0.528652342277964,0.880347657722036,0.5286555735199402,0.8803444264800598,0.00675,-0.0020234851194460427,0.015523485119446043,-0.006075672482705148,0.01957567248270515
kurumi-midori,1,all_formed,1000,0.901,0.8824794738657811,0.919520526134219,0.8824798141847949,0.9195201858152051,0.001,-0.0009599999999999999,0.00296,-0.002078088072842161,0.004078088072842162,0.88,0.8598485970950149,0.9001514029049851,0.8598489673817722,0.9001510326182278,-0.001,-0.004395952133186051,0.002395952133186051,-0.006333183549542285,0.004333183549542285,-0.021,-0.031105997505718352,-0.010894002494281648,-0.031105811805642647,-0.010894188194357354,-0.002,-0.004770470918293334,0.0007704709182933338,-0.006050061308263009,0.0020500613082630086
kurumi-midori,1,free_known_share,1000,0.13616666666666666,0.13270958251834364,0.13962375081498968,0.1327096460430761,0.1396236872902572,-0.0006249999999999998,-0.0014613555058698813,0.00021135550586988178,-0.001938457095547936,0.0006884570955479364,0.1895,0.18593311673077795,0.19306688326922206,0.18593318227309505,0.19306681772690495,-0.0006250000000000002,-0.0014287919927934033,0.0001787919927934028,-0.0018873176255425547,0.0006373176255425542,0.05333333333333334,0.050681171832350796,0.05598549483431588,0.05068122056644075,0.055985446100225926,-3.8163916471489756e-19,-0.0010527278916185182,0.0010527278916185173,-0.0015389486580858697,0.0015389486580858688
kurumi-midori,1,free_bridge_share,1000,0.7193333333333334,0.7143442846257132,0.7243223820409536,0.714344376300654,0.7243222903660128,0.0011249999999999995,5.257192975251495e-05,0.002197428070247484,-0.0005591979857193464,0.0028091979857193454,0.6658333333333334,0.6608810210948312,0.6707856455718356,0.6608811120947307,0.6707855545719361,0.0011249999999999995,7.776888828937606e-05,0.0021722311117106227,-0.0005196273441151571,0.002769627344115156,-0.0535,-0.056154355624546064,-0.050845644375453934,-0.05615430685013858,-0.05084569314986142,0.0,-0.0010527278916185178,0.0010527278916185178,-0.0015389486580858693,0.0015389486580858693
kurumi-midori,1,source_contact_share,1000,0.9611666666666666,0.9575333210213479,0.9648000123119853,0.9575333877849268,0.9647999455484064,0.008125000000000002,0.006830573733732491,0.009419426266267513,0.006092164259504269,0.010157835740495735,0.960125,0.9564029094225691,0.9638470905774309,0.9564029778168569,0.9638470221831431,0.008125,0.0068671948994804026,0.009382805100519597,0.006149676082719689,0.010100323917280312,-0.0010416666666666669,-0.002249101065871833,0.00016576773253849908,-0.002249078878981403,0.00016574554564806917,-6.661338147750939e-19,-0.0011555189799401359,0.0011555189799401346,-0.0016892156061692248,0.0016892156061692235
kurumi-midori,1,source_exposure_mean,1000,0.3395833333333333,0.3383094933932764,0.3408571732733902,0.3383095168003842,0.3408571498662824,0.005486111111111113,0.0046897362566006556,0.00628248596562157,0.00423544175336619,0.006736780468856035,0.33905555555555555,0.3377914321094082,0.3403196790017029,0.33779145533797317,0.34031965577313794,0.005513888888888889,0.004737122344345735,0.006290655433432044,0.004294013462286287,0.006733764315491492,-0.0005277777777777784,-0.0011996568365508333,0.0001441012809952764,-0.0011996444906154607,0.00014408893505990397,2.7777777777777234e-05,-0.000650387069915663,0.0007059426254712176,-0.0009636093514396792,0.0010191649069952336
kurumi-midori,1,immediate_expected_exposure_shift,1000,0.006925631677765035,0.006370993283319137,0.007480270072210932,0.006371003474929791,0.007480259880600279,0.006925631677765035,0.006370993283319137,0.007480270072210932,0.006054598092722054,0.007796665262808016,0.006966506720898288,0.006408764165553797,0.007524249276242779,0.006408774414204135,0.007524239027592441,0.006966506720898288,0.006408764165553797,0.007524249276242779,0.006090598196754213,0.007842415245042363,4.087504313325289e-05,-5.645236789789949e-06,8.739532305629573e-05,-5.644381968729611e-06,8.739446823523539e-05,4.087504313325289e-05,-5.645236789789949e-06,8.739532305629573e-05,-2.713144071821616e-05,0.00010888152698472194
pooled,-1,bridge_before,1000,3.6626666666666665,3.637049722491071,3.688283610842262,3.637050193208432,3.688283140124901,0,0.0,0.0,0.0,0.0,3.6485,3.623727399941281,3.6732726000587186,3.6237278551436205,3.673272144856379,0,0.0,0.0,0.0,0.0,-0.014166666666666666,-0.019806499006367113,-0.008526834326966218,-0.019806395373124393,-0.008526937960208938,0,0.0,0.0,0.0,0.0
pooled,-1,bridge_after,1000,3.82,3.800040336973081,3.8399596630269186,3.800040703736573,3.8399592962634266,0.0,-0.0032022681317863625,0.0032022681317863625,-0.005029011909435792,0.005029011909435792,3.8028333333333335,3.78318132586738,3.822485340799287,3.783181686977629,3.822484979689038,0.0006666666666666665,-0.0015496175319374556,0.0028829508652707886,-0.002813903719941444,0.004147237053274777,-0.017166666666666667,-0.022276005224254294,-0.01205732810907904,-0.022275911338959307,-0.012057421994374026,0.0006666666666666666,-0.0011229782099331283,0.002456311543266462,-0.0019495569588507513,0.0032828902921840843
pooled,-1,bridge_rate,1000,0.955,0.9500100842432703,0.9599899157567297,0.9500101759341433,0.9599898240658566,0.0,-0.0008005670329465906,0.0008005670329465906,-0.001257252977358948,0.001257252977358948,0.9507083333333334,0.945795331466845,0.9556213351998217,0.9457954217444072,0.9556212449222595,0.00016666666666666663,-0.0003874043829843639,0.0007207377163176972,-0.000703475929985361,0.0010368092633186942,-0.004291666666666667,-0.005569001306063573,-0.00301433202726976,-0.005568977834739827,-0.0030143554985935066,0.00016666666666666666,-0.0002807445524832821,0.0006140778858166155,-0.0004873892397126878,0.0008207225730460211
pooled,-1,new_bridge,1000,0.15733333333333333,0.13819530440033373,0.17647136226633292,0.13819565606610645,0.1764710106005602,0.0,-0.0032022681317863625,0.0032022681317863625,-0.005029011909435792,0.005029011909435792,0.15433333333333332,0.13667082146802778,0.17199584519863886,0.1366711460208281,0.17199552064583853,0.0006666666666666665,-0.0015496175319374556,0.0028829508652707886,-0.002813903719941444,0.004147237053274777,-0.003,-0.008164288261806152,0.0021642882618061526,-0.008164193366797457,0.002164193366797456,0.0006666666666666666,-0.0011229782099331283,0.002456311543266462,-0.0019495569588507513,0.0032828902921840843
pooled,-1,unformed_turns,1000,18.638333333333332,18.302332717301198,18.974333949365466,18.302338891391365,18.9743277752753,-0.0009999999999999996,-0.016890680879228306,0.014890680879228306,-0.025955569022292676,0.023955569022292674,19.228625,18.905087218955696,19.552162781044306,18.905093164038348,19.552156835961654,-0.0032916666666666667,-0.01451233281402428,0.007928999480690946,-0.0209131965837714,0.014329863250438066,0.5902916666666667,0.514808009030721,0.6657753243026123,0.5148093960606436,0.6657739372726897,-0.0022916666666666667,-0.010299827956530068,0.0057164946231967355,-0.013998537139930857,0.009415203806597522
pooled,-1,all_formed,1000,0.8266666666666667,0.807976098052178,0.8453572352811554,0.8079764414957623,0.845356891837571,0.0,-0.0032022681317863625,0.0032022681317863625,-0.005029011909435792,0.005029011909435792,0.8103333333333333,0.7919930781944712,0.8286735884721955,0.7919934152009632,0.8286732514657035,0.0006666666666666665,-0.0015496175319374556,0.0028829508652707886,-0.002813903719941444,0.004147237053274777,-0.01633333333333333,-0.021163303150076793,-0.011503363516589869,-0.02116321439824798,-0.011503452268418684,0.0006666666666666666,-0.0011229782099331283,0.002456311543266462,-0.0019495569588507513,0.0032828902921840843
pooled,-1,free_known_share,1000,0.16666666666666666,0.16666666666666666,0.16666666666666666,0.16666666666666666,0.16666666666666666,-4.510281037539698e-20,-1.3809747829238494e-19,4.789185754159097e-20,-1.9114657473927363e-19,1.0094095398847968e-19,0.2098611111111111,0.2090377503433926,0.21068447187882963,0.20903776547283992,0.2106844567493823,0.0001527777777777777,-0.00015461223171980926,0.0004601677872753646,-0.00032996381505148817,0.0006355193706070435,0.043194444444444445,0.042371083676725936,0.044017805212162954,0.042371098806173256,0.044017790082715634,0.00015277777777777777,-0.00015461223171980918,0.00046016778727536473,-0.0002965856772913297,0.0006021412328468853
pooled,-1,free_bridge_share,1000,0.6666666666666666,0.6666666666666666,0.6666666666666666,0.6666666666666666,0.6666666666666666,-2.220446049250313e-19,-9.255105053464286e-19,4.81421295496366e-19,-1.3268048078527224e-18,8.827155980026598e-19,0.6234097222222222,0.6225793015086997,0.6242401429357448,0.6225793167678753,0.6242401276765692,-0.00013194444444444462,-0.0004354252621288271,0.00017153637323993784,-0.0006085468348784671,0.0003446579459895779,-0.043256944444444445,-0.04408736515796696,-0.04242652373092193,-0.044087349898791484,-0.04242653899009741,-0.0001319444444444444,-0.0004354252621288269,0.0001715363732399381,-0.0005755931791731591,0.00031170429028427025
pooled,-1,source_contact_share,1000,0.943875,0.9390021948205959,0.9487478051794042,0.9390022843595346,0.9487477156404654,-0.009166666666666667,-0.01051817936974666,-0.007815153963586674,-0.01128915397873054,-0.007044179354602793,0.9436111111111111,0.9387932990098484,0.9484289232123737,0.9387933875382763,0.9484288346839458,-0.009076388888888889,-0.010069914141790627,-0.008082863635987151,-0.010636673700635996,-0.007516104077141781,-0.00026388888888888897,-0.0007325820683193056,0.00020480429054152769,-0.000732573455972147,0.00020479567819436907,9.027777777777757e-05,-0.0005750285744703611,0.0007555841300259163,-0.0008823119352525518,0.001062867490808107
pooled,-1,source_exposure_mean,1000,0.32829166666666665,0.327104724042536,0.3294786092907973,0.32710474585288524,0.32947858748044806,-0.005805555555555556,-0.00660393100153035,-0.005007180109580762,-0.007059366748364258,-0.004551744362746854,0.3281574074074074,0.327063893056187,0.3292509217586278,0.32706391314976985,0.32925090166504495,-0.005796296296296297,-0.006403376399640179,-0.005189216192952414,-0.0067496871255629245,-0.004842905467029669,-0.00013425925925925912,-0.00039234736077580184,0.00012382884225728362,-0.0003923426183463719,0.00012382409982785366,9.25925925925919e-06,-0.00037655472771151103,0.00039507324623002944,-0.0005547496572391604,0.0005732681757576789
pooled,-1,immediate_expected_exposure_shift,1000,-0.00691133742284086,-0.007464298329492341,-0.006358376516189378,-0.007464288168705919,-0.0063583866769758,-0.00691133742284086,-0.007464298329492341,-0.006358376516189378,-0.00777973659197959,-0.006042938253702129,-0.006873983307623912,-0.007423712703517248,-0.006324253911730576,-0.007423702602110595,-0.006324264013137229,-0.006873983307623912,-0.007423712703517248,-0.006324253911730576,-0.007737307540680036,-0.0060106590745677875,3.735411521694798e-05,2.759510128682937e-05,4.7113129147066584e-05,2.7595280611000452e-05,4.71129498228955e-05,3.735411521694798e-05,2.759510128682937e-05,4.7113129147066584e-05,2.308773022651428e-05,5.162050020738167e-05
pooled,0,bridge_before,1000,3.6626666666666665,3.637049722491071,3.688283610842262,3.637050193208432,3.688283140124901,0,0.0,0.0,0.0,0.0,3.6485,3.623727399941281,3.6732726000587186,3.6237278551436205,3.673272144856379,0,0.0,0.0,0.0,0.0,-0.014166666666666666,-0.019806499006367113,-0.008526834326966218,-0.019806395373124393,-0.008526937960208938,0,0.0,0.0,0.0,0.0
pooled,0,bridge_after,1000,3.82,3.800040336973081,3.8399596630269186,3.800040703736573,3.8399592962634266,0,0.0,0.0,0.0,0.0,3.802166666666667,3.782545883613575,3.821787449719759,3.7825462441500677,3.821787089183266,0,0.0,0.0,0.0,0.0,-0.017833333333333333,-0.023159270609958097,-0.012507396056708569,-0.02315917274461082,-0.012507493922055846,0,0.0,0.0,0.0,0.0
pooled,0,bridge_rate,1000,0.955,0.9500100842432703,0.9599899157567297,0.9500101759341433,0.9599898240658566,0.0,0.0,0.0,0.0,0.0,0.9505416666666667,0.9456364709033938,0.9554468624299397,0.9456365610375169,0.9554467722958165,0.0,0.0,0.0,0.0,0.0,-0.004458333333333333,-0.005789817652489524,-0.0031268490141771422,-0.005789793186152705,-0.0031268734805139616,0.0,0.0,0.0,0.0,0.0
pooled,0,new_bridge,1000,0.15733333333333333,0.13819530440033373,0.17647136226633292,0.13819565606610645,0.1764710106005602,0,0.0,0.0,0.0,0.0,0.15366666666666667,0.13612128839238383,0.17121204494094952,0.13612161079282692,0.17121172254050643,0,0.0,0.0,0.0,0.0,-0.0036666666666666666,-0.009012272816122975,0.001678939482789642,-0.009012174589355545,0.0016788412560222112,0,0.0,0.0,0.0,0.0
pooled,0,unformed_turns,1000,18.639333333333333,18.302986690937878,18.975679975728788,18.302992871386362,18.975673795280304,0.0,0.0,0.0,0.0,0.0,19.231916666666667,18.908008705599144,19.55582462773419,18.90801465748394,19.555818675849395,0.0,0.0,0.0,0.0,0.0,0.5925833333333334,0.5165833506914098,0.6685833159752569,0.5165847472089254,0.6685819194577413,0.0,0.0,0.0,0.0,0.0
pooled,0,all_formed,1000,0.8266666666666667,0.807976098052178,0.8453572352811554,0.8079764414957623,0.845356891837571,0,0.0,0.0,0.0,0.0,0.8096666666666666,0.7913588229053814,0.8279745104279519,0.7913591593163067,0.8279741740170266,0,0.0,0.0,0.0,0.0,-0.016999999999999998,-0.022058967140267276,-0.01194103285973272,-0.0220588741805589,-0.011941125819441093,0,0.0,0.0,0.0,0.0
pooled,0,free_known_share,1000,0.16666666666666666,0.16666666666666666,0.16666666666666666,0.16666666666666666,0.16666666666666666,0.0,0.0,0.0,0.0,0.0,0.20970833333333333,0.20886988550925342,0.21054678115741324,0.20886990091592894,0.21054676575073772,0.0,0.0,0.0,0.0,0.0,0.043041666666666666,0.042203218842586765,0.043880114490746566,0.042203234249262284,0.04388009908407105,0.0,0.0,0.0,0.0,0.0
pooled,0,free_bridge_share,1000,0.6666666666666666,0.6666666666666666,0.6666666666666666,0.6666666666666666,0.6666666666666666,0.0,0.0,0.0,0.0,0.0,0.6235416666666667,0.6226936407246655,0.6243896926086678,0.6226936563073412,0.6243896770259921,0.0,0.0,0.0,0.0,0.0,-0.043125000000000004,-0.043973025942001163,-0.042276974057998844,-0.04397301035932547,-0.042276989640674535,0.0,0.0,0.0,0.0,0.0
pooled,0,source_contact_share,1000,0.9530416666666667,0.94886508411429,0.9572182492190433,0.9488651608599745,0.9572181724733588,0.0,0.0,0.0,0.0,0.0,0.9526875,0.9485487711322483,0.9568262288677517,0.9485488471823625,0.9568261528176375,0.0,0.0,0.0,0.0,0.0,-0.00035416666666666653,-0.0008067242405323779,9.839090719904485e-05,-0.000806715924680758,9.838259134742496e-05,0.0,0.0,0.0,0.0,0.0
pooled,0,source_exposure_mean,1000,0.3340972222222222,0.332968338396506,0.3352261060479384,0.33296835914001127,0.33522608530443315,0.0,0.0,0.0,0.0,0.0,0.3339537037037037,0.33289772993349237,0.335009677473915,0.3328977493372582,0.3350096580701492,0.0,0.0,0.0,0.0,0.0,-0.00014351851851851833,-0.00039479105074320935,0.00010775401370617272,-0.00039478643355146453,0.00010774939651442785,0.0,0.0,0.0,0.0,0.0
pooled,0,immediate_expected_exposure_shift,1000,0.0,0.0,0.0,0.0,0.0,0.0,0.0,0.0,0.0,0.0,0.0,0.0,0.0,0.0,0.0,0.0,0.0,0.0,0.0,0.0,0.0,0.0,0.0,0.0,0.0,0.0,0.0,0.0,0.0,0.0
pooled,1,bridge_before,1000,3.6626666666666665,3.637049722491071,3.688283610842262,3.637050193208432,3.688283140124901,0,0.0,0.0,0.0,0.0,3.6485,3.623727399941281,3.6732726000587186,3.6237278551436205,3.673272144856379,0,0.0,0.0,0.0,0.0,-0.014166666666666666,-0.019806499006367113,-0.008526834326966218,-0.019806395373124393,-0.008526937960208938,0,0.0,0.0,0.0,0.0
pooled,1,bridge_after,1000,3.818,3.7978965306484462,3.838103469351554,3.7978969000544134,3.8381030999455867,-0.002,-0.004920625368209747,0.000920625368209747,-0.006586705158738096,0.0025867051587380955,3.7998333333333334,3.7800213910955565,3.8196452755711103,3.7800217551446442,3.8196449115220226,-0.002333333333333333,-0.004730671827179435,6.40051605127691e-05,-0.006098240998880822,0.001431574332214156,-0.018166666666666664,-0.023407365007238716,-0.012925968326094613,-0.02340726870817689,-0.012926064625156438,-0.0003333333333333333,-0.002123336294081828,0.0014566696274151613,-0.002950080430418771,0.002283413763752104
pooled,1,bridge_rate,1000,0.9545,0.9494741326621116,0.9595258673378885,0.9494742250136033,0.9595257749863967,-0.0005,-0.0012301563420524368,0.00023015634205243675,-0.001646676289684524,0.0006466762896845239,0.9499583333333333,0.9450053477738891,0.9549113188927776,0.9450054387861611,0.9549112278805056,-0.0005833333333333333,-0.0011826679567948587,1.6001290128192275e-05,-0.0015245602497202056,0.000357893583053539,-0.004541666666666666,-0.005851841251809679,-0.003231492081523653,-0.005851817177044223,-0.0032315161562891095,-8.333333333333333e-05,-0.000530834073520457,0.00036416740685379033,-0.0007375201076046927,0.000570853440938026
pooled,1,new_bridge,1000,0.15533333333333332,0.1362665670614939,0.17440009960517275,0.13626691741779845,0.1743997492488682,-0.002,-0.004920625368209747,0.000920625368209747,-0.006586705158738096,0.0025867051587380955,0.15133333333333332,0.13386844164115277,0.16879822502551386,0.13386876256263602,0.16879790410403062,-0.002333333333333333,-0.004730671827179435,6.40051605127691e-05,-0.006098240998880822,0.001431574332214156,-0.004,-0.00922339570654489,0.0012233957065448898,-0.009223299725423026,0.001223299725423026,-0.0003333333333333333,-0.002123336294081828,0.0014566696274151613,-0.002950080430418771,0.002283413763752104
pooled,1,unformed_turns,1000,18.645833333333332,18.30901061054659,18.982656056120074,18.309016799743162,18.982649866923502,0.006500000000000001,-0.005015737741318962,0.01801573774131896,-0.011584926016087871,0.024584926016087874,19.240333333333332,18.91580897865313,19.564857688013536,18.9158149418643,19.564851724802363,0.008416666666666666,-0.0006190174197283054,0.01745235075306164,-0.005773451402875213,0.022606784736208543,0.5945,0.518561204930279,0.670438795069721,0.5185626003234587,0.6704373996765414,0.0019166666666666666,-0.006311035813321919,0.010144369146655252,-0.010111143930467782,0.013944477263801117
pooled,1,all_formed,1000,0.8253333333333334,0.8065991068434163,0.8440675598232504,0.8065994510892244,0.8440672155774424,-0.0013333333333333333,-0.003946666666666667,0.00128,-0.005437450763789548,0.002770784097122882,0.8081666666666667,0.7897820757206893,0.8265512576126441,0.7897824135418621,0.8265509197914713,-0.0014999999999999998,-0.003485852744347713,0.0004858527443477136,-0.004618688595304883,0.0016186885953048834,-0.017166666666666667,-0.022127502230308085,-0.012205831103025247,-0.022127411073790463,-0.01220592225954287,-0.00016666666666666666,-0.0019266703951386682,0.0015933370618053347,-0.0027395588620029577,0.0024062255286696247
pooled,1,free_known_share,1000,0.16666666666666666,0.16666666666666666,0.16666666666666666,0.16666666666666666,0.16666666666666666,3.3537987202218266e-20,-5.453361336810289e-20,1.2160958777253943e-19,-1.0477433079350849e-19,1.7185030519794501e-19,0.20977083333333335,0.20892321740938594,0.21061844925728077,0.20892323298452745,0.21061843368213926,6.249999999999996e-05,-0.00027573995521116646,0.00040073995521116635,-0.00046868998566028483,0.0005936899856602847,0.043104166666666666,0.04225655074271926,0.04395178259061407,0.04225656631786077,0.04395176701547256,6.249999999999992e-05,-0.00027573995521116646,0.00040073995521116635,-0.0004319619871170637,0.0005569619871170636
pooled,1,free_bridge_share,1000,0.6666666666666666,0.6666666666666666,0.6666666666666666,0.6666666666666666,0.6666666666666666,-5.181040781584063e-19,-1.1744753618282412e-18,1.3826720551142867e-19,-1.5489043942911706e-18,5.126962379743579e-19,0.6234791666666667,0.6226218820943131,0.6243364512390203,0.6226218978471183,0.6243364354862151,-6.250000000000033e-05,-0.00040455633514067084,0.0002795563351406702,-0.0005996834313452039,0.00047468343134520326,-0.043187500000000004,-0.04404478457235355,-0.04233021542764646,-0.04404476881954836,-0.04233023118045165,-6.249999999999981e-05,-0.00040455633514067024,0.00027955633514067067,-0.0005625410287839717,0.000437541028783972
pooled,1,source_contact_share,1000,0.9611666666666666,0.9575333210213479,0.9648000123119853,0.9575333877849268,0.9647999455484064,0.008125000000000002,0.006830573733732491,0.009419426266267513,0.006092164259504269,0.010157835740495735,0.9611458333333334,0.9576162693679254,0.9646753972987413,0.9576163342244915,0.9646753324421752,0.008458333333333335,0.007499214295479734,0.009417452371186937,0.0069520818686124065,0.009964584798054264,-2.0833333333333224e-05,-0.00048243689232063555,0.00044077022565396914,-0.00048242841024691627,0.00044076174358024985,0.00033333333333333327,-0.0003044880231211336,0.0009711546897878001,-0.0005990769584705518,0.0012657436251372182
pooled,1,source_exposure_mean,1000,0.3395833333333333,0.3383094933932764,0.3408571732733902,0.3383095168003842,0.3408571498662824,0.005486111111111113,0.0046897362566006556,0.00628248596562157,0.00423544175336619,0.006736780468856035,0.3396273148148148,0.3384398886138706,0.340814741015759,0.3384399104331057,0.3408147191965239,0.005673611111111112,0.005066877056830487,0.0062803451653917364,0.004720763735668072,0.006626458486554152,4.398148148148112e-05,-0.00022305323672630937,0.0003110161996892716,-0.00022304832990069823,0.00031101129286366044,0.0001874999999999995,-0.00019795211584982384,0.0005729521158498228,-0.0003759799088788679,0.000750979908878867
pooled,1,immediate_expected_exposure_shift,1000,0.006925631677765035,0.006370993283319137,0.007480270072210932,0.006371003474929791,0.007480259880600279,0.006925631677765035,0.006370993283319137,0.007480270072210932,0.006054598092722054,0.007796665262808016,0.006883927331515616,0.006332995381784753,0.007434859281246479,0.006333005505288615,0.007434849157742617,0.006883927331515616,0.006332995381784753,0.007434859281246479,0.006018714544059368,0.0077491401189718635,-4.17043462494191e-05,-5.173700611286575e-05,-3.1671686385972455e-05,-5.173682176038643e-05,-3.1671870738451776e-05,-4.17043462494191e-05,-5.173700611286575e-05,-3.1671686385972455e-05,-5.637076532771038e-05,-2.7037927171127823e-05
