known_pair,case_id,metric,seeds,familiar_A_mean,familiar_A_ci_low,familiar_A_ci_high,familiar_A_simultaneous_low,familiar_A_simultaneous_high,novel_A_mean,novel_A_ci_low,novel_A_ci_high,novel_A_simultaneous_low,novel_A_simultaneous_high,novel_minus_familiar_A_mean,novel_minus_familiar_A_ci_low,novel_minus_familiar_A_ci_high,novel_minus_familiar_A_simultaneous_low,novel_minus_familiar_A_simultaneous_high,familiar_B_mean,familiar_B_ci_low,familiar_B_ci_high,familiar_B_simultaneous_low,familiar_B_simultaneous_high,novel_B_mean,novel_B_ci_low,novel_B_ci_high,novel_B_simultaneous_low,novel_B_simultaneous_high,novel_minus_familiar_B_mean,novel_minus_familiar_B_ci_low,novel_minus_familiar_B_ci_high,novel_minus_familiar_B_simultaneous_low,novel_minus_familiar_B_simultaneous_high,familiar_B_minus_A_mean,familiar_B_minus_A_ci_low,familiar_B_minus_A_ci_high,familiar_B_minus_A_simultaneous_low,familiar_B_minus_A_simultaneous_high,novel_B_minus_A_mean,novel_B_minus_A_ci_low,novel_B_minus_A_ci_high,novel_B_minus_A_simultaneous_low,novel_B_minus_A_simultaneous_high,island_change_mean,island_change_ci_low,island_change_ci_high,island_change_simultaneous_low,island_change_simultaneous_high
akane-koharu,task_weak,bridge_count,1000,3.595,3.5605304988938555,3.629469501106145,3.5605311322790274,3.629468867720973,3.475,3.438346180246767,3.511653819753233,3.4383468537693065,3.5116531462306937,-0.12,-0.15183801845937367,-0.08816198154062631,-0.16859060086379754,-0.07140939913620245,3.551,3.515086791330251,3.5869132086697495,3.515087451243888,3.5869125487561124,3.423,3.384569230066551,3.461430769933449,3.384569936240967,3.461430063759033,-0.128,-0.16182995849379203,-0.09417004150620797,-0.17963066327473395,-0.07636933672526605,-0.044,-0.07187518768526031,-0.01612481231473968,-0.08946713655993349,0.0014671365599335032,-0.052,-0.08063945061853896,-0.023360549381461034,-0.09871372358016905,-0.00528627641983094,-0.008,-0.033107906016722,0.017107906016721998,-0.046319226472622606,0.030319226472622605
akane-koharu,task_weak,bridge_rate,1000,0.89875,0.8901326247234639,0.9073673752765362,0.8901327830697568,0.9073672169302432,0.86875,0.8595865450616917,0.8779134549383083,0.8595867134423266,0.8779132865576734,-0.03,-0.03795950461484342,-0.022040495385156577,-0.042147650215949385,-0.017852349784050613,0.88775,0.8787716978325627,0.8967283021674374,0.878771862810972,0.8967281371890281,0.85575,0.8461423075166378,0.8653576924833623,0.8461424840602417,0.8653575159397583,-0.032,-0.04045748962344801,-0.023542510376551994,-0.04490766581868349,-0.019092334181316513,-0.011,-0.01796879692131508,-0.00403120307868492,-0.022366784139983373,0.0003667841399833758,-0.013,-0.02015986265463474,-0.0058401373453652585,-0.024678430895042264,-0.001321569104957735,-0.002,-0.0082769765041805,0.0042769765041804995,-0.011579806618155651,0.007579806618155651
akane-koharu,task_weak,unformed_turns,1000,16.15225,15.832637165251398,16.4718628347486,15.83264303821224,16.471856961787758,16.81875,16.4825599640415,17.154940035958504,16.482566141612303,17.1549338583877,0.6665,0.48525346869661334,0.8477465313033866,0.38988486229133573,0.9431151377086642,17.25375,16.929672801005058,17.577827198994942,16.92967875599964,17.57782124400036,18.04375,17.700543224238757,18.38695677576124,17.7005495307438,18.3869504692562,0.79,0.5947245675090322,0.9852754324909678,0.4919742101481049,1.0880257898518952,1.1015,0.8570297314833792,1.3459702685166206,0.7027452648214338,1.500254735178566,1.225,0.9707720636050325,1.4792279363949676,0.810329561474767,1.6396704385252332,0.1235,-0.011439453876961464,0.25843945387696143,-0.08244212395727207,0.32944212395727207
akane-koharu,task_weak,known_share,1000,0.1435625,0.14104704936838855,0.14607795063161147,0.1410470955903842,0.14607790440961582,0.1435625,0.14104704936838855,0.14607795063161147,0.1410470955903842,0.14607790440961582,0.0,0.0,0.0,0.0,0.0,0.1914375,0.18900154683715767,0.19387345316284235,0.18900159159836868,0.19387340840163134,0.1914375,0.18900154683715767,0.19387345316284235,0.18900159159836868,0.19387340840163134,0.0,0.0,0.0,0.0,0.0,0.047875,0.046098356218310516,0.049651643781689486,0.04497712155869551,0.05077287844130449,0.047875,0.046098356218310516,0.049651643781689486,0.04497712155869551,0.05077287844130449,0.0,0.0,0.0,0.0,0.0
akane-koharu,task_weak,bridge_share,1000,0.7235625,0.7200636811184051,0.7270613188815949,0.720063745410023,0.727061254589977,0.7235625,0.7200636811184051,0.7270613188815949,0.720063745410023,0.727061254589977,0.0,0.0,0.0,0.0,0.0,0.6752291666666667,0.671790628987069,0.6786677043462643,0.6717906921710057,0.6786676411623276,0.6752291666666667,0.671790628987069,0.6786677043462643,0.6717906921710057,0.6786676411623276,0.0,0.0,0.0,0.0,0.0,-0.04833333333333333,-0.05018198314258016,-0.0464846835240865,-0.051348660594177774,-0.04531800607248889,-0.04833333333333333,-0.05018198314258016,-0.0464846835240865,-0.051348660594177774,-0.04531800607248889,0.0,0.0,0.0,0.0,0.0
akane-koharu,task_weak,all_formed,1000,0.629,0.5990438770248268,0.6589561229751733,0.5990444274756161,0.6589555725243839,0.525,0.49403295367720784,0.5559670463227923,0.49403352270395096,0.5559664772960491,-0.104,-0.1318144224548434,-0.07618557754515659,-0.14644986230801155,-0.06155013769198844,0.595,0.5645589714987121,0.6254410285012878,0.5645595308597544,0.6254404691402455,0.493,0.4619972108587867,0.5240027891412133,0.46199778054231244,0.5240022194576875,-0.102,-0.13145364341996946,-0.07254635658003053,-0.14695161133317927,-0.05704838866682072,-0.034,-0.05948098096209781,-0.008519019037902198,-0.07556195302309576,0.007561953023095758,-0.032,-0.05703428283208682,-0.00696571716791318,-0.07283334501845742,0.00883334501845743,0.002,-0.02153144199496415,0.025531441994964155,-0.03391325594543297,0.037913255945432975
akane-koharu,task_weak,task_progress,1000,1.0,1.0,1.0,1.0,1.0,0.48375,0.4815395130306807,0.4859604869693193,0.4815395536488975,0.4859604463511025,-0.51625,-0.5184604869693192,-0.5140395130306807,-0.5196236047416982,-0.5128763952583018,1.0,1.0,1.0,1.0,1.0,0.48375,0.4815395130306807,0.4859604869693193,0.4815395536488975,0.4859604463511025,-0.51625,-0.5184604869693192,-0.5140395130306807,-0.5196236047416982,-0.5128763952583018,0.0,0.0,0.0,0.0,0.0,0.0,0.0,0.0,0.0,0.0,0.0,0.0,0.0,0.0,0.0
akane-koharu,task_weak,task_complete,1000,1,1.0,1.0,1.0,1.0,0,0.0,0.0,0.0,0.0,-1,-1.0,-1.0,-1.0,-1.0,1,1.0,1.0,1.0,1.0,0,0.0,0.0,0.0,0.0,-1,-1.0,-1.0,-1.0,-1.0,0,0.0,0.0,0.0,0.0,0,0.0,0.0,0.0,0.0,0,0.0,0.0,0.0,0.0
akane-koharu,task_weak,information_transfers,1000,0,0.0,0.0,0.0,0.0,5.805,5.778474156368168,5.831525843631831,5.77847464378677,5.83152535621323,5.805,5.778474156368168,5.831525843631831,5.7645167430996205,5.845483256900379,0,0.0,0.0,0.0,0.0,5.805,5.778474156368168,5.831525843631831,5.77847464378677,5.83152535621323,5.805,5.778474156368168,5.831525843631831,5.7645167430996205,5.845483256900379,0,0.0,0.0,0.0,0.0,0,0.0,0.0,0.0,0.0,0,0.0,0.0,0.0,0.0
akane-koharu,task_weak,questions,1000,0,0.0,0.0,0.0,0.0,6,6.0,6.0,6.0,6.0,6,6.0,6.0,6.0,6.0,0,0.0,0.0,0.0,0.0,6,6.0,6.0,6.0,6.0,6,6.0,6.0,6.0,6.0,0,0.0,0.0,0.0,0.0,0,0.0,0.0,0.0,0.0,0,0.0,0.0,0.0,0.0
akane-koharu,task_weak,changed_topics,1000,0,0.0,0.0,0.0,0.0,10.437,10.280809010776181,10.593190989223817,10.280811880822261,10.593188119177738,10.437,10.280809010776181,10.593190989223817,10.198624171881784,10.675375828118215,0,0.0,0.0,0.0,0.0,9.216,9.080943454135014,9.351056545864985,9.080945935830737,9.351054064169261,9.216,9.080943454135014,9.351056545864985,9.009879172394392,9.422120827605607,0,0.0,0.0,0.0,0.0,-1.221,-1.3336524806464367,-1.1083475193535635,-1.4047471294973624,-1.0372528705026378,-1.221,-1.3336524806464367,-1.1083475193535635,-1.392928153455671,-1.0490718465443292
akane-koharu,task_medium,bridge_count,1000,3.7,3.6692432189659,3.7307567810341005,3.669243784128969,3.7307562158710312,3.356,3.31623200689404,3.39576799310596,3.3162327376402456,3.395767262359754,-0.344,-0.38613435327765366,-0.3018656467223463,-0.40830467855218977,-0.2796953214478102,3.7,3.6685019853812193,3.731498014618781,3.6685025641646294,3.731497435835371,3.338,3.298208226543231,3.377791773456769,3.298208957726406,3.377791042273594,-0.362,-0.4045562639949186,-0.31944373600508136,-0.4269485909642935,-0.2970514090357065,0,-0.021120408889784108,0.021120408889784108,-0.03444943675486789,0.03444943675486789,-0.018,-0.04413892432685333,0.008138924326853335,-0.06063512250815217,0.024635122508152172,-0.018,-0.046123225942936164,0.010123225942936163,-0.06092115253778546,0.02492115253778546
akane-koharu,task_medium,bridge_rate,1000,0.925,0.917310804741475,0.9326891952585251,0.9173109460322423,0.9326890539677578,0.839,0.82905800172351,0.84894199827649,0.8290581844100614,0.8489418155899385,-0.086,-0.09653358831941342,-0.07546641168058657,-0.10207616963804744,-0.06992383036195254,0.925,0.9171254963453048,0.9328745036546953,0.9171256410411573,0.9328743589588427,0.8345,0.8245520566358078,0.8444479433641923,0.8245522394316015,0.8444477605683985,-0.0905,-0.10113906599872965,-0.07986093400127034,-0.10673714774107337,-0.07426285225892662,0.0,-0.005280102222446027,0.005280102222446027,-0.008612359188716973,0.008612359188716973,-0.0045,-0.011034731081713333,0.0020347310817133337,-0.015158780627038043,0.006158780627038043,-0.0045,-0.011530806485734041,0.0025308064857340407,-0.015230288134446365,0.006230288134446365
akane-koharu,task_medium,unformed_turns,1000,16.05875,15.750846449234384,16.366653550765616,15.750852107034383,16.366647892965617,18.5475,18.20090119688562,18.894098803114378,18.200907565719962,18.894092434280036,2.48875,2.1696696841774075,2.8078303158225926,2.0017754638989533,2.9757245361010467,16.77075,16.458986396615167,17.082513603384832,16.45899212534454,17.08250787465546,19.3475,19.00393293621577,19.69106706378423,19.00393924934119,19.69106075065881,2.57675,2.2495324554878873,2.903967544512113,2.077356574454108,3.0761434255458924,0.712,0.5064060531032087,0.9175939468967912,0.3766563185511758,1.0473436814488242,0.8,0.5900296417316213,1.0099703582683788,0.45751796684853835,1.1424820331514618,0.088,-0.10767975218457074,0.28367975218457075,-0.21064285516575257,0.3866428551657526
akane-koharu,task_medium,known_share,1000,0.146375,0.14403549351380848,0.14871450648619153,0.14403553650278916,0.14871446349721085,0.146375,0.14403549351380848,0.14871450648619153,0.14403553650278916,0.14871446349721085,0.0,0.0,0.0,0.0,0.0,0.1889375,0.18657990180086298,0.19129509819913704,0.18657994512228315,0.19129505487771686,0.1889375,0.18657990180086298,0.19129509819913704,0.18657994512228315,0.19129505487771686,0.0,0.0,0.0,0.0,0.0,0.042562499999999996,0.04083541896948368,0.04428958103051631,0.039745463216205416,0.045379536783794576,0.042562499999999996,0.04083541896948368,0.04428958103051631,0.039745463216205416,0.045379536783794576,0.0,0.0,0.0,0.0,0.0
akane-koharu,task_medium,bridge_share,1000,0.7169583333333334,0.7137016439696201,0.7202150226970466,0.7137017038120514,0.7202149628546153,0.7169583333333334,0.7137016439696201,0.7202150226970466,0.7137017038120514,0.7202149628546153,0.0,0.0,0.0,0.0,0.0,0.6742916666666666,0.6710381973502063,0.6775451359831269,0.6710382571334684,0.6775450761998648,0.6742916666666666,0.6710381973502063,0.6775451359831269,0.6710382571334684,0.6775450761998648,0.0,0.0,0.0,0.0,0.0,-0.042666666666666665,-0.04445104390378514,-0.04088228942954819,-0.04557715912435162,-0.03975617420898171,-0.042666666666666665,-0.04445104390378514,-0.04088228942954819,-0.04557715912435162,-0.03975617420898171,0.0,0.0,0.0,0.0,0.0
akane-koharu,task_medium,all_formed,1000,0.718,0.6900964086180289,0.745903591381971,0.6900969213530685,0.7459030786469314,0.447,0.4161688549498222,0.4778311450501778,0.4161694214793475,0.4778305785206525,-0.271,-0.30561333756715087,-0.23638666243284914,-0.323826242073936,-0.21817375792606403,0.724,0.6962797494475484,0.7517202505524515,0.6962802588136573,0.7517197411863427,0.432,0.4012822523348208,0.4627177476651792,0.4012828167806426,0.4627171832193574,-0.292,-0.3263443816970717,-0.25765561830292827,-0.3444157665492211,-0.23958423345077884,0.006,-0.013801439326458052,0.02580143932645805,-0.026298069383596266,0.03829806938359626,-0.015,-0.0374251672932027,0.007425167293202702,-0.05157762434505666,0.02157762434505666,-0.021,-0.04645946658590551,0.004459466585905503,-0.059855771776735775,0.01785577177673577
akane-koharu,task_medium,task_progress,1000,1.0,1.0,1.0,1.0,1.0,0.9515,0.9476353944547387,0.9553646055452614,0.9476354654677724,0.9553645345322276,-0.04850000000000001,-0.05236460554526137,-0.044635394454738644,-0.054398090227739254,-0.04260190977226076,1.0,1.0,1.0,1.0,1.0,0.9515,0.9476353944547387,0.9553646055452614,0.9476354654677724,0.9553645345322276,-0.04850000000000001,-0.05236460554526137,-0.044635394454738644,-0.054398090227739254,-0.04260190977226076,0.0,0.0,0.0,0.0,0.0,0.0,0.0,0.0,0.0,0.0,0.0,0.0,0.0,0.0,0.0
akane-koharu,task_medium,task_complete,1000,1,1.0,1.0,1.0,1.0,0.555,0.5241823283019484,0.5858176716980517,0.5241828945838978,0.5858171054161023,-0.445,-0.47581767169805156,-0.41418232830194845,-0.49203336631776773,-0.3979666336822323,1,1.0,1.0,1.0,1.0,0.555,0.5241823283019484,0.5858176716980517,0.5241828945838978,0.5858171054161023,-0.445,-0.47581767169805156,-0.41418232830194845,-0.49203336631776773,-0.3979666336822323,0,0.0,0.0,0.0,0.0,0,0.0,0.0,0.0,0.0,0,0.0,0.0,0.0,0.0
akane-koharu,task_medium,information_transfers,1000,0,0.0,0.0,0.0,0.0,11.418,11.371624733456862,11.464375266543136,11.371625585613268,11.46437441438673,11.418,11.371624733456862,11.464375266543136,11.347222917267128,11.48877708273287,0,0.0,0.0,0.0,0.0,11.418,11.371624733456862,11.464375266543136,11.371625585613268,11.46437441438673,11.418,11.371624733456862,11.464375266543136,11.347222917267128,11.48877708273287,0,0.0,0.0,0.0,0.0,0,0.0,0.0,0.0,0.0,0,0.0,0.0,0.0,0.0
akane-koharu,task_medium,questions,1000,0,0.0,0.0,0.0,0.0,12,12.0,12.0,12.0,12.0,12,12.0,12.0,12.0,12.0,0,0.0,0.0,0.0,0.0,12,12.0,12.0,12.0,12.0,12,12.0,12.0,12.0,12.0,0,0.0,0.0,0.0,0.0,0,0.0,0.0,0.0,0.0,0,0.0,0.0,0.0,0.0
akane-koharu,task_medium,changed_topics,1000,0,0.0,0.0,0.0,0.0,19.899,19.68866437078965,20.109335629210353,19.688668235756193,20.10933176424381,19.899,19.68866437078965,20.109335629210353,19.57798961364579,20.22001038635421,0,0.0,0.0,0.0,0.0,17.601,17.421682287879083,17.780317712120915,17.421685582884123,17.780314417115875,17.601,17.421682287879083,17.780317712120915,17.32732859081368,17.87467140918632,0,0.0,0.0,0.0,0.0,-2.298,-2.4522482566458317,-2.1437517433541684,-2.549593877258667,-2.0464061227413333,-2.298,-2.4522482566458317,-2.1437517433541684,-2.533410865226367,-2.062589134773633
akane-koharu,task_strong,bridge_count,1000,3.796,3.7699562857977313,3.8220437142022683,3.769956764357091,3.8220432356429086,3.426,3.387948685950405,3.464051314049595,3.3879493851522304,3.46405061484777,-0.37,-0.41210860832294144,-0.32789139167705855,-0.4342653870736615,-0.30573461292633847,3.792,3.7657832203133728,3.818216779686627,3.7657837020528517,3.818216297947148,3.41,3.371678000892234,3.4483219991077663,3.3716787050679606,3.4483212949320396,-0.382,-0.42451648636956274,-0.3394835136304373,-0.44688788308074723,-0.3171121169192528,-0.004,-0.016399850430174175,0.008399850430174176,-0.024225359527519693,0.016225359527519693,-0.016,-0.032609865683925265,0.0006098656839252647,-0.04309230301227766,0.01109230301227766,-0.012,-0.030170155865158782,0.0061701558651587815,-0.039730959211658444,0.015730959211658443
akane-koharu,task_strong,bridge_rate,1000,0.949,0.9424890714494328,0.9555109285505671,0.9424891910892728,0.9555108089107271,0.8565,0.8469871714876013,0.8660128285123988,0.8469873462880576,0.8660126537119425,-0.0925,-0.10302715208073536,-0.08197284791926464,-0.10856634676841538,-0.07643365323158462,0.948,0.9414458050783432,0.9545541949216567,0.9414459255132129,0.954554074486787,0.8525,0.8429195002230585,0.8620804997769416,0.8429196762669902,0.8620803237330099,-0.0955,-0.10612912159239068,-0.08487087840760932,-0.11172197077018681,-0.0792780292298132,-0.001,-0.004099962607543544,0.002099962607543544,-0.006056339881879923,0.004056339881879923,-0.004,-0.008152466420981316,0.00015246642098131619,-0.010773075753069416,0.002773075753069415,-0.003,-0.0075425389662896955,0.0015425389662896954,-0.009932739802914611,0.003932739802914611
akane-koharu,task_strong,unformed_turns,1000,14.925,14.637541526870796,15.212458473129205,14.637546808987697,15.212453191012305,18.73125,18.38804217382255,19.074457826177447,18.388048480346896,19.074451519653103,3.80625,3.427697418851497,4.184802581148503,3.2285099814112583,4.383990018588742,15.3895,15.101759637833654,15.677240362166346,15.101764925130333,15.677235074869667,19.25175,18.907987451392792,19.59551254860721,18.90799376811029,19.59550623188971,3.86225,3.475361310377186,4.249138689622814,3.271787565280072,4.452712434719928,0.4645,0.3217217514750519,0.6072782485249482,0.23161481921592247,0.6973851807840776,0.5205,0.3723881135813249,0.668611886418675,0.27891513815140534,0.7620848618485946,0.056,-0.11307974598662879,0.22507974598662878,-0.20204641271478713,0.3140464127147871
akane-koharu,task_strong,known_share,1000,0.15416666666666667,0.15228207224329993,0.15605126109003342,0.1522821068731647,0.15605122646016864,0.15416666666666667,0.15228207224329993,0.15605126109003342,0.1522821068731647,0.15605122646016864,0.0,0.0,0.0,0.0,0.0,0.18233333333333332,0.1803283763714297,0.18433829029523693,0.18032841321298437,0.18433825345368227,0.18233333333333332,0.1803283763714297,0.18433829029523693,0.18032841321298437,0.18433825345368227,0.0,0.0,0.0,0.0,0.0,0.028166666666666666,0.026777580970900817,0.029555752362432516,0.025900933078216882,0.03043240025511645,0.028166666666666666,0.026777580970900817,0.029555752362432516,0.025900933078216882,0.03043240025511645,0.0,0.0,0.0,0.0,0.0
akane-koharu,task_strong,bridge_share,1000,0.6998333333333333,0.6971582582286485,0.7025084084380181,0.6971583073837813,0.7025083592828854,0.6998333333333333,0.6971582582286485,0.7025084084380181,0.6971583073837813,0.7025083592828854,0.0,0.0,0.0,0.0,0.0,0.6715833333333333,0.6688293216508937,0.6743373450157729,0.6688293722565046,0.674337294410162,0.6715833333333333,0.6688293216508937,0.6743373450157729,0.6688293722565046,0.674337294410162,0.0,0.0,0.0,0.0,0.0,-0.028249999999999997,-0.029658870988382664,-0.02684112901161733,-0.030548005320982823,-0.02595199467901717,-0.028249999999999997,-0.029658870988382664,-0.02684112901161733,-0.030548005320982823,-0.02595199467901717,0.0,0.0,0.0,0.0,0.0
akane-koharu,task_strong,all_formed,1000,0.803,0.7783359601755824,0.8276640398244177,0.778336413383102,0.8276635866168981,0.492,0.4609981411387502,0.5230018588612498,0.46099871080518184,0.5230012891948181,-0.311,-0.34727968056118497,-0.27472031943881503,-0.3663693842430573,-0.2556306157569427,0.799,0.7741489498593502,0.8238510501406499,0.7741494065032283,0.8238505934967718,0.48,0.44901898673085106,0.5109810132691489,0.44901955601424004,0.5109804439857599,-0.319,-0.35564668500590363,-0.2823533149940964,-0.3749294997072568,-0.2630705002927432,-0.004,-0.016085751933570366,0.008085751933570366,-0.023713034394515952,0.015713034394515952,-0.012,-0.027171452883049223,0.0031714528830492222,-0.036746112127917466,0.012746112127917462,-0.008,-0.025311806267291587,0.009311806267291587,-0.03442096177055555,0.018420961770555553
akane-koharu,task_strong,task_progress,1000,1.0,1.0,1.0,1.0,1.0,1.0,1.0,1.0,1.0,1.0,0.0,0.0,0.0,0.0,0.0,1.0,1.0,1.0,1.0,1.0,1.0,1.0,1.0,1.0,1.0,0.0,0.0,0.0,0.0,0.0,0.0,0.0,0.0,0.0,0.0,0.0,0.0,0.0,0.0,0.0,0.0,0.0,0.0,0.0,0.0
akane-koharu,task_strong,task_complete,1000,1,1.0,1.0,1.0,1.0,1,1.0,1.0,1.0,1.0,0,0.0,0.0,0.0,0.0,1,1.0,1.0,1.0,1.0,1,1.0,1.0,1.0,1.0,0,0.0,0.0,0.0,0.0,0,0.0,0.0,0.0,0.0,0,0.0,0.0,0.0,0.0,0,0.0,0.0,0.0,0.0
akane-koharu,task_strong,information_transfers,1000,0,0.0,0.0,0.0,0.0,12,12.0,12.0,12.0,12.0,12,12.0,12.0,12.0,12.0,0,0.0,0.0,0.0,0.0,12,12.0,12.0,12.0,12.0,12,12.0,12.0,12.0,12.0,0,0.0,0.0,0.0,0.0,0,0.0,0.0,0.0,0.0,0,0.0,0.0,0.0,0.0
akane-koharu,task_strong,questions,1000,0,0.0,0.0,0.0,0.0,12.642,12.583767258094523,12.700232741905475,12.583768328134822,12.700231671865177,12.642,12.583767258094523,12.700232741905475,12.553126255462658,12.730873744537341,0,0.0,0.0,0.0,0.0,12.642,12.583767258094523,12.700232741905475,12.583768328134822,12.700231671865177,12.642,12.583767258094523,12.700232741905475,12.553126255462658,12.730873744537341,0,0.0,0.0,0.0,0.0,0,0.0,0.0,0.0,0.0,0,0.0,0.0,0.0,0.0
akane-koharu,task_strong,changed_topics,1000,0,0.0,0.0,0.0,0.0,27.434,27.197202794554272,27.67079720544573,27.19720714575849,27.670792854241512,27.434,27.197202794554272,27.67079720544573,27.072604440469238,27.795395559530764,0,0.0,0.0,0.0,0.0,23.162,22.95828669911231,23.365713300887688,22.958290442392016,23.365709557607982,23.162,22.95828669911231,23.365713300887688,22.851096489886412,23.472903510113586,0,0.0,0.0,0.0,0.0,-4.272,-4.421112129260811,-4.12288787073919,-4.515216355003366,-4.0287836449966345,-4.272,-4.421112129260811,-4.12288787073919,-4.499572201646546,-4.044427798353454
akane-midori,task_weak,bridge_count,1000,3.581,3.5490511159256917,3.6129488840743083,3.5490517029939337,3.6129482970060662,3.447,3.4128546569785856,3.4811453430214145,3.4128552844072764,3.4811447155927238,-0.134,-0.16282334844905805,-0.10517665155094198,-0.17798966668837995,-0.09001033331162006,3.502,3.4675851512364875,3.536414848763512,3.4675857836174098,3.53641421638259,3.366,3.3304827463659463,3.401517253634054,3.3304833990038167,3.4015166009961835,-0.136,-0.16609348408184377,-0.10590651591815625,-0.1819281244367581,-0.09007187556324193,-0.079,-0.09926168577168026,-0.05873831422831974,-0.11204877600528504,-0.04595122399471497,-0.081,-0.10104032127678789,-0.06095967872321212,-0.11368770902943415,-0.04831229097056585,-0.002,-0.017440279655363624,0.013440279655363624,-0.025564672120425243,0.02156467212042524
akane-midori,task_weak,bridge_rate,1000,0.89525,0.8872627789814229,0.9032372210185771,0.8872629257484834,0.9032370742515166,0.86175,0.8532136642446464,0.8702863357553536,0.8532138211018191,0.8702861788981809,-0.0335,-0.04070583711226451,-0.026294162887735496,-0.04449741667209499,-0.022502583327905015,0.8755,0.8668962878091219,0.884103712190878,0.8668964459043524,0.8841035540956474,0.8415,0.8326206865914866,0.8503793134085135,0.8326208497509542,0.8503791502490459,-0.034,-0.04152337102046094,-0.026476628979539063,-0.045482031109189525,-0.022517968890810484,-0.01975,-0.024815421442920066,-0.014684578557079934,-0.02801219400132126,-0.011487805998678742,-0.02025,-0.02526008031919697,-0.01523991968080303,-0.028421927257358537,-0.012078072742641463,-0.0005,-0.004360069913840906,0.003360069913840906,-0.006391168030106311,0.00539116803010631
akane-midori,task_weak,unformed_turns,1000,15.4785,15.174009744760303,15.782990255239698,15.174015339840198,15.782984660159803,16.16575,15.847437222047704,16.484062777952296,15.847443071119695,16.484056928880303,0.68725,0.5352170727412286,0.8392829272587714,0.45522012992462946,0.9192798700753706,17.07825,16.774998962846563,17.381501037153438,16.775004535155535,17.381495464844466,17.794,17.481561461880098,18.106438538119903,17.481567203011554,18.106432796988447,0.71575,0.5512172370219439,0.8802827629780561,0.46464310950409565,0.9668568904959043,1.59975,1.415774235776226,1.783725764223774,1.2996676726582694,1.8998323273417306,1.62825,1.4392315008627037,1.8172684991372963,1.3199424825882524,1.9365575174117475,0.0285,-0.057937614043433214,0.11493761404343321,-0.10341950400314162,0.16041950400314162
akane-midori,task_weak,known_share,1000,0.13425,0.13174460674281444,0.13675539325718558,0.13174465278000347,0.13675534721999655,0.13425,0.13174460674281444,0.13675539325718558,0.13174465278000347,0.13675534721999655,0.0,0.0,0.0,0.0,0.0,0.190875,0.18846090679345248,0.1932890932065475,0.18846095115298167,0.1932890488470183,0.190875,0.18846090679345248,0.1932890932065475,0.18846095115298167,0.1932890488470183,0.0,0.0,0.0,0.0,0.0,0.056625,0.054642655072684045,0.05860734492731596,0.05339160302571433,0.059858396974285674,0.056625,0.054642655072684045,0.05860734492731596,0.05339160302571433,0.059858396974285674,0.0,0.0,0.0,0.0,0.0
akane-midori,task_weak,bridge_share,1000,0.7257916666666666,0.722224088130203,0.7293592452031302,0.7222241536852958,0.7293591796480374,0.7257916666666666,0.722224088130203,0.7293592452031302,0.7222241536852958,0.7293591796480374,0.0,0.0,0.0,0.0,0.0,0.6681666666666667,0.6647023213253072,0.6716310120080262,0.6647023849834657,0.6716309483498677,0.6681666666666667,0.6647023213253072,0.6716310120080262,0.6647023849834657,0.6716309483498677,0.0,0.0,0.0,0.0,0.0,-0.057625,-0.05971583647932936,-0.05553416352067064,-0.061035357225340814,-0.05421464277465919,-0.057625,-0.05971583647932936,-0.05553416352067064,-0.061035357225340814,-0.05421464277465919,0.0,0.0,0.0,0.0,0.0
akane-midori,task_weak,all_formed,1000,0.592,0.5615235580962752,0.6224764419037248,0.561524118108047,0.6224758818919529,0.475,0.4440329536772078,0.5059670463227922,0.4440335227039509,0.505966477296049,-0.117,-0.1436946313130738,-0.0903053686869262,-0.1577408575692282,-0.07625914243077181,0.531,0.5000538227193037,0.5619461772806964,0.5000543913625732,0.5619456086374268,0.414,0.383456253555812,0.444543746444188,0.3834568148043205,0.4445431851956795,-0.117,-0.14440543368376782,-0.0895945663162322,-0.15882567113359952,-0.07517432886640049,-0.061,-0.07889538631187523,-0.04310461368812477,-0.09018911192354173,-0.031810888076458266,-0.061,-0.078460328446781,-0.04353967155321901,-0.08947949032073645,-0.03252050967926355,0,-0.01414083318489979,0.01414083318489979,-0.021581480708222613,0.021581480708222613
akane-midori,task_weak,task_progress,1000,1.0,1.0,1.0,1.0,1.0,0.48375,0.4815395130306807,0.4859604869693193,0.4815395536488975,0.4859604463511025,-0.51625,-0.5184604869693192,-0.5140395130306807,-0.5196236047416982,-0.5128763952583018,1.0,1.0,1.0,1.0,1.0,0.48375,0.4815395130306807,0.4859604869693193,0.4815395536488975,0.4859604463511025,-0.51625,-0.5184604869693192,-0.5140395130306807,-0.5196236047416982,-0.5128763952583018,0.0,0.0,0.0,0.0,0.0,0.0,0.0,0.0,0.0,0.0,0.0,0.0,0.0,0.0,0.0
akane-midori,task_weak,task_complete,1000,1,1.0,1.0,1.0,1.0,0,0.0,0.0,0.0,0.0,-1,-1.0,-1.0,-1.0,-1.0,1,1.0,1.0,1.0,1.0,0,0.0,0.0,0.0,0.0,-1,-1.0,-1.0,-1.0,-1.0,0,0.0,0.0,0.0,0.0,0,0.0,0.0,0.0,0.0,0,0.0,0.0,0.0,0.0
akane-midori,task_weak,information_transfers,1000,0,0.0,0.0,0.0,0.0,5.805,5.778474156368168,5.831525843631831,5.77847464378677,5.83152535621323,5.805,5.778474156368168,5.831525843631831,5.7645167430996205,5.845483256900379,0,0.0,0.0,0.0,0.0,5.805,5.778474156368168,5.831525843631831,5.77847464378677,5.83152535621323,5.805,5.778474156368168,5.831525843631831,5.7645167430996205,5.845483256900379,0,0.0,0.0,0.0,0.0,0,0.0,0.0,0.0,0.0,0,0.0,0.0,0.0,0.0
akane-midori,task_weak,questions,1000,0,0.0,0.0,0.0,0.0,6,6.0,6.0,6.0,6.0,6,6.0,6.0,6.0,6.0,0,0.0,0.0,0.0,0.0,6,6.0,6.0,6.0,6.0,6,6.0,6.0,6.0,6.0,0,0.0,0.0,0.0,0.0,0,0.0,0.0,0.0,0.0,0,0.0,0.0,0.0,0.0
akane-midori,task_weak,changed_topics,1000,0,0.0,0.0,0.0,0.0,10.437,10.280809010776181,10.593190989223817,10.280811880822261,10.593188119177738,10.437,10.280809010776181,10.593190989223817,10.198624171881784,10.675375828118215,0,0.0,0.0,0.0,0.0,9.235,9.100336510161457,9.369663489838542,9.100338984634682,9.369661015365317,9.235,9.100336510161457,9.369663489838542,9.029479047305651,9.440520952694348,0,0.0,0.0,0.0,0.0,-1.202,-1.296396243592658,-1.107603756407342,-1.3559694349911617,-1.0480305650088382,-1.202,-1.296396243592658,-1.107603756407342,-1.3460658187099648,-1.0579341812900351
akane-midori,task_medium,bridge_count,1000,3.645,3.6148126775875298,3.6751873224124703,3.614813232286663,3.675186767713337,3.409,3.3758531022985974,3.4421468977014023,3.3758537113806213,3.4421462886193783,-0.236,-0.2704320521115517,-0.20156794788844828,-0.28854956753067973,-0.18345043246932022,3.617,3.5862237833203445,3.6477762166796555,3.586224348840548,3.647775651159452,3.361,3.327109679845121,3.3948903201548792,3.327110302587707,3.3948896974122933,-0.256,-0.2914316172634259,-0.2205683827365741,-0.3100750855648519,-0.20192491443514807,-0.028,-0.04175708701153856,-0.014242912988461438,-0.050439144119243266,-0.005560855880756735,-0.048,-0.06236958728143013,-0.03363041271856987,-0.07143819150606613,-0.024561808493933874,-0.02,-0.03588273343040238,-0.0041172665695976204,-0.04423993697118918,0.004239936971189181
akane-midori,task_medium,bridge_rate,1000,0.91125,0.9037031693968824,0.9187968306031176,0.9037033080716658,0.9187966919283342,0.85225,0.8439632755746493,0.8605367244253506,0.8439634278451553,0.8605365721548446,-0.059,-0.06760801302788792,-0.05039198697211207,-0.07213739188266993,-0.045862608117330055,0.90425,0.8965559458300861,0.9119440541699139,0.896556087210137,0.911943912789863,0.84025,0.8317774199612803,0.8487225800387198,0.8317775756469268,0.8487224243530733,-0.064,-0.07285790431585648,-0.05514209568414352,-0.07751877139121298,-0.05048122860878702,-0.007,-0.01043927175288464,-0.0035607282471153594,-0.012609786029810817,-0.0013902139701891837,-0.012,-0.015592396820357533,-0.008407603179642467,-0.017859547876516533,-0.0061404521234834685,-0.005,-0.008970683357600595,-0.0010293166423994051,-0.011059984242797295,0.0010599842427972952
akane-midori,task_medium,unformed_turns,1000,15.51775,15.228981038251737,15.806518961748262,15.228986344449174,15.806513655550825,17.14025,16.852752116841323,17.42774788315868,16.852757399682393,17.42774260031761,1.6225,1.366263563282851,1.878736436717149,1.231436641607512,2.013563358392488,16.74875,16.45573058276562,17.04176941723438,16.455735967066172,17.04176403293383,18.4155,18.11642723003032,18.71457276996968,18.116432725562653,18.71456727443735,1.66675,1.4063951365808465,1.9271048634191534,1.2694011741774562,2.0640988258225437,1.231,1.0742915154449781,1.387708484555022,0.9753932522423528,1.4866067477576475,1.27525,1.1234806698655178,1.4270193301344822,1.0276994924752398,1.5228005075247601,0.04425,-0.07778232807824406,0.16628232807824406,-0.14199350487441104,0.230493504874411
akane-midori,task_medium,known_share,1000,0.13779166666666667,0.13542320366698318,0.14016012966635016,0.1354232471880466,0.14016008614528674,0.13779166666666667,0.13542320366698318,0.14016012966635016,0.1354232471880466,0.14016008614528674,0.0,0.0,0.0,0.0,0.0,0.1873125,0.18494336235655454,0.18968163764344545,0.1849434058900147,0.18968159410998528,0.1873125,0.18494336235655454,0.18968163764344545,0.1849434058900147,0.18968159410998528,0.0,0.0,0.0,0.0,0.0,0.04952083333333333,0.04772286334506389,0.051318803321602775,0.04658816977926747,0.0524534968873992,0.04952083333333333,0.04772286334506389,0.051318803321602775,0.04658816977926747,0.0524534968873992,0.0,0.0,0.0,0.0,0.0
akane-midori,task_medium,bridge_share,1000,0.718,0.7147101418825275,0.7212898581174725,0.7147102023344424,0.7212897976655576,0.718,0.7147101418825275,0.7212898581174725,0.7147102023344424,0.7212897976655576,0.0,0.0,0.0,0.0,0.0,0.668,0.6647399043399616,0.6712600956600385,0.6647399642449844,0.6712600357550157,0.668,0.6647399043399616,0.6712600956600385,0.6647399642449844,0.6712600357550157,0.0,0.0,0.0,0.0,0.0,-0.05,-0.051849732896817095,-0.04815026710318291,-0.053017093881791336,-0.04698290611820867,-0.05,-0.051849732896817095,-0.04815026710318291,-0.053017093881791336,-0.04698290611820867,0.0,0.0,0.0,0.0,0.0
akane-midori,task_medium,all_formed,1000,0.649,0.6194028949552997,0.6785971050447004,0.6194034388090504,0.6785965611909497,0.431,0.40029082880318007,0.4617091711968199,0.4002913930914072,0.4617086069085928,-0.218,-0.25036960909855405,-0.18563039090144595,-0.26740190476464504,-0.16859809523535496,0.622,0.5919313161021079,0.6520686838978921,0.5919318686212307,0.6520681313787693,0.395,0.3646855591289345,0.4253144408710655,0.36468611616389934,0.4253138838361007,-0.227,-0.25966495971516257,-0.19433504028483745,-0.27685266346826265,-0.17714733653173736,-0.027,-0.04062437143860578,-0.013375628561394213,-0.04922267213898983,-0.004777327861010167,-0.036,-0.04881467527104383,-0.023185324728956166,-0.05690197910408479,-0.01509802089591521,-0.009,-0.024052235720988434,0.006052235720988435,-0.03197244657231513,0.01397244657231513
akane-midori,task_medium,task_progress,1000,1.0,1.0,1.0,1.0,1.0,0.9515,0.9476353944547387,0.9553646055452614,0.9476354654677724,0.9553645345322276,-0.04850000000000001,-0.05236460554526137,-0.044635394454738644,-0.054398090227739254,-0.04260190977226076,1.0,1.0,1.0,1.0,1.0,0.9515,0.9476353944547387,0.9553646055452614,0.9476354654677724,0.9553645345322276,-0.04850000000000001,-0.05236460554526137,-0.044635394454738644,-0.054398090227739254,-0.04260190977226076,0.0,0.0,0.0,0.0,0.0,0.0,0.0,0.0,0.0,0.0,0.0,0.0,0.0,0.0,0.0
akane-midori,task_medium,task_complete,1000,1,1.0,1.0,1.0,1.0,0.555,0.5241823283019484,0.5858176716980517,0.5241828945838978,0.5858171054161023,-0.445,-0.47581767169805156,-0.41418232830194845,-0.49203336631776773,-0.3979666336822323,1,1.0,1.0,1.0,1.0,0.555,0.5241823283019484,0.5858176716980517,0.5241828945838978,0.5858171054161023,-0.445,-0.47581767169805156,-0.41418232830194845,-0.49203336631776773,-0.3979666336822323,0,0.0,0.0,0.0,0.0,0,0.0,0.0,0.0,0.0,0,0.0,0.0,0.0,0.0
akane-midori,task_medium,information_transfers,1000,0,0.0,0.0,0.0,0.0,11.418,11.371624733456862,11.464375266543136,11.371625585613268,11.46437441438673,11.418,11.371624733456862,11.464375266543136,11.347222917267128,11.48877708273287,0,0.0,0.0,0.0,0.0,11.418,11.371624733456862,11.464375266543136,11.371625585613268,11.46437441438673,11.418,11.371624733456862,11.464375266543136,11.347222917267128,11.48877708273287,0,0.0,0.0,0.0,0.0,0,0.0,0.0,0.0,0.0,0,0.0,0.0,0.0,0.0
akane-midori,task_medium,questions,1000,0,0.0,0.0,0.0,0.0,12,12.0,12.0,12.0,12.0,12,12.0,12.0,12.0,12.0,0,0.0,0.0,0.0,0.0,12,12.0,12.0,12.0,12.0,12,12.0,12.0,12.0,12.0,0,0.0,0.0,0.0,0.0,0,0.0,0.0,0.0,0.0,0,0.0,0.0,0.0,0.0
akane-midori,task_medium,changed_topics,1000,0,0.0,0.0,0.0,0.0,19.899,19.68866437078965,20.109335629210353,19.688668235756193,20.10933176424381,19.899,19.68866437078965,20.109335629210353,19.57798961364579,20.22001038635421,0,0.0,0.0,0.0,0.0,17.615,17.433624917476074,17.796375082523923,17.43362825028578,17.79637174971422,17.615,17.433624917476074,17.796375082523923,17.33818866977214,17.891811330227856,0,0.0,0.0,0.0,0.0,-2.284,-2.415566229645693,-2.152433770354307,-2.4985972898019044,-2.069402710198095,-2.284,-2.415566229645693,-2.152433770354307,-2.4847939708944544,-2.083206029105545
akane-midori,task_strong,bridge_count,1000,3.698,3.6693941368071332,3.7266058631928667,3.669394662446582,3.726605337553418,3.442,3.410099478046576,3.4739005219534245,3.4101000642261527,3.4738999357738476,-0.256,-0.2923952952992543,-0.21960470470074572,-0.31154583333955704,-0.20045416666044297,3.678,3.6488930736978507,3.707106926302149,3.648893608544452,3.707106391455548,3.422,3.389782811220517,3.4542171887794835,3.3897834032189214,3.454216596781079,-0.256,-0.29291980463618916,-0.21908019536381085,-0.3123463298865661,-0.19965367011343393,-0.02,-0.029921864915599457,-0.010078135084400544,-0.036183524650681136,-0.0038164753493188652,-0.02,-0.030302149984071013,-0.00969785001592899,-0.03680380650618385,-0.0031961934938161476,0,-0.01300767464228713,0.01300767464228713,-0.019852074887010667,0.019852074887010667
akane-midori,task_strong,bridge_rate,1000,0.9245,0.9173485342017833,0.9316514657982167,0.9173486656116455,0.9316513343883545,0.8605,0.852524869511644,0.8684751304883561,0.8525250160565382,0.8684749839434619,-0.064,-0.07309882382481357,-0.05490117617518643,-0.07788645833488926,-0.05011354166511074,0.9195,0.9122232684244627,0.9267767315755373,0.912223402136113,0.926776597863887,0.8555,0.8474457028051292,0.8635542971948709,0.8474458508047303,0.8635541491952697,-0.064,-0.07322995115904729,-0.05477004884095271,-0.07808658247164152,-0.049913417528358484,-0.005,-0.007480466228899864,-0.002519533771100136,-0.009045881162670284,-0.0009541188373297163,-0.005,-0.007575537496017753,-0.0024244625039822475,-0.009200951626545963,-0.0007990483734540369,0.0,-0.0032519186605717825,0.0032519186605717825,-0.004963018721752667,0.004963018721752667
akane-midori,task_strong,unformed_turns,1000,14.98,14.7063449802583,15.2536550197417,14.706350008733507,15.253649991266494,17.6285,17.33651637069832,17.92048362930168,17.336521735966027,17.92047826403397,2.6485,2.3289108363697073,2.9680891636302924,2.160748869691122,3.1362511303088776,15.545,15.267625357589681,15.822374642410319,15.267630454413826,15.822369545586174,18.3615,18.06189758098794,18.66110241901206,18.061903086252695,18.661096913747304,2.8165,2.4913357601653168,3.1416642398346832,2.320240290459709,3.312759709540291,0.565,0.4683030675939679,0.661696932406032,0.40727791825930937,0.7227220817406905,0.733,0.6189746442261224,0.8470253557738776,0.5470135779244537,0.9189864220755463,0.168,0.050508350214283876,0.2854916497857162,-0.011313604797725307,0.34731360479772533
akane-midori,task_strong,known_share,1000,0.14691666666666667,0.14505376363736389,0.14877956969596945,0.14505379786864422,0.1487795354646891,0.14691666666666667,0.14505376363736389,0.14877956969596945,0.14505379786864422,0.1487795354646891,0.0,0.0,0.0,0.0,0.0,0.18075,0.17879454912863232,0.18270545087136766,0.17879458506050097,0.18270541493949902,0.18075,0.17879454912863232,0.18270545087136766,0.17879458506050097,0.18270541493949902,0.0,0.0,0.0,0.0,0.0,0.03383333333333333,0.03236678899484875,0.035299877671817914,0.03144125718080811,0.036225409485858555,0.03383333333333333,0.03236678899484875,0.035299877671817914,0.03144125718080811,0.036225409485858555,0.0,0.0,0.0,0.0,0.0
akane-midori,task_strong,bridge_share,1000,0.7017916666666667,0.6990270395118823,0.7045562938214511,0.6990270903125549,0.7045562430207785,0.7017916666666667,0.6990270395118823,0.7045562938214511,0.6990270903125549,0.7045562430207785,0.0,0.0,0.0,0.0,0.0,0.6678958333333334,0.6650555360074684,0.6707361306591983,0.6650555881985982,0.6707360784680685,0.6678958333333334,0.6650555360074684,0.6707361306591983,0.6650555881985982,0.6707360784680685,0.0,0.0,0.0,0.0,0.0,-0.03389583333333333,-0.03537780106611293,-0.03241386560055374,-0.03631306653888172,-0.031478600127784945,-0.03389583333333333,-0.03537780106611293,-0.03241386560055374,-0.03631306653888172,-0.031478600127784945,0.0,0.0,0.0,0.0,0.0
akane-midori,task_strong,all_formed,1000,0.699,0.6705557057342553,0.7274442942657446,0.6705562284048373,0.7274437715951626,0.451,0.4201434213360125,0.4818565786639875,0.4201439883328865,0.4818560116671135,-0.248,-0.2832156325283868,-0.2127843674716132,-0.301745453616609,-0.19425454638339104,0.679,0.650049189236848,0.7079508107631521,0.6500497212147895,0.7079502787852106,0.435,0.404257287784674,0.465742712215326,0.40425785268922526,0.46574214731077473,-0.244,-0.279322919061298,-0.20867708093870196,-0.29790919235887403,-0.19009080764112596,-0.02,-0.029921864915599457,-0.010078135084400544,-0.036183524650681136,-0.0038164753493188652,-0.016,-0.02555543074155512,-0.006444569258444879,-0.03158583494829718,-0.00041416505170282364,0.004,-0.008399850430174176,0.016399850430174175,-0.014924424702881908,0.022924424702881908
akane-midori,task_strong,task_progress,1000,1.0,1.0,1.0,1.0,1.0,1.0,1.0,1.0,1.0,1.0,0.0,0.0,0.0,0.0,0.0,1.0,1.0,1.0,1.0,1.0,1.0,1.0,1.0,1.0,1.0,0.0,0.0,0.0,0.0,0.0,0.0,0.0,0.0,0.0,0.0,0.0,0.0,0.0,0.0,0.0,0.0,0.0,0.0,0.0,0.0
akane-midori,task_strong,task_complete,1000,1,1.0,1.0,1.0,1.0,1,1.0,1.0,1.0,1.0,0,0.0,0.0,0.0,0.0,1,1.0,1.0,1.0,1.0,1,1.0,1.0,1.0,1.0,0,0.0,0.0,0.0,0.0,0,0.0,0.0,0.0,0.0,0,0.0,0.0,0.0,0.0,0,0.0,0.0,0.0,0.0
akane-midori,task_strong,information_transfers,1000,0,0.0,0.0,0.0,0.0,12,12.0,12.0,12.0,12.0,12,12.0,12.0,12.0,12.0,0,0.0,0.0,0.0,0.0,12,12.0,12.0,12.0,12.0,12,12.0,12.0,12.0,12.0,0,0.0,0.0,0.0,0.0,0,0.0,0.0,0.0,0.0,0,0.0,0.0,0.0,0.0
akane-midori,task_strong,questions,1000,0,0.0,0.0,0.0,0.0,12.642,12.583767258094523,12.700232741905475,12.583768328134822,12.700231671865177,12.642,12.583767258094523,12.700232741905475,12.553126255462658,12.730873744537341,0,0.0,0.0,0.0,0.0,12.642,12.583767258094523,12.700232741905475,12.583768328134822,12.700231671865177,12.642,12.583767258094523,12.700232741905475,12.553126255462658,12.730873744537341,0,0.0,0.0,0.0,0.0,0,0.0,0.0,0.0,0.0,0,0.0,0.0,0.0,0.0
akane-midori,task_strong,changed_topics,1000,0,0.0,0.0,0.0,0.0,27.434,27.197202794554272,27.67079720544573,27.19720714575849,27.670792854241512,27.434,27.197202794554272,27.67079720544573,27.072604440469238,27.795395559530764,0,0.0,0.0,0.0,0.0,23.24,23.027865748214058,23.45213425178594,23.027869646230716,23.45213035376928,23.24,23.027865748214058,23.45213425178594,22.916244588801153,23.563755411198844,0,0.0,0.0,0.0,0.0,-4.194,-4.3272076763081895,-4.06079232369181,-4.411274648620157,-3.9767253513798426,-4.194,-4.3272076763081895,-4.06079232369181,-4.3972991167382,-3.9907008832617996
akane-kurumi,task_weak,bridge_count,1000,3.176,3.1300517482352133,3.221948251764787,3.130052592545122,3.2219474074548784,2.922,2.872861250297527,2.9711387497024733,2.8728621532335836,2.9711378467664167,-0.254,-0.2975622060988674,-0.2104377939011326,-0.32048384138596897,-0.18751615861403104,3.131,3.084435935373783,3.1775640646262167,3.0844367909993973,3.1775632090006023,2.853,2.8031821730554065,2.902817826944594,2.8031830884696674,2.902816911530333,-0.278,-0.3238515708798745,-0.23214842912012557,-0.34797782799972443,-0.20802217200027562,-0.045,-0.07667909602758774,-0.013320903972412264,-0.09667168025717734,0.006671680257177341,-0.069,-0.10002064510649034,-0.037979354893509676,-0.11959768289846612,-0.0184023171015339,-0.024,-0.05318002591349624,0.005180025913496242,-0.06853402130434777,0.020534021304347762
akane-kurumi,task_weak,bridge_rate,1000,0.794,0.7825129370588033,0.8054870629411968,0.7825131481362805,0.8054868518637196,0.7305,0.7182153125743818,0.7427846874256183,0.7182155383083959,0.7427844616916042,-0.0635,-0.07439055152471685,-0.05260944847528315,-0.08012096034649224,-0.04687903965350776,0.78275,0.7711089838434457,0.7943910161565542,0.7711091977498493,0.7943908022501506,0.71325,0.7007955432638516,0.7257044567361485,0.7007957721174168,0.7257042278825833,-0.0695,-0.08096289271996862,-0.05803710728003139,-0.08699445699993111,-0.052005543000068905,-0.01125,-0.019169774006896935,-0.003330225993103066,-0.024167920064294336,0.0016679200642943353,-0.01725,-0.025005161276622584,-0.009494838723377419,-0.02989942072461653,-0.004600579275383475,-0.006,-0.01329500647837406,0.0012950064783740604,-0.017133505326086942,0.0051335053260869404
akane-kurumi,task_weak,unformed_turns,1000,25.05225,24.647764946814906,25.456735053185096,24.647772379322674,25.456727620677327,26.382,25.95380592048543,26.810194079514574,25.953813788652123,26.81018621134788,1.32975,1.0877717911930138,1.5717282088069862,0.9604472879961001,1.6990527120038998,26.107,25.707397299508823,26.506602700491175,25.70740464230222,26.50659535769778,27.5495,27.129467494561162,27.969532505438835,27.12947521275702,27.969524787242978,1.4425,1.190674691708923,1.6943253082910767,1.0581688250498866,1.8268311749501132,1.05475,0.7919012881728176,1.3175987118271826,0.6260182400496093,1.4834817599503909,1.1675,0.9041816948257493,1.4308183051742507,0.7380022877238397,1.5969977122761603,0.11275,-0.042690659798582345,0.26819065979858236,-0.12448068908688721,0.34998068908688723
akane-kurumi,task_weak,known_share,1000,0.22635416666666666,0.22393350781128135,0.22877482552205197,0.22393355229145587,0.22877478104187746,0.22635416666666666,0.22393350781128135,0.22877482552205197,0.22393355229145587,0.22877478104187746,0.0,0.0,0.0,0.0,0.0,0.25727083333333334,0.25482533397060486,0.2597163326960618,0.25482537890722956,0.2597162877594371,0.25727083333333334,0.25482533397060486,0.2597163326960618,0.25482537890722956,0.2597162877594371,0.0,0.0,0.0,0.0,0.0,0.030916666666666665,0.02944948514739259,0.03238384818594074,0.028523551210431767,0.03330978212290156,0.030916666666666665,0.02944948514739259,0.03238384818594074,0.028523551210431767,0.03330978212290156,0.0,0.0,0.0,0.0,0.0
akane-kurumi,task_weak,bridge_share,1000,0.5506458333333334,0.5471207335759042,0.5541709330907626,0.5471207983504395,0.5541708683162273,0.5506458333333334,0.5471207335759042,0.5541709330907626,0.5471207983504395,0.5541708683162273,0.0,0.0,0.0,0.0,0.0,0.5184375,0.5148699170191279,0.5220050829808721,0.5148699825743023,0.5220050174256977,0.5184375,0.5148699170191279,0.5220050829808721,0.5148699825743023,0.5220050174256977,0.0,0.0,0.0,0.0,0.0,-0.03220833333333333,-0.03388875155255812,-0.03052791511410854,-0.03494925854302059,-0.029467408123646073,-0.03220833333333333,-0.03388875155255812,-0.03052791511410854,-0.03494925854302059,-0.029467408123646073,0.0,0.0,0.0,0.0,0.0
akane-kurumi,task_weak,all_formed,1000,0.361,0.3312163885683769,0.3907836114316231,0.3312169358492262,0.3907830641507738,0.24,0.21351586797251512,0.26648413202748483,0.21351635462465607,0.2664836453753439,-0.121,-0.1498443535398374,-0.09215564646016258,-0.16502172427335407,-0.07697827572664592,0.34,0.31062453476184665,0.3693754652381534,0.3106250745429138,0.3693749254570862,0.223,0.1971871315468858,0.2488128684531142,0.19718760586440107,0.24881239413559894,-0.117,-0.14630409984742523,-0.08769590015257477,-0.1617233806706927,-0.07227661932930732,-0.021,-0.043406639906775665,0.0014066399067756662,-0.05754740437960611,0.0155474043796061,-0.017,-0.035260405801077366,0.0012604058010773633,-0.04678449413764488,0.012784494137644872,0.004,-0.016565443634210076,0.024565443634210076,-0.027386603550467497,0.035386603550467494
akane-kurumi,task_weak,task_progress,1000,1.0,1.0,1.0,1.0,1.0,0.48375,0.4815395130306807,0.4859604869693193,0.4815395536488975,0.4859604463511025,-0.51625,-0.5184604869693192,-0.5140395130306807,-0.5196236047416982,-0.5128763952583018,1.0,1.0,1.0,1.0,1.0,0.48375,0.4815395130306807,0.4859604869693193,0.4815395536488975,0.4859604463511025,-0.51625,-0.5184604869693192,-0.5140395130306807,-0.5196236047416982,-0.5128763952583018,0.0,0.0,0.0,0.0,0.0,0.0,0.0,0.0,0.0,0.0,0.0,0.0,0.0,0.0,0.0
akane-kurumi,task_weak,task_complete,1000,1,1.0,1.0,1.0,1.0,0,0.0,0.0,0.0,0.0,-1,-1.0,-1.0,-1.0,-1.0,1,1.0,1.0,1.0,1.0,0,0.0,0.0,0.0,0.0,-1,-1.0,-1.0,-1.0,-1.0,0,0.0,0.0,0.0,0.0,0,0.0,0.0,0.0,0.0,0,0.0,0.0,0.0,0.0
akane-kurumi,task_weak,information_transfers,1000,0,0.0,0.0,0.0,0.0,5.805,5.778474156368168,5.831525843631831,5.77847464378677,5.83152535621323,5.805,5.778474156368168,5.831525843631831,5.7645167430996205,5.845483256900379,0,0.0,0.0,0.0,0.0,5.805,5.778474156368168,5.831525843631831,5.77847464378677,5.83152535621323,5.805,5.778474156368168,5.831525843631831,5.7645167430996205,5.845483256900379,0,0.0,0.0,0.0,0.0,0,0.0,0.0,0.0,0.0,0,0.0,0.0,0.0,0.0
akane-kurumi,task_weak,questions,1000,0,0.0,0.0,0.0,0.0,6,6.0,6.0,6.0,6.0,6,6.0,6.0,6.0,6.0,0,0.0,0.0,0.0,0.0,6,6.0,6.0,6.0,6.0,6,6.0,6.0,6.0,6.0,0,0.0,0.0,0.0,0.0,0,0.0,0.0,0.0,0.0,0,0.0,0.0,0.0,0.0
akane-kurumi,task_weak,changed_topics,1000,0,0.0,0.0,0.0,0.0,10.437,10.280809010776181,10.593190989223817,10.280811880822261,10.593188119177738,10.437,10.280809010776181,10.593190989223817,10.198624171881784,10.675375828118215,0,0.0,0.0,0.0,0.0,10.11,9.959145892990605,10.260854107009393,9.959148664970222,10.260851335029777,10.11,9.959145892990605,10.260854107009393,9.879769223806704,10.340230776193295,0,0.0,0.0,0.0,0.0,-0.327,-0.40742581840345715,-0.24657418159654287,-0.4581823155984699,-0.19581768440153016,-0.327,-0.40742581840345715,-0.24657418159654287,-0.4497444115648498,-0.20425558843515024
akane-kurumi,task_medium,bridge_count,1000,3.345,3.302942791714514,3.387057208285486,3.302943564525586,3.3870564354744146,2.765,2.7141740802924916,2.8158259197075086,2.714175014230693,2.815824985769307,-0.58,-0.6348934518048469,-0.525106548195153,-0.6637773811234198,-0.4962226188765802,3.33,3.2881662549821056,3.3718337450178946,3.288167023686987,3.371832976313013,2.714,2.663233545334352,2.764766454665648,2.6632344781798696,2.7647655218201304,-0.616,-0.6706457462936319,-0.561354253706368,-0.6993993375073395,-0.5326006624926605,-0.015,-0.04001884054832243,0.010018840548322427,-0.05580815715487636,0.02580815715487636,-0.051,-0.08037539978472655,-0.02162460021527345,-0.09891412809826719,-0.0030858719017328035,-0.036,-0.06617005665753246,-0.005829943342467534,-0.08204498809983905,0.010044988099839058
akane-kurumi,task_medium,bridge_rate,1000,0.83625,0.8257356979286286,0.8467643020713715,0.8257358911313964,0.8467641088686036,0.69125,0.6785435200731229,0.7039564799268772,0.6785437535576733,0.7039562464423268,-0.145,-0.15872336295121173,-0.13127663704878825,-0.16594434528085494,-0.12405565471914505,0.8325,0.8220415637455264,0.8429584362544736,0.8220417559217468,0.8429582440782533,0.6785,0.665808386333588,0.691191613666412,0.6658086195449674,0.6911913804550326,-0.154,-0.16766143657340798,-0.140338563426592,-0.17484983437683488,-0.13315016562316512,-0.00375,-0.010004710137080607,0.0025047101370806067,-0.01395203928871909,0.00645203928871909,-0.01275,-0.020093849946181637,-0.005406150053818362,-0.024728532024566797,-0.0007714679754332009,-0.009,-0.016542514164383116,-0.0014574858356168835,-0.020511247024959763,0.0025112470249597646
akane-kurumi,task_medium,unformed_turns,1000,24.5655,24.18578070246494,24.94521929753506,24.185787679896137,24.945212320103863,28.30075,27.873803074145513,28.727696925854488,27.873810919395467,28.727689080604534,3.73525,3.3219719959633465,4.148528004036654,3.104512676772536,4.365987323227465,25.3545,24.974895307602647,25.734104692397356,24.97490228292795,25.734097717072054,29.0875,28.660085056550564,29.514914943449433,28.66009291040045,29.514907089599546,3.733,3.319552260847141,4.146447739152859,3.1020036301457923,4.363996369854208,0.789,0.5430993178702591,1.034900682129741,0.3879121213886701,1.19008787861133,0.78675,0.5633189672281276,1.0101810327718723,0.42231230029843364,1.1511876997015662,-0.00225,-0.2176473092978479,0.2131473092978479,-0.33098542983157014,0.3264854298315702
akane-kurumi,task_medium,known_share,1000,0.21879166666666666,0.21636026828627003,0.2212230650470633,0.21636031296378586,0.22122302036954747,0.21879166666666666,0.21636026828627003,0.2212230650470633,0.21636031296378586,0.22122302036954747,0.0,0.0,0.0,0.0,0.0,0.246125,0.24359555997904728,0.24865444002095274,0.24359560645810124,0.24865439354189878,0.246125,0.24359555997904728,0.24865444002095274,0.24359560645810124,0.24865439354189878,0.0,0.0,0.0,0.0,0.0,0.02733333333333333,0.025916552082201737,0.028750114584464925,0.02502242560607108,0.029644241060595582,0.02733333333333333,0.025916552082201737,0.028750114584464925,0.02502242560607108,0.029644241060595582,0.0,0.0,0.0,0.0,0.0
akane-kurumi,task_medium,bridge_share,1000,0.5650416666666667,0.5617133718096884,0.5683699615236449,0.5617134329678873,0.568369900365446,0.5650416666666667,0.5617133718096884,0.5683699615236449,0.5617134329678873,0.568369900365446,0.0,0.0,0.0,0.0,0.0,0.5364375,0.5330611892625643,0.5398138107374357,0.5330612513030665,0.5398137486969335,0.5364375,0.5330611892625643,0.5398138107374357,0.5330612513030665,0.5398137486969335,0.0,0.0,0.0,0.0,0.0,-0.028604166666666667,-0.030173648486758974,-0.02703468484657436,-0.03116414384236128,-0.026044189490972054,-0.028604166666666667,-0.030173648486758974,-0.02703468484657436,-0.03116414384236128,-0.026044189490972054,0.0,0.0,0.0,0.0,0.0
akane-kurumi,task_medium,all_formed,1000,0.458,0.42710375434465225,0.4888962456553478,0.4271043220704165,0.48889567792958355,0.189,0.16472190220728913,0.21327809779271087,0.16472234832303334,0.21327765167696666,-0.269,-0.30220022043657296,-0.23579977956342704,-0.3196695685814156,-0.2183304314185844,0.442,0.41120348586474625,0.47279651413525375,0.4112040517579204,0.4727959482420796,0.162,0.1391517551682434,0.1848482448317566,0.1391521750101039,0.1848478249898961,-0.28,-0.3132558282126624,-0.24674417178733765,-0.3307544361511839,-0.22924556384881617,-0.016,-0.035187973544090805,0.003187973544090804,-0.047297447152217106,0.015297447152217106,-0.027,-0.04320285178621362,-0.010797148213786377,-0.053428423842099684,-0.0005715761579003151,-0.011,-0.03220027872972943,0.010200278729729433,-0.043355477250320185,0.02135547725032019
akane-kurumi,task_medium,task_progress,1000,1.0,1.0,1.0,1.0,1.0,0.9515,0.9476353944547387,0.9553646055452614,0.9476354654677724,0.9553645345322276,-0.04850000000000001,-0.05236460554526137,-0.044635394454738644,-0.054398090227739254,-0.04260190977226076,1.0,1.0,1.0,1.0,1.0,0.9515,0.9476353944547387,0.9553646055452614,0.9476354654677724,0.9553645345322276,-0.04850000000000001,-0.05236460554526137,-0.044635394454738644,-0.054398090227739254,-0.04260190977226076,0.0,0.0,0.0,0.0,0.0,0.0,0.0,0.0,0.0,0.0,0.0,0.0,0.0,0.0,0.0
akane-kurumi,task_medium,task_complete,1000,1,1.0,1.0,1.0,1.0,0.555,0.5241823283019484,0.5858176716980517,0.5241828945838978,0.5858171054161023,-0.445,-0.47581767169805156,-0.41418232830194845,-0.49203336631776773,-0.3979666336822323,1,1.0,1.0,1.0,1.0,0.555,0.5241823283019484,0.5858176716980517,0.5241828945838978,0.5858171054161023,-0.445,-0.47581767169805156,-0.41418232830194845,-0.49203336631776773,-0.3979666336822323,0,0.0,0.0,0.0,0.0,0,0.0,0.0,0.0,0.0,0,0.0,0.0,0.0,0.0
akane-kurumi,task_medium,information_transfers,1000,0,0.0,0.0,0.0,0.0,11.418,11.371624733456862,11.464375266543136,11.371625585613268,11.46437441438673,11.418,11.371624733456862,11.464375266543136,11.347222917267128,11.48877708273287,0,0.0,0.0,0.0,0.0,11.418,11.371624733456862,11.464375266543136,11.371625585613268,11.46437441438673,11.418,11.371624733456862,11.464375266543136,11.347222917267128,11.48877708273287,0,0.0,0.0,0.0,0.0,0,0.0,0.0,0.0,0.0,0,0.0,0.0,0.0,0.0
akane-kurumi,task_medium,questions,1000,0,0.0,0.0,0.0,0.0,12,12.0,12.0,12.0,12.0,12,12.0,12.0,12.0,12.0,0,0.0,0.0,0.0,0.0,12,12.0,12.0,12.0,12.0,12,12.0,12.0,12.0,12.0,0,0.0,0.0,0.0,0.0,0,0.0,0.0,0.0,0.0,0,0.0,0.0,0.0,0.0
akane-kurumi,task_medium,changed_topics,1000,0,0.0,0.0,0.0,0.0,19.899,19.68866437078965,20.109335629210353,19.688668235756193,20.10933176424381,19.899,19.68866437078965,20.109335629210353,19.57798961364579,20.22001038635421,0,0.0,0.0,0.0,0.0,19.434,19.229308513623565,19.638691486376437,19.22931227487766,19.63868772512234,19.434,19.229308513623565,19.638691486376437,19.121603601102677,19.746396398897325,0,0.0,0.0,0.0,0.0,-0.465,-0.5663805230330287,-0.3636194769669714,-0.6303614726223914,-0.2996385273776086,-0.465,-0.5663805230330287,-0.3636194769669714,-0.619725098119622,-0.3102749018803781
akane-kurumi,task_strong,bridge_count,1000,3.494,3.4555745837366074,3.532425416263393,3.455575289812648,3.5324247101873523,2.87,2.8185976112854125,2.9214023887145877,2.8185985558163673,2.921401444183633,-0.624,-0.6802437171079057,-0.5677562828920943,-0.7098381313075081,-0.5381618686924919,3.49,3.4514778323896826,3.528522167610318,3.4514785402435524,3.528521459756448,2.843,2.7917005415619616,2.8942994584380384,2.7917014842015484,2.8942985157984515,-0.647,-0.7039829757482454,-0.5900170242517546,-0.7339663743096189,-0.5600336256903812,-0.004,-0.016085751933570366,0.008085751933570366,-0.023713034394515952,0.015713034394515952,-0.027,-0.044348972893530625,-0.009651027106469371,-0.05529785860569625,0.0012978586056962456,-0.023,-0.042850608057191604,-0.0031493919428083952,-0.05329563458044604,0.007295634580446041
akane-kurumi,task_strong,bridge_rate,1000,0.8735,0.8638936459341519,0.8831063540658483,0.863893822453162,0.8831061775468381,0.7175,0.7046494028213531,0.7303505971786469,0.7046496389540918,0.7303503610459082,-0.156,-0.1700609292769764,-0.14193907072302359,-0.17745953282687701,-0.13454046717312299,0.8725,0.8628694580974207,0.8821305419025794,0.8628696350608881,0.882130364939112,0.71075,0.6979251353904904,0.7235748646095096,0.6979253710503871,0.7235746289496129,-0.16175,-0.17599574393706136,-0.14750425606293865,-0.18349159357740472,-0.1400084064225953,-0.001,-0.004021437983392591,0.0020214379833925914,-0.005928258598628988,0.003928258598628988,-0.00675,-0.011087243223382656,-0.0024127567766173428,-0.013824464651424062,0.0003244646514240614,-0.00575,-0.010712652014297901,-0.0007873479857020988,-0.01332390864511151,0.0018239086451115102
akane-kurumi,task_strong,unformed_turns,1000,21.5625,21.189521187002605,21.935478812997395,21.18952804057582,21.93547195942418,26.85575,26.420053002626112,27.29144699737389,26.420061008660685,27.291438991339316,5.29325,4.803565714928336,5.782934285071663,4.54590280954739,6.040597190452609,21.942,21.570752572385867,22.313247427614133,21.57075939414447,22.31324060585553,27.41475,26.97673171150858,27.852768288491422,26.97673976019742,27.85276023980258,5.47275,4.979914556016162,5.965585443983837,4.720593568508873,6.224906431491126,0.3795,0.2430816897811626,0.5159183102188374,0.1569884958613211,0.6020115041386789,0.559,0.4080010580471808,0.7099989419528193,0.3127060703700805,0.8052939296299195,0.1795,0.015176077093932427,0.34382392290606756,-0.07128816260160054,0.4302881626016005
akane-kurumi,task_strong,known_share,1000,0.20220833333333332,0.20019711445781177,0.20421955220885488,0.2001971514144306,0.20421951525223606,0.20220833333333332,0.20019711445781177,0.20421955220885488,0.2001971514144306,0.20421951525223606,0.0,0.0,0.0,0.0,0.0,0.22045833333333334,0.2184356486004774,0.22248101806618928,0.21843568576778402,0.22248098089888266,0.22045833333333334,0.2184356486004774,0.22248101806618928,0.21843568576778402,0.22248098089888266,0.0,0.0,0.0,0.0,0.0,0.01825,0.017112955232131348,0.01938704476786865,0.016395369626953992,0.020104630373046006,0.01825,0.017112955232131348,0.01938704476786865,0.016395369626953992,0.020104630373046006,0.0,0.0,0.0,0.0,0.0
akane-kurumi,task_strong,bridge_share,1000,0.598375,0.5954998943871463,0.6012501056128536,0.5954999472178866,0.6012500527821134,0.598375,0.5954998943871463,0.6012501056128536,0.5954999472178866,0.6012500527821134,0.0,0.0,0.0,0.0,0.0,0.5801666666666667,0.5773602490823726,0.5829730842509608,0.5773603006509543,0.5829730326823791,0.5801666666666667,0.5773602490823726,0.5829730842509608,0.5773603006509543,0.5829730326823791,0.0,0.0,0.0,0.0,0.0,-0.018208333333333333,-0.019413432160246324,-0.017003234506420342,-0.020173966481713587,-0.01624270018495308,-0.018208333333333333,-0.019413432160246324,-0.017003234506420342,-0.020173966481713587,-0.01624270018495308,0.0,0.0,0.0,0.0,0.0
akane-kurumi,task_strong,all_formed,1000,0.558,0.5272034858647463,0.5887965141352538,0.5272040517579205,0.5887959482420796,0.248,0.22122015321564004,0.27477984678435996,0.22122064530160904,0.27477935469839093,-0.31,-0.3462595890461792,-0.2737404109538208,-0.3653387209407026,-0.2546612790592974,0.554,0.5231755285131693,0.5848244714868308,0.5231760949200663,0.5848239050799338,0.233,0.20678505386232884,0.2592149461376712,0.20678553556811588,0.2592144644318841,-0.321,-0.3571565179212295,-0.2848434820787705,-0.3761814156768903,-0.26581858432310973,-0.004,-0.014373569556586844,0.006373569556586843,-0.020920298760632297,0.012920298760632297,-0.015,-0.02393807189102488,-0.006061928108975118,-0.0295788627448998,-0.00042113725510019816,-0.011,-0.02384090554654364,0.0018409055465436423,-0.030597554946392238,0.00859755494639224
akane-kurumi,task_strong,task_progress,1000,1.0,1.0,1.0,1.0,1.0,1.0,1.0,1.0,1.0,1.0,0.0,0.0,0.0,0.0,0.0,1.0,1.0,1.0,1.0,1.0,1.0,1.0,1.0,1.0,1.0,0.0,0.0,0.0,0.0,0.0,0.0,0.0,0.0,0.0,0.0,0.0,0.0,0.0,0.0,0.0,0.0,0.0,0.0,0.0,0.0
akane-kurumi,task_strong,task_complete,1000,1,1.0,1.0,1.0,1.0,1,1.0,1.0,1.0,1.0,0,0.0,0.0,0.0,0.0,1,1.0,1.0,1.0,1.0,1,1.0,1.0,1.0,1.0,0,0.0,0.0,0.0,0.0,0,0.0,0.0,0.0,0.0,0,0.0,0.0,0.0,0.0,0,0.0,0.0,0.0,0.0
akane-kurumi,task_strong,information_transfers,1000,0,0.0,0.0,0.0,0.0,12,12.0,12.0,12.0,12.0,12,12.0,12.0,12.0,12.0,0,0.0,0.0,0.0,0.0,12,12.0,12.0,12.0,12.0,12,12.0,12.0,12.0,12.0,0,0.0,0.0,0.0,0.0,0,0.0,0.0,0.0,0.0,0,0.0,0.0,0.0,0.0
akane-kurumi,task_strong,questions,1000,0,0.0,0.0,0.0,0.0,12.642,12.583767258094523,12.700232741905475,12.583768328134822,12.700231671865177,12.642,12.583767258094523,12.700232741905475,12.553126255462658,12.730873744537341,0,0.0,0.0,0.0,0.0,12.642,12.583767258094523,12.700232741905475,12.583768328134822,12.700231671865177,12.642,12.583767258094523,12.700232741905475,12.553126255462658,12.730873744537341,0,0.0,0.0,0.0,0.0,0,0.0,0.0,0.0,0.0,0,0.0,0.0,0.0,0.0
akane-kurumi,task_strong,changed_topics,1000,0,0.0,0.0,0.0,0.0,27.434,27.197202794554272,27.67079720544573,27.19720714575849,27.670792854241512,27.434,27.197202794554272,27.67079720544573,27.072604440469238,27.795395559530764,0,0.0,0.0,0.0,0.0,26.817,26.585891028269316,27.048108971730684,26.585895274950904,27.048104725049097,26.817,26.585891028269316,27.048108971730684,26.46428571862166,27.16971428137834,0,0.0,0.0,0.0,0.0,-0.617,-0.6857829472429863,-0.5482170527570137,-0.7291916627289734,-0.5048083372710266,-0.617,-0.6857829472429863,-0.5482170527570137,-0.7219752747641738,-0.5120247252358262
koharu-midori,task_weak,bridge_count,1000,3.176,3.1300517482352133,3.221948251764787,3.130052592545122,3.2219474074548784,2.922,2.872861250297527,2.9711387497024733,2.8728621532335836,2.9711378467664167,-0.254,-0.2975622060988674,-0.2104377939011326,-0.32048384138596897,-0.18751615861403104,3.068,3.0205549636624327,3.1154450363375674,3.0205558354761095,3.1154441645238906,2.83,2.7801162576810063,2.879883742318994,2.780117174306478,2.8798828256935223,-0.238,-0.28225721082840977,-0.19374278917159024,-0.30554454487964705,-0.17045545512035293,-0.108,-0.13139541243327252,-0.08460458756672747,-0.14616018833631161,-0.06983981166368837,-0.092,-0.11361851192051982,-0.07038148807948018,-0.1272618911417258,-0.0567381088582742,0.016,-0.0019452774674392666,0.033945277467439264,-0.011387753918262983,0.04338775391826298
koharu-midori,task_weak,bridge_rate,1000,0.794,0.7825129370588033,0.8054870629411968,0.7825131481362805,0.8054868518637196,0.7305,0.7182153125743818,0.7427846874256183,0.7182155383083959,0.7427844616916042,-0.0635,-0.07439055152471685,-0.05260944847528315,-0.08012096034649224,-0.04687903965350776,0.767,0.7551387409156082,0.7788612590843919,0.7551389588690274,0.7788610411309727,0.7075,0.6950290644202516,0.7199709355797485,0.6950292935766195,0.7199707064233806,-0.0595,-0.07056430270710244,-0.04843569729289756,-0.07638613621991176,-0.04261386378008823,-0.027,-0.03284885310831813,-0.021151146891681866,-0.036540047084077903,-0.017459952915922092,-0.023,-0.028404627980129955,-0.017595372019870045,-0.03181547278543145,-0.01418452721456855,0.004,-0.00048631936685981664,0.008486319366859816,-0.002846938479565746,0.010846938479565745
koharu-midori,task_weak,unformed_turns,1000,25.05225,24.647764946814906,25.456735053185096,24.647772379322674,25.456727620677327,26.382,25.95380592048543,26.810194079514574,25.953813788652123,26.81018621134788,1.32975,1.0877717911930138,1.5717282088069862,0.9604472879961001,1.6990527120038998,26.278,25.868519513218693,26.687480486781304,25.868527037518728,26.68747296248127,27.52625,27.097715701906907,27.954784298093095,27.097723576325194,27.954776423674808,1.24825,1.0007936984915191,1.495706301508481,0.8705867232111758,1.6259132767888245,1.22575,1.0375701725833861,1.4139298274166137,0.918810437562539,1.5326895624374608,1.14425,0.957651276717576,1.330848723282424,0.8398893718605385,1.4486106281394615,-0.0815,-0.17865729963967336,0.015657299639673355,-0.2297796918979052,0.06677969189790521
koharu-midori,task_weak,known_share,1000,0.223,0.22050477990260467,0.22549522009739534,0.2205048257528595,0.2254951742471405,0.223,0.22050477990260467,0.22549522009739534,0.2205048257528595,0.2254951742471405,0.0,0.0,0.0,0.0,0.0,0.2544375,0.2519411941943515,0.25693380580564845,0.2519412400645565,0.2569337599354435,0.2544375,0.2519411941943515,0.25693380580564845,0.2519412400645565,0.2569337599354435,0.0,0.0,0.0,0.0,0.0,0.0314375,0.02995550523805019,0.03291949476194981,0.029020222707251655,0.03385477729274834,0.0314375,0.02995550523805019,0.03291949476194981,0.029020222707251655,0.03385477729274834,0.0,0.0,0.0,0.0,0.0
koharu-midori,task_weak,bridge_share,1000,0.5506458333333334,0.5471207335759042,0.5541709330907626,0.5471207983504395,0.5541708683162273,0.5506458333333334,0.5471207335759042,0.5541709330907626,0.5471207983504395,0.5541708683162273,0.0,0.0,0.0,0.0,0.0,0.5185416666666667,0.5150645576030597,0.5220187757302737,0.5150646214957547,0.5220187118375786,0.5185416666666667,0.5150645576030597,0.5220187757302737,0.5150646214957547,0.5220187118375786,0.0,0.0,0.0,0.0,0.0,-0.03210416666666667,-0.03364057189978256,-0.030567761433550777,-0.034610192718732134,-0.029598140614601205,-0.03210416666666667,-0.03364057189978256,-0.030567761433550777,-0.034610192718732134,-0.029598140614601205,0.0,0.0,0.0,0.0,0.0
koharu-midori,task_weak,all_formed,1000,0.361,0.3312163885683769,0.3907836114316231,0.3312169358492262,0.3907830641507738,0.24,0.21351586797251512,0.26648413202748483,0.21351635462465607,0.2664836453753439,-0.121,-0.1498443535398374,-0.09215564646016258,-0.16502172427335407,-0.07697827572664592,0.303,0.274502219927351,0.33149778007264896,0.27450274358074733,0.33149725641925265,0.205,0.1799657939716181,0.23003420602838187,0.17996625398102858,0.2300337460189714,-0.098,-0.12575989707267457,-0.07024010292732545,-0.14036664666802778,-0.055633353331972224,-0.058,-0.07471280273848092,-0.04128719726151908,-0.08526020333888368,-0.03073979666111632,-0.035,-0.04911020687084133,-0.02088979312915867,-0.05801511688205387,-0.011984883117946134,0.023,0.009347432981809383,0.03665256701819061,0.002163702175948898,0.0438362978240511
koharu-midori,task_weak,task_progress,1000,1.0,1.0,1.0,1.0,1.0,0.48375,0.4815395130306807,0.4859604869693193,0.4815395536488975,0.4859604463511025,-0.51625,-0.5184604869693192,-0.5140395130306807,-0.5196236047416982,-0.5128763952583018,1.0,1.0,1.0,1.0,1.0,0.48375,0.4815395130306807,0.4859604869693193,0.4815395536488975,0.4859604463511025,-0.51625,-0.5184604869693192,-0.5140395130306807,-0.5196236047416982,-0.5128763952583018,0.0,0.0,0.0,0.0,0.0,0.0,0.0,0.0,0.0,0.0,0.0,0.0,0.0,0.0,0.0
koharu-midori,task_weak,task_complete,1000,1,1.0,1.0,1.0,1.0,0,0.0,0.0,0.0,0.0,-1,-1.0,-1.0,-1.0,-1.0,1,1.0,1.0,1.0,1.0,0,0.0,0.0,0.0,0.0,-1,-1.0,-1.0,-1.0,-1.0,0,0.0,0.0,0.0,0.0,0,0.0,0.0,0.0,0.0,0,0.0,0.0,0.0,0.0
koharu-midori,task_weak,information_transfers,1000,0,0.0,0.0,0.0,0.0,5.805,5.778474156368168,5.831525843631831,5.77847464378677,5.83152535621323,5.805,5.778474156368168,5.831525843631831,5.7645167430996205,5.845483256900379,0,0.0,0.0,0.0,0.0,5.805,5.778474156368168,5.831525843631831,5.77847464378677,5.83152535621323,5.805,5.778474156368168,5.831525843631831,5.7645167430996205,5.845483256900379,0,0.0,0.0,0.0,0.0,0,0.0,0.0,0.0,0.0,0,0.0,0.0,0.0,0.0
koharu-midori,task_weak,questions,1000,0,0.0,0.0,0.0,0.0,6,6.0,6.0,6.0,6.0,6,6.0,6.0,6.0,6.0,0,0.0,0.0,0.0,0.0,6,6.0,6.0,6.0,6.0,6,6.0,6.0,6.0,6.0,0,0.0,0.0,0.0,0.0,0,0.0,0.0,0.0,0.0,0,0.0,0.0,0.0,0.0
koharu-midori,task_weak,changed_topics,1000,0,0.0,0.0,0.0,0.0,10.437,10.280809010776181,10.593190989223817,10.280811880822261,10.593188119177738,10.437,10.280809010776181,10.593190989223817,10.198624171881784,10.675375828118215,0,0.0,0.0,0.0,0.0,10.39,10.240400173970864,10.539599826029137,10.240402922902772,10.539597077097229,10.39,10.240400173970864,10.539599826029137,10.16168348447467,10.618316515525331,0,0.0,0.0,0.0,0.0,-0.047,-0.11444151736033127,0.02044151736033127,-0.15700366039697472,0.06300366039697472,-0.047,-0.11444151736033127,0.02044151736033127,-0.14992800903694165,0.055928009036941645
koharu-midori,task_medium,bridge_count,1000,3.345,3.302942791714514,3.387057208285486,3.302943564525586,3.3870564354744146,2.765,2.7141740802924916,2.8158259197075086,2.714175014230693,2.815824985769307,-0.58,-0.6348934518048469,-0.525106548195153,-0.6637773811234198,-0.4962226188765802,3.302,3.2589121167927773,3.345087883207223,3.2589129085427424,3.3450870914572577,2.704,2.65232586923624,2.75567413076376,2.652326818760519,2.7556731812394815,-0.598,-0.6542359222610651,-0.5417640777389349,-0.6838262349549725,-0.5121737650450274,-0.043,-0.062128459937474824,-0.02387154006252517,-0.07420037468369294,-0.011799625316307061,-0.061,-0.07952882953464475,-0.04247117046535524,-0.09122231929914107,-0.030777680700858928,-0.018,-0.03980801024648766,0.003808010246487664,-0.05128298596449568,0.015282985964495687
koharu-midori,task_medium,bridge_rate,1000,0.83625,0.8257356979286286,0.8467643020713715,0.8257358911313964,0.8467641088686036,0.69125,0.6785435200731229,0.7039564799268772,0.6785437535576733,0.7039562464423268,-0.145,-0.15872336295121173,-0.13127663704878825,-0.16594434528085494,-0.12405565471914505,0.8255,0.8147280291981943,0.8362719708018057,0.8147282271356856,0.8362717728643144,0.676,0.66308146730906,0.68891853269094,0.6630817046901297,0.6889182953098704,-0.1495,-0.16355898056526627,-0.13544101943473372,-0.17095655873874313,-0.12804344126125686,-0.01075,-0.015532114984368706,-0.005967885015631292,-0.018550093670923234,-0.0029499063290767654,-0.01525,-0.01988220738366119,-0.01061779261633881,-0.022805579824785267,-0.007694420175214732,-0.0045,-0.009952002561621915,0.000952002561621916,-0.01282074649112392,0.0038207464911239218
koharu-midori,task_medium,unformed_turns,1000,24.5655,24.18578070246494,24.94521929753506,24.185787679896137,24.945212320103863,28.30075,27.873803074145513,28.727696925854488,27.873810919395467,28.727689080604534,3.73525,3.3219719959633465,4.148528004036654,3.104512676772536,4.365987323227465,25.35175,24.960715815677954,25.742784184322044,24.960723001022853,25.742776998977146,29.05725,28.628713855616656,29.485786144383344,28.62872173006887,29.485778269931128,3.7055,3.2888353385374374,4.122164661462562,3.0695940222140012,4.341405977785998,0.78625,0.6259151083669716,0.9465848916330284,0.5247282303347219,1.0477717696652782,0.7565,0.6115570203157126,0.9014429796842873,0.520083932595587,0.9929160674044128,-0.02975,-0.17188799863004456,0.11238799863004456,-0.24667841116429715,0.18717841116429715
koharu-midori,task_medium,known_share,1000,0.21616666666666667,0.2137364259142804,0.21859690741905294,0.21373647057052453,0.21859686276280882,0.21616666666666667,0.2137364259142804,0.21859690741905294,0.21373647057052453,0.21859686276280882,0.0,0.0,0.0,0.0,0.0,0.24297916666666666,0.24056242178641288,0.24539591154692045,0.24056246619466717,0.24539586713866615,0.24297916666666666,0.24056242178641288,0.24539591154692045,0.24056246619466717,0.24539586713866615,0.0,0.0,0.0,0.0,0.0,0.0268125,0.025371206603866835,0.028253793396133164,0.024461610585197305,0.029163389414802694,0.0268125,0.025371206603866835,0.028253793396133164,0.024461610585197305,0.029163389414802694,0.0,0.0,0.0,0.0,0.0
koharu-midori,task_medium,bridge_share,1000,0.5650416666666667,0.5617133718096884,0.5683699615236449,0.5617134329678873,0.568369900365446,0.5650416666666667,0.5617133718096884,0.5683699615236449,0.5617134329678873,0.568369900365446,0.0,0.0,0.0,0.0,0.0,0.537875,0.5345714290330141,0.5411785709669859,0.5345714897369059,0.541178510263094,0.537875,0.5345714290330141,0.5411785709669859,0.5345714897369059,0.541178510263094,0.0,0.0,0.0,0.0,0.0,-0.027166666666666665,-0.028646218365251185,-0.025687114968082146,-0.029579959085953053,-0.024753374247380278,-0.027166666666666665,-0.028646218365251185,-0.025687114968082146,-0.029579959085953053,-0.024753374247380278,0.0,0.0,0.0,0.0,0.0
koharu-midori,task_medium,all_formed,1000,0.458,0.42710375434465225,0.4888962456553478,0.4271043220704165,0.48889567792958355,0.189,0.16472190220728913,0.21327809779271087,0.16472234832303334,0.21327765167696666,-0.269,-0.30220022043657296,-0.23579977956342704,-0.3196695685814156,-0.2183304314185844,0.432,0.4012822523348208,0.4627177476651792,0.4012828167806426,0.4627171832193574,0.172,0.14859801379030918,0.1954019862096908,0.14859844380729745,0.19540155619270252,-0.26,-0.29271959675809,-0.22728040324191004,-0.3099360495228518,-0.2100639504771482,-0.026,-0.04160477450613713,-0.010395225493862865,-0.05145290175149829,-0.0005470982485017081,-0.017,-0.027134875100034206,-0.006865124899965798,-0.03353096493534234,-0.00046903506465766423,0.009,-0.007041613502505406,0.025041613502505403,-0.015482416828364357,0.03348241682836436
koharu-midori,task_medium,task_progress,1000,1.0,1.0,1.0,1.0,1.0,0.9515,0.9476353944547387,0.9553646055452614,0.9476354654677724,0.9553645345322276,-0.04850000000000001,-0.05236460554526137,-0.044635394454738644,-0.054398090227739254,-0.04260190977226076,1.0,1.0,1.0,1.0,1.0,0.9515,0.9476353944547387,0.9553646055452614,0.9476354654677724,0.9553645345322276,-0.04850000000000001,-0.05236460554526137,-0.044635394454738644,-0.054398090227739254,-0.04260190977226076,0.0,0.0,0.0,0.0,0.0,0.0,0.0,0.0,0.0,0.0,0.0,0.0,0.0,0.0,0.0
koharu-midori,task_medium,task_complete,1000,1,1.0,1.0,1.0,1.0,0.555,0.5241823283019484,0.5858176716980517,0.5241828945838978,0.5858171054161023,-0.445,-0.47581767169805156,-0.41418232830194845,-0.49203336631776773,-0.3979666336822323,1,1.0,1.0,1.0,1.0,0.555,0.5241823283019484,0.5858176716980517,0.5241828945838978,0.5858171054161023,-0.445,-0.47581767169805156,-0.41418232830194845,-0.49203336631776773,-0.3979666336822323,0,0.0,0.0,0.0,0.0,0,0.0,0.0,0.0,0.0,0,0.0,0.0,0.0,0.0
koharu-midori,task_medium,information_transfers,1000,0,0.0,0.0,0.0,0.0,11.418,11.371624733456862,11.464375266543136,11.371625585613268,11.46437441438673,11.418,11.371624733456862,11.464375266543136,11.347222917267128,11.48877708273287,0,0.0,0.0,0.0,0.0,11.418,11.371624733456862,11.464375266543136,11.371625585613268,11.46437441438673,11.418,11.371624733456862,11.464375266543136,11.347222917267128,11.48877708273287,0,0.0,0.0,0.0,0.0,0,0.0,0.0,0.0,0.0,0,0.0,0.0,0.0,0.0
koharu-midori,task_medium,questions,1000,0,0.0,0.0,0.0,0.0,12,12.0,12.0,12.0,12.0,12,12.0,12.0,12.0,12.0,0,0.0,0.0,0.0,0.0,12,12.0,12.0,12.0,12.0,12,12.0,12.0,12.0,12.0,0,0.0,0.0,0.0,0.0,0,0.0,0.0,0.0,0.0,0,0.0,0.0,0.0,0.0
koharu-midori,task_medium,changed_topics,1000,0,0.0,0.0,0.0,0.0,19.899,19.68866437078965,20.109335629210353,19.688668235756193,20.10933176424381,19.899,19.68866437078965,20.109335629210353,19.57798961364579,20.22001038635421,0,0.0,0.0,0.0,0.0,19.949,19.73985978189447,20.158140218105533,19.739863624895055,20.15813637510495,19.949,19.73985978189447,20.158140218105533,19.629814028187692,20.26818597181231,0,0.0,0.0,0.0,0.0,0.05,-0.03786200391370398,0.13786200391370398,-0.09331145588971786,0.19331145588971788,0.05,-0.03786200391370398,0.13786200391370398,-0.08409338174459342,0.18409338174459344
koharu-midori,task_strong,bridge_count,1000,3.494,3.4555745837366074,3.532425416263393,3.455575289812648,3.5324247101873523,2.87,2.8185976112854125,2.9214023887145877,2.8185985558163673,2.921401444183633,-0.624,-0.6802437171079057,-0.5677562828920943,-0.7098381313075081,-0.5381618686924919,3.462,3.422753137120964,3.5012468628790363,3.4227538582912795,3.501246141708721,2.848,2.7966052425368626,2.899394757463137,2.7966061869275918,2.899393813072408,-0.614,-0.6707331756525194,-0.5572668243474805,-0.7005851339770068,-0.5274148660229931,-0.032,-0.04455272769451216,-0.019447272305487838,-0.052474717183261674,-0.011525282816738328,-0.022,-0.03401106703550236,-0.009988932964497644,-0.04159121607717352,-0.0024087839228264796,0.01,-0.004396857626215157,0.024396857626215157,-0.011972220523114236,0.031972220523114235
koharu-midori,task_strong,bridge_rate,1000,0.8735,0.8638936459341519,0.8831063540658483,0.863893822453162,0.8831061775468381,0.7175,0.7046494028213531,0.7303505971786469,0.7046496389540918,0.7303503610459082,-0.156,-0.1700609292769764,-0.14193907072302359,-0.17745953282687701,-0.13454046717312299,0.8655,0.855688284280241,0.8753117157197591,0.8556884645728199,0.8753115354271802,0.712,0.6991513106342157,0.7248486893657843,0.6991515467318979,0.724848453268102,-0.1535,-0.16768329391312986,-0.13931670608687013,-0.1751462834942517,-0.1318537165057483,-0.008,-0.01113818192362804,-0.0048618180763719595,-0.013118679295815418,-0.002881320704184582,-0.0055,-0.00850276675887559,-0.002497233241124411,-0.01039780401929338,-0.0006021959807066199,0.0025,-0.0010992144065537892,0.006099214406553789,-0.002993055130778559,0.007993055130778559
koharu-midori,task_strong,unformed_turns,1000,21.5625,21.189521187002605,21.935478812997395,21.18952804057582,21.93547195942418,26.85575,26.420053002626112,27.29144699737389,26.420061008660685,27.291438991339316,5.29325,4.803565714928336,5.782934285071663,4.54590280954739,6.040597190452609,22.02775,21.649985409661504,22.4055145903385,21.6499923511745,22.405507648825502,27.14625,26.71460121875783,27.577898781242165,26.71460915040548,27.577890849594517,5.1185,4.627251496098985,5.609748503901015,4.36876552740866,5.8682344725913405,0.46525,0.3502734679126613,0.5802265320873388,0.2777121170401355,0.6527878829598646,0.2905,0.20377819601226638,0.3772218039877336,0.14904832085241804,0.4319516791475819,-0.17475,-0.2929045805494006,-0.05659541945059936,-0.35507535759193987,0.005575357591939889
koharu-midori,task_strong,known_share,1000,0.19941666666666666,0.1973958228691161,0.2014375104642172,0.1973958600025951,0.20143747333073822,0.19941666666666666,0.1973958228691161,0.2014375104642172,0.1973958600025951,0.20143747333073822,0.0,0.0,0.0,0.0,0.0,0.21889583333333335,0.21691286756703437,0.22087879909963232,0.21691290400449567,0.22087876266217102,0.21889583333333335,0.21691286756703437,0.22087879909963232,0.21691290400449567,0.22087876266217102,0.0,0.0,0.0,0.0,0.0,0.019479166666666665,0.018298800352269332,0.020659532981064,0.017553874646630257,0.021404458686703074,0.019479166666666665,0.018298800352269332,0.020659532981064,0.017553874646630257,0.021404458686703074,0.0,0.0,0.0,0.0,0.0
koharu-midori,task_strong,bridge_share,1000,0.598375,0.5954998943871463,0.6012501056128536,0.5954999472178866,0.6012500527821134,0.598375,0.5954998943871463,0.6012501056128536,0.5954999472178866,0.6012500527821134,0.0,0.0,0.0,0.0,0.0,0.5786875,0.5758661426935249,0.5815088573064752,0.5758661945366275,0.5815088054633726,0.5786875,0.5758661426935249,0.5815088573064752,0.5758661945366275,0.5815088054633726,0.0,0.0,0.0,0.0,0.0,-0.0196875,-0.020891109752724495,-0.018483890247275505,-0.021650704323855706,-0.017724295676144294,-0.0196875,-0.020891109752724495,-0.018483890247275505,-0.021650704323855706,-0.017724295676144294,0.0,0.0,0.0,0.0,0.0
koharu-midori,task_strong,all_formed,1000,0.558,0.5272034858647463,0.5887965141352538,0.5272040517579205,0.5887959482420796,0.248,0.22122015321564004,0.27477984678435996,0.22122064530160904,0.27477935469839093,-0.31,-0.3462595890461792,-0.2737404109538208,-0.3653387209407026,-0.2546612790592974,0.535,0.504070229701941,0.565929770298059,0.5040707980437285,0.5659292019562716,0.239,0.2125537191240021,0.26544628087599786,0.21255420508061923,0.26544579491938075,-0.296,-0.33239106874336455,-0.2596089312566354,-0.3515393828473404,-0.24046061715265962,-0.023,-0.0338247202350993,-0.012175279764900702,-0.04065616930402164,-0.005343830695978359,-0.009,-0.016574311889577864,-0.0014256881104221346,-0.021354437821886493,0.0033544378218864964,0.014,0.0029410422305288213,0.02505895776947118,-0.0028779788739571478,0.03087797887395715
koharu-midori,task_strong,task_progress,1000,1.0,1.0,1.0,1.0,1.0,1.0,1.0,1.0,1.0,1.0,0.0,0.0,0.0,0.0,0.0,1.0,1.0,1.0,1.0,1.0,1.0,1.0,1.0,1.0,1.0,0.0,0.0,0.0,0.0,0.0,0.0,0.0,0.0,0.0,0.0,0.0,0.0,0.0,0.0,0.0,0.0,0.0,0.0,0.0,0.0
koharu-midori,task_strong,task_complete,1000,1,1.0,1.0,1.0,1.0,1,1.0,1.0,1.0,1.0,0,0.0,0.0,0.0,0.0,1,1.0,1.0,1.0,1.0,1,1.0,1.0,1.0,1.0,0,0.0,0.0,0.0,0.0,0,0.0,0.0,0.0,0.0,0,0.0,0.0,0.0,0.0,0,0.0,0.0,0.0,0.0
koharu-midori,task_strong,information_transfers,1000,0,0.0,0.0,0.0,0.0,12,12.0,12.0,12.0,12.0,12,12.0,12.0,12.0,12.0,0,0.0,0.0,0.0,0.0,12,12.0,12.0,12.0,12.0,12,12.0,12.0,12.0,12.0,0,0.0,0.0,0.0,0.0,0,0.0,0.0,0.0,0.0,0,0.0,0.0,0.0,0.0
koharu-midori,task_strong,questions,1000,0,0.0,0.0,0.0,0.0,12.642,12.583767258094523,12.700232741905475,12.583768328134822,12.700231671865177,12.642,12.583767258094523,12.700232741905475,12.553126255462658,12.730873744537341,0,0.0,0.0,0.0,0.0,12.642,12.583767258094523,12.700232741905475,12.583768328134822,12.700231671865177,12.642,12.583767258094523,12.700232741905475,12.553126255462658,12.730873744537341,0,0.0,0.0,0.0,0.0,0,0.0,0.0,0.0,0.0,0,0.0,0.0,0.0,0.0
koharu-midori,task_strong,changed_topics,1000,0,0.0,0.0,0.0,0.0,27.434,27.197202794554272,27.67079720544573,27.19720714575849,27.670792854241512,27.434,27.197202794554272,27.67079720544573,27.072604440469238,27.795395559530764,0,0.0,0.0,0.0,0.0,27.308,27.07568265280568,27.54031734719432,27.07568692169145,27.54031307830855,27.308,27.07568265280568,27.54031734719432,26.953441518112694,27.662558481887306,0,0.0,0.0,0.0,0.0,-0.126,-0.19681622480827465,-0.055183775191725334,-0.2415081357790939,-0.010491864220906102,-0.126,-0.19681622480827465,-0.055183775191725334,-0.23407842575789256,-0.01792157424210744
koharu-kurumi,task_weak,bridge_count,1000,3.581,3.5490511159256917,3.6129488840743083,3.5490517029939337,3.6129482970060662,3.447,3.4128546569785856,3.4811453430214145,3.4128552844072764,3.4811447155927238,-0.134,-0.16282334844905805,-0.10517665155094198,-0.17798966668837995,-0.09001033331162006,3.513,3.4801964202495452,3.5458035797504546,3.480197023023021,3.545802976976979,3.384,3.349443090265326,3.418556909734674,3.3494437252566516,3.4185562747433482,-0.129,-0.15863346210749726,-0.09936653789250274,-0.17422604732185942,-0.08377395267814058,-0.068,-0.08674517065867962,-0.049254829341320396,-0.09857519266957665,-0.03742480733042336,-0.063,-0.0804329974186598,-0.04556700258134021,-0.09143491076123927,-0.034565089238760734,0.005,-0.010059387276550966,0.020059387276550968,-0.01798336114547984,0.02798336114547984
koharu-kurumi,task_weak,bridge_rate,1000,0.89525,0.8872627789814229,0.9032372210185771,0.8872629257484834,0.9032370742515166,0.86175,0.8532136642446464,0.8702863357553536,0.8532138211018191,0.8702861788981809,-0.0335,-0.04070583711226451,-0.026294162887735496,-0.04449741667209499,-0.022502583327905015,0.87825,0.8700491050623863,0.8864508949376136,0.8700492557557552,0.8864507442442447,0.846,0.8373607725663315,0.8546392274336685,0.8373609313141629,0.8546390686858371,-0.03225,-0.039658365526874316,-0.024841634473125686,-0.043556511830464856,-0.020943488169535146,-0.017,-0.021686292664669905,-0.012313707335330099,-0.024643798167394163,-0.00935620183260584,-0.01575,-0.02010824935466495,-0.011391750645335052,-0.02285872769030982,-0.008641272309690183,0.00125,-0.0025148468191377414,0.005014846819137742,-0.00449584028636996,0.00699584028636996
koharu-kurumi,task_weak,unformed_turns,1000,15.4785,15.174009744760303,15.782990255239698,15.174015339840198,15.782984660159803,16.16575,15.847437222047704,16.484062777952296,15.847443071119695,16.484056928880303,0.68725,0.5352170727412286,0.8392829272587714,0.45522012992462946,0.9192798700753706,16.71175,16.412870226984463,17.010629773015534,16.41287571897043,17.010624281029568,17.40525,17.094352073637477,17.71614792636252,17.09435778645983,17.716142213540166,0.6935,0.5332438628885562,0.8537561371114438,0.4489200176027738,0.9380799823972262,1.23325,1.0657951971363553,1.4007048028636446,0.9601149640897664,1.5063850359102335,1.2395,1.0714608300835005,1.4075391699164996,0.965411804710419,1.513588195289581,0.00625,-0.06959455045244406,0.08209455045244407,-0.10950256429452306,0.12200256429452307
koharu-kurumi,task_weak,known_share,1000,0.13995833333333332,0.1374226088683231,0.14249405779834354,0.1374226554628552,0.14249401120381144,0.13995833333333332,0.1374226088683231,0.14249405779834354,0.1374226554628552,0.14249401120381144,0.0,0.0,0.0,0.0,0.0,0.1935,0.19100790156268097,0.19599209843731905,0.19100794735557458,0.19599205264442543,0.1935,0.19100790156268097,0.19599209843731905,0.19100794735557458,0.19599205264442543,0.0,0.0,0.0,0.0,0.0,0.05354166666666667,0.05161889037549598,0.055464442957837354,0.05040543191940836,0.05667790141392497,0.05354166666666667,0.05161889037549598,0.055464442957837354,0.05040543191940836,0.05667790141392497,0.0,0.0,0.0,0.0,0.0
koharu-kurumi,task_weak,bridge_share,1000,0.7257916666666666,0.722224088130203,0.7293592452031302,0.7222241536852958,0.7293591796480374,0.7257916666666666,0.722224088130203,0.7293592452031302,0.7222241536852958,0.7293591796480374,0.0,0.0,0.0,0.0,0.0,0.6717083333333334,0.6681907705216347,0.675225896145032,0.6681908351576769,0.6752258315089898,0.6717083333333334,0.6681907705216347,0.675225896145032,0.6681908351576769,0.6752258315089898,0.0,0.0,0.0,0.0,0.0,-0.05408333333333333,-0.05606580791630755,-0.05210085875035911,-0.05731694178858145,-0.05084972487808521,-0.05408333333333333,-0.05606580791630755,-0.05210085875035911,-0.05731694178858145,-0.05084972487808521,0.0,0.0,0.0,0.0,0.0
koharu-kurumi,task_weak,all_formed,1000,0.592,0.5615235580962752,0.6224764419037248,0.561524118108047,0.6224758818919529,0.475,0.4440329536772078,0.5059670463227922,0.4440335227039509,0.505966477296049,-0.117,-0.1436946313130738,-0.0903053686869262,-0.1577408575692282,-0.07625914243077181,0.528,0.49704282745255746,0.5589571725474426,0.49704339629786765,0.5589566037021324,0.421,0.3903836328684095,0.4516163671315905,0.3903841954513401,0.45161580454865985,-0.107,-0.13414035593945886,-0.07985964406054114,-0.14842111433343222,-0.06557888566656778,-0.064,-0.08217523440139207,-0.04582476559860794,-0.0936455713183901,-0.0343544286816099,-0.054,-0.07029904147958257,-0.03770095852041743,-0.08058531856774045,-0.027414681432259544,0.01,-0.005177028107708774,0.025177028107708777,-0.01316290242815635,0.03316290242815635
koharu-kurumi,task_weak,task_progress,1000,1.0,1.0,1.0,1.0,1.0,0.48375,0.4815395130306807,0.4859604869693193,0.4815395536488975,0.4859604463511025,-0.51625,-0.5184604869693192,-0.5140395130306807,-0.5196236047416982,-0.5128763952583018,1.0,1.0,1.0,1.0,1.0,0.48375,0.4815395130306807,0.4859604869693193,0.4815395536488975,0.4859604463511025,-0.51625,-0.5184604869693192,-0.5140395130306807,-0.5196236047416982,-0.5128763952583018,0.0,0.0,0.0,0.0,0.0,0.0,0.0,0.0,0.0,0.0,0.0,0.0,0.0,0.0,0.0
koharu-kurumi,task_weak,task_complete,1000,1,1.0,1.0,1.0,1.0,0,0.0,0.0,0.0,0.0,-1,-1.0,-1.0,-1.0,-1.0,1,1.0,1.0,1.0,1.0,0,0.0,0.0,0.0,0.0,-1,-1.0,-1.0,-1.0,-1.0,0,0.0,0.0,0.0,0.0,0,0.0,0.0,0.0,0.0,0,0.0,0.0,0.0,0.0
koharu-kurumi,task_weak,information_transfers,1000,0,0.0,0.0,0.0,0.0,5.805,5.778474156368168,5.831525843631831,5.77847464378677,5.83152535621323,5.805,5.778474156368168,5.831525843631831,5.7645167430996205,5.845483256900379,0,0.0,0.0,0.0,0.0,5.805,5.778474156368168,5.831525843631831,5.77847464378677,5.83152535621323,5.805,5.778474156368168,5.831525843631831,5.7645167430996205,5.845483256900379,0,0.0,0.0,0.0,0.0,0,0.0,0.0,0.0,0.0,0,0.0,0.0,0.0,0.0
koharu-kurumi,task_weak,questions,1000,0,0.0,0.0,0.0,0.0,6,6.0,6.0,6.0,6.0,6,6.0,6.0,6.0,6.0,0,0.0,0.0,0.0,0.0,6,6.0,6.0,6.0,6.0,6,6.0,6.0,6.0,6.0,0,0.0,0.0,0.0,0.0,0,0.0,0.0,0.0,0.0,0,0.0,0.0,0.0,0.0
koharu-kurumi,task_weak,changed_topics,1000,0,0.0,0.0,0.0,0.0,10.437,10.280809010776181,10.593190989223817,10.280811880822261,10.593188119177738,10.437,10.280809010776181,10.593190989223817,10.198624171881784,10.675375828118215,0,0.0,0.0,0.0,0.0,9.017,8.882637598143555,9.151362401856444,8.88264006708422,9.15135993291578,9.017,8.882637598143555,9.151362401856444,8.811938562271438,9.222061437728561,0,0.0,0.0,0.0,0.0,-1.42,-1.514526594337451,-1.3254734056625488,-1.5741820497071997,-1.2658179502928002,-1.42,-1.514526594337451,-1.3254734056625488,-1.5642647576301312,-1.2757352423698687
koharu-kurumi,task_medium,bridge_count,1000,3.645,3.6148126775875298,3.6751873224124703,3.614813232286663,3.675186767713337,3.409,3.3758531022985974,3.4421468977014023,3.3758537113806213,3.4421462886193783,-0.236,-0.2704320521115517,-0.20156794788844828,-0.28854956753067973,-0.18345043246932022,3.603,3.5715391823270815,3.634460817672919,3.571539760426989,3.6344602395730115,3.378,3.3450044376812165,3.4109955623187838,3.3450050439824173,3.410994956017583,-0.225,-0.26020902548318364,-0.18979097451681637,-0.27873537006518556,-0.17126462993481448,-0.042,-0.05696473724998074,-0.027035262750019266,-0.0664089388674566,-0.017591061132543415,-0.031,-0.0427722558759317,-0.019227744124068302,-0.05020169189793448,-0.011798308102065516,0.011,-0.0037893573724990318,0.02578935737249903,-0.011571246449779797,0.033571246449779796
koharu-kurumi,task_medium,bridge_rate,1000,0.91125,0.9037031693968824,0.9187968306031176,0.9037033080716658,0.9187966919283342,0.85225,0.8439632755746493,0.8605367244253506,0.8439634278451553,0.8605365721548446,-0.059,-0.06760801302788792,-0.05039198697211207,-0.07213739188266993,-0.045862608117330055,0.90075,0.8928847955817704,0.9086152044182297,0.8928849401067472,0.9086150598932529,0.8445,0.8362511094203041,0.8527488905796959,0.8362512609956043,0.8527487390043957,-0.05625,-0.06505225637079591,-0.04744774362920409,-0.06968384251629639,-0.04281615748370362,-0.0105,-0.014241184312495185,-0.006758815687504817,-0.01660223471686415,-0.004397765283135854,-0.00775,-0.010693063968982924,-0.0048069360310170756,-0.01255042297448362,-0.002949577025516379,0.00275,-0.0009473393431247579,0.006447339343124758,-0.0028928116124449493,0.008392811612444949
koharu-kurumi,task_medium,unformed_turns,1000,15.51775,15.228981038251737,15.806518961748262,15.228986344449174,15.806513655550825,17.14025,16.852752116841323,17.42774788315868,16.852757399682393,17.42774260031761,1.6225,1.366263563282851,1.878736436717149,1.231436641607512,2.013563358392488,16.4815,16.19157954110673,16.77142045889327,16.191584868463195,16.771415131536806,18.00075,17.714514400960926,18.286985599039074,17.71451966060723,18.28698033939277,1.51925,1.2588503872786954,1.7796496127213046,1.1218328786118095,1.9166671213881905,0.96375,0.8168563318340534,1.1106436681659466,0.7241521703566054,1.2033478296433946,0.8605,0.7345817522806615,0.9864182477193386,0.6551151168887014,1.0658848831112986,-0.10325,-0.2118837653682228,0.005383765368222784,-0.2690448637750298,0.06254486377502981
koharu-kurumi,task_medium,known_share,1000,0.14420833333333333,0.14187647570438847,0.1465401909622782,0.1418765185528196,0.14654014811384705,0.14420833333333333,0.14187647570438847,0.1465401909622782,0.1418765185528196,0.14654014811384705,0.0,0.0,0.0,0.0,0.0,0.19083333333333333,0.1884217843240491,0.19324488234261755,0.18842182863682805,0.1932448380298386,0.19083333333333333,0.1884217843240491,0.19324488234261755,0.18842182863682805,0.1932448380298386,0.0,0.0,0.0,0.0,0.0,0.046625,0.04471168421986941,0.04853831578013059,0.04350419626444443,0.04974580373555557,0.046625,0.04471168421986941,0.04853831578013059,0.04350419626444443,0.04974580373555557,0.0,0.0,0.0,0.0,0.0
koharu-kurumi,task_medium,bridge_share,1000,0.718,0.7147101418825275,0.7212898581174725,0.7147102023344424,0.7212897976655576,0.718,0.7147101418825275,0.7212898581174725,0.7147102023344424,0.7212897976655576,0.0,0.0,0.0,0.0,0.0,0.6713749999999999,0.6680805233856842,0.6746694766143156,0.668080583922465,0.6746694160775348,0.6713749999999999,0.6680805233856842,0.6746694766143156,0.668080583922465,0.6746694160775348,0.0,0.0,0.0,0.0,0.0,-0.046625,-0.04855741160230211,-0.04469258839769789,-0.049776950874875325,-0.043473049125124674,-0.046625,-0.04855741160230211,-0.04469258839769789,-0.049776950874875325,-0.043473049125124674,0.0,0.0,0.0,0.0,0.0
koharu-kurumi,task_medium,all_formed,1000,0.649,0.6194028949552997,0.6785971050447004,0.6194034388090504,0.6785965611909497,0.431,0.40029082880318007,0.4617091711968199,0.4002913930914072,0.4617086069085928,-0.218,-0.25036960909855405,-0.18563039090144595,-0.26740190476464504,-0.16859809523535496,0.612,0.581782056759374,0.642217943240626,0.5817826120211722,0.6422173879788278,0.402,0.3715955644139987,0.43240443558600133,0.3715961231026375,0.43240387689736254,-0.21,-0.24269020173215958,-0.1773097982678404,-0.259891187372458,-0.160108812627542,-0.037,-0.051360887322330906,-0.022639112677669087,-0.060424001028394854,-0.013575998971605142,-0.029,-0.040120507186278874,-0.01787949281372113,-0.04713862652919898,-0.010861373470801024,0.008,-0.006132128454505876,0.02213212845450588,-0.013568195708066673,0.029568195708066673
koharu-kurumi,task_medium,task_progress,1000,1.0,1.0,1.0,1.0,1.0,0.9515,0.9476353944547387,0.9553646055452614,0.9476354654677724,0.9553645345322276,-0.04850000000000001,-0.05236460554526137,-0.044635394454738644,-0.054398090227739254,-0.04260190977226076,1.0,1.0,1.0,1.0,1.0,0.9515,0.9476353944547387,0.9553646055452614,0.9476354654677724,0.9553645345322276,-0.04850000000000001,-0.05236460554526137,-0.044635394454738644,-0.054398090227739254,-0.04260190977226076,0.0,0.0,0.0,0.0,0.0,0.0,0.0,0.0,0.0,0.0,0.0,0.0,0.0,0.0,0.0
koharu-kurumi,task_medium,task_complete,1000,1,1.0,1.0,1.0,1.0,0.555,0.5241823283019484,0.5858176716980517,0.5241828945838978,0.5858171054161023,-0.445,-0.47581767169805156,-0.41418232830194845,-0.49203336631776773,-0.3979666336822323,1,1.0,1.0,1.0,1.0,0.555,0.5241823283019484,0.5858176716980517,0.5241828945838978,0.5858171054161023,-0.445,-0.47581767169805156,-0.41418232830194845,-0.49203336631776773,-0.3979666336822323,0,0.0,0.0,0.0,0.0,0,0.0,0.0,0.0,0.0,0,0.0,0.0,0.0,0.0
koharu-kurumi,task_medium,information_transfers,1000,0,0.0,0.0,0.0,0.0,11.418,11.371624733456862,11.464375266543136,11.371625585613268,11.46437441438673,11.418,11.371624733456862,11.464375266543136,11.347222917267128,11.48877708273287,0,0.0,0.0,0.0,0.0,11.418,11.371624733456862,11.464375266543136,11.371625585613268,11.46437441438673,11.418,11.371624733456862,11.464375266543136,11.347222917267128,11.48877708273287,0,0.0,0.0,0.0,0.0,0,0.0,0.0,0.0,0.0,0,0.0,0.0,0.0,0.0
koharu-kurumi,task_medium,questions,1000,0,0.0,0.0,0.0,0.0,12,12.0,12.0,12.0,12.0,12,12.0,12.0,12.0,12.0,0,0.0,0.0,0.0,0.0,12,12.0,12.0,12.0,12.0,12,12.0,12.0,12.0,12.0,0,0.0,0.0,0.0,0.0,0,0.0,0.0,0.0,0.0,0,0.0,0.0,0.0,0.0
koharu-kurumi,task_medium,changed_topics,1000,0,0.0,0.0,0.0,0.0,19.899,19.68866437078965,20.109335629210353,19.688668235756193,20.10933176424381,19.899,19.68866437078965,20.109335629210353,19.57798961364579,20.22001038635421,0,0.0,0.0,0.0,0.0,17.283,17.100250577431694,17.465749422568308,17.10025393549522,17.46574606450478,17.283,17.100250577431694,17.465749422568308,17.00409117715862,17.56190882284138,0,0.0,0.0,0.0,0.0,-2.616,-2.7444186979858944,-2.4875813020141058,-2.8254633601789507,-2.4065366398210495,-2.616,-2.7444186979858944,-2.4875813020141058,-2.811990265702105,-2.4200097342978952
koharu-kurumi,task_strong,bridge_count,1000,3.698,3.6693941368071332,3.7266058631928667,3.669394662446582,3.726605337553418,3.442,3.410099478046576,3.4739005219534245,3.4101000642261527,3.4738999357738476,-0.256,-0.2923952952992543,-0.21960470470074572,-0.31154583333955704,-0.20045416666044297,3.687,3.6579780813631944,3.7160219186368053,3.6579786146477598,3.71602138535224,3.423,3.391013104009374,3.454986895990626,3.3910136917760942,3.454986308223906,-0.264,-0.30101550477832223,-0.2269844952216778,-0.32049238569135585,-0.20750761430864417,-0.011,-0.01803743503642427,-0.003962564963575727,-0.022478739567445352,0.0004787395674453517,-0.019,-0.027908768071318757,-0.010091231928681242,-0.03353106537085698,-0.004468934629143013,-0.008,-0.017184426563008236,0.001184426563008236,-0.022017103666657406,0.006017103666657406
koharu-kurumi,task_strong,bridge_rate,1000,0.9245,0.9173485342017833,0.9316514657982167,0.9173486656116455,0.9316513343883545,0.8605,0.852524869511644,0.8684751304883561,0.8525250160565382,0.8684749839434619,-0.064,-0.07309882382481357,-0.05490117617518643,-0.07788645833488926,-0.05011354166511074,0.92175,0.9144945203407986,0.9290054796592013,0.9144946536619399,0.92900534633806,0.85575,0.8477532760023435,0.8637467239976565,0.8477534229440236,0.8637465770559765,-0.066,-0.07525387619458056,-0.05674612380541945,-0.08012309642283896,-0.05187690357716104,-0.00275,-0.004509358759106068,-0.0009906412408939318,-0.005619684891861338,0.00011968489186133793,-0.00475,-0.006977192017829689,-0.0025228079821703105,-0.008382766342714246,-0.0011172336572857532,-0.002,-0.004296106640752059,0.000296106640752059,-0.0055042759166643515,0.0015042759166643514
koharu-kurumi,task_strong,unformed_turns,1000,14.98,14.7063449802583,15.2536550197417,14.706350008733507,15.253649991266494,17.6285,17.33651637069832,17.92048362930168,17.336521735966027,17.92047826403397,2.6485,2.3289108363697073,2.9680891636302924,2.160748869691122,3.1362511303088776,15.4475,15.171508985599115,15.723491014400885,15.171514056998769,15.723485943001231,18.09225,17.802996683813607,18.381503316186393,17.80300199891117,18.38149800108883,2.64475,2.3262189651602907,2.9632810348397096,2.1586137664784752,3.130886233521525,0.4675,0.3821563532062987,0.5528436467937013,0.32829622899386723,0.6067037710061328,0.46375,0.3666097074642353,0.5608902925357646,0.30530475485709707,0.6221952451429029,-0.00375,-0.08860459433454196,0.08110459433454195,-0.13325352830627432,0.12575352830627431
koharu-kurumi,task_strong,known_share,1000,0.15129166666666666,0.1492747331950414,0.15330860013829192,0.14927477025666724,0.15330856307666607,0.15129166666666666,0.1492747331950414,0.15330860013829192,0.14927477025666724,0.15330856307666607,0.0,0.0,0.0,0.0,0.0,0.181375,0.17930167080599232,0.1834483291940077,0.17930170890390282,0.1834482910960972,0.181375,0.17930167080599232,0.1834483291940077,0.17930170890390282,0.1834482910960972,0.0,0.0,0.0,0.0,0.0,0.030083333333333333,0.028592946762705535,0.03157371990396113,0.0276523681861585,0.03251429848050817,0.030083333333333333,0.028592946762705535,0.03157371990396113,0.0276523681861585,0.03251429848050817,0.0,0.0,0.0,0.0,0.0
koharu-kurumi,task_strong,bridge_share,1000,0.7017916666666667,0.6990270395118823,0.7045562938214511,0.6990270903125549,0.7045562430207785,0.7017916666666667,0.6990270395118823,0.7045562938214511,0.6990270903125549,0.7045562430207785,0.0,0.0,0.0,0.0,0.0,0.6715833333333333,0.6687794718263288,0.6743871948403378,0.668779523347942,0.6743871433187246,0.6715833333333333,0.6687794718263288,0.6743871948403378,0.668779523347942,0.6743871433187246,0.0,0.0,0.0,0.0,0.0,-0.030208333333333334,-0.03170689265983831,-0.028709774006828354,-0.03265262903855622,-0.02776403762811044,-0.030208333333333334,-0.03170689265983831,-0.028709774006828354,-0.03265262903855622,-0.02776403762811044,0.0,0.0,0.0,0.0,0.0
koharu-kurumi,task_strong,all_formed,1000,0.699,0.6705557057342553,0.7274442942657446,0.6705562284048373,0.7274437715951626,0.451,0.4201434213360125,0.4818565786639875,0.4201439883328865,0.4818560116671135,-0.248,-0.2832156325283868,-0.2127843674716132,-0.301745453616609,-0.19425454638339104,0.689,0.6602946310839835,0.7177053689160164,0.6602951585518735,0.7177048414481264,0.434,0.4032654819299049,0.4647345180700951,0.4032660466838868,0.46473395331611317,-0.255,-0.2906216347303273,-0.2193783652696727,-0.3093650867438869,-0.2006349132561131,-0.01,-0.016764673000286178,-0.0032353269997138223,-0.021033838213399436,0.0010338382133994375,-0.017,-0.0254824601224957,-0.008517539877504301,-0.030835715730719054,-0.003164284269280948,-0.007,-0.015975852468012582,0.001975852468012581,-0.020698781701570478,0.006698781701570479
koharu-kurumi,task_strong,task_progress,1000,1.0,1.0,1.0,1.0,1.0,1.0,1.0,1.0,1.0,1.0,0.0,0.0,0.0,0.0,0.0,1.0,1.0,1.0,1.0,1.0,1.0,1.0,1.0,1.0,1.0,0.0,0.0,0.0,0.0,0.0,0.0,0.0,0.0,0.0,0.0,0.0,0.0,0.0,0.0,0.0,0.0,0.0,0.0,0.0,0.0
koharu-kurumi,task_strong,task_complete,1000,1,1.0,1.0,1.0,1.0,1,1.0,1.0,1.0,1.0,0,0.0,0.0,0.0,0.0,1,1.0,1.0,1.0,1.0,1,1.0,1.0,1.0,1.0,0,0.0,0.0,0.0,0.0,0,0.0,0.0,0.0,0.0,0,0.0,0.0,0.0,0.0,0,0.0,0.0,0.0,0.0
koharu-kurumi,task_strong,information_transfers,1000,0,0.0,0.0,0.0,0.0,12,12.0,12.0,12.0,12.0,12,12.0,12.0,12.0,12.0,0,0.0,0.0,0.0,0.0,12,12.0,12.0,12.0,12.0,12,12.0,12.0,12.0,12.0,0,0.0,0.0,0.0,0.0,0,0.0,0.0,0.0,0.0,0,0.0,0.0,0.0,0.0
koharu-kurumi,task_strong,questions,1000,0,0.0,0.0,0.0,0.0,12.642,12.583767258094523,12.700232741905475,12.583768328134822,12.700231671865177,12.642,12.583767258094523,12.700232741905475,12.553126255462658,12.730873744537341,0,0.0,0.0,0.0,0.0,12.642,12.583767258094523,12.700232741905475,12.583768328134822,12.700231671865177,12.642,12.583767258094523,12.700232741905475,12.553126255462658,12.730873744537341,0,0.0,0.0,0.0,0.0,0,0.0,0.0,0.0,0.0,0,0.0,0.0,0.0,0.0
koharu-kurumi,task_strong,changed_topics,1000,0,0.0,0.0,0.0,0.0,27.434,27.197202794554272,27.67079720544573,27.19720714575849,27.670792854241512,27.434,27.197202794554272,27.67079720544573,27.072604440469238,27.795395559530764,0,0.0,0.0,0.0,0.0,23.163,22.957925748134052,23.36807425186595,22.957929516421554,23.368070483578446,23.163,22.957925748134052,23.36807425186595,22.850019431420474,23.475980568579526,0,0.0,0.0,0.0,0.0,-4.271,-4.408654129301353,-4.133345870698647,-4.495527245005523,-4.046472754994477,-4.271,-4.408654129301353,-4.133345870698647,-4.481085211888128,-4.060914788111872
kurumi-midori,task_weak,bridge_count,1000,3.595,3.5605304988938555,3.629469501106145,3.5605311322790274,3.629468867720973,3.475,3.438346180246767,3.511653819753233,3.4383468537693065,3.5116531462306937,-0.12,-0.15183801845937367,-0.08816198154062631,-0.16859060086379754,-0.07140939913620245,3.48,3.4426074343757485,3.5173925656242515,3.4426081214729165,3.5173918785270835,3.372,3.3332928033477924,3.4107071966522073,3.333293514601614,3.4107064853983857,-0.108,-0.14232198094481108,-0.0736780190551889,-0.16038157893124697,-0.05561842106875303,-0.115,-0.14446532615542285,-0.08553467384457716,-0.16306080673673784,-0.06693919326326217,-0.103,-0.13302228844381125,-0.07297771155618873,-0.15196926628545254,-0.054030733714547446,0.012,-0.011844751661147193,0.035844751661147194,-0.024391423421706537,0.048391423421706534
kurumi-midori,task_weak,bridge_rate,1000,0.89875,0.8901326247234639,0.9073673752765362,0.8901327830697568,0.9073672169302432,0.86875,0.8595865450616917,0.8779134549383083,0.8595867134423266,0.8779132865576734,-0.03,-0.03795950461484342,-0.022040495385156577,-0.042147650215949385,-0.017852349784050613,0.87,0.8606518585939371,0.8793481414060629,0.8606520303682291,0.8793479696317709,0.843,0.8333232008369481,0.8526767991630518,0.8333233786504035,0.8526766213495964,-0.027,-0.03558049523620277,-0.018419504763797227,-0.04009539473281174,-0.013904605267188258,-0.02875,-0.03611633153885571,-0.02138366846114429,-0.04076520168418446,-0.016734798315815543,-0.02575,-0.033255572110952814,-0.018244427889047184,-0.037992316571363136,-0.013507683428636862,0.003,-0.0029611879152867983,0.008961187915286798,-0.006097855855426634,0.012097855855426633
kurumi-midori,task_weak,unformed_turns,1000,16.15225,15.832637165251398,16.4718628347486,15.83264303821224,16.471856961787758,16.81875,16.4825599640415,17.154940035958504,16.482566141612303,17.1549338583877,0.6665,0.48525346869661334,0.8477465313033866,0.38988486229133573,0.9431151377086642,17.76675,17.43969711240782,18.093802887592176,17.439703122081376,18.09379687791862,18.41975,18.0827122445415,18.7567877554585,18.082718437689348,18.756781562310653,0.653,0.4615823532139707,0.8444176467860294,0.3608618920604049,0.9451381079395951,1.6145,1.345361093086089,1.883638906913911,1.1755083213639987,2.0534916786360013,1.601,1.325807432899456,1.876192567100544,1.152134214057499,2.049865785942501,-0.0135,-0.13977890334426346,0.11277890334426345,-0.20622455029664807,0.17922455029664805
kurumi-midori,task_weak,known_share,1000,0.132875,0.13034301690763017,0.13540698309236981,0.13034306343341365,0.13540693656658634,0.132875,0.13034301690763017,0.13540698309236981,0.13034306343341365,0.13540693656658634,0.0,0.0,0.0,0.0,0.0,0.19354166666666667,0.19110002607854987,0.19598330725478347,0.19110007094426865,0.1959832623890647,0.19354166666666667,0.19110002607854987,0.19598330725478347,0.19110007094426865,0.1959832623890647,0.0,0.0,0.0,0.0,0.0,0.06066666666666667,0.05873300310024115,0.06260033023309218,0.057512673716795845,0.06382065961653749,0.06066666666666667,0.05873300310024115,0.06260033023309218,0.057512673716795845,0.06382065961653749,0.0,0.0,0.0,0.0,0.0
kurumi-midori,task_weak,bridge_share,1000,0.7235625,0.7200636811184051,0.7270613188815949,0.720063745410023,0.727061254589977,0.7235625,0.7200636811184051,0.7270613188815949,0.720063745410023,0.727061254589977,0.0,0.0,0.0,0.0,0.0,0.6623958333333333,0.6589976017606515,0.6657940649060151,0.6589976642039541,0.6657940024627125,0.6623958333333333,0.6589976017606515,0.6657940649060151,0.6589976642039541,0.6657940024627125,0.0,0.0,0.0,0.0,0.0,-0.06116666666666667,-0.06316971140722469,-0.059163621926108655,-0.06443382704538457,-0.057899506287948765,-0.06116666666666667,-0.06316971140722469,-0.059163621926108655,-0.06443382704538457,-0.057899506287948765,0.0,0.0,0.0,0.0,0.0
kurumi-midori,task_weak,all_formed,1000,0.629,0.5990438770248268,0.6589561229751733,0.5990444274756161,0.6589555725243839,0.525,0.49403295367720784,0.5559670463227923,0.49403352270395096,0.5559664772960491,-0.104,-0.1318144224548434,-0.07618557754515659,-0.14644986230801155,-0.06155013769198844,0.537,0.5060791826345656,0.5679208173654344,0.5060797508118409,0.5679202491881592,0.45,0.41914959080096753,0.4808504091990325,0.4191501576844761,0.4808498423155239,-0.087,-0.11604840683306986,-0.05795159316693013,-0.13133314667355944,-0.04266685332644055,-0.092,-0.11692344028170018,-0.06707655971829982,-0.1326525500608778,-0.05134744993912218,-0.075,-0.09975616827919595,-0.050243831720804044,-0.1153797131900956,-0.0346202868099044,0.017,-0.005760136234245199,0.0397601362342452,-0.01773610321493671,0.05173610321493671
kurumi-midori,task_weak,task_progress,1000,1.0,1.0,1.0,1.0,1.0,0.48375,0.4815395130306807,0.4859604869693193,0.4815395536488975,0.4859604463511025,-0.51625,-0.5184604869693192,-0.5140395130306807,-0.5196236047416982,-0.5128763952583018,1.0,1.0,1.0,1.0,1.0,0.48375,0.4815395130306807,0.4859604869693193,0.4815395536488975,0.4859604463511025,-0.51625,-0.5184604869693192,-0.5140395130306807,-0.5196236047416982,-0.5128763952583018,0.0,0.0,0.0,0.0,0.0,0.0,0.0,0.0,0.0,0.0,0.0,0.0,0.0,0.0,0.0
kurumi-midori,task_weak,task_complete,1000,1,1.0,1.0,1.0,1.0,0,0.0,0.0,0.0,0.0,-1,-1.0,-1.0,-1.0,-1.0,1,1.0,1.0,1.0,1.0,0,0.0,0.0,0.0,0.0,-1,-1.0,-1.0,-1.0,-1.0,0,0.0,0.0,0.0,0.0,0,0.0,0.0,0.0,0.0,0,0.0,0.0,0.0,0.0
kurumi-midori,task_weak,information_transfers,1000,0,0.0,0.0,0.0,0.0,5.805,5.778474156368168,5.831525843631831,5.77847464378677,5.83152535621323,5.805,5.778474156368168,5.831525843631831,5.7645167430996205,5.845483256900379,0,0.0,0.0,0.0,0.0,5.805,5.778474156368168,5.831525843631831,5.77847464378677,5.83152535621323,5.805,5.778474156368168,5.831525843631831,5.7645167430996205,5.845483256900379,0,0.0,0.0,0.0,0.0,0,0.0,0.0,0.0,0.0,0,0.0,0.0,0.0,0.0
kurumi-midori,task_weak,questions,1000,0,0.0,0.0,0.0,0.0,6,6.0,6.0,6.0,6.0,6,6.0,6.0,6.0,6.0,0,0.0,0.0,0.0,0.0,6,6.0,6.0,6.0,6.0,6,6.0,6.0,6.0,6.0,0,0.0,0.0,0.0,0.0,0,0.0,0.0,0.0,0.0,0,0.0,0.0,0.0,0.0
kurumi-midori,task_weak,changed_topics,1000,0,0.0,0.0,0.0,0.0,10.437,10.280809010776181,10.593190989223817,10.280811880822261,10.593188119177738,10.437,10.280809010776181,10.593190989223817,10.198624171881784,10.675375828118215,0,0.0,0.0,0.0,0.0,8.945,8.805013236862003,9.084986763137998,8.805015809151625,9.084984190848376,8.945,8.805013236862003,9.084986763137998,8.731354765057599,9.158645234942401,0,0.0,0.0,0.0,0.0,-1.492,-1.601778777172628,-1.382221222827372,-1.6710598402223378,-1.3129401597776622,-1.492,-1.601778777172628,-1.382221222827372,-1.6595423598273733,-1.3244576401726267
kurumi-midori,task_medium,bridge_count,1000,3.7,3.6692432189659,3.7307567810341005,3.669243784128969,3.7307562158710312,3.356,3.31623200689404,3.39576799310596,3.3162327376402456,3.395767262359754,-0.344,-0.38613435327765366,-0.3018656467223463,-0.40830467855218977,-0.2796953214478102,3.611,3.5767148440528804,3.64528515594712,3.576715474050667,3.6452845259493336,3.301,3.260128767377824,3.3418712326221764,3.2601295183963144,3.341870481603686,-0.31,-0.3541068118418329,-0.2658931881581671,-0.3773150086999253,-0.2426849913000747,-0.089,-0.11162184860780466,-0.06637815139219533,-0.12589843065821105,-0.05210156934178894,-0.055,-0.08041532409194695,-0.029584675908053054,-0.09645486029550757,-0.013545139704492427,0.034,0.007775300855009892,0.06022469914499011,-0.006023655698089395,0.0740236556980894
kurumi-midori,task_medium,bridge_rate,1000,0.925,0.917310804741475,0.9326891952585251,0.9173109460322423,0.9326890539677578,0.839,0.82905800172351,0.84894199827649,0.8290581844100614,0.8489418155899385,-0.086,-0.09653358831941342,-0.07546641168058657,-0.10207616963804744,-0.06992383036195254,0.90275,0.8941787110132201,0.91132128898678,0.8941788685126667,0.9113211314873334,0.82525,0.815032191844456,0.8354678081555441,0.8150323795990786,0.8354676204009215,-0.0775,-0.08852670296045823,-0.06647329703954177,-0.09432875217498132,-0.060671247825018676,-0.02225,-0.027905462151951166,-0.016594537848048832,-0.03147460766455276,-0.013025392335447234,-0.01375,-0.020103831022986737,-0.0073961689770132635,-0.02411371507387689,-0.003386284926123107,0.0085,0.001943825213752473,0.015056174786247527,-0.0015059139245223487,0.01850591392452235
kurumi-midori,task_medium,unformed_turns,1000,16.05875,15.750846449234384,16.366653550765616,15.750852107034383,16.366647892965617,18.5475,18.20090119688562,18.894098803114378,18.200907565719962,18.894092434280036,2.48875,2.1696696841774075,2.8078303158225926,2.0017754638989533,2.9757245361010467,17.41875,17.091918064517017,17.74558193548298,17.091924070130528,17.74557592986947,19.64475,19.296989624720535,19.992510375279462,19.296996014899037,19.99250398510096,2.226,1.901788593237877,2.5502114067621227,1.7311944868500297,2.72080551314997,1.36,1.1333251312206487,1.5866748687793515,0.9902712889375287,1.7297287110624715,1.09725,0.8772442167292583,1.3172557832707419,0.7383992146746947,1.4561007853253054,-0.26275,-0.45330370506608997,-0.07219629493390997,-0.5535695759041694,0.028069575904169475
kurumi-midori,task_medium,known_share,1000,0.13666666666666666,0.13433106008299953,0.1390022732503338,0.13433110300031859,0.13900223033301473,0.13666666666666666,0.13433106008299953,0.1390022732503338,0.13433110300031859,0.13900223033301473,0.0,0.0,0.0,0.0,0.0,0.18783333333333332,0.18546179284152123,0.19020487382514542,0.1854618364191343,0.19020483024753235,0.18783333333333332,0.18546179284152123,0.19020487382514542,0.1854618364191343,0.19020483024753235,0.0,0.0,0.0,0.0,0.0,0.051166666666666666,0.049352435629428384,0.05298089770390495,0.04820747976350546,0.054125853569827874,0.051166666666666666,0.049352435629428384,0.05298089770390495,0.04820747976350546,0.054125853569827874,0.0,0.0,0.0,0.0,0.0
kurumi-midori,task_medium,bridge_share,1000,0.7169583333333334,0.7137016439696201,0.7202150226970466,0.7137017038120514,0.7202149628546153,0.7169583333333334,0.7137016439696201,0.7202150226970466,0.7137017038120514,0.7202149628546153,0.0,0.0,0.0,0.0,0.0,0.6652708333333334,0.6619850853472543,0.6685565813194124,0.6619851457236446,0.6685565209430221,0.6652708333333334,0.6619850853472543,0.6685565813194124,0.6619851457236446,0.6685565209430221,0.0,0.0,0.0,0.0,0.0,-0.0516875,-0.053541576473907934,-0.04983342352609206,-0.05471167867759532,-0.048663321322404675,-0.0516875,-0.053541576473907934,-0.04983342352609206,-0.05471167867759532,-0.048663321322404675,0.0,0.0,0.0,0.0,0.0
kurumi-midori,task_medium,all_formed,1000,0.718,0.6900964086180289,0.745903591381971,0.6900969213530685,0.7459030786469314,0.447,0.4161688549498222,0.4778311450501778,0.4161694214793475,0.4778305785206525,-0.271,-0.30561333756715087,-0.23638666243284914,-0.323826242073936,-0.21817375792606403,0.645,0.6153265965741901,0.67467340342581,0.6153271418299413,0.6746728581700587,0.413,0.3824671458133245,0.44353285418667543,0.38246770686168524,0.4435322931383147,-0.232,-0.2674159852836768,-0.1965840147163232,-0.2860512283235582,-0.1779487716764418,-0.073,-0.09277296851471431,-0.053227031485285674,-0.10525163072638827,-0.04074836927361172,-0.034,-0.05407914047668083,-0.013920859523319177,-0.06675102691208337,-0.0012489730879166397,0.039,0.015510839370742362,0.062489160629257634,0.0031512731007965547,0.07484872689920344
kurumi-midori,task_medium,task_progress,1000,1.0,1.0,1.0,1.0,1.0,0.9515,0.9476353944547387,0.9553646055452614,0.9476354654677724,0.9553645345322276,-0.04850000000000001,-0.05236460554526137,-0.044635394454738644,-0.054398090227739254,-0.04260190977226076,1.0,1.0,1.0,1.0,1.0,0.9515,0.9476353944547387,0.9553646055452614,0.9476354654677724,0.9553645345322276,-0.04850000000000001,-0.05236460554526137,-0.044635394454738644,-0.054398090227739254,-0.04260190977226076,0.0,0.0,0.0,0.0,0.0,0.0,0.0,0.0,0.0,0.0,0.0,0.0,0.0,0.0,0.0
kurumi-midori,task_medium,task_complete,1000,1,1.0,1.0,1.0,1.0,0.555,0.5241823283019484,0.5858176716980517,0.5241828945838978,0.5858171054161023,-0.445,-0.47581767169805156,-0.41418232830194845,-0.49203336631776773,-0.3979666336822323,1,1.0,1.0,1.0,1.0,0.555,0.5241823283019484,0.5858176716980517,0.5241828945838978,0.5858171054161023,-0.445,-0.47581767169805156,-0.41418232830194845,-0.49203336631776773,-0.3979666336822323,0,0.0,0.0,0.0,0.0,0,0.0,0.0,0.0,0.0,0,0.0,0.0,0.0,0.0
kurumi-midori,task_medium,information_transfers,1000,0,0.0,0.0,0.0,0.0,11.418,11.371624733456862,11.464375266543136,11.371625585613268,11.46437441438673,11.418,11.371624733456862,11.464375266543136,11.347222917267128,11.48877708273287,0,0.0,0.0,0.0,0.0,11.418,11.371624733456862,11.464375266543136,11.371625585613268,11.46437441438673,11.418,11.371624733456862,11.464375266543136,11.347222917267128,11.48877708273287,0,0.0,0.0,0.0,0.0,0,0.0,0.0,0.0,0.0,0,0.0,0.0,0.0,0.0
kurumi-midori,task_medium,questions,1000,0,0.0,0.0,0.0,0.0,12,12.0,12.0,12.0,12.0,12,12.0,12.0,12.0,12.0,0,0.0,0.0,0.0,0.0,12,12.0,12.0,12.0,12.0,12,12.0,12.0,12.0,12.0,0,0.0,0.0,0.0,0.0,0,0.0,0.0,0.0,0.0,0,0.0,0.0,0.0,0.0
kurumi-midori,task_medium,changed_topics,1000,0,0.0,0.0,0.0,0.0,19.899,19.68866437078965,20.109335629210353,19.688668235756193,20.10933176424381,19.899,19.68866437078965,20.109335629210353,19.57798961364579,20.22001038635421,0,0.0,0.0,0.0,0.0,17.293,17.105245428655756,17.480754571344242,17.105248878690062,17.480751121309936,17.293,17.105245428655756,17.480754571344242,17.00645241073395,17.57954758926605,0,0.0,0.0,0.0,0.0,-2.606,-2.7522313735044466,-2.459768626495553,-2.84451756277103,-2.36748243722897,-2.606,-2.7522313735044466,-2.459768626495553,-2.8291756449537293,-2.3828243550462704
kurumi-midori,task_strong,bridge_count,1000,3.796,3.7699562857977313,3.8220437142022683,3.769956764357091,3.8220432356429086,3.426,3.387948685950405,3.464051314049595,3.3879493851522304,3.46405061484777,-0.37,-0.41210860832294144,-0.32789139167705855,-0.4342653870736615,-0.30573461292633847,3.782,3.755510351019632,3.808489648980368,3.7555108377731483,3.8084891622268517,3.4,3.3605847750233497,3.43941522497665,3.360585499287358,3.4394145007126418,-0.382,-0.4252339998188965,-0.33876600018110353,-0.4479829389704682,-0.3160170610295318,-0.014,-0.026057081720699236,-0.0019429182793007649,-0.033666270494716155,0.005666270494716156,-0.026,-0.04368408904652443,-0.008315910953475569,-0.05484446557615498,0.0028444655761549822,-0.012,-0.030588607961489368,0.006588607961489367,-0.04036959313981463,0.016369593139814623
kurumi-midori,task_strong,bridge_rate,1000,0.949,0.9424890714494328,0.9555109285505671,0.9424891910892728,0.9555108089107271,0.8565,0.8469871714876013,0.8660128285123988,0.8469873462880576,0.8660126537119425,-0.0925,-0.10302715208073536,-0.08197284791926464,-0.10856634676841538,-0.07643365323158462,0.9455,0.938877587754908,0.952122412245092,0.9388777094432871,0.9521222905567129,0.85,0.8401461937558374,0.8598538062441625,0.8401463748218395,0.8598536251781604,-0.0955,-0.10630849995472412,-0.08469150004527588,-0.11199573474261705,-0.07900426525738295,-0.0035,-0.006514270430174809,-0.0004857295698251912,-0.008416567623679039,0.001416567623679039,-0.0065,-0.010921022261631108,-0.002078977738368892,-0.013711116394038745,0.0007111163940387456,-0.003,-0.007647151990372342,0.0016471519903723418,-0.010092398284953657,0.004092398284953656
kurumi-midori,task_strong,unformed_turns,1000,14.925,14.637541526870796,15.212458473129205,14.637546808987697,15.212453191012305,18.73125,18.38804217382255,19.074457826177447,18.388048480346896,19.074451519653103,3.80625,3.427697418851497,4.184802581148503,3.2285099814112583,4.383990018588742,15.53375,15.23984943310582,15.82765056689418,15.239854833597704,15.827645166402295,19.3795,19.032822926340664,19.726177073659336,19.032829296613247,19.726170703386753,3.84575,3.4632329756140976,4.228267024385902,3.2619595207256644,4.429540479274335,0.60875,0.46762427857847194,0.7498757214215281,0.37856025130874105,0.838939748691259,0.64825,0.48760109572254917,0.8088989042774508,0.3862160452349586,0.9102839547650414,0.0395,-0.1217206420996984,0.20072064209969842,-0.20655199225158388,0.2855519922515839
kurumi-midori,task_strong,known_share,1000,0.146,0.14410043785375193,0.14789956214624805,0.14410047275865212,0.14789952724134786,0.146,0.14410043785375193,0.14789956214624805,0.14410047275865212,0.14789952724134786,0.0,0.0,0.0,0.0,0.0,0.18166666666666667,0.17968300705347276,0.18365032627986058,0.17968304350368366,0.18365028982964968,0.18166666666666667,0.17968300705347276,0.18365032627986058,0.17968304350368366,0.18365028982964968,0.0,0.0,0.0,0.0,0.0,0.035666666666666666,0.034145141684418616,0.037188191648914716,0.0331849117479795,0.03814842158535383,0.035666666666666666,0.034145141684418616,0.037188191648914716,0.0331849117479795,0.03814842158535383,0.0,0.0,0.0,0.0,0.0
kurumi-midori,task_strong,bridge_share,1000,0.6998333333333333,0.6971582582286485,0.7025084084380181,0.6971583073837813,0.7025083592828854,0.6998333333333333,0.6971582582286485,0.7025084084380181,0.6971583073837813,0.7025083592828854,0.0,0.0,0.0,0.0,0.0,0.6640833333333334,0.6613183379406168,0.6668483287260499,0.6613183887480559,0.6668482779186108,0.6640833333333334,0.6613183379406168,0.6668483287260499,0.6613183887480559,0.6668482779186108,0.0,0.0,0.0,0.0,0.0,-0.03575,-0.037279341483862624,-0.03422065851613737,-0.03824450439145641,-0.03325549560854359,-0.03575,-0.037279341483862624,-0.03422065851613737,-0.03824450439145641,-0.03325549560854359,0.0,0.0,0.0,0.0,0.0
kurumi-midori,task_strong,all_formed,1000,0.803,0.7783359601755824,0.8276640398244177,0.778336413383102,0.8276635866168981,0.492,0.4609981411387502,0.5230018588612498,0.46099871080518184,0.5230012891948181,-0.311,-0.34727968056118497,-0.27472031943881503,-0.3663693842430573,-0.2556306157569427,0.788,0.7626542955447213,0.8133457044552788,0.7626547612779885,0.8133452387220116,0.482,0.4510142704291631,0.5129857295708369,0.45101483979921525,0.5129851602007848,-0.306,-0.3424955321411576,-0.2695044678588424,-0.36169881297247564,-0.25030118702752435,-0.015,-0.026563968409043903,-0.0034360315909560957,-0.033861954823958915,0.0038619548239589192,-0.01,-0.023285554032329472,0.0032855540323294737,-0.031670028065199675,0.011670028065199673,0.005,-0.010806891465997281,0.020806891465997283,-0.019124188353672775,0.029124188353672777
kurumi-midori,task_strong,task_progress,1000,1.0,1.0,1.0,1.0,1.0,1.0,1.0,1.0,1.0,1.0,0.0,0.0,0.0,0.0,0.0,1.0,1.0,1.0,1.0,1.0,1.0,1.0,1.0,1.0,1.0,0.0,0.0,0.0,0.0,0.0,0.0,0.0,0.0,0.0,0.0,0.0,0.0,0.0,0.0,0.0,0.0,0.0,0.0,0.0,0.0
kurumi-midori,task_strong,task_complete,1000,1,1.0,1.0,1.0,1.0,1,1.0,1.0,1.0,1.0,0,0.0,0.0,0.0,0.0,1,1.0,1.0,1.0,1.0,1,1.0,1.0,1.0,1.0,0,0.0,0.0,0.0,0.0,0,0.0,0.0,0.0,0.0,0,0.0,0.0,0.0,0.0,0,0.0,0.0,0.0,0.0
kurumi-midori,task_strong,information_transfers,1000,0,0.0,0.0,0.0,0.0,12,12.0,12.0,12.0,12.0,12,12.0,12.0,12.0,12.0,0,0.0,0.0,0.0,0.0,12,12.0,12.0,12.0,12.0,12,12.0,12.0,12.0,12.0,0,0.0,0.0,0.0,0.0,0,0.0,0.0,0.0,0.0,0,0.0,0.0,0.0,0.0
kurumi-midori,task_strong,questions,1000,0,0.0,0.0,0.0,0.0,12.642,12.583767258094523,12.700232741905475,12.583768328134822,12.700231671865177,12.642,12.583767258094523,12.700232741905475,12.553126255462658,12.730873744537341,0,0.0,0.0,0.0,0.0,12.642,12.583767258094523,12.700232741905475,12.583768328134822,12.700231671865177,12.642,12.583767258094523,12.700232741905475,12.553126255462658,12.730873744537341,0,0.0,0.0,0.0,0.0,0,0.0,0.0,0.0,0.0,0,0.0,0.0,0.0,0.0
kurumi-midori,task_strong,changed_topics,1000,0,0.0,0.0,0.0,0.0,27.434,27.197202794554272,27.67079720544573,27.19720714575849,27.670792854241512,27.434,27.197202794554272,27.67079720544573,27.072604440469238,27.795395559530764,0,0.0,0.0,0.0,0.0,23.102,22.888842241934704,23.315157758065297,22.88884615875853,23.31515384124147,23.102,22.888842241934704,23.315157758065297,22.776682532256547,23.427317467743453,0,0.0,0.0,0.0,0.0,-4.332,-4.47695051753662,-4.1870494824633795,-4.56842836237316,-4.09557163762684,-4.332,-4.47695051753662,-4.1870494824633795,-4.553220826026287,-4.110779173973713
pooled,task_weak,bridge_count,1000,3.4506666666666668,3.4200344988234757,3.481298834509858,3.420035061696748,3.4812982716365855,3.2813333333333334,3.248574166865018,3.314092499801649,3.2485747688223894,3.3140918978442775,-0.16933333333333334,-0.1983748040659116,-0.14029186260075507,-0.21365589425731266,-0.12501077240935402,3.3741666666666665,3.34667604685716,3.401657286476173,3.34667655200375,3.4016567813295833,3.2046666666666668,3.174844396694796,3.2344889366385376,3.1748449446860048,3.234488388647329,-0.1695,-0.19642078710134483,-0.1425792128986552,-0.21058601239269614,-0.12841398760730388,-0.07650000000000003,-0.08959083775393184,-0.06340916224606821,-0.09785242691681245,-0.055147573083187594,-0.0766666666666667,-0.08923327425554922,-0.06410005907778418,-0.097164023304769,-0.0561693100285644,-0.00016666666666666962,-0.010882503866822036,0.010549170533488698,-0.016520981209784315,0.016187647876450977
pooled,task_weak,bridge_rate,1000,0.8626666666666667,0.8550086247058689,0.8703247086274645,0.855008765424187,0.8703245679091464,0.8203333333333334,0.8121435417162545,0.8285231249504122,0.8121436922055973,0.8285229744610694,-0.042333333333333334,-0.0495937010164779,-0.03507296565018877,-0.053413973564328164,-0.031252693102338504,0.8435416666666666,0.83666901171429,0.8504143216190433,0.8366691380009375,0.8504141953323958,0.8011666666666667,0.793711099173699,0.8086222341596344,0.7937112361715012,0.8086220971618322,-0.042375,-0.04910519677533621,-0.0356448032246638,-0.052646503098174036,-0.03210349690182597,-0.019125000000000007,-0.02239770943848296,-0.015852290561517053,-0.024463106729203113,-0.013786893270796899,-0.019166666666666676,-0.022308318563887305,-0.016025014769446046,-0.02429100582619225,-0.0140423275071411,-4.1666666666667404e-05,-0.002720625966705509,0.0026372926333721744,-0.004130245302446079,0.004046911969112744
pooled,task_weak,unformed_turns,1000,18.894333333333332,18.632616055497696,19.15605061116897,18.632620864614093,19.15604580205257,19.788833333333333,19.510342670595886,20.06732399607078,19.510347787927167,20.0673188787395,0.8945000000000001,0.733262304574811,1.0557376954251891,0.6484219812752745,1.1405780187247256,20.19925,19.971997626649078,20.42650237335092,19.972001802464767,20.42649819753523,21.123083333333334,20.881300576480847,21.36486609018582,20.88130501929574,21.364861647370926,0.9238333333333334,0.7726218879142958,1.0750447787523711,0.6930571938015988,1.154609472865068,1.3049166666666667,1.1977080766460553,1.4121252566872782,1.130049051140528,1.4797842821928056,1.33425,1.224429014255983,1.4440709857440168,1.1551213135011453,1.5133786864988545,0.029333333333333347,-0.029099170908329548,0.08776583757499624,-0.05984528482413136,0.11851195149079806
pooled,task_weak,known_share,1000,0.16666666666666666,0.16666666666666666,0.16666666666666666,0.16666666666666666,0.16666666666666666,0.16666666666666666,0.16666666666666666,0.16666666666666666,0.16666666666666666,0.16666666666666666,0.0,0.0,0.0,0.0,0.0,0.21351041666666667,0.21292746784711172,0.21409336548622163,0.21292747855893307,0.21409335477440028,0.21351041666666667,0.21292746784711172,0.21409336548622163,0.21292747855893307,0.21409335477440028,0.0,0.0,0.0,0.0,0.0,0.04684375,0.04626080118044505,0.047426698819554955,0.04589290389681225,0.04779459610318776,0.04684375,0.04626080118044505,0.047426698819554955,0.04589290389681225,0.04779459610318776,0.0,0.0,0.0,0.0,0.0
pooled,task_weak,bridge_share,1000,0.6666666666666666,0.6666666666666666,0.6666666666666666,0.6666666666666666,0.6666666666666666,0.6666666666666666,0.6666666666666666,0.6666666666666666,0.6666666666666666,0.6666666666666666,0.0,0.0,0.0,0.0,0.0,0.6190798611111111,0.6184662239336217,0.6196934982886005,0.6184662352093488,0.6196934870128734,0.6190798611111111,0.6184662239336217,0.6196934982886005,0.6184662352093488,0.6196934870128734,0.0,0.0,0.0,0.0,0.0,-0.047586805555555535,-0.04820044273304495,-0.04697316837806612,-0.04858770734901381,-0.04658590376209726,-0.047586805555555535,-0.04820044273304495,-0.04697316837806612,-0.04858770734901381,-0.04658590376209726,0.0,0.0,0.0,0.0,0.0
pooled,task_weak,all_formed,1000,0.5273333333333333,0.5042666644447917,0.5504000022218749,0.5042670883002455,0.5503995783664212,0.41333333333333333,0.3912400038300223,0.4354266628366444,0.39124040980013647,0.4354262568665302,-0.114,-0.13551163988132278,-0.09248836011867721,-0.14683067093930152,-0.08116932906069849,0.4723333333333333,0.4526136809817668,0.49205298568489986,0.45261404333500627,0.4920526233316604,0.36766666666666664,0.3486892199441402,0.3866441133891931,0.3486895686591771,0.3866437646741562,-0.10466666666666667,-0.12373970649323873,-0.08559362684009461,-0.13377559084971108,-0.07555774248362226,-0.055,-0.06587465536191155,-0.044125344638088454,-0.07273761834234006,-0.03726238165765994,-0.04566666666666666,-0.05537810905077452,-0.035955224282558804,-0.06150697174578328,-0.02982636158755004,0.009333333333333332,0.00020041072652182516,0.018466255940144838,-0.0046051659383409115,0.023271832605007578
pooled,task_weak,task_progress,1000,1.0,1.0,1.0,1.0,1.0,0.48375,0.4815395130306807,0.4859604869693193,0.4815395536488975,0.4859604463511025,-0.51625,-0.5184604869693192,-0.5140395130306807,-0.5196236047416982,-0.5128763952583018,1.0,1.0,1.0,1.0,1.0,0.48375,0.4815395130306807,0.4859604869693193,0.4815395536488975,0.4859604463511025,-0.51625,-0.5184604869693192,-0.5140395130306807,-0.5196236047416982,-0.5128763952583018,0.0,0.0,0.0,0.0,0.0,0.0,0.0,0.0,0.0,0.0,0.0,0.0,0.0,0.0,0.0
pooled,task_weak,task_complete,1000,1,1.0,1.0,1.0,1.0,0,0.0,0.0,0.0,0.0,-1,-1.0,-1.0,-1.0,-1.0,1,1.0,1.0,1.0,1.0,0,0.0,0.0,0.0,0.0,-1,-1.0,-1.0,-1.0,-1.0,0,0.0,0.0,0.0,0.0,0,0.0,0.0,0.0,0.0,0,0.0,0.0,0.0,0.0
pooled,task_weak,information_transfers,1000,0,0.0,0.0,0.0,0.0,5.805,5.778474156368168,5.831525843631831,5.77847464378677,5.83152535621323,5.805,5.778474156368168,5.831525843631831,5.7645167430996205,5.845483256900379,0,0.0,0.0,0.0,0.0,5.805,5.778474156368168,5.831525843631831,5.77847464378677,5.83152535621323,5.805,5.778474156368168,5.831525843631831,5.7645167430996205,5.845483256900379,0,0.0,0.0,0.0,0.0,0,0.0,0.0,0.0,0.0,0,0.0,0.0,0.0,0.0
pooled,task_weak,questions,1000,0,0.0,0.0,0.0,0.0,6,6.0,6.0,6.0,6.0,6,6.0,6.0,6.0,6.0,0,0.0,0.0,0.0,0.0,6,6.0,6.0,6.0,6.0,6,6.0,6.0,6.0,6.0,0,0.0,0.0,0.0,0.0,0,0.0,0.0,0.0,0.0,0,0.0,0.0,0.0,0.0
pooled,task_weak,changed_topics,1000,0,0.0,0.0,0.0,0.0,10.437,10.280809010776181,10.593190989223817,10.280811880822261,10.593188119177738,10.437,10.280809010776181,10.593190989223817,10.198624171881784,10.675375828118215,0,0.0,0.0,0.0,0.0,9.4855,9.368506944599497,9.602493055400503,9.368509094374344,9.602490905625656,9.4855,9.368506944599497,9.602493055400503,9.306947340824431,9.664052659175569,0,0.0,0.0,0.0,0.0,-0.9515,-1.0040478595245066,-0.8989521404754934,-1.0372106589526675,-0.8657893410473326,-0.9515,-1.0040478595245066,-0.8989521404754934,-1.0316975811296276,-0.8713024188703725
pooled,task_medium,bridge_count,1000,3.5633333333333335,3.5352951944763427,3.5913714721903243,3.535295709683724,3.591370956982943,3.1766666666666667,3.1427827201949943,3.2105506131383392,3.1427833428204623,3.210549990512871,-0.3866666666666667,-0.42326230120323133,-0.3500710321301021,-0.4425182540822799,-0.3308150792510535,3.5271666666666666,3.5010766325085583,3.553256700824775,3.5010771119190585,3.5532562214142747,3.1326666666666667,3.1012869170185757,3.1640464163147577,3.1012874936288393,3.164045839704494,-0.3945,-0.42848767872356286,-0.3605123212764372,-0.44637137300177676,-0.3426286269982233,-0.03616666666666668,-0.04598197436426495,-0.026351358969068407,-0.05217638615280472,-0.020156947180528646,-0.04400000000000001,-0.05500745221120492,-0.0329925477887951,-0.06195422289222595,-0.02604577710777407,-0.007833333333333328,-0.019630003905666344,0.003963337238999689,-0.025837195980544563,0.010170529313877907
pooled,task_medium,bridge_rate,1000,0.8908333333333334,0.8838237986190857,0.8978428680475811,0.883823927420931,0.8978427392457358,0.7941666666666667,0.7856956800487486,0.8026376532845848,0.7856958357051156,0.8026374976282178,-0.09666666666666668,-0.10581557530080783,-0.08751775803252552,-0.11062956352056998,-0.08270376981276338,0.8817916666666666,0.8752691581271396,0.8883141752061937,0.8752692779797646,0.8883140553535687,0.7831666666666667,0.7753217292546439,0.7910116040786894,0.7753218734072098,0.7910114599261235,-0.098625,-0.10712191968089071,-0.0901280803191093,-0.11159284325044419,-0.08565715674955582,-0.00904166666666667,-0.011495493591066238,-0.006587839742267102,-0.01304409653820118,-0.005039236795132161,-0.011000000000000003,-0.01375186305280123,-0.008248136947198776,-0.015488555723056487,-0.0065114442769435175,-0.001958333333333332,-0.004907500976416586,0.0009908343097499222,-0.006459298995136141,0.002542632328469477
pooled,task_medium,unformed_turns,1000,18.714,18.465707316327308,18.96229268367269,18.465711878763635,18.962288121236362,21.3295,21.05065807191247,21.60834192808753,21.050663195698334,21.608336804301665,2.6155,2.3378642549985638,2.893135745001436,2.191777409094974,3.039222590905026,19.687666666666665,19.46127510705172,19.91405822628161,19.461279267049754,19.914054066283576,22.258875,22.0003123276703,22.5174376723297,22.000317078820082,22.517432921179918,2.5712083333333333,2.312147416456873,2.8302692502097937,2.1758343050339244,2.9665823616327422,0.9736666666666667,0.8838857948676836,1.0634475384656497,0.8272253510190327,1.1201079823143005,0.929375,0.8389984198321265,1.0197515801678734,0.7819620261858253,1.0767879738141746,-0.04429166666666674,-0.12549674568098462,0.03691341234765114,-0.16822537150865718,0.0796420381753237
pooled,task_medium,known_share,1000,0.16666666666666666,0.16666666666666666,0.16666666666666666,0.16666666666666666,0.16666666666666666,0.16666666666666666,0.16666666666666666,0.16666666666666666,0.16666666666666666,0.16666666666666666,0.0,0.0,0.0,0.0,0.0,0.20733680555555556,0.2067733200838579,0.20790029102725321,0.2067733304380357,0.20790028067307542,0.20733680555555556,0.2067733200838579,0.20790029102725321,0.2067733304380357,0.20790028067307542,0.0,0.0,0.0,0.0,0.0,0.040670138888888895,0.04010665341719125,0.041233624360586536,0.039751039395084856,0.041589238382692933,0.040670138888888895,0.04010665341719125,0.041233624360586536,0.039751039395084856,0.041589238382692933,0.0,0.0,0.0,0.0,0.0
pooled,task_medium,bridge_share,1000,0.6666666666666666,0.6666666666666666,0.6666666666666666,0.6666666666666666,0.6666666666666666,0.6666666666666666,0.6666666666666666,0.6666666666666666,0.6666666666666666,0.6666666666666666,0.0,0.0,0.0,0.0,0.0,0.6255416666666667,0.624958568946111,0.6261247643872223,0.6249585796606685,0.6261247536726648,0.6255416666666667,0.624958568946111,0.6261247643872223,0.6249585796606685,0.6261247536726648,0.0,0.0,0.0,0.0,0.0,-0.04112499999999998,-0.041708097720555594,-0.04054190227944437,-0.0420760889751715,-0.040173911024828465,-0.04112499999999998,-0.041708097720555594,-0.04054190227944437,-0.0420760889751715,-0.040173911024828465,0.0,0.0,0.0,0.0,0.0
pooled,task_medium,all_formed,1000,0.6083333333333333,0.5852935482135664,0.6313731184531002,0.5852939715750246,0.631372695091642,0.35566666666666663,0.3343598391597495,0.3769734941735838,0.33436023067770493,0.37697310265562833,-0.25266666666666665,-0.2784298043960983,-0.22690352893723498,-0.2919858957828647,-0.2133474375504686,0.5795,0.5584112980523047,0.6005887019476953,0.5584116855621518,0.6005883144378482,0.3293333333333333,0.3102496331968349,0.3484170334698317,0.31024998386430325,0.3484166828023634,-0.25016666666666665,-0.2732770439544313,-0.22705628937890202,-0.28543730136506845,-0.21489603196826484,-0.02883333333333333,-0.037375243518261825,-0.020291423148404833,-0.04276601788584646,-0.014900648780820197,-0.02633333333333333,-0.034265521281818576,-0.018401145384848085,-0.03927150174120173,-0.013395164925464928,0.0024999999999999983,-0.007265468580606926,0.012265468580606924,-0.012403879355862435,0.01740387935586243
pooled,task_medium,task_progress,1000,1.0,1.0,1.0,1.0,1.0,0.9515,0.9476353944547387,0.9553646055452614,0.9476354654677724,0.9553645345322276,-0.04850000000000001,-0.05236460554526137,-0.044635394454738644,-0.054398090227739254,-0.04260190977226076,1.0,1.0,1.0,1.0,1.0,0.9515,0.9476353944547387,0.9553646055452614,0.9476354654677724,0.9553645345322276,-0.04850000000000001,-0.05236460554526137,-0.044635394454738644,-0.054398090227739254,-0.04260190977226076,0.0,0.0,0.0,0.0,0.0,0.0,0.0,0.0,0.0,0.0,0.0,0.0,0.0,0.0,0.0
pooled,task_medium,task_complete,1000,1,1.0,1.0,1.0,1.0,0.555,0.5241823283019484,0.5858176716980517,0.5241828945838978,0.5858171054161023,-0.445,-0.47581767169805156,-0.41418232830194845,-0.49203336631776773,-0.3979666336822323,1,1.0,1.0,1.0,1.0,0.555,0.5241823283019484,0.5858176716980517,0.5241828945838978,0.5858171054161023,-0.445,-0.47581767169805156,-0.41418232830194845,-0.49203336631776773,-0.3979666336822323,0,0.0,0.0,0.0,0.0,0,0.0,0.0,0.0,0.0,0,0.0,0.0,0.0,0.0
pooled,task_medium,information_transfers,1000,0,0.0,0.0,0.0,0.0,11.418,11.371624733456862,11.464375266543136,11.371625585613268,11.46437441438673,11.418,11.371624733456862,11.464375266543136,11.347222917267128,11.48877708273287,0,0.0,0.0,0.0,0.0,11.418,11.371624733456862,11.464375266543136,11.371625585613268,11.46437441438673,11.418,11.371624733456862,11.464375266543136,11.347222917267128,11.48877708273287,0,0.0,0.0,0.0,0.0,0,0.0,0.0,0.0,0.0,0,0.0,0.0,0.0,0.0
pooled,task_medium,questions,1000,0,0.0,0.0,0.0,0.0,12,12.0,12.0,12.0,12.0,12,12.0,12.0,12.0,12.0,0,0.0,0.0,0.0,0.0,12,12.0,12.0,12.0,12.0,12,12.0,12.0,12.0,12.0,0,0.0,0.0,0.0,0.0,0,0.0,0.0,0.0,0.0,0,0.0,0.0,0.0,0.0
pooled,task_medium,changed_topics,1000,0,0.0,0.0,0.0,0.0,19.899,19.68866437078965,20.109335629210353,19.688668235756193,20.10933176424381,19.899,19.68866437078965,20.109335629210353,19.57798961364579,20.22001038635421,0,0.0,0.0,0.0,0.0,18.195833333333333,18.0367431268486,18.354923539818067,18.036746050168478,18.354920616498188,18.195833333333333,18.0367431268486,18.354923539818067,17.95303277291206,18.438633893754606,0,0.0,0.0,0.0,0.0,-1.7031666666666667,-1.7732784234724832,-1.6330549098608502,-1.8175257467611308,-1.5888075865722027,-1.7031666666666667,-1.7732784234724832,-1.6330549098608502,-1.8101699462570162,-1.5961633870763172
pooled,task_strong,bridge_count,1000,3.6626666666666665,3.637049722491071,3.688283610842262,3.637050193208432,3.688283140124901,3.246,3.2117632007021757,3.2802367992978243,3.2117638298113973,3.2802361701886027,-0.4166666666666667,-0.4541568028402032,-0.37917653049313016,-0.47388342610357187,-0.3594499072297615,3.6485,3.623727399941281,3.6732726000587186,3.6237278551436205,3.673272144856379,3.2243333333333335,3.1912115811524147,3.2574550855142523,3.1912121897723837,3.2574544768942832,-0.4241666666666667,-0.460751171315833,-0.3875821620175004,-0.480001267851905,-0.3683320654814284,-0.014166666666666671,-0.01980649900636712,-0.008526834326966222,-0.02336578059047647,-0.004967552742856872,-0.02166666666666667,-0.028715143012415047,-0.014618190320918295,-0.03316341568124141,-0.010169917652091931,-0.007499999999999998,-0.015377724692073332,0.00037772469207333556,-0.019522839195091908,0.004522839195091914
pooled,task_strong,bridge_rate,1000,0.9156666666666666,0.9092624306227678,0.9220709027105655,0.909262548302108,0.9220707850312253,0.8115,0.8029408001755439,0.8200591998244561,0.8029409574528493,0.8200590425471507,-0.10416666666666667,-0.1135392007100508,-0.09479413262328254,-0.11847085652589297,-0.08986247680744038,0.912125,0.9059318499853203,0.9183181500146796,0.9059319637859051,0.9183180362140948,0.8060833333333334,0.7978028952881037,0.8143637713785631,0.7978030474430959,0.8143636192235708,-0.10604166666666667,-0.11518779282895825,-0.0968955405043751,-0.12000031696297625,-0.0920830163703571,-0.003541666666666668,-0.00495162475159178,-0.0021317085817415555,-0.005841445147619117,-0.001241888185714218,-0.005416666666666668,-0.007178785753103762,-0.0036545475802295738,-0.008290853920310353,-0.002542479413022983,-0.0018749999999999995,-0.003844431173018333,9.443117301833389e-05,-0.004880709798772977,0.0011307097987729785
pooled,task_strong,unformed_turns,1000,17.155833333333334,16.91046317818734,17.40120348847933,16.91046768692152,17.401198979745146,21.071833333333334,20.777664210172148,21.36600245649452,20.777669615598818,21.36599705106785,3.916,3.5820455014530843,4.2499544985469155,3.406324758550251,4.425675241449749,17.647583333333333,17.413875309894333,17.881291356772334,17.413879604334106,17.88128706233256,21.607666666666667,21.323461576886785,21.891871756446548,21.323466799222004,21.89186653411133,3.9600833333333334,3.634909264668173,4.285257401998494,3.463808623211919,4.456358043454747,0.49174999999999996,0.4354134547889631,0.5480865452110368,0.3998596269791389,0.583640373020861,0.5358333333333334,0.4751099368832666,0.5965567297834002,0.43678758017278796,0.6348790864938788,0.044083333333333474,-0.023696332844186346,0.1118629995108533,-0.05936075223737676,0.1475274189040437
pooled,task_strong,known_share,1000,0.16666666666666666,0.16666666666666666,0.16666666666666666,0.16666666666666666,0.16666666666666666,0.16666666666666666,0.16666666666666666,0.16666666666666666,0.16666666666666666,0.16666666666666666,0.0,0.0,0.0,0.0,0.0,0.1942465277777778,0.19376536249845555,0.19472769305710003,0.19376537133998045,0.19472768421557513,0.1942465277777778,0.19376536249845555,0.19472769305710003,0.19376537133998045,0.19472768421557513,0.0,0.0,0.0,0.0,0.0,0.027579861111111114,0.02709869583178887,0.02806102639043336,0.026795033840713536,0.02836468838150869,0.027579861111111114,0.02709869583178887,0.02806102639043336,0.026795033840713536,0.02836468838150869,0.0,0.0,0.0,0.0,0.0
pooled,task_strong,bridge_share,1000,0.6666666666666666,0.6666666666666666,0.6666666666666666,0.6666666666666666,0.6666666666666666,0.6666666666666666,0.6666666666666666,0.6666666666666666,0.6666666666666666,0.6666666666666666,0.0,0.0,0.0,0.0,0.0,0.639,0.6385116984663444,0.6394883015336557,0.6385117074389997,0.6394882925610004,0.639,0.6385116984663444,0.6394883015336557,0.6385117074389997,0.6394882925610004,0.0,0.0,0.0,0.0,0.0,-0.027666666666666645,-0.028154968200322324,-0.027178365133010966,-0.028463133860496065,-0.026870199472837225,-0.027666666666666645,-0.028154968200322324,-0.027178365133010966,-0.028463133860496065,-0.026870199472837225,0.0,0.0,0.0,0.0,0.0
pooled,task_strong,all_formed,1000,0.6866666666666666,0.6643616182179991,0.7089717151153342,0.6643620280784985,0.7089713052548348,0.39699999999999996,0.3738478837665736,0.42015211623342635,0.3738483091921424,0.4201516908078575,-0.2896666666666667,-0.31762804091450375,-0.2617052924188296,-0.3323408041106666,-0.24699252922266682,0.674,0.6525034608046981,0.695496539195302,0.6525038558086503,0.6954961441913498,0.3838333333333333,0.3617168304610594,0.4059498362056072,0.3617172368569897,0.4059494298096769,-0.2901666666666667,-0.3171888558945257,-0.26314447743880764,-0.33140743712831994,-0.24892589620501346,-0.012666666666666666,-0.01779513015585933,-0.007538203177474001,-0.021031688364047153,-0.004301644969286178,-0.013166666666666665,-0.018524677472077755,-0.007808655861255573,-0.021906102315670094,-0.004427231017663236,-0.0004999999999999997,-0.006828962160472706,0.005828962160472707,-0.010159146175005287,0.009159146175005286
pooled,task_strong,task_progress,1000,1.0,1.0,1.0,1.0,1.0,1.0,1.0,1.0,1.0,1.0,0.0,0.0,0.0,0.0,0.0,1.0,1.0,1.0,1.0,1.0,1.0,1.0,1.0,1.0,1.0,0.0,0.0,0.0,0.0,0.0,0.0,0.0,0.0,0.0,0.0,0.0,0.0,0.0,0.0,0.0,0.0,0.0,0.0,0.0,0.0
pooled,task_strong,task_complete,1000,1,1.0,1.0,1.0,1.0,1,1.0,1.0,1.0,1.0,0,0.0,0.0,0.0,0.0,1,1.0,1.0,1.0,1.0,1,1.0,1.0,1.0,1.0,0,0.0,0.0,0.0,0.0,0,0.0,0.0,0.0,0.0,0,0.0,0.0,0.0,0.0,0,0.0,0.0,0.0,0.0
pooled,task_strong,information_transfers,1000,0,0.0,0.0,0.0,0.0,12,12.0,12.0,12.0,12.0,12,12.0,12.0,12.0,12.0,0,0.0,0.0,0.0,0.0,12,12.0,12.0,12.0,12.0,12,12.0,12.0,12.0,12.0,0,0.0,0.0,0.0,0.0,0,0.0,0.0,0.0,0.0,0,0.0,0.0,0.0,0.0
pooled,task_strong,questions,1000,0,0.0,0.0,0.0,0.0,12.642,12.583767258094523,12.700232741905475,12.583768328134822,12.700231671865177,12.642,12.583767258094523,12.700232741905475,12.553126255462658,12.730873744537341,0,0.0,0.0,0.0,0.0,12.642,12.583767258094523,12.700232741905475,12.583768328134822,12.700231671865177,12.642,12.583767258094523,12.700232741905475,12.553126255462658,12.730873744537341,0,0.0,0.0,0.0,0.0,0,0.0,0.0,0.0,0.0,0,0.0,0.0,0.0,0.0
pooled,task_strong,changed_topics,1000,0,0.0,0.0,0.0,0.0,27.434,27.197202794554272,27.67079720544573,27.19720714575849,27.670792854241512,27.434,27.197202794554272,27.67079720544573,27.072604440469238,27.795395559530764,0,0.0,0.0,0.0,0.0,24.465333333333334,24.27688331817213,24.65378334849454,24.27688678098538,24.65377988568129,24.465333333333334,24.27688331817213,24.65378334849454,24.177724370446423,24.752942296220244,0,0.0,0.0,0.0,0.0,-2.9686666666666666,-3.028374385065107,-2.9089589482682263,-3.066055750347686,-2.871277582985647,-2.9686666666666666,-3.028374385065107,-2.9089589482682263,-3.059791493322845,-2.877541840010488
