known_pair,horizon,case_id,metric,seeds,A_mean,A_ci_low,A_ci_high,A_simultaneous_low,A_simultaneous_high,difference_A_mean,difference_A_ci_low,difference_A_ci_high,difference_A_simultaneous_low,difference_A_simultaneous_high,B_mean,B_ci_low,B_ci_high,B_simultaneous_low,B_simultaneous_high,difference_B_mean,difference_B_ci_low,difference_B_ci_high,difference_B_simultaneous_low,difference_B_simultaneous_high,B_minus_A_mean,B_minus_A_ci_low,B_minus_A_ci_high,B_minus_A_simultaneous_low,B_minus_A_simultaneous_high,gap_change_mean,gap_change_ci_low,gap_change_ci_high,gap_change_simultaneous_low,gap_change_simultaneous_high
akane-koharu,12,neutral,bridge_count,1000,2.107,2.063346657219224,2.1506533427807764,2.0633474593596417,2.1506525406403587,0,0.0,0.0,0.0,0.0,2.001,1.956758301498628,2.0452416985013717,1.95675911445022,2.04524088554978,0,0.0,0.0,0.0,0.0,-0.106,-0.13392342923604297,-0.078076570763957,-0.13392291613647808,-0.07807708386352191,0,0.0,0.0,0.0,0.0
akane-koharu,12,neutral,bridge_rate,1000,0.52675,0.515836664304806,0.5376633356951941,0.5158368648399104,0.5376631351600897,0.0,0.0,0.0,0.0,0.0,0.50025,0.489189575374657,0.5113104246253429,0.489189778612555,0.511310221387445,0.0,0.0,0.0,0.0,0.0,-0.0265,-0.03348085730901074,-0.01951914269098925,-0.03348072903411952,-0.019519270965880478,0.0,0.0,0.0,0.0,0.0
akane-koharu,12,neutral,unformed_turns,1000,9.79525,9.744415004370211,9.846084995629788,9.744415938475184,9.846084061524815,0.0,0.0,0.0,0.0,0.0,9.96,9.908097874121857,10.011902125878144,9.9080988278356,10.011901172164402,0.0,0.0,0.0,0.0,0.0,0.16475,0.13458211420677224,0.19491788579322777,0.1345826685487531,0.19491733145124693,0.0,0.0,0.0,0.0,0.0
akane-koharu,12,neutral,all_formed,1000,0.018,0.009755480990761576,0.026244519009238423,0.009755632485733082,0.026244367514266915,0,0.0,0.0,0.0,0.0,0.012,0.005247844699564353,0.018752155300435648,0.005247968772002503,0.018752031227997498,0,0.0,0.0,0.0,0.0,-0.006,-0.014761876104629241,0.002761876104629241,-0.014761715103099699,0.0027617151030996986,0,0.0,0.0,0.0,0.0
akane-koharu,12,neutral,free_known_share,1000,0.12916666666666665,0.12127945604283023,0.13705387729050308,0.12127960097217631,0.137053732361157,0.0,0.0,0.0,0.0,0.0,0.20366666666666666,0.19531671029723746,0.21201662303609586,0.1953168637296452,0.2120164696036881,0.0,0.0,0.0,0.0,0.0,0.0745,0.06844533635242893,0.08055466364757106,0.06844544760829428,0.08055455239170571,0.0,0.0,0.0,0.0,0.0
akane-koharu,12,neutral,free_bridge_share,1000,0.742,0.7317181092643754,0.7522818907356246,0.7317182981965306,0.7522817018034694,0.0,0.0,0.0,0.0,0.0,0.667,0.6564600655158563,0.6775399344841437,0.6564602591896259,0.6775397408103742,0.0,0.0,0.0,0.0,0.0,-0.07500000000000001,-0.08123123721311387,-0.06876876278688615,-0.08123112271266782,-0.0687688772873322,0.0,0.0,0.0,0.0,0.0
akane-koharu,12,neutral,source_contact_share,1000,0.44566666666666666,0.43587416859264894,0.4554591647406844,0.435874348532099,0.4554589848012343,0.0,0.0,0.0,0.0,0.0,0.444,0.4341999782004469,0.4538000217995531,0.4342001582781472,0.45379984172185284,0.0,0.0,0.0,0.0,0.0,-0.0016666666666666668,-0.0072314234114615236,0.0038980900781281896,-0.0072313211577504765,0.0038979878244171425,0.0,0.0,0.0,0.0,0.0
akane-koharu,12,neutral,unformed_bridge_contacts,1000,3.157,3.102927009608402,3.211072990391598,3.102928003212289,3.211071996787711,0,0.0,0.0,0.0,0.0,2.944,2.8904087248969836,2.9975912751030163,2.89040970964924,2.99759029035076,0,0.0,0.0,0.0,0.0,-0.213,-0.250904849653141,-0.17509515034685894,-0.2509041531426337,-0.17509584685736632,0,0.0,0.0,0.0,0.0
akane-koharu,12,neutral,selection_total_variation,1000,0.0,0.0,0.0,0.0,0.0,0.0,0.0,0.0,0.0,0.0,0.0,0.0,0.0,0.0,0.0,0.0,0.0,0.0,0.0,0.0,0.0,0.0,0.0,0.0,0.0,0.0,0.0,0.0,0.0,0.0
akane-koharu,12,neutral,expected_source_shift,1000,0.0,0.0,0.0,0.0,0.0,0.0,0.0,0.0,0.0,0.0,0.0,0.0,0.0,0.0,0.0,0.0,0.0,0.0,0.0,0.0,0.0,0.0,0.0,0.0,0.0,0.0,0.0,0.0,0.0,0.0
akane-koharu,12,neutral,permutation_unchanged_fraction,1000,0.4815,0.4659157232416104,0.49708427675838956,0.46591600960635293,0.49708399039364703,0.0,0.0,0.0,0.0,0.0,0.4815,0.4659157232416104,0.49708427675838956,0.46591600960635293,0.49708399039364703,0.0,0.0,0.0,0.0,0.0,0.0,0.0,0.0,0.0,0.0,0.0,0.0,0.0,0.0,0.0
akane-koharu,12,neutral,information_transfers,1000,5.801,5.774155398475093,5.827844601524907,5.7741558917509455,5.827844108249055,0,0.0,0.0,0.0,0.0,5.801,5.774155398475093,5.827844601524907,5.7741558917509455,5.827844108249055,0,0.0,0.0,0.0,0.0,0,0.0,0.0,0.0,0.0,0,0.0,0.0,0.0,0.0
akane-koharu,12,actual_promote,bridge_count,1000,2.075,2.0324248094913617,2.1175751905086386,2.0324255918204783,2.117574408179522,-0.032,-0.049426930294790866,-0.014573069705209139,-0.060425014693360216,-0.0035749853066397823,1.968,1.9239334859642918,2.012066514035708,1.9239342956968282,2.0120657043031716,-0.033,-0.05030902943842029,-0.015690970561579715,-0.06123270695367211,-0.004767293046327888,-0.107,-0.13511467867070076,-0.07888532132929924,-0.13511416205688262,-0.07888583794311738,-0.001,-0.019290705516964303,0.0172907055169643,-0.01929036942095821,0.01729036942095821
akane-koharu,12,actual_promote,bridge_rate,1000,0.51875,0.5081062023728404,0.5293937976271597,0.5081063979551196,0.5293936020448805,-0.008,-0.012356732573697717,-0.0036432674263022847,-0.015106253673340054,-0.0008937463266599456,0.492,0.48098337149107295,0.503016628508927,0.48098357392420704,0.5030164260757929,-0.00825,-0.012577257359605073,-0.003922742640394929,-0.015308176738418028,-0.001191823261581972,-0.02675,-0.03377866966767519,-0.01972133033232481,-0.033778540514220655,-0.019721459485779344,-0.00025,-0.004822676379241076,0.004322676379241075,-0.004822592355239553,0.004322592355239552
akane-koharu,12,actual_promote,unformed_turns,1000,9.82725,9.776520829292599,9.8779791707074,9.776521761453015,9.877978238546984,0.032,0.014545508862735045,0.04945449113726495,0.0035300308976282495,0.06046996910237175,9.992,9.940036378536947,10.043963621463055,9.940037333380685,10.043962666619317,0.032,0.013790733705638249,0.05020926629436175,0.0022989193611878504,0.06170108063881215,0.16475,0.13424934555092594,0.19525065444907408,0.13424990600760892,0.1952500939923911,0.0,-0.019050299575437492,0.019050299575437492,-0.019049949521712326,0.019049949521712326
akane-koharu,12,actual_promote,all_formed,1000,0.014,0.00671422420541718,0.02128577579458282,0.006714358083257133,0.021285641916742867,-0.004,-0.008796993386022701,0.000796993386022701,-0.011824361788054277,0.0038243617880542764,0.011,0.004532032699448689,0.01746796730055131,0.004532151549865652,0.017467848450134348,-0.001,-0.006187896748459117,0.004187896748459117,-0.009461963111579416,0.007461963111579417,-0.003,-0.011083190184794835,0.005083190184794834,-0.011083041654278335,0.0050830416542783355,0.003,-0.0028799999999999997,0.008879999999999999,-0.002879891953620161,0.008879891953620161
akane-koharu,12,actual_promote,free_known_share,1000,0.12883333333333333,0.12113045972266946,0.1365362069439972,0.12113060126477966,0.136536065401887,-0.0003333333333333334,-0.0026442788498463043,0.0019776121831796374,-0.004102709761152713,0.0034360430944860468,0.20466666666666666,0.1962067776872671,0.21312655564606622,0.19620693313971235,0.21312640019362097,0.001,-0.0016544562289110246,0.0036544562289110246,-0.0033296757394061134,0.0053296757394061135,0.07583333333333334,0.06978940569615023,0.08187726097051644,0.06978951675473888,0.0818771499119278,0.0013333333333333333,-0.002215987626974325,0.004882654293640992,-0.0022159224073687728,0.00488258907403544
akane-koharu,12,actual_promote,free_bridge_share,1000,0.7393333333333333,0.729144281733413,0.7495223849332536,0.7291444689596271,0.7495221977070394,-0.0026666666666666666,-0.006502488458370055,0.0011691551250367221,-0.00892326429722422,0.0035899309638908867,0.663,0.6523917769004105,0.6736082230995896,0.6523919718289994,0.6736080281710006,-0.004,-0.007941305686284046,-5.869431371595315e-05,-0.01042865210042964,0.00242865210042964,-0.07633333333333334,-0.08251928739294513,-0.07014737927372154,-0.08251917372458765,-0.07014749294207902,-0.0013333333333333335,-0.005143897858702508,0.0024772311920358415,-0.005143827838685143,0.002477161172018476
akane-koharu,12,actual_promote,source_contact_share,1000,0.47783333333333333,0.467859331512985,0.4878073351536817,0.467859514787609,0.48780715187905765,0.03216666666666666,0.027664577279138052,0.03666875605419527,0.024823321922264125,0.039510011411069204,0.4755,0.465676642339123,0.485323357660877,0.46567682284562517,0.4853231771543748,0.0315,0.027075355018021233,0.03592464498197877,0.02428297459746864,0.03871702540253136,-0.0023333333333333335,-0.00821449586253767,0.0035478291958710028,-0.008214387794796083,0.0035477211281294166,-0.0006666666666666668,-0.004851930251641951,0.0035185969183086172,-0.004851853346441436,0.003518520013108102
akane-koharu,12,actual_promote,unformed_bridge_contacts,1000,3.16,3.1058542004620158,3.2141457995379845,3.1058551954037883,3.214144804596212,0.003,-0.02172632639145607,0.027726326391456068,-0.03733103817486716,0.043331038174867165,2.943,2.8888062475519143,2.997193752448086,2.888807243374833,2.997192756625167,-0.001,-0.02525591284012432,0.023255912840124317,-0.040563748016338344,0.03856374801633834,-0.217,-0.25522207509574313,-0.1787779249042569,-0.25522137275614376,-0.17877862724385624,-0.004,-0.029416004951756437,0.021416004951756436,-0.029415537926701162,0.021415537926701162
akane-koharu,12,actual_promote,selection_total_variation,1000,0.03410705160699054,0.03347721583232014,0.03473688738166094,0.033477227405700305,0.034736875808280776,0.03410705160699054,0.03347721583232014,0.03473688738166094,0.03307972832936422,0.03513437488461686,0.03445328387533435,0.03381509396228527,0.035091473788383426,0.03381510568917469,0.03509146206149401,0.03445328387533435,0.03381509396228527,0.035091473788383426,0.03341233418719583,0.035494233563472866,0.0003462322683438116,0.0001717385912534983,0.000520725945434125,0.00017174179761576268,0.0005207227390718605,0.0003462322683438116,0.0001717385912534983,0.000520725945434125,0.00017174179761576268,0.0005207227390718605
akane-koharu,12,actual_promote,expected_source_shift,1000,0.01136901720233018,0.011159071944106714,0.011578962460553647,0.011159075801900101,0.01157895860276026,0.01136901720233018,0.011159071944106714,0.011578962460553647,0.011026576109788072,0.011711458294872289,0.011484427958444787,0.011271697987428428,0.011697157929461147,0.011271701896391567,0.011697154020498007,0.011484427958444787,0.011271697987428428,0.011697157929461147,0.01113744472906528,0.011831411187824294,0.00011541075611460556,5.724619708450121e-05,0.0001735753151447099,5.7247265871922666e-05,0.00017357424635728845,0.00011541075611460556,5.724619708450121e-05,0.0001735753151447099,5.7247265871922666e-05,0.00017357424635728845
akane-koharu,12,actual_promote,permutation_unchanged_fraction,1000,0.4815,0.4659157232416104,0.49708427675838956,0.46591600960635293,0.49708399039364703,0.0,0.0,0.0,0.0,0.0,0.4815,0.4659157232416104,0.49708427675838956,0.46591600960635293,0.49708399039364703,0.0,0.0,0.0,0.0,0.0,0.0,0.0,0.0,0.0,0.0,0.0,0.0,0.0,0.0,0.0
akane-koharu,12,actual_promote,information_transfers,1000,5.801,5.774155398475093,5.827844601524907,5.7741558917509455,5.827844108249055,0,0.0,0.0,0.0,0.0,5.801,5.774155398475093,5.827844601524907,5.7741558917509455,5.827844108249055,0,0.0,0.0,0.0,0.0,0,0.0,0.0,0.0,0.0,0,0.0,0.0,0.0,0.0
akane-koharu,12,actual_suppress,bridge_count,1000,2.16,2.115697456558846,2.2043025434411545,2.115698270628478,2.2043017293715224,0.053,0.03565989547826125,0.07034010452173875,0.024716606569422143,0.08128339343057786,2.025,1.9805252768305297,2.06947472316947,1.9805260940640048,2.069473905935995,0.024,0.008138586985302263,0.03986141301469774,-0.0018715040671853957,0.04987150406718539,-0.135,-0.16151134269121978,-0.10848865730878025,-0.1615108555390765,-0.10848914446092353,-0.029,-0.048028486479425994,-0.009971513520574012,-0.048028136826521586,-0.00997186317347842
akane-koharu,12,actual_suppress,bridge_rate,1000,0.54,0.5289243641397114,0.5510756358602886,0.5289245676571195,0.5510754323428806,0.01325,0.008914973869565312,0.017585026130434687,0.006179151642355536,0.020320848357644465,0.50625,0.4951313192076324,0.5173686807923675,0.4951315235160012,0.5173684764839988,0.006,0.0020346467463255658,0.009965353253674435,-0.0004678760167963489,0.012467876016796348,-0.03375,-0.040377835672804945,-0.027122164327195063,-0.04037771388476912,-0.027122286115230883,-0.00725,-0.012007121619856499,-0.002492878380143503,-0.012007034206630397,-0.002492965793369605
akane-koharu,12,actual_suppress,unformed_turns,1000,9.747,9.6961328249743,9.797867175025699,9.696133759670579,9.797866240329421,-0.04825,-0.06581522565332573,-0.030684774346674274,-0.07690058784548054,-0.019599412154519467,9.93825,9.8862886564808,9.9902113435192,9.886289611282681,9.990210388717319,-0.02175,-0.0393676890103687,-0.004132310989631297,-0.050486160672684376,0.006986160672684379,0.19125,0.16170576131392891,0.2207942386860711,0.16170630419624782,0.2207936958037522,0.0265,0.0075714309276393756,0.04542856907236062,0.007571778744537981,0.04542822125546202
akane-koharu,12,actual_suppress,all_formed,1000,0.023,0.013704248034472703,0.032295751965527295,0.01370441884609647,0.03229558115390353,0.005,0.000626089725304018,0.009373910274695982,-0.0021342721708616655,0.012134272170861667,0.013,0.005975691456768822,0.020024308543231176,0.005975820530086674,0.020024179469913327,0.001,-0.003384447716848928,0.005384447716848928,-0.006151459761731725,0.008151459761731726,-0.01,-0.018747820549391964,-0.001252179450608036,-0.01874765980613655,-0.0012523401938634507,-0.004,-0.009540941836586669,0.0015409418365866677,-0.009540840020480147,0.001540840020480147
akane-koharu,12,actual_suppress,free_known_share,1000,0.12816666666666665,0.12031159176487075,0.13602174156846256,0.12031173610371539,0.1360215972296179,-0.001,-0.003355989572269457,0.0013559895722694568,-0.004842847654539635,0.0028428476545396346,0.2043333333333333,0.1960591461012162,0.21260752056545043,0.19605929814134826,0.21260736852531836,0.0006666666666666666,-0.0022195227550912255,0.0035528560884245585,-0.004040988401295115,0.005374321734628449,0.07616666666666666,0.07010354064974296,0.08222979268359036,0.07010365206110633,0.08222968127222699,0.0016666666666666666,-0.002115253572904265,0.005448586906237598,-0.002115184079232373,0.0054485174125657055
akane-koharu,12,actual_suppress,free_bridge_share,1000,0.7446666666666667,0.7343989146082883,0.7549344187250451,0.734399103280642,0.7549342300526914,0.002666666666666667,-0.0007882230077893302,0.006121556341122664,-0.0029685937090350176,0.008301927042368352,0.6685,0.657975872128997,0.679024127871003,0.6579760655123162,0.6790239344876837,0.0015000000000000005,-0.0025150784591101817,0.005515078459110183,-0.005048982652975641,0.008048982652975642,-0.07616666666666667,-0.0823518868004743,-0.06998144653285905,-0.08235177314560288,-0.06998156018773047,-0.0011666666666666668,-0.005046884948688744,0.0027135516153554105,-0.005046813648767254,0.002713480315433921
akane-koharu,12,actual_suppress,source_contact_share,1000,0.41583333333333333,0.40592021958089847,0.4257464470857682,0.40592040173669,0.4257462649299767,-0.029833333333333333,-0.03413160300715041,-0.02553506365951626,-0.036844228342811605,-0.022822438323855065,0.414,0.4041097079107367,0.42389029208926327,0.40410988964717476,0.4238901103528252,-0.03,-0.03423115645032529,-0.025768843549674705,-0.03690142682824369,-0.023098573171756308,-0.0018333333333333329,-0.0076512675488701574,0.003984600882203492,-0.0076511606429636725,0.003984493976297007,-0.00016666666666666598,-0.004612024926076017,0.004278691592742686,-0.004611943241574824,0.0042786099082414925
akane-koharu,12,actual_suppress,unformed_bridge_contacts,1000,3.182,3.1271319132049555,3.2368680867950443,3.127132921418926,3.236867078581074,0.025,0.0011134354088335255,0.04888656459116648,-0.013961305174942928,0.06396130517494293,2.951,2.8970605878917968,3.0049394121082034,2.8970615790411522,3.004938420958848,0.007,-0.018337737913289784,0.03233773791328978,-0.03432830970793848,0.04832830970793848,-0.231,-0.2687018117470369,-0.19329818825296313,-0.2687011189673987,-0.19329888103260132,-0.018,-0.045007197379778416,0.009007197379778419,-0.045006701116188874,0.00900670111618888
akane-koharu,12,actual_suppress,selection_total_variation,1000,0.033748014344291456,0.03312378173533983,0.034372246953243084,0.033123793205760504,0.03437223548282241,0.033748014344291456,0.03312378173533983,0.034372246953243084,0.03272983037377151,0.034766198314811404,0.03403434464111295,0.03340101405739449,0.034667675224831405,0.03340102569499259,0.034667663587233305,0.03403434464111295,0.03340101405739449,0.034667675224831405,0.03300132099073818,0.03506736829148772,0.0002863302968214901,0.0001228938146291504,0.0004497667790138298,0.00012289681781286376,0.0004497637758301164,0.0002863302968214901,0.0001228938146291504,0.0004497667790138298,0.00012289681781286376,0.0004497637758301164
akane-koharu,12,actual_suppress,expected_source_shift,1000,-0.011249338114763821,-0.01145741565108103,-0.011041260578446612,-0.011457411827607471,-0.011041264401920171,-0.011249338114763821,-0.01145741565108103,-0.011041260578446612,-0.011588732771603804,-0.010909943457923838,-0.01134478154703765,-0.011555891741610468,-0.011133671352464831,-0.011555887862411103,-0.011133675231664196,-0.01134478154703765,-0.011555891741610468,-0.011133671352464831,-0.01168912276382924,-0.01100044033024606,-9.544343227382851e-05,-0.00014992225967127508,-4.096460487638195e-05,-0.0001499212586100373,-4.096560593761973e-05,-9.544343227382851e-05,-0.00014992225967127508,-4.096460487638195e-05,-0.0001499212586100373,-4.096560593761973e-05
akane-koharu,12,actual_suppress,permutation_unchanged_fraction,1000,0.4815,0.4659157232416104,0.49708427675838956,0.46591600960635293,0.49708399039364703,0.0,0.0,0.0,0.0,0.0,0.4815,0.4659157232416104,0.49708427675838956,0.46591600960635293,0.49708399039364703,0.0,0.0,0.0,0.0,0.0,0.0,0.0,0.0,0.0,0.0,0.0,0.0,0.0,0.0,0.0
akane-koharu,12,actual_suppress,information_transfers,1000,5.801,5.774155398475093,5.827844601524907,5.7741558917509455,5.827844108249055,0,0.0,0.0,0.0,0.0,5.801,5.774155398475093,5.827844601524907,5.7741558917509455,5.827844108249055,0,0.0,0.0,0.0,0.0,0,0.0,0.0,0.0,0.0,0,0.0,0.0,0.0,0.0
akane-koharu,12,permuted_promote,bridge_count,1000,2.116,2.0727451920729174,2.159254807927083,2.0727459868901636,2.1592540131098366,0.009,-0.007973418257007847,0.025973418257007844,-0.01868529254381726,0.03668529254381726,1.998,1.953976266370028,2.042023733629972,1.9539770753164645,2.0420229246835357,-0.003,-0.01998157234767733,0.013981572347677333,-0.0306985926571,0.0246985926571,-0.118,-0.14573772418463604,-0.09026227581536396,-0.14573721449744503,-0.09026278550255497,-0.012,-0.02974183706334782,0.00574183706334782,-0.029741511052928365,0.005741511052928364
akane-koharu,12,permuted_promote,bridge_rate,1000,0.529,0.5181862980182294,0.5398137019817707,0.5181864967225409,0.5398135032774591,0.00225,-0.0019933545642519617,0.006493354564251961,-0.004671323135954315,0.009171323135954316,0.4995,0.488494066592507,0.510505933407493,0.4884942688291161,0.5105057311708839,-0.00075,-0.004995393086919333,0.003495393086919333,-0.007674648164275,0.006174648164275,-0.0295,-0.03643443104615901,-0.02256556895384099,-0.03643430362436126,-0.022565696375638742,-0.003,-0.007435459265836955,0.001435459265836955,-0.007435377763232091,0.001435377763232091
akane-koharu,12,permuted_promote,unformed_turns,1000,9.79,9.739093755926353,9.840906244073645,9.739094691340533,9.840905308659465,-0.00525,-0.024566898261844695,0.014066898261844693,-0.036757735879749745,0.026257735879749746,9.95875,9.906163862288818,10.011336137711183,9.90616482857144,10.011335171428561,-0.00125,-0.021072977777012915,0.018572977777012913,-0.03358320068688019,0.03108320068688019,0.16875,0.13913426044263744,0.19836573955736259,0.13913480463880162,0.1983651953611984,0.004,-0.016740001978835056,0.024740001978835056,-0.016739620876431712,0.024739620876431712
akane-koharu,12,permuted_promote,all_formed,1000,0.018,0.009755480990761576,0.026244519009238423,0.009755632485733082,0.026244367514266915,0,-0.004803402197679544,0.004803402197679544,-0.007834815181878155,0.007834815181878155,0.012,0.005247844699564353,0.018752155300435648,0.005247968772002503,0.018752031227997498,0,-0.005546491103712649,0.005546491103712649,-0.009046865308616639,0.009046865308616639,-0.006,-0.014761876104629241,0.002761876104629241,-0.014761715103099699,0.0027617151030996986,0,-0.005546491103712649,0.005546491103712649,-0.005546389185637043,0.005546389185637043
akane-koharu,12,permuted_promote,free_known_share,1000,0.1285,0.12074813652449307,0.13625186347550694,0.12074827896680353,0.13625172103319647,-0.0006666666666666668,-0.003239797544337823,0.0019064642110044893,-0.0048636928651133535,0.0035303595317800196,0.20299999999999999,0.19469005249750873,0.21130994750249124,0.19469020519474414,0.21130979480525583,-0.0006666666666666666,-0.00332152527491407,0.001988191941580737,-0.004996998725823615,0.003663665392490281,0.0745,0.06851632149485809,0.0804836785051419,0.06851643144635479,0.0804835685536452,8.326672684688674e-20,-0.003609956695432572,0.003609956695432572,-0.003609890361631157,0.003609890361631157
akane-koharu,12,permuted_promote,free_bridge_share,1000,0.7405,0.7302751207896633,0.7507248792103368,0.7302753086742182,0.7507246913257819,-0.0014999999999999996,-0.005210911019403087,0.002210911019403088,-0.0075528560376359145,0.004552856037635915,0.665,0.6544403013241374,0.6755596986758626,0.6544404953610786,0.6755595046389214,-0.0019999999999999996,-0.005837380933105169,0.0018373809331051695,-0.008259140741507383,0.004259140741507385,-0.07550000000000001,-0.08161260584504544,-0.06938739415495458,-0.08161249352447862,-0.0693875064755214,-0.0005000000000000002,-0.004325322851360309,0.003325322851360308,-0.00432525256015524,0.00332525256015524
akane-koharu,12,permuted_promote,source_contact_share,1000,0.4518333333333333,0.44198777456669,0.46167889209997665,0.4419879554811427,0.4616787111855239,0.006166666666666666,0.0020373261829322005,0.010296007150401132,-0.0005686884382495889,0.01290202177158292,0.4473333333333333,0.4372908482426954,0.45737581842397124,0.43729103277571557,0.45737563389095104,0.0033333333333333322,-0.0008725017857659709,0.007539168452432635,-0.003526791946101765,0.010193458612768429,-0.0045000000000000005,-0.010312350061331275,0.0013123500613312746,-0.010312243258034936,0.001312243258034934,-0.0028333333333333335,-0.006950757326061244,0.001284090659394577,-0.0069506816674291564,0.0012840150007624894
akane-koharu,12,permuted_promote,unformed_bridge_contacts,1000,3.156,3.1022367885510427,3.2097632114489576,3.1022377764626694,3.209762223537331,-0.001,-0.025726948464789998,0.023726948464789996,-0.04133205283685055,0.039332052836850546,2.955,2.9011899239520673,3.008810076047933,2.9011909127248425,3.0088090872751576,0.011,-0.014180015877667741,0.03618001587766774,-0.030071049760019637,0.05207104976001964,-0.201,-0.23844389888838988,-0.16355610111161015,-0.23844321084796097,-0.16355678915203906,0.012,-0.013557229536504567,0.03755722953650457,-0.013556759916414408,0.03755675991641441
akane-koharu,12,permuted_promote,selection_total_variation,1000,0.03501027242909141,0.03437164070843961,0.03564890414974321,0.03437165244344734,0.035648892414735484,0.03501027242909141,0.03437164070843961,0.03564890414974321,0.0339686021098729,0.03605194274830992,0.03531956701088072,0.03466616764548889,0.03597296637627256,0.03466617965185556,0.035972954369905885,0.03531956701088072,0.03466616764548889,0.03597296637627256,0.03425380922980744,0.036385324791954006,0.00030929458178931084,0.0001453801150877418,0.00047320904849087987,0.00014538312705453265,0.00047320603652408903,0.00030929458178931084,0.0001453801150877418,0.00047320904849087987,0.00014538312705453265,0.00047320603652408903
akane-koharu,12,permuted_promote,expected_source_shift,1000,-3.947530340695948e-05,-0.0003567973161727917,0.00027784670935887274,-0.0003567914853063423,0.00027784087849242335,-3.947530340695948e-05,-0.0003567973161727917,0.00027784670935887274,-0.0005570583041315094,0.00047810769731759047,-4.434668037311025e-05,-0.0003661869940595577,0.00027749363331333723,-0.0003661810801682686,0.0002774877194220481,-4.434668037311025e-05,-0.0003661869940595577,0.00027749363331333723,-0.0005692994684259484,0.0004806061076797279,-4.871376966150772e-06,-6.0283257220287894e-05,5.054050328798635e-05,-6.028223901398491e-05,5.053948508168336e-05,-4.871376966150772e-06,-6.0283257220287894e-05,5.054050328798635e-05,-6.028223901398491e-05,5.053948508168336e-05
akane-koharu,12,permuted_promote,permutation_unchanged_fraction,1000,0.4815,0.4659157232416104,0.49708427675838956,0.46591600960635293,0.49708399039364703,0.0,0.0,0.0,0.0,0.0,0.4815,0.4659157232416104,0.49708427675838956,0.46591600960635293,0.49708399039364703,0.0,0.0,0.0,0.0,0.0,0.0,0.0,0.0,0.0,0.0,0.0,0.0,0.0,0.0,0.0
akane-koharu,12,permuted_promote,information_transfers,1000,5.801,5.774155398475093,5.827844601524907,5.7741558917509455,5.827844108249055,0,0.0,0.0,0.0,0.0,5.801,5.774155398475093,5.827844601524907,5.7741558917509455,5.827844108249055,0,0.0,0.0,0.0,0.0,0,0.0,0.0,0.0,0.0,0,0.0,0.0,0.0,0.0
akane-koharu,12,permuted_suppress,bridge_count,1000,2.106,2.0628243874864998,2.1491756125135,2.0628251808485114,2.1491748191514883,-0.001,-0.018865277118660283,0.01686527711866028,-0.03014000090713996,0.02814000090713996,1.993,1.9483278861104676,2.0376721138895326,1.9483287069710433,2.0376712930289567,-0.008,-0.025965837272693665,0.009965837272693664,-0.03730402427830246,0.021304024278302462,-0.113,-0.14060953632526443,-0.08539046367473557,-0.14060902899355543,-0.08539097100644458,-0.007,-0.026308541668944897,0.012308541668944899,-0.02630818686996066,0.012308186869960661
akane-koharu,12,permuted_suppress,bridge_rate,1000,0.5265,0.5157060968716249,0.537293903128375,0.5157062952121279,0.5372937047878721,-0.00025,-0.004716319279665071,0.00421631927966507,-0.00753500022678499,0.00703500022678499,0.49825,0.4870819715276169,0.5094180284723832,0.48708217674276083,0.5094178232572392,-0.002,-0.006491459318173416,0.002491459318173416,-0.009326006069575616,0.0053260060695756156,-0.02825,-0.03515238408131611,-0.021347615918683893,-0.03515225724838886,-0.021347742751611144,-0.00175,-0.006577135417236224,0.0030771354172362247,-0.006577046717490165,0.0030770467174901653
akane-koharu,12,permuted_suppress,unformed_turns,1000,9.7925,9.742195253926916,9.842804746073085,9.742196178288431,9.84280382171157,-0.00275,-0.020741924779112915,0.015241924779112917,-0.032096575533212914,0.026596575533212912,9.962,9.91041256361096,10.01358743638904,9.91041351154221,10.01358648845779,0.002,-0.016105492051928398,0.0201054920519284,-0.02753181477752377,0.031531814777523766,0.1695,0.13971859970714268,0.19928140029285735,0.13971914694736176,0.19928085305263826,0.00475,-0.013146561424218085,0.022646561424218087,-0.013146232570702191,0.022646232570702193
akane-koharu,12,permuted_suppress,all_formed,1000,0.016,0.00821908147497398,0.02378091852502602,0.008219224451177797,0.023780775548822203,-0.002,-0.007545104307565529,0.003545104307565529,-0.011044603309504243,0.007044603309504243,0.014,0.00671422420541718,0.02128577579458282,0.006714358083257133,0.021285641916742867,0.002,-0.0028018007966689844,0.0068018007966689845,-0.00583220314140487,0.00983220314140487,-0.002,-0.010768895433697856,0.006768895433697856,-0.010768734303186495,0.006768734303186495,0.004,-0.0027885063318979254,0.010788506331897926,-0.0027883815915010412,0.010788381591501042
akane-koharu,12,permuted_suppress,free_known_share,1000,0.12983333333333333,0.12192054049715684,0.13774612616950982,0.12192068589658207,0.1377459807700846,0.0006666666666666665,-0.0015496175319374556,0.0028829508652707886,-0.002948307964224877,0.00428164129755821,0.20316666666666666,0.1948018648506921,0.21153146848264123,0.19480201855588838,0.21153131477744494,-0.0005,-0.0034774026850547426,0.0024774026850547426,-0.005356432753164168,0.004356432753164167,0.07333333333333333,0.06730333971432614,0.07936332695234052,0.06730345051687392,0.07936321614979275,-0.0011666666666666668,-0.004878038214714173,0.00254470488138084,-0.004877970017391043,0.002544636684057709
akane-koharu,12,permuted_suppress,free_bridge_share,1000,0.7425,0.7323105762391193,0.7526894237608808,0.732310763472172,0.752689236527828,0.0005000000000000008,-0.0031539403072104975,0.004153940307210499,-0.0054599312767186345,0.006459931276718635,0.6688333333333333,0.6583603222622885,0.6793063444043781,0.6583605147063245,0.679306151960342,0.0018333333333333342,-0.0023378052958818105,0.006004471962548479,-0.004970198603609308,0.008636865270275976,-0.07366666666666667,-0.07983879101255953,-0.06749454232077381,-0.07983867759832629,-0.06749465573500706,0.0013333333333333333,-0.002505160884466442,0.005171827551133108,-0.002505090351234424,0.00517175701790109
akane-koharu,12,permuted_suppress,source_contact_share,1000,0.445,0.4351891062660897,0.4548108937339103,0.43518928654356437,0.45481071345643564,-0.0006666666666666668,-0.0047223111265914585,0.0033889777932581246,-0.007281816404131698,0.005948483070798364,0.44466666666666665,0.4348086552946691,0.4545246780386642,0.43480883643794144,0.45452449689539187,0.0006666666666666666,-0.003619470837898648,0.004952804171231982,-0.006324439597266057,0.007657772930599391,-0.0003333333333333334,-0.006143155904201709,0.005476489237535043,-0.006143049147348599,0.005476382480681933,0.0013333333333333335,-0.0027216789631615518,0.005388345629828218,-0.0027216044513590277,0.005388271118025695
akane-koharu,12,permuted_suppress,unformed_bridge_contacts,1000,3.153,3.098882935757358,3.207117064242642,3.098883930171113,3.207116069828887,-0.004,-0.0281753217265165,0.0201753217265165,-0.04343229608821872,0.03543229608821871,2.95,2.8965295531280253,3.003470446871975,2.8965305356600344,3.003469464339966,0.006,-0.018956436567068753,0.03095643656706875,-0.03470637020479083,0.04670637020479083,-0.203,-0.24050505745809406,-0.16549494254190597,-0.24050436829386207,-0.16549563170613796,0.01,-0.01448479007353228,0.03448479007353228,-0.01448434015976892,0.03448434015976892
akane-koharu,12,permuted_suppress,selection_total_variation,1000,0.034916251293066566,0.03427859177945782,0.03555391080667531,0.03427860349660102,0.03555389908953211,0.034916251293066566,0.03427859177945782,0.03555391080667531,0.03387616673789351,0.03595633584823962,0.03519312494201778,0.03454347129993814,0.03584277858409742,0.03454348323747627,0.0358427666465593,0.03519312494201778,0.03454347129993814,0.03584277858409742,0.03413347679921041,0.036252773084825156,0.0002768736489512168,0.00011223747772410108,0.00044150982017833245,0.000112240502952382,0.00044150679495005157,0.0002768736489512168,0.00011223747772410108,0.00044150982017833245,0.000112240502952382,0.00044150679495005157
akane-koharu,12,permuted_suppress,expected_source_shift,1000,0.00013099701429621156,-0.00018549220056378253,0.00044748622915620565,-0.0001854863850001901,0.0004474804135926132,0.00013099701429621156,-0.00018549220056378253,0.00044748622915620565,-0.00038522761221615,0.0006472216408085731,0.00015422462119889618,-0.0001674754160250825,0.0004759246584228749,-0.00016746950471140633,0.0004759187471091987,0.00015422462119889618,-0.0001674754160250825,0.0004759246584228749,-0.00037049936232902805,0.0006789486047268203,2.3227606902684598e-05,-3.117376979004049e-05,7.762898359540969e-05,-3.1172770151977584e-05,7.762798395734679e-05,2.3227606902684598e-05,-3.117376979004049e-05,7.762898359540969e-05,-3.1172770151977584e-05,7.762798395734679e-05
akane-koharu,12,permuted_suppress,permutation_unchanged_fraction,1000,0.4815,0.4659157232416104,0.49708427675838956,0.46591600960635293,0.49708399039364703,0.0,0.0,0.0,0.0,0.0,0.4815,0.4659157232416104,0.49708427675838956,0.46591600960635293,0.49708399039364703,0.0,0.0,0.0,0.0,0.0,0.0,0.0,0.0,0.0,0.0,0.0,0.0,0.0,0.0,0.0
akane-koharu,12,permuted_suppress,information_transfers,1000,5.801,5.774155398475093,5.827844601524907,5.7741558917509455,5.827844108249055,0,0.0,0.0,0.0,0.0,5.801,5.774155398475093,5.827844601524907,5.7741558917509455,5.827844108249055,0,0.0,0.0,0.0,0.0,0,0.0,0.0,0.0,0.0,0,0.0,0.0,0.0,0.0
akane-koharu,24,neutral,bridge_count,1000,2.965,2.9216905073667196,3.00830949263328,2.92169130318881,3.0083086968111896,0,0.0,0.0,0.0,0.0,2.883,2.840067910580757,2.925932089419243,2.8400686994679747,2.9259313005320253,0,0.0,0.0,0.0,0.0,-0.082,-0.10982078139588243,-0.05417921860411758,-0.10982027018249567,-0.05417972981750434,0,0.0,0.0,0.0,0.0
akane-koharu,24,neutral,bridge_rate,1000,0.74125,0.7304226268416799,0.75207737315832,0.7304228257972025,0.7520771742027974,0.0,0.0,0.0,0.0,0.0,0.72075,0.7100169776451892,0.7314830223548108,0.7100171748669937,0.7314828251330063,0.0,0.0,0.0,0.0,0.0,-0.0205,-0.027455195348970608,-0.013544804651029394,-0.027455067545623917,-0.013544932454376084,0.0,0.0,0.0,0.0,0.0
akane-koharu,24,neutral,unformed_turns,1000,13.74325,13.598699753923624,13.887800246076376,13.598702410068316,13.887797589931683,0.0,0.0,0.0,0.0,0.0,14.159,14.015391207108355,14.302608792891647,14.015393845953623,14.302606154046378,0.0,0.0,0.0,0.0,0.0,0.41575,0.3229868133800272,0.5085131866199728,0.32298851792534977,0.5085114820746502,0.0,0.0,0.0,0.0,0.0
akane-koharu,24,neutral,all_formed,1000,0.225,0.19910502848911493,0.2508949715108851,0.1991055043152931,0.2508944956847069,0,0.0,0.0,0.0,0.0,0.184,0.15997146361176026,0.20802853638823973,0.15997190514175508,0.20802809485824492,0,0.0,0.0,0.0,0.0,-0.041,-0.059943419003007974,-0.02205658099699203,-0.0599430709132384,-0.022056929086761597,0,0.0,0.0,0.0,0.0
akane-koharu,24,neutral,free_known_share,1000,0.13749999999999998,0.13321729891708484,0.14178270108291513,0.13321737761272223,0.14178262238727773,0.0,0.0,0.0,0.0,0.0,0.1991111111111111,0.19490733087400758,0.20331489134821462,0.19490740811945592,0.20331481410276628,0.0,0.0,0.0,0.0,0.0,0.06161111111111111,0.0584628191212276,0.06475940310099462,0.05846287697183171,0.06475934525039051,0.0,0.0,0.0,0.0,0.0
akane-koharu,24,neutral,free_bridge_share,1000,0.7312222222222222,0.7251920750800674,0.737252369364377,0.7251921858854362,0.7372522585590082,0.0,0.0,0.0,0.0,0.0,0.6694444444444444,0.6635278061186538,0.675361082770235,0.6635279148382714,0.6753609740506173,0.0,0.0,0.0,0.0,0.0,-0.06177777777777777,-0.06498274298118349,-0.05857281257437205,-0.06498268408919577,-0.05857287146635976,0.0,0.0,0.0,0.0,0.0
akane-koharu,24,neutral,source_contact_share,1000,0.47144444444444444,0.46607429411286905,0.47681459477601984,0.46607439279064156,0.47681449609824733,0.0,0.0,0.0,0.0,0.0,0.4713888888888889,0.46608325149237895,0.4766945262853989,0.46608334898471115,0.47669442879306667,0.0,0.0,0.0,0.0,0.0,-5.555555555555555e-05,-0.0030050834870595836,0.0028939723759484723,-0.0030050292887916865,0.002893918177680575,0.0,0.0,0.0,0.0,0.0
akane-koharu,24,neutral,unformed_bridge_contacts,1000,5.37,5.284139045757321,5.455860954242679,5.284140623472504,5.4558593765274965,0,0.0,0.0,0.0,0.0,5.175,5.092630055191181,5.2573699448088185,5.092631568758247,5.257368431241753,0,0.0,0.0,0.0,0.0,-0.195,-0.25008139722556355,-0.13991860277443646,-0.2500803850919638,-0.13991961490803623,0,0.0,0.0,0.0,0.0
akane-koharu,24,neutral,selection_total_variation,1000,0.0,0.0,0.0,0.0,0.0,0.0,0.0,0.0,0.0,0.0,0.0,0.0,0.0,0.0,0.0,0.0,0.0,0.0,0.0,0.0,0.0,0.0,0.0,0.0,0.0,0.0,0.0,0.0,0.0,0.0
akane-koharu,24,neutral,expected_source_shift,1000,0.0,0.0,0.0,0.0,0.0,0.0,0.0,0.0,0.0,0.0,0.0,0.0,0.0,0.0,0.0,0.0,0.0,0.0,0.0,0.0,0.0,0.0,0.0,0.0,0.0,0.0,0.0,0.0,0.0,0.0
akane-koharu,24,neutral,permutation_unchanged_fraction,1000,0.4815,0.4659157232416104,0.49708427675838956,0.46591600960635293,0.49708399039364703,0.0,0.0,0.0,0.0,0.0,0.4815,0.4659157232416104,0.49708427675838956,0.46591600960635293,0.49708399039364703,0.0,0.0,0.0,0.0,0.0,0.0,0.0,0.0,0.0,0.0,0.0,0.0,0.0,0.0,0.0
akane-koharu,24,neutral,information_transfers,1000,5.801,5.774155398475093,5.827844601524907,5.7741558917509455,5.827844108249055,0,0.0,0.0,0.0,0.0,5.801,5.774155398475093,5.827844601524907,5.7741558917509455,5.827844108249055,0,0.0,0.0,0.0,0.0,0,0.0,0.0,0.0,0.0,0,0.0,0.0,0.0,0.0
akane-koharu,24,actual_promote,bridge_count,1000,2.918,2.8743587713459116,2.9616412286540887,2.8743595732637295,2.961640426736271,-0.047,-0.06649090559725229,-0.0275090944027477,-0.07879155873219967,-0.015208441267800327,2.837,2.794739568463234,2.8792604315367663,2.794740345008581,2.8792596549914196,-0.046,-0.06500067894050632,-0.02699932105949368,-0.07699195147576585,-0.015008048524234156,-0.081,-0.10944699798035101,-0.052553002019649,-0.10944647526008756,-0.05255352473991244,0.001,-0.01947314602370891,0.021473146023708912,-0.019472769824846366,0.021472769824846367
akane-koharu,24,actual_promote,bridge_rate,1000,0.7295,0.7185896928364779,0.7404103071635222,0.7185898933159324,0.7404101066840677,-0.01175,-0.016622726399313073,-0.006877273600686925,-0.01969788968304992,-0.0038021103169500817,0.70925,0.6986848921158085,0.7198151078841916,0.6986850862521452,0.7198149137478549,-0.0115,-0.01625016973512658,-0.00674983026487342,-0.01924798786894146,-0.003752012131058539,-0.02025,-0.027361749495087753,-0.01313825050491225,-0.02736161881502189,-0.01313838118497811,0.00025,-0.0048682865059272275,0.005368286505927228,-0.004868192456211591,0.005368192456211592
akane-koharu,24,actual_promote,unformed_turns,1000,13.89725,13.753424997308189,14.04107500269181,13.753427640126365,14.041072359873635,0.154,0.09866839962191223,0.20933160037808776,0.06374878953728234,0.24425121046271764,14.31,14.169366779377194,14.450633220622807,14.169369363545625,14.450630636454376,0.151,0.0951869605399081,0.20681303946009189,0.0599635156681365,0.24203648433186348,0.41275,0.3208016450398384,0.5046983549601617,0.32080333461243793,0.5046966653875621,-0.003,-0.060811228699654565,0.05481122869965456,-0.060810166404760856,0.05481016640476085
akane-koharu,24,actual_promote,all_formed,1000,0.207,0.18187563502662574,0.23212436497337424,0.18187609669272797,0.232123903307272,-0.018,-0.030959694258556998,-0.005040305741442999,-0.039138519147635095,0.003138519147635098,0.162,0.1391517551682434,0.1848482448317566,0.1391521750101039,0.1848478249898961,-0.022,-0.03493593460110262,-0.009064065398897378,-0.043099764840317314,-0.0009002351596826864,-0.045,-0.06489936543573047,-0.025100634564269524,-0.06489899978022087,-0.02510100021977912,-0.004,-0.018672539583106183,0.010672539583106185,-0.018672269971748194,0.010672269971748192
akane-koharu,24,actual_promote,free_known_share,1000,0.13666666666666666,0.13245801054307882,0.1408753227902545,0.13245808787812272,0.1408752454552106,-0.0008333333333333336,-0.002353766828857096,0.0006871001621904287,-0.003313307931238193,0.001646641264571526,0.19966666666666666,0.19541206314777623,0.20392127018555709,0.1954121413271143,0.20392119200621903,0.0005555555555555557,-0.000945729994480543,0.0020568411055916546,-0.0018931868848420697,0.003004297995953181,0.063,0.059827438752628234,0.06617256124737177,0.05982749704918565,0.06617250295081435,0.0013888888888888892,-0.0007133936359008351,0.0034911714136786134,-0.0007133550059661071,0.0034911327837438854
akane-koharu,24,actual_promote,free_bridge_share,1000,0.7315,0.7254842824161891,0.737515717583811,0.7254843929564114,0.7375156070435887,0.0002777777777777773,-0.0019361461957577105,0.0024917017513132653,-0.0033333470969535758,0.0038889026525091306,0.6679444444444445,0.6619888468606905,0.6739000420281984,0.6619889562961936,0.6738999325926953,-0.0015000000000000002,-0.0035563216997851,0.0005563216997850993,-0.004854060270048747,0.001854060270048746,-0.06355555555555556,-0.06688370698987274,-0.06022740412123838,-0.06688364583430913,-0.060227465276801985,-0.0017777777777777776,-0.00401834864634595,0.0004627930907903949,-0.004018307475330453,0.0004627519197748979
akane-koharu,24,actual_promote,source_contact_share,1000,0.5029444444444444,0.49749271182952703,0.5083961770593618,0.49749281200639317,0.5083960768824957,0.0315,0.028927664907842515,0.034072335092157485,0.027304271804961613,0.035695728195038384,0.5021666666666667,0.49675285067229585,0.5075804826610374,0.4967529501524352,0.507580383180898,0.030777777777777782,0.028300461980840443,0.03325509357471512,0.02673703527540569,0.034818520280149874,-0.0007777777777777781,-0.0037688716353300464,0.00221331607977449,-0.0037688166732785045,0.002213261117722948,-0.0007222222222222225,-0.0032604649047531103,0.001816020460308665,-0.003260418263948178,0.001815973819503733
akane-koharu,24,actual_promote,unformed_bridge_contacts,1000,5.467,5.38051850402111,5.55348149597889,5.380520093138893,5.5534799068611065,0.097,0.05551281194908032,0.1384871880509197,0.02933036972173518,0.1646696302782648,5.246,5.162124014668588,5.329875985331413,5.162125555909501,5.3298744440905,0.071,0.03158677510407582,0.11041322489592417,0.006713204917435503,0.13528679508256447,-0.221,-0.2752082258162555,-0.16679177418374452,-0.27520722972738526,-0.16679277027261474,-0.026,-0.06830104084365367,0.016301040843653674,-0.06830026355210153,0.016300263552101537
akane-koharu,24,actual_promote,selection_total_variation,1000,0.035314832575452024,0.03470986891751918,0.03591979623338487,0.03470988003386836,0.03591978511703569,0.035314832575452024,0.03470986891751918,0.03591979623338487,0.03432807813420483,0.036301587016699215,0.03544457859648382,0.03483651834631676,0.03605263884665088,0.03483652951956654,0.036052627673401096,0.03544457859648382,0.03483651834631676,0.03605263884665088,0.034452773312760754,0.03643638388020688,0.00012974602103179648,2.919214846117341e-09,0.0002594891228487468,5.303274788363626e-09,0.0002594867387888046,0.00012974602103179648,2.919214846117341e-09,0.0002594891228487468,5.303274788363626e-09,0.0002594867387888046
akane-koharu,24,actual_promote,expected_source_shift,1000,0.011771610858484006,0.011569956305839724,0.011973265411128288,0.01156996001128945,0.011973261705678563,0.011771610858484006,0.011569956305839724,0.011973265411128288,0.011442692711401609,0.012100529005566404,0.011814859532161276,0.011612172782105587,0.012017546282216964,0.011612176506522184,0.012017542557800368,0.011814859532161276,0.011612172782105587,0.012017546282216964,0.011484257770920254,0.012145461293402297,4.324867367726933e-05,9.730716192868686e-10,8.649637428291936e-05,1.7677582667068145e-09,8.649557959627196e-05,4.324867367726933e-05,9.730716192868686e-10,8.649637428291936e-05,1.7677582667068145e-09,8.649557959627196e-05
akane-koharu,24,actual_promote,permutation_unchanged_fraction,1000,0.4815,0.4659157232416104,0.49708427675838956,0.46591600960635293,0.49708399039364703,0.0,0.0,0.0,0.0,0.0,0.4815,0.4659157232416104,0.49708427675838956,0.46591600960635293,0.49708399039364703,0.0,0.0,0.0,0.0,0.0,0.0,0.0,0.0,0.0,0.0,0.0,0.0,0.0,0.0,0.0
akane-koharu,24,actual_promote,information_transfers,1000,5.801,5.774155398475093,5.827844601524907,5.7741558917509455,5.827844108249055,0,0.0,0.0,0.0,0.0,5.801,5.774155398475093,5.827844601524907,5.7741558917509455,5.827844108249055,0,0.0,0.0,0.0,0.0,0,0.0,0.0,0.0,0.0,0,0.0,0.0,0.0,0.0
akane-koharu,24,actual_suppress,bridge_count,1000,3.013,2.969999890942243,3.0560001090577567,2.9700006810793376,3.0559993189206622,0.048,0.03027551097743263,0.06572448902256738,0.01908963814187187,0.07691036185812813,2.924,2.88040514445683,2.9675948555431697,2.880405945522531,2.967594054477469,0.041,0.023316454592526473,0.05868354540747353,0.012156421151900298,0.0698435788480997,-0.089,-0.11567791591555827,-0.06232208408444172,-0.1156774257025929,-0.062322574297407084,-0.007,-0.027468637637291023,0.013468637637291024,-0.027468261521271135,0.013468261521271136
akane-koharu,24,actual_suppress,bridge_rate,1000,0.75325,0.7424999727355608,0.7640000272644392,0.7425001702698344,0.7639998297301656,0.012,0.0075688777443581575,0.016431122255641844,0.004772409535467968,0.019227590464532034,0.731,0.7201012861142075,0.7418987138857924,0.7201014863806328,0.7418985136193672,0.01025,0.005829113648131618,0.014670886351868383,0.0030391052879750746,0.017460894712024926,-0.02225,-0.02891947897888957,-0.01558052102111043,-0.028919356425648225,-0.015580643574351771,-0.00175,-0.006867159409322756,0.003367159409322756,-0.006867065380317784,0.003367065380317784
akane-koharu,24,actual_suppress,unformed_turns,1000,13.535,13.388079808117526,13.681920191882474,13.38808250781053,13.68191749218947,-0.20825,-0.2650319719932607,-0.15146802800673928,-0.30086690733386695,-0.11563309266613304,14.03725,13.890935999211536,14.183564000788465,13.890938687765635,14.183561312234366,-0.12175,-0.17675767462243216,-0.06674232537756783,-0.21147285611640915,-0.03202714388359086,0.50225,0.413253390804209,0.591246609195791,0.4132550261377875,0.5912449738622124,0.0865,0.024573117895964385,0.1484268821040356,0.024574255816955208,0.14842574418304477
akane-koharu,24,actual_suppress,all_formed,1000,0.245,0.2183295805943875,0.2716704194056125,0.21833007066960275,0.27166992933039724,0.02,0.007975493825160686,0.03202450617483932,0.00038686338222310504,0.03961313661777689,0.207,0.18187563502662574,0.23212436497337424,0.18187609669272797,0.232123903307272,0.023,0.010524863823483823,0.035475136176516174,0.002651842113287256,0.04334815788671274,-0.038,-0.05706855892666091,-0.018931441073339085,-0.057068208537415885,-0.018931791462584113,0.003,-0.01154183243234808,0.017541832432348078,-0.011541565222764654,0.017541565222764652
akane-koharu,24,actual_suppress,free_known_share,1000,0.1378888888888889,0.13363636134180742,0.14214141643597036,0.13363643948299903,0.14214133829477876,0.00038888888888888876,-0.0011086407253634795,0.001886418503141257,-0.0020537272557105734,0.0028315050334883508,0.1996111111111111,0.19542372828641025,0.20379849393581195,0.1954238052305523,0.2037984169916699,0.0005000000000000002,-0.0011265760194586485,0.002126576019458649,-0.002153103356177412,0.003153103356177413,0.06172222222222222,0.058544735985553945,0.0648997084588905,0.05854479437260919,0.06489965007183525,0.00011111111111111147,-0.002110895769790995,0.0023331179920132177,-0.002110854939893128,0.0023330771621153505
akane-koharu,24,actual_suppress,free_bridge_share,1000,0.7307777777777777,0.7247117895710603,0.7368437659844952,0.724711901035017,0.7368436545205385,-0.00044444444444444295,-0.0026012371207292163,0.0017123482318403302,-0.003962382628443022,0.0030734937395541363,0.6687777777777778,0.6628922578091722,0.6746632977463835,0.6628923659569826,0.674663189598573,-0.0006666666666666666,-0.00292538625738574,0.0015920529240524071,-0.0043508575406935,0.003017524207360167,-0.062,-0.0652437768467392,-0.058756223153260796,-0.06524371724157843,-0.05875628275842156,-0.0002222222222222237,-0.0025280776461164816,0.0020836332016720338,-0.0025280352754819607,0.002083590831037513
akane-koharu,24,actual_suppress,source_contact_share,1000,0.4415,0.4361294220278756,0.4468705779721244,0.4361295207135061,0.4468704792864939,-0.029944444444444447,-0.032434650253586626,-0.027454238635302265,-0.034006211807771525,-0.02588267708111737,0.44122222222222224,0.43594702699810456,0.4464974174463399,0.4359471239310547,0.44649732051338975,-0.030166666666666668,-0.032632137304087136,-0.027701196029246197,-0.03418808856422675,-0.02614524476910659,-0.0002777777777777762,-0.0032393047696529283,0.002683749214097376,-0.0032392503508994813,0.002683694795343929,-0.00022222222222222063,-0.0027064751618851245,0.0022620307174406836,-0.0027064295131543873,0.0022619850687099464
akane-koharu,24,actual_suppress,unformed_bridge_contacts,1000,5.343,5.256775897816229,5.429224102183771,5.25677748220434,5.42922251779566,-0.027,-0.06390975214497388,0.009909752144973877,-0.08720338804951633,0.03320338804951632,5.126,5.044906297735602,5.207093702264399,5.044907787851411,5.20709221214859,-0.049,-0.0886389349448691,-0.009361065055130909,-0.11365495007883576,0.015654950078835758,-0.217,-0.2712703322872319,-0.1627296677127681,-0.2712693350571407,-0.1627306649428593,-0.022,-0.061973042287393004,0.017973042287393007,-0.061972307773360644,0.017972307773360646
akane-koharu,24,actual_suppress,selection_total_variation,1000,0.035320500379596505,0.03471583950410758,0.03592516125508543,0.034715850614893067,0.03592515014429994,0.035320500379596505,0.03471583950410758,0.03592516125508543,0.03433423980590211,0.0363067609532909,0.03538427824622343,0.03477843805880268,0.03599011843364418,0.03477844919125829,0.03599010730118857,0.03538427824622343,0.03477843805880268,0.03599011843364418,0.034396094100309305,0.03637246239213755,6.377786662691968e-05,-5.9142754770543615e-05,0.00018669848802438296,-5.914049607528008e-05,0.00018669622932911942,6.377786662691968e-05,-5.9142754770543615e-05,0.00018669848802438296,-5.914049607528008e-05,0.00018669622932911942
akane-koharu,24,actual_suppress,expected_source_shift,1000,-0.011773500126532171,-0.011975053751695145,-0.011571946501369198,-0.011975050048099985,-0.011571950204964357,-0.011773500126532171,-0.011975053751695145,-0.011571946501369198,-0.01210225365109697,-0.011444746601967372,-0.011794759415407809,-0.011996706144548059,-0.01159281268626756,-0.01199670243372952,-0.011592816397086097,-0.011794759415407809,-0.011996706144548059,-0.01159281268626756,-0.012124154130712519,-0.0114653647001031,-2.1259288875637123e-05,-6.223282934145822e-05,1.971425159018397e-05,-6.223207644303704e-05,1.971349869176279e-05,-2.1259288875637123e-05,-6.223282934145822e-05,1.971425159018397e-05,-6.223207644303704e-05,1.971349869176279e-05
akane-koharu,24,actual_suppress,permutation_unchanged_fraction,1000,0.4815,0.4659157232416104,0.49708427675838956,0.46591600960635293,0.49708399039364703,0.0,0.0,0.0,0.0,0.0,0.4815,0.4659157232416104,0.49708427675838956,0.46591600960635293,0.49708399039364703,0.0,0.0,0.0,0.0,0.0,0.0,0.0,0.0,0.0,0.0,0.0,0.0,0.0,0.0,0.0
akane-koharu,24,actual_suppress,information_transfers,1000,5.801,5.774155398475093,5.827844601524907,5.7741558917509455,5.827844108249055,0,0.0,0.0,0.0,0.0,5.801,5.774155398475093,5.827844601524907,5.7741558917509455,5.827844108249055,0,0.0,0.0,0.0,0.0,0,0.0,0.0,0.0,0.0,0,0.0,0.0,0.0,0.0
akane-koharu,24,permuted_promote,bridge_count,1000,2.963,2.9191673209425506,3.0068326790574496,2.9191681263783145,3.0068318736216857,-0.002,-0.02060308330111727,0.016603083301117275,-0.03234343439900748,0.02834343439900748,2.876,2.8328306225021307,2.919169377497869,2.832831415749572,2.9191685842504276,-0.007,-0.025701526908482864,0.011701526908482866,-0.03750400547713194,0.023504005477131936,-0.087,-0.11578242793368478,-0.05821757206631521,-0.11578189904981723,-0.05821810095018277,-0.005,-0.02584320510860072,0.015843205108600718,-0.025842822109815648,0.015842822109815646
akane-koharu,24,permuted_promote,bridge_rate,1000,0.74075,0.7297918302356377,0.7517081697643624,0.7297920315945786,0.7517079684054214,-0.0005,-0.005150770825279318,0.004150770825279319,-0.00808585859975187,0.00708585859975187,0.719,0.7082076556255327,0.7297923443744673,0.708207853937393,0.7297921460626069,-0.00175,-0.006425381727120716,0.0029253817271207164,-0.009376001369282985,0.005876001369282984,-0.02175,-0.028945606983421194,-0.014554393016578803,-0.028945474762454307,-0.014554525237545692,-0.00125,-0.00646080127715018,0.0039608012771501794,-0.006460705527453912,0.003960705527453911
akane-koharu,24,permuted_promote,unformed_turns,1000,13.7355,13.589427800074104,13.881572199925897,13.589430484185055,13.881569515814945,-0.00775,-0.06320632847807606,0.04770632847807605,-0.09820465409936902,0.08270465409936903,14.19225,14.04791159451068,14.33658840548932,14.047914246762753,14.336585753237246,0.03325,-0.022846798678016575,0.08934679867801658,-0.05824932315674228,0.12474932315674228,0.45675,0.36062059341746716,0.5528794065825329,0.36062235981787144,0.5528776401821285,0.041,-0.01877997587751199,0.100779975877512,-0.018778877406426885,0.10077887740642688
akane-koharu,24,permuted_promote,all_formed,1000,0.23,0.20390347938156528,0.25609652061843474,0.20390395891125562,0.2560960410887444,0.005,-0.00724239503676614,0.01724239503676614,-0.014968534498931034,0.024968534498931036,0.185,0.16092102500028216,0.20907897499971784,0.1609214674570983,0.2090785325429017,0.001,-0.012443663581423424,0.014443663581423422,-0.02092792008520158,0.022927920085201583,-0.045,-0.06450904823313948,-0.025490951766860514,-0.06450868974980008,-0.02549131025019992,-0.004,-0.019187666035293233,0.01118766603529323,-0.019187386958365797,0.011187386958365795
akane-koharu,24,permuted_promote,free_known_share,1000,0.13644444444444445,0.1321580189652056,0.1407308699236833,0.13215809772927967,0.14073079115960924,-0.0010555555555555557,-0.002766483413003862,0.0006553723018927506,-0.0038462449463190287,0.0017351338352079174,0.20022222222222222,0.1959259507876411,0.20451849365680333,0.1959260297326369,0.20451841471180754,0.0011111111111111113,-0.0004736312017971352,0.0026958534240193576,-0.0014737574094837924,0.003695979631706015,0.06377777777777778,0.06056423261210933,0.06699132294344623,0.060564291661755865,0.0669912638937997,0.002166666666666667,-5.3959029434746866e-05,0.0043872923627680804,-5.391822491647479e-05,0.004387251558249809
akane-koharu,24,permuted_promote,free_bridge_share,1000,0.7315555555555555,0.7254549444909544,0.7376561666201567,0.7254550565911142,0.7376560545199968,0.0003333333333333333,-0.0020132877275204956,0.0026799543941871625,-0.0034942333698201734,0.00416090003648684,0.6671666666666667,0.6611020139804201,0.6732313193529132,0.6611021254198364,0.673231207913497,-0.002277777777777777,-0.004487258454690743,-6.829710086481188e-05,-0.005881655204470624,0.0013260996489150704,-0.06438888888888888,-0.06771428433784364,-0.061063493439934134,-0.06771422323292191,-0.06106355454485587,-0.0026111111111111105,-0.004964870466189734,-0.0002573517560324869,-0.0049648272153092355,-0.00025739500691298505
akane-koharu,24,permuted_promote,source_contact_share,1000,0.4742222222222222,0.468835631686496,0.4796088127579484,0.4688357306663612,0.47960871377808323,0.002777777777777779,0.0002614452360964292,0.005294110319459129,-0.0013266048220684562,0.0068821603776240145,0.4732777777777778,0.4678637864029869,0.47869176915256867,0.4678638858863489,0.4786916696692067,0.0018888888888888892,-0.0005686089868761415,0.00434638676465392,-0.002119528660609367,0.005897306438387146,-0.0009444444444444453,-0.003937337248773127,0.0020484483598842366,-0.003937282253665516,0.0020483933647766255,-0.0008888888888888898,-0.003324313084890741,0.0015465353071129615,-0.0033242683333996274,0.0015464905556218476
akane-koharu,24,permuted_promote,unformed_bridge_contacts,1000,5.37,5.284723262950076,5.455276737049924,5.284724829930131,5.45527517006987,0,-0.04169102231106046,0.04169102231106046,-0.06800210373982701,0.06800210373982701,5.166,5.083162918614594,5.248837081385407,5.083164440765404,5.248835559234597,-0.009,-0.050456032528849566,0.032456032528849564,-0.0766188125979481,0.05861881259794811,-0.204,-0.2583578766431614,-0.14964212335683857,-0.2583568778044221,-0.14964312219557785,-0.009,-0.050641138490857995,0.03264113849085799,-0.050640373325166445,0.03264037332516644
akane-koharu,24,permuted_promote,selection_total_variation,1000,0.03561500078293053,0.03501018770917119,0.03621981385668986,0.03501019882275335,0.0362198027431077,0.03561500078293053,0.03501018770917119,0.03621981385668986,0.034628491959085385,0.03660150960677567,0.03567105960746717,0.035057964740435106,0.03628415447449924,0.03505797600619716,0.036284143208737185,0.03567105960746717,0.035057964740435106,0.03628415447449924,0.03467104237499913,0.036671076839935215,5.605882453664329e-05,-7.020984880914961e-05,0.0001823274978824362,-7.020752859264585e-05,0.00018232517766593242,5.605882453664329e-05,-7.020984880914961e-05,0.0001823274978824362,-7.020752859264585e-05,0.00018232517766593242
akane-koharu,24,permuted_promote,expected_source_shift,1000,-0.0001290455513476629,-0.0004350581706823398,0.000176967067987014,-0.0004350525476286486,0.00017696144493332283,-0.0001290455513476629,-0.0004350581706823398,0.000176967067987014,-0.0006281818337451376,0.00037009073104981183,-0.00012035556592590811,-0.0004291022582554883,0.00018839112640367203,-0.00042909658496256424,0.00018838545311074798,-0.00012035556592590811,-0.0004291022582554883,0.00018839112640367203,-0.0006239513867353814,0.00038324025488356523,8.689985421754784e-06,-3.363724905895994e-05,5.1017219902469514e-05,-3.363647128609358e-05,5.101644212960315e-05,8.689985421754784e-06,-3.363724905895994e-05,5.1017219902469514e-05,-3.363647128609358e-05,5.101644212960315e-05
akane-koharu,24,permuted_promote,permutation_unchanged_fraction,1000,0.4815,0.4659157232416104,0.49708427675838956,0.46591600960635293,0.49708399039364703,0.0,0.0,0.0,0.0,0.0,0.4815,0.4659157232416104,0.49708427675838956,0.46591600960635293,0.49708399039364703,0.0,0.0,0.0,0.0,0.0,0.0,0.0,0.0,0.0,0.0,0.0,0.0,0.0,0.0,0.0
akane-koharu,24,permuted_promote,information_transfers,1000,5.801,5.774155398475093,5.827844601524907,5.7741558917509455,5.827844108249055,0,0.0,0.0,0.0,0.0,5.801,5.774155398475093,5.827844601524907,5.7741558917509455,5.827844108249055,0,0.0,0.0,0.0,0.0,0,0.0,0.0,0.0,0.0,0,0.0,0.0,0.0,0.0
akane-koharu,24,permuted_suppress,bridge_count,1000,2.966,2.9232684344179027,3.0087315655820976,2.923269219620448,3.0087307803795524,0.001,-0.017499751328036793,0.019499751328036795,-0.029174889921958387,0.03117488992195839,2.88,2.836876254598917,2.923123745401083,2.8368770470078584,2.9231229529921414,-0.003,-0.022510625056365828,0.01651062505636583,-0.03482372308389935,0.028823723083899345,-0.086,-0.11278759977866441,-0.05921240022133557,-0.11278710755023233,-0.059212892449767664,-0.004,-0.023608238508785472,0.015608238508785472,-0.023607878202801476,0.015607878202801476
akane-koharu,24,permuted_suppress,bridge_rate,1000,0.7415,0.7308171086044757,0.7521828913955244,0.730817304905112,0.7521826950948881,0.00025,-0.004374937832009198,0.004874937832009199,-0.007293722480489597,0.007793722480489597,0.72,0.7092190636497292,0.7307809363502707,0.7092192617519646,0.7307807382480354,-0.00075,-0.005627656264091457,0.004127656264091457,-0.008705930770974837,0.007205930770974836,-0.0215,-0.028196899944666103,-0.014803100055333893,-0.028196776887558082,-0.014803223112441916,-0.001,-0.005902059627196368,0.003902059627196368,-0.005901969550700369,0.003901969550700369
akane-koharu,24,permuted_suppress,unformed_turns,1000,13.7405,13.597025949737597,13.883974050262404,13.597028586106939,13.883971413893063,-0.00275,-0.05913646363429064,0.053636463634290636,-0.09472179481405436,0.08922179481405436,14.1705,14.026948645708517,14.314051354291484,14.02695128349834,14.314048716501661,0.0115,-0.04921500852886922,0.07221500852886921,-0.08753207164697675,0.11053207164697675,0.43,0.34145189371236034,0.5185481062876396,0.3414535208045927,0.5185464791954073,0.01425,-0.04508334189610898,0.07358334189610898,-0.04508225163202809,0.0735822516320281
akane-koharu,24,permuted_suppress,all_formed,1000,0.218,0.19239616908043333,0.24360383091956667,0.19239663955683484,0.24360336044316516,-0.007,-0.0198516818871044,0.0058516818871044,-0.027962340486581833,0.013962340486581834,0.187,0.16282094053697463,0.21117905946302537,0.1628213848328663,0.2111786151671337,0.003,-0.009244907650258673,0.015244907650258672,-0.016972632815400766,0.022972632815400764,-0.031,-0.04918951018253875,-0.012810489817461253,-0.04918917594602067,-0.012810824053979326,0.01,-0.0035719135289330826,0.023571913528933085,-0.0035716641418371137,0.023571664141837114
akane-koharu,24,permuted_suppress,free_known_share,1000,0.13844444444444443,0.134202731686641,0.14268615720224784,0.13420280962910833,0.14268607925978052,0.0009444444444444443,-0.0006369653571769975,0.002525854246065886,-0.0016349884268025343,0.003523877315691423,0.19894444444444445,0.1946755333922038,0.2032133554966851,0.19467561183444618,0.20321327705444273,-0.00016666666666666674,-0.0018926233684448304,0.001559290035111497,-0.0029818695611668316,0.0026485362278334977,0.0605,0.05736311368479507,0.06363688631520492,0.05736317132581723,0.06363682867418276,-0.001111111111111111,-0.003294331981052399,0.0010721097588301774,-0.003294291863856585,0.0010720696416343634
akane-koharu,24,permuted_suppress,free_bridge_share,1000,0.7308888888888889,0.7249340954775286,0.7368436823002492,0.724934204898255,0.7368435728795228,-0.00033333333333333213,-0.0026132555414151194,0.001946588874748455,-0.004052107734113181,0.0033854410674465166,0.6697222222222222,0.6638071136540241,0.6756373307904203,0.6638072223455321,0.6756372220989123,0.000277777777777778,-0.0020915214619826846,0.0026470770175382402,-0.0035867792362185053,0.004142334791774061,-0.06116666666666667,-0.06439256625462789,-0.05794076707870544,-0.06439250697796595,-0.05794082635536738,0.0006111111111111101,-0.0016607670684049762,0.0028829892906271962,-0.0016607253221102942,0.0028829475443325142
akane-koharu,24,permuted_suppress,source_contact_share,1000,0.4711666666666667,0.46569380542408517,0.4766395279092482,0.4656939059891948,0.47663942734413856,-0.0002777777777777786,-0.0026818867833099435,0.002126331227754386,-0.004199112898233168,0.0036435573426776106,0.4713333333333333,0.46597652658315036,0.4766901400835163,0.46597662501573145,0.4766900416509352,-5.555555555555558e-05,-0.002584823278626416,0.002473712167515305,-0.004181036691680897,0.004069925580569787,0.00016666666666666747,-0.002822813763959523,0.0031561470972928576,-0.002822758831555079,0.003156092164888414,0.00022222222222222302,-0.002194219422494464,0.0026386638669389103,-0.0021941750198121845,0.0026386194642566306
akane-koharu,24,permuted_suppress,unformed_bridge_contacts,1000,5.402,5.315174912211565,5.4888250877884355,5.315176507642928,5.4888234923570725,0.032,-0.0077540663000326,0.0717540663000326,-0.03284274049325932,0.09684274049325932,5.195,5.112057816728966,5.277942183271034,5.112059340811048,5.277940659188952,0.02,-0.022040060974345962,0.06204006097434596,-0.0485714196758302,0.08857141967583021,-0.207,-0.26049385080243964,-0.15350614919756034,-0.26049286784037795,-0.15350713215962203,-0.012,-0.054596907236395764,0.030596907236395767,-0.05459612450822923,0.03059612450822923
akane-koharu,24,permuted_suppress,selection_total_variation,1000,0.03548433292433887,0.034881445170793404,0.036087220677884335,0.03488145624899735,0.03608720959968039,0.03548433292433887,0.034881445170793404,0.036087220677884335,0.0345009644846258,0.03646770136405194,0.03555027124446997,0.03493938150266164,0.03616116098627831,0.034939392727904,0.036161149761035946,0.03555027124446997,0.03493938150266164,0.03616116098627831,0.03455385078526177,0.03654669170367818,6.593832013109715e-05,-6.170826869104917e-05,0.00019358490895324346,-6.170592315502517e-05,0.00019358256341721946,6.593832013109715e-05,-6.170826869104917e-05,0.00019358490895324346,-6.170592315502517e-05,0.00019358256341721946
akane-koharu,24,permuted_suppress,expected_source_shift,1000,0.00011439248721927282,-0.00019175967851640043,0.0004205446529549461,-0.00019175405289851137,0.00042053902733705704,0.00011439248721927282,-0.00019175967851640043,0.0004205446529549461,-0.00038497140890199767,0.0006137563833405433,0.00013528754314304738,-0.00017316056140648275,0.00044373564769257753,-0.0001731548936001792,0.0004437299798862739,0.00013528754314304738,-0.00017316056140648275,0.00044373564769257753,-0.00036782125201752463,0.0006383963383036193,2.0895055923774552e-05,-2.1593743654989918e-05,6.338385550253902e-05,-2.159296291332696e-05,6.338307476087606e-05,2.0895055923774552e-05,-2.1593743654989918e-05,6.338385550253902e-05,-2.159296291332696e-05,6.338307476087606e-05
akane-koharu,24,permuted_suppress,permutation_unchanged_fraction,1000,0.4815,0.4659157232416104,0.49708427675838956,0.46591600960635293,0.49708399039364703,0.0,0.0,0.0,0.0,0.0,0.4815,0.4659157232416104,0.49708427675838956,0.46591600960635293,0.49708399039364703,0.0,0.0,0.0,0.0,0.0,0.0,0.0,0.0,0.0,0.0,0.0,0.0,0.0,0.0,0.0
akane-koharu,24,permuted_suppress,information_transfers,1000,5.801,5.774155398475093,5.827844601524907,5.7741558917509455,5.827844108249055,0,0.0,0.0,0.0,0.0,5.801,5.774155398475093,5.827844601524907,5.7741558917509455,5.827844108249055,0,0.0,0.0,0.0,0.0,0,0.0,0.0,0.0,0.0,0,0.0,0.0,0.0,0.0
akane-koharu,48,neutral,bridge_count,1000,3.551,3.5143449213178695,3.587655078682131,3.514345594863542,3.5876544051364583,0,0.0,0.0,0.0,0.0,3.5,3.4621779732734255,3.5378220267265745,3.4621786682620423,3.5378213317379577,0,0.0,0.0,0.0,0.0,-0.051,-0.07339290603384564,-0.02860709396615435,-0.07339249455894241,-0.028607505441057588,0,0.0,0.0,0.0,0.0
akane-koharu,48,neutral,bridge_rate,1000,0.88775,0.8785862303294674,0.8969137696705327,0.8785863987158855,0.8969136012841146,0.0,0.0,0.0,0.0,0.0,0.875,0.8655444933183564,0.8844555066816436,0.8655446670655106,0.8844553329344894,0.0,0.0,0.0,0.0,0.0,-0.01275,-0.01834822650846141,-0.007151773491538588,-0.018348123639735602,-0.007151876360264397,0.0,0.0,0.0,0.0,0.0
akane-koharu,48,neutral,unformed_turns,1000,17.81575,17.488107795091143,18.14339220490886,17.488113815593547,18.143386184406456,0.0,0.0,0.0,0.0,0.0,18.68475,18.35628979547919,19.013210204520814,18.356295831012524,19.01320416898748,0.0,0.0,0.0,0.0,0.0,0.869,0.6639441910425672,1.0740558089574328,0.6639479589911765,1.0740520410088235,0.0,0.0,0.0,0.0,0.0
akane-koharu,48,neutral,all_formed,1000,0.602,0.5716461971583963,0.6323538028416037,0.5716467549166465,0.6323532450833534,0,0.0,0.0,0.0,0.0,0.561,0.5302257825630146,0.5917742174369856,0.5302263480464817,0.5917736519535184,0,0.0,0.0,0.0,0.0,-0.041,-0.06112457375620336,-0.020875426243796645,-0.06112420396243802,-0.02087579603756198,0,0.0,0.0,0.0,0.0
akane-koharu,48,neutral,free_known_share,1000,0.14219047619047617,0.13951272492066524,0.1448682274602871,0.1395127741249732,0.14486817825597914,0.0,0.0,0.0,0.0,0.0,0.1982857142857143,0.1956377620694104,0.2009336665020182,0.19563781072615374,0.20093361784527483,0.0,0.0,0.0,0.0,0.0,0.056095238095238094,0.05410925746784373,0.05808121872263246,0.0541092939607038,0.05808118222977239,0.0,0.0,0.0,0.0,0.0
akane-koharu,48,neutral,free_bridge_share,1000,0.7261190476190477,0.7220348075462155,0.7302032876918798,0.7220348825950853,0.73020321264301,0.0,0.0,0.0,0.0,0.0,0.6697142857142857,0.6656370905279776,0.6737914809005938,0.6656371654473959,0.6737914059811755,0.0,0.0,0.0,0.0,0.0,-0.0564047619047619,-0.058458506593135506,-0.0543510172163883,-0.05845846885509491,-0.05435105495442889,0.0,0.0,0.0,0.0,0.0
akane-koharu,48,neutral,source_contact_share,1000,0.4792857142857143,0.47528475844396256,0.48328667012746607,0.475284831962465,0.4832865966089636,0.0,0.0,0.0,0.0,0.0,0.47833333333333333,0.4742710603166514,0.48239560635001527,0.47427113496187134,0.4823955317047953,0.0,0.0,0.0,0.0,0.0,-0.0009523809523809545,-0.0029069033840029334,0.0010021414792410243,-0.002906867469194591,0.0010021055644326821,0.0,0.0,0.0,0.0,0.0
akane-koharu,48,neutral,unformed_bridge_contacts,1000,7.393,7.25152980194211,7.53447019805789,7.251532401490198,7.534467598509802,0,0.0,0.0,0.0,0.0,7.223,7.0890021384480315,7.356997861551968,7.089004600690182,7.356995399309818,0,0.0,0.0,0.0,0.0,-0.17,-0.2547338845515251,-0.08526611544847487,-0.2547323275465123,-0.08526767245348771,0,0.0,0.0,0.0,0.0
akane-koharu,48,neutral,selection_total_variation,1000,0.0,0.0,0.0,0.0,0.0,0.0,0.0,0.0,0.0,0.0,0.0,0.0,0.0,0.0,0.0,0.0,0.0,0.0,0.0,0.0,0.0,0.0,0.0,0.0,0.0,0.0,0.0,0.0,0.0,0.0
akane-koharu,48,neutral,expected_source_shift,1000,0.0,0.0,0.0,0.0,0.0,0.0,0.0,0.0,0.0,0.0,0.0,0.0,0.0,0.0,0.0,0.0,0.0,0.0,0.0,0.0,0.0,0.0,0.0,0.0,0.0,0.0,0.0,0.0,0.0,0.0
akane-koharu,48,neutral,permutation_unchanged_fraction,1000,0.4815,0.4659157232416104,0.49708427675838956,0.46591600960635293,0.49708399039364703,0.0,0.0,0.0,0.0,0.0,0.4815,0.4659157232416104,0.49708427675838956,0.46591600960635293,0.49708399039364703,0.0,0.0,0.0,0.0,0.0,0.0,0.0,0.0,0.0,0.0,0.0,0.0,0.0,0.0,0.0
akane-koharu,48,neutral,information_transfers,1000,5.801,5.774155398475093,5.827844601524907,5.7741558917509455,5.827844108249055,0,0.0,0.0,0.0,0.0,5.801,5.774155398475093,5.827844601524907,5.7741558917509455,5.827844108249055,0,0.0,0.0,0.0,0.0,0,0.0,0.0,0.0,0.0,0,0.0,0.0,0.0,0.0
akane-koharu,48,actual_promote,bridge_count,1000,3.491,3.452979268728674,3.529020731271326,3.4529799673685333,3.529020032631467,-0.06,-0.07884991138332377,-0.041150088616676225,-0.09074603495715344,-0.02925396504284655,3.434,3.3939247305983153,3.474075269401685,3.393925466990795,3.4740745330092055,-0.066,-0.08577034286138854,-0.04622965713861146,-0.09824734803097936,-0.03375265196902065,-0.057,-0.08162971507071214,-0.03237028492928787,-0.08162926249391794,-0.03237073750608206,-0.006,-0.02580143932645805,0.013801439326458052,-0.025801075470363692,0.013801075470363694
akane-koharu,48,actual_promote,bridge_rate,1000,0.87275,0.8632448171821685,0.8822551828178316,0.8632449918421333,0.8822550081578667,-0.015,-0.019712477845830943,-0.010287522154169056,-0.02268650873928836,-0.007313491260711637,0.8585,0.8484811826495788,0.8685188173504212,0.8484813667476987,0.8685186332523014,-0.0165,-0.021442585715347136,-0.011557414284652866,-0.02456183700774484,-0.008438162992255163,-0.01425,-0.020407428767678034,-0.008092571232321967,-0.020407315623479486,-0.008092684376520515,-0.0015,-0.006450359831614513,0.003450359831614513,-0.006450268867590923,0.0034502688675909234
akane-koharu,48,actual_promote,unformed_turns,1000,18.28825,17.953013478235704,18.6234865217643,17.95301963828546,18.62348036171454,0.4725,0.33489742495629427,0.6101025750437057,0.24805684499233394,0.696943155007666,19.17575,18.84498713268643,19.50651286731357,18.844993210531737,19.506506789468265,0.491,0.3502930524974851,0.6317069475025149,0.2614933122150387,0.7205066877849613,0.8875,0.6745690150439482,1.1004309849560516,0.6745729277007645,1.1004270722992353,0.0185,-0.13248797495489828,0.16948797495489826,-0.13248520051542667,0.16948520051542665
akane-koharu,48,actual_promote,all_formed,1000,0.554,0.5231755285131693,0.5848244714868308,0.5231760949200663,0.5848239050799338,-0.048,-0.06528513029541083,-0.03071486970458917,-0.07619372513187614,-0.019806274868123867,0.52,0.4890189867308511,0.550981013269149,0.4890195560142401,0.55098044398576,-0.041,-0.05779119455591575,-0.024208805444084252,-0.06838806800149097,-0.01361193199850903,-0.034,-0.05573453243804201,-0.012265467561957993,-0.055734133060908096,-0.012265866939091909,0.007,-0.011074137214153155,0.025074137214153153,-0.01107380509764045,0.02507380509764045
akane-koharu,48,actual_promote,free_known_share,1000,0.14176190476190476,0.13900526191400045,0.14451854760980906,0.13900531256795967,0.14451849695584984,-0.0004285714285714285,-0.0014638650582080805,0.0006067222010652234,-0.0021172358196352146,0.0012600929624923577,0.1977142857142857,0.19503638465423498,0.20039218677433643,0.19503643386129538,0.20039213756727603,-0.0005714285714285715,-0.0016231713508119605,0.00048031420795481756,-0.002286923122212687,0.0011440659793555442,0.05595238095238095,0.05387087524752865,0.05803388665723325,0.05387091349568444,0.05803384840907746,-0.0001428571428571429,-0.0015666837529290582,0.0012809694672147724,-0.0015666575897809738,0.001280943304066688
akane-koharu,48,actual_promote,free_bridge_share,1000,0.7269047619047619,0.7227798633458329,0.731029660463691,0.7227799391418119,0.731029584667712,0.0007857142857142865,-0.000680315833682189,0.0022517444051107617,-0.0016055231255703466,0.0031769516969989194,0.6702857142857143,0.6661188045617391,0.6744526240096894,0.6661188811296831,0.6744525474417454,0.0005714285714285701,-0.0008837907464968288,0.002026647889353969,-0.001802175373407058,0.002945032516264198,-0.05661904761904762,-0.05878855945954781,-0.05444953577854743,-0.058788519594258626,-0.05444957564383661,-0.00021428571428571647,-0.0017104942618470429,0.0012819228332756098,-0.0017104667686638714,0.0012818953400924383
akane-koharu,48,actual_promote,source_contact_share,1000,0.5106666666666667,0.5066385069512489,0.5146948263820845,0.5066385809696289,0.5146947523637045,0.031380952380952384,0.029685342184479494,0.03307656257742527,0.028615247581905808,0.034146657179998964,0.5109761904761905,0.5069019736928131,0.5150504072595679,0.5069020485575026,0.5150503323948783,0.03264285714285715,0.030989899294808623,0.03429581499090567,0.029946722463743358,0.035338991821970936,0.00030952380952380663,-0.0015875111950227996,0.0022065588140704126,-0.0015874763365594205,0.0022065239556070338,0.0012619047619047612,-0.0004306911250073948,0.0029545006488169174,-0.00043066002316077714,0.0029544695469702993
akane-koharu,48,actual_promote,unformed_bridge_contacts,1000,7.618,7.473284457815514,7.762715542184487,7.473287116997562,7.762712883002439,0.225,0.16042519914932063,0.2895748008506794,0.11967223246138545,0.3303277675386146,7.446,7.311317821581385,7.5806821784186145,7.311320296398018,7.580679703601981,0.223,0.15996519008626375,0.28603480991373625,0.12018410714440607,0.3258158928555939,-0.172,-0.26010055967026663,-0.08389944032973333,-0.26009894080180845,-0.08390105919819152,-0.002,-0.07259519753861106,0.06859519753861106,-0.07259390033528995,0.06859390033528995
akane-koharu,48,actual_promote,selection_total_variation,1000,0.03585022761745197,0.035242750308018087,0.03645770492688585,0.0352427614705562,0.03645769376434774,0.03585022761745197,0.035242750308018087,0.03645770492688585,0.034859373166642435,0.036841082068261505,0.03592046936745398,0.03531207127520033,0.03652886745970763,0.03531208245465804,0.03652885628024992,0.03592046936745398,0.03531207127520033,0.03652886745970763,0.0349281130304982,0.03691282570440976,7.024175000201121e-05,-3.7802460724617625e-05,0.00017828596072864007,-3.780047538689117e-05,0.0001782839753909136,7.024175000201121e-05,-3.7802460724617625e-05,0.00017828596072864007,-3.780047538689117e-05,0.0001782839753909136
akane-koharu,48,actual_promote,expected_source_shift,1000,0.011950075872483989,0.011747583436006029,0.012152568308961949,0.011747587156852066,0.012152564588115911,0.011950075872483989,0.011747583436006029,0.012152568308961949,0.011619791055547477,0.0122803606894205,0.01197348978915133,0.011770690425066779,0.01217628915323588,0.011770694151552685,0.012176285426749974,0.01197348978915133,0.011770690425066779,0.01217628915323588,0.011642704343499403,0.012304275234803257,2.341391666734137e-05,-1.2600820241534841e-05,5.9428653576217575e-05,-1.260015846229269e-05,5.9427991796975424e-05,2.341391666734137e-05,-1.2600820241534841e-05,5.9428653576217575e-05,-1.260015846229269e-05,5.9427991796975424e-05
akane-koharu,48,actual_promote,permutation_unchanged_fraction,1000,0.4815,0.4659157232416104,0.49708427675838956,0.46591600960635293,0.49708399039364703,0.0,0.0,0.0,0.0,0.0,0.4815,0.4659157232416104,0.49708427675838956,0.46591600960635293,0.49708399039364703,0.0,0.0,0.0,0.0,0.0,0.0,0.0,0.0,0.0,0.0,0.0,0.0,0.0,0.0,0.0
akane-koharu,48,actual_promote,information_transfers,1000,5.801,5.774155398475093,5.827844601524907,5.7741558917509455,5.827844108249055,0,0.0,0.0,0.0,0.0,5.801,5.774155398475093,5.827844601524907,5.7741558917509455,5.827844108249055,0,0.0,0.0,0.0,0.0,0,0.0,0.0,0.0,0.0,0,0.0,0.0,0.0,0.0
akane-koharu,48,actual_suppress,bridge_count,1000,3.593,3.558176659168502,3.627823340831498,3.558177299055562,3.627822700944438,0.042,0.02556562424957047,0.058434375750429535,0.015193938101548572,0.06880606189845143,3.535,3.4985882786255105,3.57141172137449,3.4985889476994356,3.5714110523005647,0.035,0.01792989078451375,0.05207010921548626,0.007156995118497812,0.0628430048815022,-0.058,-0.07935903241876527,-0.03664096758123473,-0.07935863994153233,-0.03664136005846767,-0.007,-0.024424171812839866,0.010424171812839868,-0.024423851639593937,0.010423851639593938
akane-koharu,48,actual_suppress,bridge_rate,1000,0.89825,0.8895441647921255,0.9069558352078745,0.8895443247638904,0.9069556752361095,0.0105,0.006391406062392618,0.014608593937607384,0.003798484525387143,0.017201515474612857,0.88375,0.8746470696563776,0.8928529303436225,0.8746472369248589,0.8928527630751412,0.00875,0.004482472696128437,0.013017527303871564,0.001789248779624453,0.01571075122037555,-0.0145,-0.019839758104691317,-0.009160241895308683,-0.019839659985383083,-0.009160340014616918,-0.00175,-0.006106042953209967,0.002606042953209967,-0.006105962909898484,0.0026059629098984845
akane-koharu,48,actual_suppress,unformed_turns,1000,17.34525,17.022294184442046,17.668205815557954,17.022300118830945,17.668199881169055,-0.4705,-0.5984305830584762,-0.34256941694152376,-0.6791671973580053,-0.26183280264199466,18.31475,17.985771036371002,18.643728963629,17.98577708143666,18.64372291856334,-0.37,-0.5035012439722647,-0.23649875602773532,-0.587753485972673,-0.15224651402732706,0.9695,0.7710995754034784,1.1679004245965217,0.7711032210578382,1.1678967789421617,0.1005,-0.044045361880764744,0.24504536188076476,-0.04404270582582023,0.24504270582582025
akane-koharu,48,actual_suppress,all_formed,1000,0.63,0.6000605054596219,0.6599394945403781,0.6000610556048598,0.6599389443951402,0.028,0.013966171800469628,0.042033828199530374,0.0051094641438381265,0.05089053585616188,0.583,0.5524243546644115,0.6135756453355884,0.5524249164990697,0.6135750835009303,0.022,0.007128058625712638,0.036871941374287356,-0.0022575797878339535,0.04625757978783395,-0.047,-0.06668721137926578,-0.027312788620734222,-0.06668684962213675,-0.027313150377863245,-0.006,-0.02192673737346615,0.009926737373466147,-0.021926444715929437,0.009926444715929439
akane-koharu,48,actual_suppress,free_known_share,1000,0.14226190476190476,0.13955292797686422,0.1449708815469453,0.13955297775494835,0.14497083176886116,7.142857142857142e-05,-0.0009840044123404937,0.0011268615551976366,-0.0016500850608638753,0.0017929422037210182,0.19804761904761903,0.19536512577266563,0.20073011232257243,0.19536517506410905,0.200730063031129,-0.00023809523809523823,-0.0012924009097760023,0.0008162104335855259,-0.0019577701149596253,0.001481579638769149,0.055785714285714286,0.053748749696958024,0.05782267887447055,0.053748787126660355,0.057822641444768216,-0.00030952380952380966,-0.0017217181711955167,0.0011026705521478973,-0.001721692221792726,0.0011026446027451067
akane-koharu,48,actual_suppress,free_bridge_share,1000,0.7255952380952381,0.7214829699086375,0.7297075062818387,0.7214830454725304,0.7297074307179457,-0.0005238095238095235,-0.002023363218581981,0.0009757441709629338,-0.0029697271401857607,0.0019221080925667135,0.6694523809523809,0.6653913394312913,0.6735134224734706,0.6653914140538822,0.6735133478508796,-0.00026190476190476257,-0.0017331063988256508,0.0012092968750161259,-0.0026615774201968587,0.0021377678963873333,-0.05614285714285714,-0.058246415245221644,-0.054039299040492636,-0.05824637659184788,-0.0540393376938664,0.00026190476190476094,-0.0012269717414127642,0.001750781265222286,-0.0012269443829576261,0.001750753906767148
akane-koharu,48,actual_suppress,source_contact_share,1000,0.4488333333333333,0.4447761886860036,0.452890477980663,0.4447762632369886,0.452890403429678,-0.030452380952380956,-0.03216097979972115,-0.02874378210504076,-0.033239271501614445,-0.02766549040314747,0.4478333333333333,0.44371599405299506,0.45195067261367156,0.44371606971007055,0.45195059695659606,-0.030500000000000003,-0.03221425437022153,-0.028785745629778477,-0.03329611525595355,-0.02770388474404645,-0.0009999999999999992,-0.003026710350230792,0.0010267103502307937,-0.0030266731089525056,0.0010266731089525073,-4.761904761904459e-05,-0.001747799990183595,0.0016525618949455058,-0.0017477687489597998,0.0016525306537217106
akane-koharu,48,actual_suppress,unformed_bridge_contacts,1000,7.237,7.095335855279116,7.378664144720884,7.095338458391019,7.378661541608981,-0.156,-0.2148837814862643,-0.0971162185137357,-0.2520451626095037,-0.059954837390496285,7.064,6.932542544262149,7.195457455737851,6.932544959823747,7.195455040176253,-0.159,-0.22155863564123895,-0.09644136435876104,-0.2610392064017334,-0.056960793598266585,-0.173,-0.25603708033348904,-0.08996291966651096,-0.25603555450765186,-0.08996444549234811,-0.003,-0.06747396309765298,0.061473963097652976,-0.06747277837345118,0.06147277837345118
akane-koharu,48,actual_suppress,selection_total_variation,1000,0.035960333404537616,0.03535370084275952,0.036566965966315715,0.035353711989775195,0.036566954819300036,0.035960333404537616,0.03535370084275952,0.036566965966315715,0.034970856819142214,0.03694980998993302,0.03598534837578949,0.035378445263457244,0.03659225148812174,0.035378456415444355,0.036592240336134625,0.03598534837578949,0.035378445263457244,0.03659225148812174,0.03499543049618182,0.03697526625539716,2.501497125187519e-05,-7.776083073337913e-05,0.0001277907732371295,-7.77589422038996e-05,0.00012778888470764998,2.501497125187519e-05,-7.776083073337913e-05,0.0001277907732371295,-7.77589422038996e-05,0.00012778888470764998
akane-koharu,48,actual_suppress,expected_source_shift,1000,-0.01198677780151254,-0.012188988655438573,-0.011784566947586506,-0.012188984939766681,-0.011784570663258397,-0.01198677780151254,-0.012188988655438573,-0.011784566947586506,-0.012316603329977673,-0.011656952273047406,-0.011995116125263161,-0.012197417162707242,-0.01179281508781908,-0.012197413445378206,-0.011792818805148117,-0.011995116125263161,-0.012197417162707242,-0.01179281508781908,-0.012325088751799052,-0.01166514349872727,-8.33832375062188e-06,-4.259692441237331e-05,2.5920276911129554e-05,-4.25962949025468e-05,2.5919647401303045e-05,-8.33832375062188e-06,-4.259692441237331e-05,2.5920276911129554e-05,-4.25962949025468e-05,2.5919647401303045e-05
akane-koharu,48,actual_suppress,permutation_unchanged_fraction,1000,0.4815,0.4659157232416104,0.49708427675838956,0.46591600960635293,0.49708399039364703,0.0,0.0,0.0,0.0,0.0,0.4815,0.4659157232416104,0.49708427675838956,0.46591600960635293,0.49708399039364703,0.0,0.0,0.0,0.0,0.0,0.0,0.0,0.0,0.0,0.0,0.0,0.0,0.0,0.0,0.0
akane-koharu,48,actual_suppress,information_transfers,1000,5.801,5.774155398475093,5.827844601524907,5.7741558917509455,5.827844108249055,0,0.0,0.0,0.0,0.0,5.801,5.774155398475093,5.827844601524907,5.7741558917509455,5.827844108249055,0,0.0,0.0,0.0,0.0,0,0.0,0.0,0.0,0.0,0,0.0,0.0,0.0,0.0
akane-koharu,48,permuted_promote,bridge_count,1000,3.546,3.509424476171306,3.5825755238286936,3.5094251482551395,3.58257485174486,-0.005,-0.021751757560965996,0.011751757560965994,-0.03232374243514359,0.02232374243514359,3.493,3.4548766482120006,3.531123351787999,3.454877348737536,3.531122651262464,-0.007,-0.024424171812839866,0.010424171812839868,-0.035420515341571805,0.021420515341571807,-0.053,-0.07571616538436383,-0.030283834615636163,-0.07571574796949418,-0.030284252030505825,-0.002,-0.019757002695971658,0.01575700269597166,-0.01975667640688015,0.015756676406880145
akane-koharu,48,permuted_promote,bridge_rate,1000,0.8865,0.8773561190428265,0.8956438809571734,0.8773562870637849,0.895643712936215,-0.00125,-0.005437939390241499,0.0029379393902414985,-0.008080935608785898,0.005580935608785897,0.87325,0.8637191620530001,0.8827808379469998,0.863719337184384,0.882780662815616,-0.00175,-0.006106042953209967,0.002606042953209967,-0.008855128835392951,0.005355128835392952,-0.01325,-0.01892904134609096,-0.007570958653909041,-0.018928936992373545,-0.007571063007626456,-0.0005,-0.0049392506739929145,0.003939250673992915,-0.004939169101720037,0.003939169101720036
akane-koharu,48,permuted_promote,unformed_turns,1000,17.832,17.50092787155087,18.16307212844913,17.500933955078924,18.163066044921077,0.01625,-0.11653386058226782,0.1490338605822678,-0.20033336403745583,0.23283336403745586,18.72775,18.396797433505693,19.058702566494308,18.396803514836765,19.058696485163235,0.043,-0.09597427722903017,0.18197427722903015,-0.18368053440341747,0.2696805344034175,0.89575,0.6875191957972623,1.1039808042027377,0.6875230220871543,1.1039769779128459,0.02675,-0.1144334216671832,0.1679334216671832,-0.11443082738867905,0.16793082738867904
akane-koharu,48,permuted_promote,all_formed,1000,0.596,0.56557103787284,0.6264289621271599,0.5655715970121598,0.6264284029878402,-0.006,-0.021436294295639147,0.009436294295639145,-0.03117809417621481,0.019178094176214806,0.557,0.5261963068917198,0.5878036931082803,0.5261968729168093,0.5878031270831908,-0.004,-0.01968588478159206,0.011685884781592059,-0.02958520048297815,0.02158520048297815,-0.039,-0.05894800364069671,-0.01905199635930329,-0.05894763709144868,-0.019052362908551317,0.002,-0.014639011097126247,0.01863901109712625,-0.014638705351392717,0.01863870535139272
akane-koharu,48,permuted_promote,free_known_share,1000,0.14135714285714285,0.13855845464257,0.1441558310717157,0.13855850606912268,0.14415577964516302,-0.0008333333333333332,-0.0019767860655516283,0.0003101193988849618,-0.0026984157181629436,0.001031749051496277,0.1977857142857143,0.1950469752038693,0.20052445336755928,0.19504702552884262,0.20052440304258595,-0.0005,-0.0016327107948880717,0.0006327107948880717,-0.0023475612424779923,0.0013475612424779923,0.056428571428571425,0.054387464565043835,0.058469678292099016,0.05438750207086143,0.05846964078628142,0.00033333333333333316,-0.0011010490531342316,0.0017677157198008977,-0.0011010226960212785,0.001767689362687945
akane-koharu,48,permuted_promote,free_bridge_share,1000,0.7264761904761905,0.722268423513308,0.730683957439073,0.7222685008320134,0.7306838801203676,0.00035714285714285834,-0.0013006979717643588,0.0020149836860500754,-0.002346956437672486,0.0030612421519582026,0.6693809523809524,0.6651547954450482,0.6736071093168566,0.6651548731016736,0.6736070316602312,-0.0003333333333333342,-0.0019220321046579142,0.001255365437991246,-0.002924655221602037,0.0022579885549353683,-0.057095238095238095,-0.05922339961905894,-0.05496707657141725,-0.05922336051359153,-0.054967115676884656,-0.0006904761904761925,-0.002219286612258499,0.0008383342313061141,-0.0022192585200082383,0.0008383061390558532
akane-koharu,48,permuted_promote,source_contact_share,1000,0.4804285714285714,0.47629859828225435,0.4845585445748885,0.47629867417148003,0.4845584686856628,0.0011428571428571423,-0.0006176079072782773,0.002903322192992562,-0.0017286322170448948,0.004014346502759179,0.47964285714285715,0.47541181017725964,0.48387390410845466,0.4754118879237405,0.4838738263619738,0.0013095238095238106,-0.0004034176994184835,0.0030224653184661044,-0.0014844500422626697,0.004103497661310291,-0.0007857142857142863,-0.002722033807085798,0.0011506052356572256,-0.0027219982267602033,0.001150569655331631,0.0001666666666666683,-0.001429661549862125,0.0017629948831954616,-0.0014296322169565416,0.0017629655502898781
akane-koharu,48,permuted_promote,unformed_bridge_contacts,1000,7.398,7.2566515618247776,7.539348438175222,7.256654159135499,7.539345840864501,0.005,-0.05648151540696388,0.06648151540696388,-0.09528231875899483,0.10528231875899484,7.242,7.1083445821962,7.3756554178038,7.108347038145867,7.375652961854133,0.019,-0.04480390678415329,0.0828039067841533,-0.08507036449646325,0.12307036449646326,-0.156,-0.24029170251877413,-0.07170829748122586,-0.24029015363895992,-0.07170984636104008,0.014,-0.04886783128604494,0.07686783128604494,-0.048866676074892076,0.07686667607489207
akane-koharu,48,permuted_promote,selection_total_variation,1000,0.03602332502597151,0.03541668893391037,0.036629961118032656,0.03541670008099092,0.036629949970952105,0.03602332502597151,0.03541668893391037,0.036629961118032656,0.03503384268234184,0.037012807369601185,0.036045726335707365,0.03543240856636597,0.03665904410504876,0.0354324198362239,0.03665903283519083,0.036045726335707365,0.03543240856636597,0.03665904410504876,0.035045345527938865,0.037046107143475865,2.2401309735849437e-05,-8.229984402850325e-05,0.00012710246350020212,-8.229792012023298e-05,0.00012710053959193185,2.2401309735849437e-05,-8.229984402850325e-05,0.00012710246350020212,-8.229792012023298e-05,0.00012710053959193185
akane-koharu,48,permuted_promote,expected_source_shift,1000,-0.00014527016372015738,-0.0004531974602353365,0.00016265713279502172,-0.00045319180199900283,0.00016265147455868804,-0.00014527016372015738,-0.0004531974602353365,0.00016265713279502172,-0.0006475294704293254,0.00035698914298901055,-0.0001495936045506984,-0.0004593570777717611,0.0001601698686703643,-0.0004593513857952495,0.0001601641766938527,-0.0001495936045506984,-0.0004593570777717611,0.0001601698686703643,-0.0006548478936785399,0.00035566068457714307,-4.323440830541018e-06,-3.913336828431831e-05,3.0486486623236277e-05,-3.913272864373262e-05,3.0485846982650587e-05,-4.323440830541018e-06,-3.913336828431831e-05,3.0486486623236277e-05,-3.913272864373262e-05,3.0485846982650587e-05
akane-koharu,48,permuted_promote,permutation_unchanged_fraction,1000,0.4815,0.4659157232416104,0.49708427675838956,0.46591600960635293,0.49708399039364703,0.0,0.0,0.0,0.0,0.0,0.4815,0.4659157232416104,0.49708427675838956,0.46591600960635293,0.49708399039364703,0.0,0.0,0.0,0.0,0.0,0.0,0.0,0.0,0.0,0.0,0.0,0.0,0.0,0.0,0.0
akane-koharu,48,permuted_promote,information_transfers,1000,5.801,5.774155398475093,5.827844601524907,5.7741558917509455,5.827844108249055,0,0.0,0.0,0.0,0.0,5.801,5.774155398475093,5.827844601524907,5.7741558917509455,5.827844108249055,0,0.0,0.0,0.0,0.0,0,0.0,0.0,0.0,0.0,0,0.0,0.0,0.0,0.0
akane-koharu,48,permuted_suppress,bridge_count,1000,3.544,3.507310055677142,3.580689944322858,3.507310729863479,3.580689270136521,-0.007,-0.026108346095109605,0.012108346095109607,-0.038167567054632624,0.024167567054632626,3.489,3.450578837183758,3.5274211628162417,3.4505795431816413,3.5274204568183585,-0.011,-0.030695803895527875,0.008695803895527876,-0.04312576774323065,0.02112576774323065,-0.055,-0.07786666666666667,-0.03213333333333333,-0.07786624648630062,-0.032133753513699376,-0.004,-0.022807430814809713,0.014807430814809713,-0.022807085223855016,0.014807085223855015
akane-koharu,48,permuted_suppress,bridge_rate,1000,0.886,0.8768275139192855,0.8951724860807145,0.8768276824658697,0.8951723175341303,-0.00175,-0.006527086523777401,0.0030270865237774017,-0.009541891763658156,0.006041891763658156,0.87225,0.8626447092959395,0.8818552907040604,0.8626448857954103,0.8818551142045896,-0.00275,-0.007673950973881969,0.002173950973881969,-0.010781441935807663,0.005281441935807663,-0.01375,-0.019466666666666667,-0.008033333333333333,-0.019466561621575156,-0.008033438378424844,-0.001,-0.005701857703702428,0.003701857703702428,-0.005701771305963754,0.003701771305963754
akane-koharu,48,permuted_suppress,unformed_turns,1000,17.8335,17.508103311311547,18.158896688688454,17.508109290552063,18.158890709447938,0.01775,-0.11932763725179439,0.15482763725179438,-0.20583693052086477,0.24133693052086475,18.715,18.38453314329061,19.04546685670939,18.384539215696652,19.045460784303348,0.03025,-0.11696268549507094,0.17746268549507094,-0.20986817786963988,0.27036817786963985,0.8815,0.6789039466000059,1.084096053399994,0.6789076693500296,1.0840923306499703,0.0125,-0.13376364621533338,0.1587636462153334,-0.133760958586511,0.15876095858651101
akane-koharu,48,permuted_suppress,all_formed,1000,0.595,0.5645589714987121,0.6254410285012878,0.5645595308597544,0.6254404691402455,-0.007,-0.023517814619367774,0.009517814619367775,-0.0339421587919058,0.0199421587919058,0.556,0.5251892543997319,0.5868107456002682,0.5251898205544125,0.5868101794455876,-0.005,-0.02128617817658887,0.01128617817658887,-0.031564337272101124,0.021564337272101122,-0.039,-0.05913985452132513,-0.01886014547867487,-0.05913948444677215,-0.01886051555322785,0.002,-0.015094983827780363,0.01909498382778036,-0.01509466970344091,0.01909466970344091
akane-koharu,48,permuted_suppress,free_known_share,1000,0.14316666666666666,0.14042391882328056,0.14590941451005277,0.14042396922191583,0.1459093641114175,0.0009761904761904761,-0.00016491870991708617,0.0021172996622980385,-0.0008850693574780697,0.0028374503098590217,0.19773809523809524,0.1950413778805049,0.20043481259568557,0.1950414274333192,0.20043476304287128,-0.0005476190476190477,-0.0017475352386641552,0.0006522971434260599,-0.002504798813894536,0.0014095607186564406,0.05457142857142857,0.05254875579494784,0.0565941013479093,0.05254879296203476,0.05659406418082238,-0.0015238095238095239,-0.0029290968369353604,-0.00011852221068368732,-0.0029290710144512077,-0.00011854803316784
akane-koharu,48,permuted_suppress,free_bridge_share,1000,0.7256904761904762,0.7215391168353243,0.7298418355456281,0.7215391931175267,0.7298417592634258,-0.00042857142857142736,-0.002128547208100159,0.0012714043509573039,-0.0032013969172867123,0.0023442540601438574,0.6705952380952381,0.6665249569870823,0.674665519203394,0.6665250317794528,0.6746654444110235,0.0008809523809523803,-0.0008457142857142864,0.002607619047619047,-0.0019354085351870574,0.003697313297091818,-0.05509523809523809,-0.057169349306116835,-0.05302112688435935,-0.05716931119383661,-0.05302116499663958,0.0013095238095238077,-0.0001669257279037007,0.0027859733469513164,-0.00016689859779697724,0.0027859462168445927
akane-koharu,48,permuted_suppress,source_contact_share,1000,0.4801666666666667,0.4760555288316211,0.48427780450171226,0.4760556043747436,0.4842777289585898,0.0008809523809523802,-0.0008620498218291094,0.00262395458373387,-0.001962053380046886,0.0037239581419516465,0.47964285714285715,0.47547514209290154,0.48381057219281276,0.4754752186756436,0.4838104956100707,0.0013095238095238103,-0.00046468149740597274,0.0030837291164535936,-0.0015843772427797894,0.0042034248618274105,-0.0005238095238095244,-0.0024621572832378797,0.0014145382356188312,-0.002462121665642935,0.0014145026180238862,0.00042857142857143023,-0.001195325906134424,0.0020524687632772843,-0.0011952960666398245,0.002052438923782685
akane-koharu,48,permuted_suppress,unformed_bridge_contacts,1000,7.393,7.250473645653573,7.535526354346427,7.25047626460878,7.5355237353912194,0,-0.06468264562187175,0.06468264562187175,-0.10550367282737681,0.10550367282737681,7.229,7.094611155910114,7.3633888440898865,7.0946136253366605,7.36338637466334,0.006,-0.05974300148795037,0.07174300148795038,-0.10123321615850983,0.11323321615850984,-0.164,-0.24814193360858422,-0.07985806639141581,-0.24814038748080885,-0.07985961251919116,0.006,-0.06254922244853182,0.07454922244853183,-0.06254796284048313,0.07454796284048314
akane-koharu,48,permuted_suppress,selection_total_variation,1000,0.03589255084292206,0.03528763694618697,0.03649746473965715,0.035287648061621775,0.03649745362422235,0.03589255084292206,0.03528763694618697,0.03649746473965715,0.03490587756701802,0.036879224118826104,0.03593568198172204,0.0353250585533633,0.03654630541008078,0.03532506977371209,0.036546294189731994,0.03593568198172204,0.0353250585533633,0.03654630541008078,0.034939695905597354,0.03693166805784673,4.313113879997821e-05,-6.34266236848787e-05,0.0001496889012848351,-6.342466566098748e-05,0.0001496869432609439,4.313113879997821e-05,-6.34266236848787e-05,0.0001496889012848351,-6.342466566098748e-05,0.0001496869432609439
akane-koharu,48,permuted_suppress,expected_source_shift,1000,0.0001028754542431638,-0.00020549303657749267,0.00041124394506382027,-0.00020548737023411005,0.00041123827872043765,0.0001028754542431638,-0.00020549303657749267,0.00041124394506382027,-0.00040010348319865076,0.0006058543916849784,0.00012358187262095972,-0.0001863362463462679,0.0004334999915881874,-0.00018633055152810448,0.0004334942967700239,0.00012358187262095972,-0.0001863362463462679,0.0004334999915881874,-0.00038192465872812463,0.0006290884039700441,2.0706418377795913e-05,-1.4494890422725621e-05,5.5907727178317444e-05,-1.449424359041584e-05,5.590708034600767e-05,2.0706418377795913e-05,-1.4494890422725621e-05,5.5907727178317444e-05,-1.449424359041584e-05,5.590708034600767e-05
akane-koharu,48,permuted_suppress,permutation_unchanged_fraction,1000,0.4815,0.4659157232416104,0.49708427675838956,0.46591600960635293,0.49708399039364703,0.0,0.0,0.0,0.0,0.0,0.4815,0.4659157232416104,0.49708427675838956,0.46591600960635293,0.49708399039364703,0.0,0.0,0.0,0.0,0.0,0.0,0.0,0.0,0.0,0.0,0.0,0.0,0.0,0.0,0.0
akane-koharu,48,permuted_suppress,information_transfers,1000,5.801,5.774155398475093,5.827844601524907,5.7741558917509455,5.827844108249055,0,0.0,0.0,0.0,0.0,5.801,5.774155398475093,5.827844601524907,5.7741558917509455,5.827844108249055,0,0.0,0.0,0.0,0.0,0,0.0,0.0,0.0,0.0,0,0.0,0.0,0.0,0.0
akane-midori,12,neutral,bridge_count,1000,2.205,2.160933529596599,2.249066470403401,2.1609343393283336,2.2490656606716666,0,0.0,0.0,0.0,0.0,2.05,2.003948255590443,2.0960517444095568,2.003949101802053,2.0960508981979467,0,0.0,0.0,0.0,0.0,-0.155,-0.18209951925669426,-0.12790048074330573,-0.18209902129666858,-0.12790097870333142,0,0.0,0.0,0.0,0.0
akane-midori,12,neutral,bridge_rate,1000,0.55125,0.5402333823991498,0.5622666176008503,0.5402335848320834,0.5622664151679166,0.0,0.0,0.0,0.0,0.0,0.5125,0.5009870638976107,0.5240129361023892,0.5009872754505132,0.5240127245494867,0.0,0.0,0.0,0.0,0.0,-0.03875,-0.045524879814173566,-0.03197512018582643,-0.045524755324167145,-0.031975244675832855,0.0,0.0,0.0,0.0,0.0
akane-midori,12,neutral,unformed_turns,1000,9.6945,9.643881820343756,9.745118179656243,9.643882750464686,9.745117249535314,0.0,0.0,0.0,0.0,0.0,9.89675,9.843512824267435,9.949987175732566,9.843513802513034,9.949986197486968,0.0,0.0,0.0,0.0,0.0,0.20225,0.17218665992747453,0.2323133400725255,0.17218721234840323,0.2323127876515968,0.0,0.0,0.0,0.0,0.0
akane-midori,12,neutral,all_formed,1000,0.025,0.015318433353390956,0.03468156664660905,0.015318611254450026,0.034681388745549976,0,0.0,0.0,0.0,0.0,0.019,0.0105338758774952,0.0274661241225048,0.010534031444512666,0.027465968555487334,0,0.0,0.0,0.0,0.0,-0.006,-0.011533997427495564,-0.00046600257250443543,-0.011533895738994191,-0.00046610426100581,0,0.0,0.0,0.0,0.0
akane-midori,12,neutral,free_known_share,1000,0.1225,0.11495613347517557,0.13004386652482441,0.11495627209549325,0.13004372790450675,0.0,0.0,0.0,0.0,0.0,0.20416666666666666,0.19545570883518237,0.21287762449815095,0.1954558689010767,0.21287746443225664,0.0,0.0,0.0,0.0,0.0,0.08166666666666667,0.07508203323743179,0.08825130009590154,0.07508215423161625,0.08825117910171708,0.0,0.0,0.0,0.0,0.0
akane-midori,12,neutral,free_bridge_share,1000,0.7543333333333333,0.7441368410950645,0.7645298255716021,0.7441370284580021,0.7645296382086645,0.0,0.0,0.0,0.0,0.0,0.6733333333333333,0.6623351233496557,0.684331543317011,0.662335325444345,0.6843313412223216,0.0,0.0,0.0,0.0,0.0,-0.081,-0.08761622358996204,-0.07438377641003796,-0.08761610201530097,-0.07438389798469904,0.0,0.0,0.0,0.0,0.0
akane-midori,12,neutral,source_contact_share,1000,0.44566666666666666,0.43587416859264894,0.4554591647406844,0.435874348532099,0.4554589848012343,0.0,0.0,0.0,0.0,0.0,0.44716666666666666,0.437326360387281,0.4570069729460523,0.4373265412052181,0.45700679212811524,0.0,0.0,0.0,0.0,0.0,0.0014999999999999996,-0.0038993186955123375,0.006899318695512337,-0.003899219481764268,0.006899219481764267,0.0,0.0,0.0,0.0,0.0
akane-midori,12,neutral,unformed_bridge_contacts,1000,3.172,3.1189296149310053,3.225070385068995,3.118930590111785,3.2250694098882153,0,0.0,0.0,0.0,0.0,2.943,2.8905368565274343,2.995463143472566,2.8905378205500067,2.9954621794499934,0,0.0,0.0,0.0,0.0,-0.229,-0.25812297378363,-0.19987702621637,-0.25812243864215256,-0.19987756135784743,0,0.0,0.0,0.0,0.0
akane-midori,12,neutral,selection_total_variation,1000,0.0,0.0,0.0,0.0,0.0,0.0,0.0,0.0,0.0,0.0,0.0,0.0,0.0,0.0,0.0,0.0,0.0,0.0,0.0,0.0,0.0,0.0,0.0,0.0,0.0,0.0,0.0,0.0,0.0,0.0
akane-midori,12,neutral,expected_source_shift,1000,0.0,0.0,0.0,0.0,0.0,0.0,0.0,0.0,0.0,0.0,0.0,0.0,0.0,0.0,0.0,0.0,0.0,0.0,0.0,0.0,0.0,0.0,0.0,0.0,0.0,0.0,0.0,0.0,0.0,0.0
akane-midori,12,neutral,permutation_unchanged_fraction,1000,0.4815,0.4659157232416104,0.49708427675838956,0.46591600960635293,0.49708399039364703,0.0,0.0,0.0,0.0,0.0,0.4815,0.4659157232416104,0.49708427675838956,0.46591600960635293,0.49708399039364703,0.0,0.0,0.0,0.0,0.0,0.0,0.0,0.0,0.0,0.0,0.0,0.0,0.0,0.0,0.0
akane-midori,12,neutral,information_transfers,1000,5.801,5.774155398475093,5.827844601524907,5.7741558917509455,5.827844108249055,0,0.0,0.0,0.0,0.0,5.801,5.774155398475093,5.827844601524907,5.7741558917509455,5.827844108249055,0,0.0,0.0,0.0,0.0,0,0.0,0.0,0.0,0.0,0,0.0,0.0,0.0,0.0
akane-midori,12,actual_promote,bridge_count,1000,2.18,2.1354723493582735,2.224527650641727,2.135473167564303,2.2245268324356973,-0.025,-0.04145062987314538,-0.008549370126854621,-0.051832573950155905,0.001832573950155899,2.033,1.9870146463496217,2.078985353650378,1.9870154913412863,2.0789845086587135,-0.017,-0.033489854241105135,-0.0005101457588948671,-0.04389655270124593,0.009896552701245929,-0.147,-0.17355598022453106,-0.12044401977546891,-0.17355549225216266,-0.12044450774783734,0.008,-0.009965837272693664,0.025965837272693665,-0.0099655071462178,0.0259655071462178
akane-midori,12,actual_promote,bridge_rate,1000,0.545,0.5338680873395684,0.5561319126604317,0.5338682918910758,0.5561317081089243,-0.00625,-0.010362657468286345,-0.0021373425317136553,-0.012958143487538976,0.00045814348753897473,0.50825,0.4967536615874054,0.5197463384125945,0.4967538728353216,0.5197461271646784,-0.00425,-0.008372463560276284,-0.00012753643972371678,-0.010974138175311482,0.002474138175311482,-0.03675,-0.043388995056132765,-0.030111004943867228,-0.043388873063040664,-0.030111126936959335,0.002,-0.002491459318173416,0.006491459318173416,-0.00249137678655445,0.00649137678655445
akane-midori,12,actual_promote,unformed_turns,1000,9.728,9.677198069901806,9.778801930098194,9.677199003399194,9.778800996600806,0.0335,0.015674722865971907,0.0513252771340281,0.004425242950020811,0.0625747570499792,9.90825,9.854927387797746,9.961572612202255,9.854928367613258,9.961571632386743,0.0115,-0.00631070941231061,0.02931070941231061,-0.017550995681977846,0.04055099568197784,0.18025,0.15125018853569966,0.20924981146430033,0.1512507214140406,0.20924927858595938,-0.022,-0.04177005110060468,-0.002229948899395314,-0.04176968782127634,-0.002230312178723659
akane-midori,12,actual_promote,all_formed,1000,0.023,0.013704248034472703,0.032295751965527295,0.01370441884609647,0.03229558115390353,-0.002,-0.00592,0.0019199999999999998,-0.008393900458262507,0.004393900458262507,0.017,0.008983689200209437,0.025016310799790567,0.008983836501801543,0.02501616349819846,-0.002,-0.00592,0.0019199999999999998,-0.008393900458262507,0.004393900458262507,-0.006,-0.011533997427495564,-0.00046600257250443543,-0.011533895738994191,-0.00046610426100581,0,-0.003921961471226073,0.003921961471226073,-0.003921889404263686,0.003921889404263686
akane-midori,12,actual_promote,free_known_share,1000,0.12433333333333332,0.11670002008124299,0.13196664658542365,0.11670016034516528,0.13196650632150136,0.0018333333333333333,-0.001383561776470655,0.0050502284431373215,-0.003413734808696804,0.007080401475363471,0.20183333333333334,0.19295173452345446,0.2107149321432122,0.1929518977249168,0.21071476894174987,-0.002333333333333333,-0.0055655494046755564,0.0008988827380088898,-0.007605391450618659,0.002938724783951993,0.0775,0.07098980155487515,0.08401019844512485,0.0709899211812993,0.08401007881870069,-0.004166666666666667,-0.008793073753318285,0.0004597404199849515,-0.008792988742002406,0.00045965540866907146
akane-midori,12,actual_promote,free_bridge_share,1000,0.7525,0.7421349238989596,0.7628650761010403,0.7421351143596653,0.7628648856403346,-0.0018333333333333322,-0.006488557777518259,0.002821891110851594,-0.009426456217769255,0.005759789551102592,0.675,0.6636147658394645,0.6863852341605355,0.663614975045814,0.6863850249541861,0.001666666666666667,-0.002977312217136159,0.006310645550469493,-0.0059081136173405515,0.009241446950673885,-0.0775,-0.08407550205134386,-0.07092449794865614,-0.0840753812249506,-0.0709246187750494,0.003499999999999999,-0.001151551664600106,0.008151551664600104,-0.0011514661912467058,0.008151466191246704
akane-midori,12,actual_promote,source_contact_share,1000,0.47783333333333333,0.467859331512985,0.4878073351536817,0.467859514787609,0.48780715187905765,0.03216666666666666,0.027664577279138052,0.03666875605419527,0.024823321922264125,0.039510011411069204,0.47833333333333333,0.468642944207029,0.48802372245963765,0.4686431222702032,0.48802354439646345,0.031166666666666665,0.026930073290551172,0.03540326004278216,0.02425637168477464,0.03807696164855869,0.0005000000000000006,-0.004657199140001895,0.005657199140001896,-0.004657104375257477,0.0056571043752574775,-0.0009999999999999992,-0.005480839788934992,0.003480839788934994,-0.005480757452452367,0.003480757452452369
akane-midori,12,actual_promote,unformed_bridge_contacts,1000,3.194,3.140354935592029,3.247645064407971,3.1403559213326764,3.2476440786673235,0.022,-0.0016553131334049245,0.04565531313340492,-0.01658411160306654,0.06058411160306654,2.95,2.8964576842153837,3.0035423157846166,2.896458668068001,3.0035413319319995,0.007,-0.01526822928828504,0.029268229288285038,-0.029321643227311296,0.043321643227311295,-0.244,-0.2737697285701287,-0.21423027142987125,-0.2737691815443803,-0.2142308184556197,-0.015,-0.035263204026940984,0.005263204026940988,-0.0352628316858119,0.005262831685811899
akane-midori,12,actual_promote,selection_total_variation,1000,0.03410705160699054,0.03347721583232014,0.03473688738166094,0.033477227405700305,0.034736875808280776,0.03410705160699054,0.03347721583232014,0.03473688738166094,0.03307972832936422,0.03513437488461686,0.03436519822372187,0.03371776462499831,0.03501263182244543,0.03371777652174261,0.03501261992570112,0.03436519822372187,0.03371776462499831,0.03501263182244543,0.03330917118709607,0.03542122526034766,0.0002581466167313283,6.73116452737799e-05,0.00044898158818887666,6.731515191116301e-05,0.0004489780815514936,0.0002581466167313283,6.73116452737799e-05,0.00044898158818887666,6.731515191116301e-05,0.0004489780815514936
akane-midori,12,actual_promote,expected_source_shift,1000,0.01136901720233018,0.011159071944106714,0.011578962460553647,0.011159075801900101,0.01157895860276026,0.01136901720233018,0.011159071944106714,0.011578962460553647,0.011026576109788072,0.011711458294872289,0.011455066074573958,0.011239254874999438,0.011670877274148478,0.011239258840580874,0.011670873308567042,0.011455066074573958,0.011239254874999438,0.011670877274148478,0.01110305706236536,0.011807075086782555,8.604887224377772e-05,2.24372150912617e-05,0.00014966052939629376,2.2438383970389397e-05,0.00014965936051716605,8.604887224377772e-05,2.24372150912617e-05,0.00014966052939629376,2.2438383970389397e-05,0.00014965936051716605
akane-midori,12,actual_promote,permutation_unchanged_fraction,1000,0.4815,0.4659157232416104,0.49708427675838956,0.46591600960635293,0.49708399039364703,0.0,0.0,0.0,0.0,0.0,0.4815,0.4659157232416104,0.49708427675838956,0.46591600960635293,0.49708399039364703,0.0,0.0,0.0,0.0,0.0,0.0,0.0,0.0,0.0,0.0,0.0,0.0,0.0,0.0,0.0
akane-midori,12,actual_promote,information_transfers,1000,5.801,5.774155398475093,5.827844601524907,5.7741558917509455,5.827844108249055,0,0.0,0.0,0.0,0.0,5.801,5.774155398475093,5.827844601524907,5.7741558917509455,5.827844108249055,0,0.0,0.0,0.0,0.0,0,0.0,0.0,0.0,0.0,0,0.0,0.0,0.0,0.0
akane-midori,12,actual_suppress,bridge_count,1000,2.235,2.19081152796191,2.27918847203809,2.1908123399354533,2.2791876600645464,0.03,0.01393670677011126,0.04606329322988874,0.003799209708216674,0.05620079029178332,2.078,2.0320144372919327,2.123985562708067,2.0320152822874387,2.123984717712561,0.028,0.01011138383808887,0.04588861616191113,-0.0011780691518687922,0.05717806915186879,-0.157,-0.18259444230838165,-0.13140555769161835,-0.1825939720044981,-0.1314060279955019,-0.002,-0.02141232268101558,0.017412322681015578,-0.021411965975030894,0.017411965975030898
akane-midori,12,actual_suppress,bridge_rate,1000,0.55875,0.5477028819904775,0.5697971180095225,0.5477030849838633,0.5697969150161366,0.0075,0.003484176692527815,0.011515823307472185,0.0009498024270541685,0.01405019757294583,0.5195,0.5080036093229832,0.5309963906770168,0.5080038205718597,0.5309961794281403,0.007,0.0025278459595222177,0.011472154040477783,-0.00029451728796719805,0.014294517287967198,-0.03925,-0.04564861057709541,-0.03285138942290459,-0.04564849300112452,-0.03285150699887548,-0.0005,-0.005353080670253895,0.0043530806702538945,-0.005352991493757724,0.0043529914937577244
akane-midori,12,actual_suppress,unformed_turns,1000,9.6635,9.612987414343456,9.714012585656546,9.612988342524071,9.71401165747593,-0.031,-0.048734574636498544,-0.013265425363501455,-0.059926812473315993,-0.0020731875266840095,9.8675,9.814778466732557,9.920221533267442,9.814779435503103,9.920220564496896,-0.02925,-0.04865845329126356,-0.009841546708736444,-0.06090707101866748,0.0024070710186674775,0.204,0.17533786657814368,0.2326621334218563,0.17533839325157136,0.23266160674842862,0.00175,-0.018693582738237815,0.022193582738237818,-0.018693207082607577,0.02219320708260758
akane-midori,12,actual_suppress,all_formed,1000,0.028,0.017769768172556245,0.038230231827443756,0.017769956155466768,0.03823004384453323,0.003,-0.0003914196625200081,0.006391419662520008,-0.0025317346261089684,0.00853173462610897,0.021,0.012108514583439228,0.029891485416560774,0.012108677966570293,0.02989132203342971,0.002,-0.0019199999999999998,0.00592,-0.004393900458262507,0.008393900458262507,-0.007,-0.012170076526637812,-0.0018299234733621895,-0.012169981525268391,-0.00183001847473161,-0.001,-0.004395952133186051,0.002395952133186051,-0.004395889731768687,0.0023958897317686873
akane-midori,12,actual_suppress,free_known_share,1000,0.12566666666666665,0.1180473599169382,0.1332859734163951,0.11804749992348772,0.13328583340984557,0.0031666666666666666,8.961703882671762e-05,0.006243716294506615,-0.0018522999214818855,0.008185633254815219,0.20216666666666666,0.19362125575509267,0.21071207757824065,0.1936214127790235,0.21071192055430982,-0.002,-0.005607825600152628,0.0016078256001526283,-0.007884713713813035,0.0038847137138130336,0.0765,0.07033061934569947,0.08266938065430053,0.07033073270951673,0.08266926729048327,-0.005166666666666667,-0.009970502485250108,-0.0003628308480832249,-0.009970414213639641,-0.00036291911969369133
akane-midori,12,actual_suppress,free_bridge_share,1000,0.7506666666666667,0.7403418139270289,0.7609915194063045,0.7403420036486209,0.7609913296847125,-0.0036666666666666666,-0.008236635398968259,0.0009033020656349258,-0.01112072921046985,0.0037873958771365165,0.6745,0.6637057406166224,0.6852942593833776,0.6637059389636716,0.6852940610363284,0.001166666666666667,-0.003713411621376544,0.006046744954709879,-0.00679321466044466,0.009126547993777993,-0.07616666666666667,-0.08242058476142779,-0.06991274857190556,-0.08242046984421521,-0.06991286348911814,0.004833333333333334,-8.17288243399111e-05,0.009748395491006579,-8.163850891936345e-05,0.00974830517558603
akane-midori,12,actual_suppress,source_contact_share,1000,0.41583333333333333,0.40592021958089847,0.4257464470857682,0.40592040173669,0.4257462649299767,-0.029833333333333333,-0.03413160300715041,-0.02553506365951626,-0.036844228342811605,-0.022822438323855065,0.4121666666666667,0.40222506055794816,0.4221082727753852,0.40222524323729336,0.42210809009604,-0.035,-0.03955104344528652,-0.03044895655471349,-0.04242319356387501,-0.027576806436125,-0.003666666666666667,-0.008972157538296218,0.001638824204962884,-0.00897206004865643,0.0016387267153230968,-0.005166666666666667,-0.00974274358812485,-0.0005905897452084825,-0.009742659501637567,-0.000590673831695766
akane-midori,12,actual_suppress,unformed_bridge_contacts,1000,3.167,3.113256569015609,3.2207434309843905,3.1132575565637652,3.2207424434362344,-0.005,-0.027442308642767064,0.017442308642767062,-0.041605583549861457,0.03160558354986146,2.949,2.8963667875438572,3.0016332124561425,2.896367754691487,3.0016322453085125,0.006,-0.017364820076713992,0.029364820076713996,-0.032110289233602714,0.04411028923360271,-0.218,-0.24644949868759686,-0.18955050131240314,-0.24644897592138232,-0.18955102407861768,0.011,-0.01091381714311274,0.03291381714311274,-0.010913414471580295,0.03291341447158029
akane-midori,12,actual_suppress,selection_total_variation,1000,0.033748014344291456,0.03312378173533983,0.034372246953243084,0.033123793205760504,0.03437223548282241,0.033748014344291456,0.03312378173533983,0.034372246953243084,0.03272983037377151,0.034766198314811404,0.03390252602477415,0.03325861237425606,0.034546439675292244,0.03325862420632049,0.03454642784322781,0.03390252602477415,0.03325861237425606,0.034546439675292244,0.03285224036530243,0.03495281168424587,0.00015451168048269528,-2.390069937397018e-05,0.00033292406033936075,-2.3897421004622892e-05,0.0003329207819700135,0.00015451168048269528,-2.390069937397018e-05,0.00033292406033936075,-2.3897421004622892e-05,0.0003329207819700135
akane-midori,12,actual_suppress,expected_source_shift,1000,-0.011249338114763821,-0.01145741565108103,-0.011041260578446612,-0.011457411827607471,-0.011041264401920171,-0.011249338114763821,-0.01145741565108103,-0.011041260578446612,-0.011588732771603804,-0.010909943457923838,-0.01130084200825805,-0.011515479891764083,-0.011086204124752018,-0.011515475947742606,-0.011086208068773496,-0.01130084200825805,-0.011515479891764083,-0.011086204124752018,-0.011650937228081956,-0.010950746788434145,-5.150389349423e-05,-0.00011097468677978513,7.96689979132514e-06,-0.00011097359399000272,7.965807001542715e-06,-5.150389349423e-05,-0.00011097468677978513,7.96689979132514e-06,-0.00011097359399000272,7.965807001542715e-06
akane-midori,12,actual_suppress,permutation_unchanged_fraction,1000,0.4815,0.4659157232416104,0.49708427675838956,0.46591600960635293,0.49708399039364703,0.0,0.0,0.0,0.0,0.0,0.4815,0.4659157232416104,0.49708427675838956,0.46591600960635293,0.49708399039364703,0.0,0.0,0.0,0.0,0.0,0.0,0.0,0.0,0.0,0.0,0.0,0.0,0.0,0.0,0.0
akane-midori,12,actual_suppress,information_transfers,1000,5.801,5.774155398475093,5.827844601524907,5.7741558917509455,5.827844108249055,0,0.0,0.0,0.0,0.0,5.801,5.774155398475093,5.827844601524907,5.7741558917509455,5.827844108249055,0,0.0,0.0,0.0,0.0,0,0.0,0.0,0.0,0.0,0,0.0,0.0,0.0,0.0
akane-midori,12,permuted_promote,bridge_count,1000,2.214,2.169446276017366,2.258553723982634,2.1694470947024995,2.2585529052975004,0.009,-0.007279565554849878,0.025279565554849878,-0.017553551444252337,0.03555355144425233,2.081,2.034742505275164,2.127257494724836,2.034743355267485,2.127256644732515,0.031,0.013676757892440654,0.048323242107559346,0.0027441108035418244,0.059255889196458175,-0.133,-0.15881584776054422,-0.1071841522394558,-0.1588153733882835,-0.10718462661171652,0.022,0.004295047841608526,0.03970495215839147,0.004295373174259192,0.0397046268257408
akane-midori,12,permuted_promote,bridge_rate,1000,0.5535,0.5423615690043415,0.5646384309956585,0.5423617736756249,0.5646382263243751,0.00225,-0.0018198913887124695,0.0063198913887124696,-0.004388387861063084,0.008888387861063083,0.52025,0.508685626318791,0.531814373681209,0.5086858388168712,0.5318141611831287,0.00775,0.0034191894731101635,0.012080810526889836,0.0006860277008854561,0.014813972299114544,-0.03325,-0.039703961940136055,-0.02679603805986395,-0.039703843347070875,-0.02679615665292913,0.0055,0.0010737619604021314,0.009926238039597867,0.001073843293564798,0.0099261567064352
akane-midori,12,permuted_promote,unformed_turns,1000,9.699,9.648093793696248,9.749906206303752,9.648094729109733,9.749905270890267,0.0045,-0.01382806387825854,0.02282806387825854,-0.025394851028128003,0.034394851028128004,9.8765,9.823155637810755,9.929844362189245,9.823156618025928,9.929843381974072,-0.02025,-0.03923989257262715,-0.0012601074273728453,-0.05122435786287667,0.010724357862876666,0.1775,0.14842263280000606,0.20657736719999392,0.14842316710345183,0.20657683289654816,-0.02475,-0.0450653191481722,-0.004434680851827803,-0.04506494584941553,-0.004435054150584473
akane-midori,12,permuted_promote,all_formed,1000,0.027,0.016948945463420403,0.0370510545365796,0.01694913015390616,0.03705086984609384,0.002,-0.0028018007966689844,0.0068018007966689845,-0.00583220314140487,0.00983220314140487,0.021,0.012108514583439228,0.029891485416560774,0.012108677966570293,0.02989132203342971,0.002,-0.0019199999999999998,0.00592,-0.004393900458262507,0.008393900458262507,-0.006,-0.011533997427495564,-0.00046600257250443543,-0.011533895738994191,-0.00046610426100581,0,-0.003921961471226073,0.003921961471226073,-0.003921889404263686,0.003921889404263686
akane-midori,12,permuted_promote,free_known_share,1000,0.12333333333333332,0.11565178244814227,0.1310148842185244,0.11565192359844238,0.13101474306822428,0.0008333333333333335,-0.0024832275726217458,0.004149894239288413,-0.004576299395350773,0.00624296606201744,0.20183333333333334,0.19308503047044853,0.21058163619621814,0.19308519122256657,0.2105814754441001,-0.002333333333333333,-0.005464836671604274,0.0007981700049376076,-0.007441119208236684,0.002774452541570018,0.0785,0.07211919950045333,0.08488080049954667,0.07211931674915988,0.08488068325084012,-0.0031666666666666666,-0.00770288745410258,0.0013695541207692464,-0.007702804099981112,0.0013694707666477785
akane-midori,12,permuted_promote,free_bridge_share,1000,0.7555,0.7452534143515616,0.7657465856484383,0.7452536026349773,0.7657463973650226,0.0011666666666666665,-0.0035577076930627402,0.005891041026396073,-0.006539246441414326,0.00887257977474766,0.6771666666666667,0.6661266228084833,0.68820671052485,0.66612682567188,0.6882065076614534,0.003833333333333334,-0.0007009090091409805,0.008367575675807648,-0.003562456001212528,0.011229122667879196,-0.07833333333333334,-0.08473035987816509,-0.07193630678850159,-0.08473024233130115,-0.07193642433536553,0.0026666666666666674,-0.0019524501772977695,0.007285783510631104,-0.001952365299941809,0.007285698633275144
akane-midori,12,permuted_promote,source_contact_share,1000,0.4518333333333333,0.44198777456669,0.46167889209997665,0.4419879554811427,0.4616787111855239,0.006166666666666666,0.0020373261829322005,0.010296007150401132,-0.0005686884382495889,0.01290202177158292,0.44816666666666666,0.4380598500380448,0.4582734832952885,0.4380600357531721,0.4582732975801612,0.001,-0.0033354480812969236,0.005335448081296924,-0.006071536600453497,0.008071536600453497,-0.003666666666666666,-0.008972157538296218,0.0016388242049628849,-0.00897206004865643,0.0016387267153230977,-0.005166666666666666,-0.009352632058522811,-0.0009807012748105203,-0.00935255514042643,-0.0009807781929069012
akane-midori,12,permuted_promote,unformed_bridge_contacts,1000,3.202,3.1486845435967066,3.2553154564032933,3.1486855232807294,3.2553144767192705,0.03,0.0060551484465675605,0.05394485155343244,-0.009056376867479433,0.06905637686747942,2.978,2.9250347851927367,3.0309652148072637,2.9250357584409876,3.030964241559013,0.035,0.01181601550343132,0.05818398449656868,-0.002815328851265647,0.07281532885126565,-0.224,-0.2533377398819572,-0.19466226011804283,-0.25333720079410227,-0.19466279920589774,0.005,-0.017096955343110856,0.027096955343110858,-0.01709654930637101,0.027096549306371013
akane-midori,12,permuted_promote,selection_total_variation,1000,0.03501027242909141,0.03437164070843961,0.03564890414974321,0.03437165244344734,0.035648892414735484,0.03501027242909141,0.03437164070843961,0.03564890414974321,0.0339686021098729,0.03605194274830992,0.03529525234053208,0.034636517003153344,0.03595398767791082,0.03463652910756975,0.03595397557349441,0.03529525234053208,0.034636517003153344,0.03595398767791082,0.034220791071261775,0.03636971360980239,0.0002849799114406708,0.00010469941711177842,0.0004652604057695632,0.00010470272980816751,0.0004652570930731741,0.0002849799114406708,0.00010469941711177842,0.0004652604057695632,0.00010470272980816751,0.0004652570930731741
akane-midori,12,permuted_promote,expected_source_shift,1000,-3.947530340695948e-05,-0.0003567973161727917,0.00027784670935887274,-0.0003567914853063423,0.00027784087849242335,-3.947530340695948e-05,-0.0003567973161727917,0.00027784670935887274,-0.0005570583041315094,0.00047810769731759047,-1.8824734621616283e-05,-0.0003408387991954426,0.00030318932995221007,-0.00034083288211144016,0.0003031834128682076,-1.8824734621616283e-05,-0.0003408387991954426,0.00030318932995221007,-0.0005440609272352797,0.0005064114579920471,2.0650568785343196e-05,-3.948675707450115e-05,8.078789464518753e-05,-3.948565203702625e-05,8.078678960771264e-05,2.0650568785343196e-05,-3.948675707450115e-05,8.078789464518753e-05,-3.948565203702625e-05,8.078678960771264e-05
akane-midori,12,permuted_promote,permutation_unchanged_fraction,1000,0.4815,0.4659157232416104,0.49708427675838956,0.46591600960635293,0.49708399039364703,0.0,0.0,0.0,0.0,0.0,0.4815,0.4659157232416104,0.49708427675838956,0.46591600960635293,0.49708399039364703,0.0,0.0,0.0,0.0,0.0,0.0,0.0,0.0,0.0,0.0,0.0,0.0,0.0,0.0,0.0
akane-midori,12,permuted_promote,information_transfers,1000,5.801,5.774155398475093,5.827844601524907,5.7741558917509455,5.827844108249055,0,0.0,0.0,0.0,0.0,5.801,5.774155398475093,5.827844601524907,5.7741558917509455,5.827844108249055,0,0.0,0.0,0.0,0.0,0,0.0,0.0,0.0,0.0,0,0.0,0.0,0.0,0.0
akane-midori,12,permuted_suppress,bridge_count,1000,2.202,2.157749740802578,2.246250259197422,2.1577505539114745,2.2462494460885254,-0.003,-0.01928806700399795,0.013288067003997952,-0.02956741813292676,0.023567418132926763,2.036,1.9905702085372126,2.0814297914627873,1.9905710433202917,2.0814289566797086,-0.014,-0.031297139573855486,0.0032971395738554832,-0.04221331343058804,0.014213313430588037,-0.166,-0.1929193447453968,-0.13908065525460322,-0.19291885009612003,-0.13908114990387999,-0.011,-0.03146187319515627,0.009461873195156269,-0.031461497203434594,0.009461497203434591
akane-midori,12,permuted_suppress,bridge_rate,1000,0.5505,0.5394374352006445,0.5615625647993555,0.5394376384778686,0.5615623615221313,-0.00075,-0.004822016750999488,0.003322016750999488,-0.00739185453323169,0.005891854533231691,0.509,0.49764255213430314,0.5203574478656968,0.4976427608300729,0.5203572391699272,-0.0035,-0.007824284893463871,0.0008242848934638708,-0.01055332835764701,0.0035533283576470094,-0.0415,-0.0482298361863492,-0.034770163813650806,-0.04822971252403001,-0.034770287475969996,-0.00275,-0.007865468298789067,0.002365468298789067,-0.007865374300858648,0.002365374300858648
akane-midori,12,permuted_suppress,unformed_turns,1000,9.692,9.641649704967996,9.742350295032004,9.641650630166483,9.742349369833518,-0.0025,-0.02064503326622005,0.015645033266220052,-0.03209631033573286,0.027096310335732864,9.9035,9.850787803725929,9.95621219627407,9.850788772324906,9.956211227675093,0.00675,-0.013369599035899432,0.02686959903589943,-0.026067018748901855,0.03956701874890185,0.2115,0.18226443079215138,0.2407355692078486,0.18226496800259617,0.24073503199740381,0.00925,-0.012890587361420848,0.03139058736142085,-0.01289018052293243,0.03139018052293243
akane-midori,12,permuted_suppress,all_formed,1000,0.025,0.015318433353390956,0.03468156664660905,0.015318611254450026,0.034681388745549976,0,-0.0027732455518563247,0.0027732455518563247,-0.004523432654308319,0.004523432654308319,0.015,0.007462330833974174,0.022537669166025825,0.007462469340413939,0.02253753065958606,-0.004,-0.008796993386022701,0.000796993386022701,-0.011824361788054277,0.0038243617880542764,-0.01,-0.016170081839806498,-0.003829918160193504,-0.016169968463104777,-0.003830031536895222,-0.004,-0.008796993386022701,0.000796993386022701,-0.00879690524014354,0.0007969052401435393
akane-midori,12,permuted_suppress,free_known_share,1000,0.12466666666666666,0.11697055632565363,0.1323627770076797,0.11697069774348716,0.13236263558984615,0.0021666666666666666,-0.0010494314174854455,0.005382764750818779,-0.0030791014491693943,0.007412434782502727,0.20366666666666666,0.19500279525583772,0.2123305380774956,0.19500295445650803,0.2123303788768253,-0.0005,-0.004094997642905617,0.003094997642905617,-0.006363790070517055,0.005363790070517054,0.079,0.07253467562579353,0.08546532437420647,0.07253479442764611,0.08546520557235389,-0.0026666666666666666,-0.007422511025629415,0.0020891776922960814,-0.00742242363587328,0.0020890903025399476
akane-midori,12,permuted_suppress,free_bridge_share,1000,0.7521666666666667,0.7417294143754289,0.7626039189579044,0.741729606162389,0.7626037271709443,-0.002166666666666666,-0.006705147477989042,0.0023718141446557096,-0.00956936935527119,0.005236036021937857,0.6728333333333333,0.6618680439033459,0.6837986227633207,0.6618682453931123,0.6837984212735543,-0.0005000000000000003,-0.005402353789015301,0.0044023537890153005,-0.00849621483116068,0.0074962148311606795,-0.07933333333333334,-0.08589785282870344,-0.07276881383796324,-0.08589773220411723,-0.07276893446254945,0.001666666666666666,-0.0031799055855471882,0.0065132389188805205,-0.0031798165286447255,0.006513149861978058
akane-midori,12,permuted_suppress,source_contact_share,1000,0.445,0.4351891062660897,0.4548108937339103,0.43518928654356437,0.45481071345643564,-0.0006666666666666668,-0.0047223111265914585,0.0033889777932581246,-0.007281816404131698,0.005948483070798364,0.4448333333333333,0.435229648320147,0.4544370183465196,0.4352298247901128,0.4544368418765538,-0.0023333333333333335,-0.006617227295701467,0.0019505606290348,-0.009320780162193945,0.004654113495527277,-0.00016666666666666704,-0.005385714959919905,0.00505238162658657,-0.00538561905868278,0.0050522857253494455,-0.0016666666666666668,-0.005926756588713114,0.00259342325537978,-0.005926678308561095,0.0025933449752277614
akane-midori,12,permuted_suppress,unformed_bridge_contacts,1000,3.159,3.105882428643745,3.2121175713562544,3.1058834046915837,3.212116595308416,-0.013,-0.03542996819153057,0.009429968191530568,-0.049585455076183865,0.02358545507618387,2.934,2.881982458583522,2.9860175414164782,2.8819834144180523,2.986016585581948,-0.009,-0.03160824546848258,0.013608245468482579,-0.045876242617714794,0.02787624261771479,-0.225,-0.253845420056887,-0.19615457994311303,-0.2538448900155244,-0.1961551099844756,0.004,-0.017835148456287357,0.025835148456287357,-0.017834747230310494,0.025834747230310495
akane-midori,12,permuted_suppress,selection_total_variation,1000,0.034916251293066566,0.03427859177945782,0.03555391080667531,0.03427860349660102,0.03555389908953211,0.034916251293066566,0.03427859177945782,0.03555391080667531,0.03387616673789351,0.03595633584823962,0.035210214843716406,0.034553221060119425,0.035867208627313386,0.034553233132534375,0.03586719655489844,0.035210214843716406,0.034553221060119425,0.035867208627313386,0.03413859421769183,0.03628183546974098,0.0002939635506498376,0.00011688499829964736,0.0004710421030000278,0.00011688825215960122,0.0004710388491400739,0.0002939635506498376,0.00011688499829964736,0.0004710421030000278,0.00011688825215960122,0.0004710388491400739
akane-midori,12,permuted_suppress,expected_source_shift,1000,0.00013099701429621156,-0.00018549220056378253,0.00044748622915620565,-0.0001854863850001901,0.0004474804135926132,0.00013099701429621156,-0.00018549220056378253,0.00044748622915620565,-0.00038522761221615,0.0006472216408085731,0.0001335798481916984,-0.0001886575023918194,0.0004558171987752162,-0.0001886515812048841,0.0004558112775882809,0.0001335798481916984,-0.0001886575023918194,0.0004558171987752162,-0.00039202054557494707,0.0006591802419583439,2.582833895486836e-06,-5.680893373936394e-05,6.197460153033761e-05,-5.680784240169639e-05,6.197351019267006e-05,2.582833895486836e-06,-5.680893373936394e-05,6.197460153033761e-05,-5.680784240169639e-05,6.197351019267006e-05
akane-midori,12,permuted_suppress,permutation_unchanged_fraction,1000,0.4815,0.4659157232416104,0.49708427675838956,0.46591600960635293,0.49708399039364703,0.0,0.0,0.0,0.0,0.0,0.4815,0.4659157232416104,0.49708427675838956,0.46591600960635293,0.49708399039364703,0.0,0.0,0.0,0.0,0.0,0.0,0.0,0.0,0.0,0.0,0.0,0.0,0.0,0.0,0.0
akane-midori,12,permuted_suppress,information_transfers,1000,5.801,5.774155398475093,5.827844601524907,5.7741558917509455,5.827844108249055,0,0.0,0.0,0.0,0.0,5.801,5.774155398475093,5.827844601524907,5.7741558917509455,5.827844108249055,0,0.0,0.0,0.0,0.0,0,0.0,0.0,0.0,0.0,0,0.0,0.0,0.0,0.0
akane-midori,24,neutral,bridge_count,1000,3.114,3.0746333910998636,3.153366608900136,3.0746341144705402,3.1533658855294595,0,0.0,0.0,0.0,0.0,3.003,2.9619133118693957,3.0440866881306046,2.9619140668469317,3.0440859331530685,0,0.0,0.0,0.0,0.0,-0.111,-0.13181588209390482,-0.09018411790609518,-0.13181549959718655,-0.09018450040281345,0,0.0,0.0,0.0,0.0
akane-midori,24,neutral,bridge_rate,1000,0.7785,0.7686583477749659,0.788341652225034,0.7686585286176351,0.7883414713823649,0.0,0.0,0.0,0.0,0.0,0.75075,0.7404783279673489,0.7610216720326511,0.7404785167117329,0.7610214832882671,0.0,0.0,0.0,0.0,0.0,-0.02775,-0.032953970523476206,-0.022546029476523795,-0.03295387489929664,-0.022546125100703363,0.0,0.0,0.0,0.0,0.0
akane-midori,24,neutral,unformed_turns,1000,13.19725,13.059446204355636,13.335053795644365,13.059448736532717,13.335051263467284,0.0,0.0,0.0,0.0,0.0,13.7635,13.61964742326871,13.907352576731292,13.619650066593563,13.907349933406438,0.0,0.0,0.0,0.0,0.0,0.56625,0.494067701881544,0.638432298118456,0.4940690282482107,0.6384309717517894,0.0,0.0,0.0,0.0,0.0
akane-midori,24,neutral,all_formed,1000,0.265,0.2376321970805723,0.29236780291942777,0.23763269997037323,0.2923673000296268,0,0.0,0.0,0.0,0.0,0.22,0.19431190084030275,0.24568809915969725,0.19431237286515296,0.24568762713484704,0,0.0,0.0,0.0,0.0,-0.045,-0.059000770749554524,-0.030999229250445473,-0.059000513482106484,-0.03099948651789351,0,0.0,0.0,0.0,0.0
akane-midori,24,neutral,free_known_share,1000,0.1231111111111111,0.11889548956552225,0.12732673265669994,0.11889556702855741,0.1273266551936648,0.0,0.0,0.0,0.0,0.0,0.19722222222222222,0.19307163693549217,0.20137280750895226,0.1930717132034708,0.20137273124097363,0.0,0.0,0.0,0.0,0.0,0.07411111111111111,0.07051359700312768,0.07770862521909455,0.07051366310829363,0.0777085591139286,0.0,0.0,0.0,0.0,0.0
akane-midori,24,neutral,free_bridge_share,1000,0.7505,0.744580935938528,0.7564190640614719,0.7445810447027191,0.7564189552972808,0.0,0.0,0.0,0.0,0.0,0.6756666666666666,0.669777921043959,0.6815554122893743,0.6697780292510416,0.6815553040822917,0.0,0.0,0.0,0.0,0.0,-0.07483333333333334,-0.07852551895425636,-0.07114114771241031,-0.07852545110947914,-0.07114121555718753,0.0,0.0,0.0,0.0,0.0
akane-midori,24,neutral,source_contact_share,1000,0.47144444444444444,0.46607429411286905,0.47681459477601984,0.46607439279064156,0.47681449609824733,0.0,0.0,0.0,0.0,0.0,0.474,0.468580161843908,0.47941983815609196,0.46858026143470594,0.479419738565294,0.0,0.0,0.0,0.0,0.0,0.002555555555555556,-0.0004317265937944202,0.0055428377049055325,-0.0004316717017839107,0.0055427828128950234,0.0,0.0,0.0,0.0,0.0
akane-midori,24,neutral,unformed_bridge_contacts,1000,5.38,5.295073458345006,5.464926541654994,5.295075018890138,5.464924981109862,0,0.0,0.0,0.0,0.0,5.161,5.0781946075462505,5.243805392453749,5.078196129114769,5.24380387088523,0,0.0,0.0,0.0,0.0,-0.219,-0.2570773279696108,-0.1809226720303892,-0.2570766282897739,-0.1809233717102261,0,0.0,0.0,0.0,0.0
akane-midori,24,neutral,selection_total_variation,1000,0.0,0.0,0.0,0.0,0.0,0.0,0.0,0.0,0.0,0.0,0.0,0.0,0.0,0.0,0.0,0.0,0.0,0.0,0.0,0.0,0.0,0.0,0.0,0.0,0.0,0.0,0.0,0.0,0.0,0.0
akane-midori,24,neutral,expected_source_shift,1000,0.0,0.0,0.0,0.0,0.0,0.0,0.0,0.0,0.0,0.0,0.0,0.0,0.0,0.0,0.0,0.0,0.0,0.0,0.0,0.0,0.0,0.0,0.0,0.0,0.0,0.0,0.0,0.0,0.0,0.0
akane-midori,24,neutral,permutation_unchanged_fraction,1000,0.4815,0.4659157232416104,0.49708427675838956,0.46591600960635293,0.49708399039364703,0.0,0.0,0.0,0.0,0.0,0.4815,0.4659157232416104,0.49708427675838956,0.46591600960635293,0.49708399039364703,0.0,0.0,0.0,0.0,0.0,0.0,0.0,0.0,0.0,0.0,0.0,0.0,0.0,0.0,0.0
akane-midori,24,neutral,information_transfers,1000,5.801,5.774155398475093,5.827844601524907,5.7741558917509455,5.827844108249055,0,0.0,0.0,0.0,0.0,5.801,5.774155398475093,5.827844601524907,5.7741558917509455,5.827844108249055,0,0.0,0.0,0.0,0.0,0,0.0,0.0,0.0,0.0,0,0.0,0.0,0.0,0.0
akane-midori,24,actual_promote,bridge_count,1000,3.078,3.038784503563505,3.117215496436495,3.0387852241574542,3.1172147758425455,-0.036,-0.05023623393867763,-0.021763766061322368,-0.05922067926133753,-0.012779320738662461,2.962,2.9210274203657876,3.002972579634213,2.9210281732465533,3.002971826753447,-0.041,-0.055846450332907444,-0.02615354966709256,-0.06521600142529296,-0.016783998574707033,-0.116,-0.13680340866810564,-0.09519659133189438,-0.1368030264005895,-0.09519697359941053,-0.005,-0.021751757560965996,0.011751757560965994,-0.021751449743489734,0.011751449743489732
akane-midori,24,actual_promote,bridge_rate,1000,0.7695,0.7596961258908762,0.7793038741091237,0.7596963060393636,0.7793036939606364,-0.009,-0.012559058484669407,-0.005440941515330592,-0.014805169815334383,-0.0031948301846656153,0.7405,0.7302568550914469,0.7507431449085532,0.7302570433116383,0.7507429566883618,-0.01025,-0.013961612583226861,-0.00653838741677314,-0.01630400035632324,-0.004195999643676758,-0.029,-0.03420085216702641,-0.023799147832973596,-0.034200756600147375,-0.02379924339985263,-0.00125,-0.005437939390241499,0.0029379393902414985,-0.0054378624358724335,0.002937862435872433
akane-midori,24,actual_promote,unformed_turns,1000,13.3375,13.201025479136783,13.473974520863218,13.20102798688813,13.47397201311187,0.14025,0.09470656806857776,0.18579343193142228,0.06596424227113062,0.2145357577288694,13.8745,13.731977709663214,14.017022290336785,13.731980328543745,14.017019671456254,0.111,0.06235724139849422,0.15964275860150579,0.03165893966496931,0.19034106033503068,0.537,0.466872493864984,0.6071275061350161,0.4668737824743658,0.6071262175256343,-0.02925,-0.08368115028383308,0.02518115028383307,-0.08368015009867344,0.02518015009867344
akane-midori,24,actual_promote,all_formed,1000,0.242,0.21544076185711022,0.26855923814288973,0.21544124988934366,0.26855875011065633,-0.023,-0.034174321413806705,-0.011825678586193296,-0.04122640275727327,-0.0047735972427267286,0.199,0.17424196779712575,0.22375803220287427,0.17424242273177737,0.22375757726822265,-0.021,-0.030718039652866968,-0.011281960347133035,-0.03685106586476513,-0.005148934135234873,-0.043,-0.05617671079242871,-0.029823289207571282,-0.05617646866727576,-0.02982353133272423,0.002,-0.009092288874369999,0.013092288874369999,-0.009092085050958943,0.013092085050958943
akane-midori,24,actual_promote,free_known_share,1000,0.12427777777777776,0.1200854660225332,0.12847008953302233,0.12008554305724549,0.12847001249831003,0.0011666666666666665,-0.0008260115847144004,0.0031593449180477334,-0.0020835849620769904,0.0044169182954103235,0.19777777777777777,0.19356630253931584,0.2019892530162397,0.19356637992616163,0.20198917562939392,0.0005555555555555558,-0.0012540197973987632,0.0023651309085098745,-0.0023960374746779026,0.003507148585789014,0.0735,0.06996198781424896,0.07703801218575103,0.06996205282605313,0.07703794717394687,-0.0006111111111111108,-0.003351808996950529,0.0021295867747283073,-0.0033517586359837264,0.0021295364137615047
akane-midori,24,actual_promote,free_bridge_share,1000,0.749,0.7430771704469187,0.7549228295530813,0.7430772792803017,0.7549227207196983,-0.0015000000000000005,-0.004200106090290667,0.0012001060902906658,-0.005904135093894612,0.0029041350938946112,0.6746111111111112,0.66864547797957,0.6805767442426524,0.6686455875994787,0.6805766346227436,-0.0010555555555555548,-0.0037696212360338382,0.0016585101249227286,-0.005482460095903677,0.003371348984792567,-0.07438888888888888,-0.07805119991445374,-0.07072657786332402,-0.07805113261862921,-0.07072664515914855,0.00044444444444444566,-0.002371137994834079,0.0032600268837229703,-0.0023710862578460346,0.003259975146734926
akane-midori,24,actual_promote,source_contact_share,1000,0.5029444444444444,0.49749271182952703,0.5083961770593618,0.49749281200639317,0.5083960768824957,0.0315,0.028927664907842515,0.034072335092157485,0.027304271804961613,0.035695728195038384,0.5041666666666667,0.4987705318703633,0.50956280146297,0.4987706310256065,0.5095627023077268,0.03016666666666667,0.027715680434292227,0.032617652899041116,0.026168870239530434,0.03416446309380291,0.0012222222222222226,-0.001748390122587385,0.004192834567031831,-0.0017483355368884458,0.004192779981332891,-0.0013333333333333335,-0.003905467710272223,0.0012388010436055561,-0.003905420446699453,0.0012387537800327862
akane-midori,24,actual_promote,unformed_bridge_contacts,1000,5.449,5.362374377942801,5.535625622057199,5.362375969708934,5.535624030291066,0.069,0.037365606102261466,0.10063439389773854,0.017401233255202278,0.12059876674479773,5.201,5.117604144064664,5.284395855935335,5.1176056764830875,5.284394323516912,0.04,0.010105493455794902,0.06989450654420509,-0.008760841605235839,0.08876084160523584,-0.248,-0.28704745494058914,-0.20895254505941088,-0.2870467374344414,-0.20895326256555855,-0.029,-0.059891453450692425,0.0018914534506924187,-0.05989088581298607,0.0018908858129860727
akane-midori,24,actual_promote,selection_total_variation,1000,0.035314832575452024,0.03470986891751918,0.03591979623338487,0.03470988003386836,0.03591978511703569,0.035314832575452024,0.03470986891751918,0.03591979623338487,0.03432807813420483,0.036301587016699215,0.0354563047161867,0.03483868099094937,0.036073928441424034,0.034838692339930255,0.03607391709244315,0.0354563047161867,0.03483868099094937,0.036073928441424034,0.03444890047643446,0.036463708955938944,0.00014147214073467797,-7.194611347442721e-06,0.0002901388928167987,-7.19187956098609e-06,0.00029013616103034203,0.00014147214073467797,-7.194611347442721e-06,0.0002901388928167987,-7.19187956098609e-06,0.00029013616103034203
akane-midori,24,actual_promote,expected_source_shift,1000,0.011771610858484006,0.011569956305839724,0.011973265411128288,0.01156996001128945,0.011973261705678563,0.011771610858484006,0.011569956305839724,0.011973265411128288,0.011442692711401609,0.012100529005566404,0.011818768238728902,0.011612893663649789,0.012024642813808014,0.011612897446643419,0.012024639030814384,0.011818768238728902,0.011612893663649789,0.012024642813808014,0.011482966825478154,0.01215456965197965,4.715738024489653e-05,-2.398203782476963e-06,9.671296427227003e-05,-2.3972931869914194e-06,9.671205367678448e-05,4.715738024489653e-05,-2.398203782476963e-06,9.671296427227003e-05,-2.3972931869914194e-06,9.671205367678448e-05
akane-midori,24,actual_promote,permutation_unchanged_fraction,1000,0.4815,0.4659157232416104,0.49708427675838956,0.46591600960635293,0.49708399039364703,0.0,0.0,0.0,0.0,0.0,0.4815,0.4659157232416104,0.49708427675838956,0.46591600960635293,0.49708399039364703,0.0,0.0,0.0,0.0,0.0,0.0,0.0,0.0,0.0,0.0,0.0,0.0,0.0,0.0,0.0
akane-midori,24,actual_promote,information_transfers,1000,5.801,5.774155398475093,5.827844601524907,5.7741558917509455,5.827844108249055,0,0.0,0.0,0.0,0.0,5.801,5.774155398475093,5.827844601524907,5.7741558917509455,5.827844108249055,0,0.0,0.0,0.0,0.0,0,0.0,0.0,0.0,0.0,0,0.0,0.0,0.0,0.0
akane-midori,24,actual_suppress,bridge_count,1000,3.15,3.1109031386865316,3.1890968613134683,3.110903857100533,3.1890961428994666,0.036,0.02203649521553181,0.049963504784468184,0.013224168459091367,0.058775831540908624,3.039,2.998077992019732,3.0799220079802683,2.9980787439712318,3.0799212560287685,0.036,0.02047180592563284,0.05152819407436715,0.010672008365284359,0.06132799163471564,-0.111,-0.1314430713339646,-0.09055692866603539,-0.13144269568773154,-0.09055730431226847,0,-0.01731891292041001,0.01731891292041001,-0.017318594681320926,0.017318594681320926
akane-midori,24,actual_suppress,bridge_rate,1000,0.7875,0.7777257846716329,0.7972742153283671,0.7777259642751333,0.7972740357248667,0.009,0.005509123803882953,0.012490876196117046,0.0033060421147728418,0.014693957885227156,0.75975,0.749519498004933,0.7699805019950671,0.7495196859928079,0.7699803140071921,0.009,0.00511795148140821,0.012882048518591788,0.0026680020913210896,0.01533199790867891,-0.02775,-0.03286076783349115,-0.022639232166508847,-0.032860673921932884,-0.022639326078067117,0.0,-0.004329728230102503,0.004329728230102503,-0.004329648670330232,0.004329648670330232
akane-midori,24,actual_suppress,unformed_turns,1000,13.066,12.927547344090739,13.204452655909263,12.927549888190782,13.20445011180922,-0.13125,-0.17725834168936114,-0.08524165831063887,-0.20629407066620004,-0.05620592933379999,13.625,13.481987824706138,13.768012175293862,13.48199045258842,13.76800954741158,-0.1385,-0.19241155650066438,-0.08458844349933566,-0.22643498107531707,-0.05056501892468296,0.559,0.4900332804984985,0.6279667195015016,0.4900345477781535,0.6279654522218466,-0.00725,-0.06557920428029147,0.05107920428029147,-0.0655781324674749,0.051078132467474904
akane-midori,24,actual_suppress,all_formed,1000,0.285,0.25700704292780685,0.3129929570721931,0.2570075573049621,0.31299244269503784,0.02,0.010078135084400544,0.029921864915599457,0.0038164753493188652,0.036183524650681136,0.236,0.20966847525122034,0.26233152474877963,0.20966895909916672,0.26233104090083326,0.016,0.006444569258444879,0.02555543074155512,0.00041416505170282364,0.03158583494829718,-0.049,-0.06348990945023039,-0.03451009054976961,-0.06348964319474394,-0.03451035680525606,-0.004,-0.01576326948211716,0.007763269482117158,-0.015763053329279977,0.007763053329279979
akane-midori,24,actual_suppress,free_known_share,1000,0.12527777777777777,0.12102483300178282,0.1295307225537727,0.1210249111506411,0.12953064440491444,0.0021666666666666666,0.0003519205218197067,0.003981412811513626,-0.0007933604269984083,0.005126693760331742,0.1968888888888889,0.19268070656189037,0.2010970712158874,0.19268078388822815,0.20109699388954963,-0.0003333333333333333,-0.002238951950908472,0.0015722852842418053,-0.0034415822497076303,0.0027749155830409634,0.07161111111111111,0.06810882477078861,0.07511339745143361,0.06810888912612198,0.07511333309610024,-0.0025,-0.005139432891494829,0.000139432891494829,-0.005139384391296062,0.0001393843912960613
akane-midori,24,actual_suppress,free_bridge_share,1000,0.7472777777777778,0.7413912062533702,0.7531643493021855,0.7413913144205033,0.7531642411350523,-0.0032222222222222214,-0.005909915100247319,-0.0005345293441971237,-0.007606110162138942,0.0011616657176944998,0.6748888888888889,0.6689917446967223,0.6807860330810555,0.6689918530581307,0.680785924719647,-0.0007777777777777797,-0.0035761681256664436,0.0020206125701108845,-0.005342224034860102,0.0037866684793045426,-0.07238888888888889,-0.07596115359138987,-0.06881662418638791,-0.07596108795018766,-0.06881668982759012,0.002444444444444442,-0.00034600350441804607,0.00523489239330693,-0.00034595222928216103,0.005234841118171045
akane-midori,24,actual_suppress,source_contact_share,1000,0.4415,0.4361294220278756,0.4468705779721244,0.4361295207135061,0.4468704792864939,-0.029944444444444447,-0.032434650253586626,-0.027454238635302265,-0.034006211807771525,-0.02588267708111737,0.4415,0.43598764719957445,0.44701235280042556,0.4359877484903507,0.4470122515096493,-0.0325,-0.03506138592530532,-0.029938614074694683,-0.03667786904122368,-0.028322130958776327,2.7755575615628914e-20,-0.0029914826962241033,0.0029914826962241033,-0.0029914277270275593,0.0029914277270275593,-0.002555555555555556,-0.0051148763411112096,3.7652300000972846e-06,-0.005114829312991188,3.7182018800758013e-06
akane-midori,24,actual_suppress,unformed_bridge_contacts,1000,5.333,5.248652499038095,5.417347500961905,5.248654048943219,5.417345951056781,-0.047,-0.07573964287656812,-0.018260357123431877,-0.09387714687724227,-0.00012285312275772675,5.129,5.048043100640192,5.209956899359807,5.048044588242216,5.209955411757783,-0.032,-0.06428038762197605,0.000280387621976054,-0.08465244520638879,0.020652445206388793,-0.204,-0.24091563813262257,-0.1670843618673774,-0.240914959799109,-0.16708504020089096,0.015,-0.016053849706301818,0.046053849706301817,-0.016053279084526164,0.046053279084526166
akane-midori,24,actual_suppress,selection_total_variation,1000,0.035320500379596505,0.03471583950410758,0.03592516125508543,0.034715850614893067,0.03592515014429994,0.035320500379596505,0.03471583950410758,0.03592516125508543,0.03433423980590211,0.0363067609532909,0.03541374052579703,0.03479693909823798,0.03603054195335608,0.03479695043210895,0.03603053061948511,0.03541374052579703,0.03479693909823798,0.03603054195335608,0.03440767753336673,0.03641980351822733,9.324014620052003e-05,-5.191610302852009e-05,0.00023839639542956015,-5.191343574837719e-05,0.00023839372814941725,9.324014620052003e-05,-5.191610302852009e-05,0.00023839639542956015,-5.191343574837719e-05,0.00023839372814941725
akane-midori,24,actual_suppress,expected_source_shift,1000,-0.011773500126532171,-0.011975053751695145,-0.011571946501369198,-0.011975050048099985,-0.011571950204964357,-0.011773500126532171,-0.011975053751695145,-0.011571946501369198,-0.01210225365109697,-0.011444746601967372,-0.011804580175265676,-0.012010180651118692,-0.011598979699412659,-0.0120101768731617,-0.011598983477369651,-0.011804580175265676,-0.012010180651118692,-0.011598979699412659,-0.012139934506075777,-0.011469225844455574,-3.1080048733503656e-05,-7.946546514318368e-05,1.7305367676176368e-05,-7.94645760498027e-05,1.73044785827954e-05,-3.1080048733503656e-05,-7.946546514318368e-05,1.7305367676176368e-05,-7.94645760498027e-05,1.73044785827954e-05
akane-midori,24,actual_suppress,permutation_unchanged_fraction,1000,0.4815,0.4659157232416104,0.49708427675838956,0.46591600960635293,0.49708399039364703,0.0,0.0,0.0,0.0,0.0,0.4815,0.4659157232416104,0.49708427675838956,0.46591600960635293,0.49708399039364703,0.0,0.0,0.0,0.0,0.0,0.0,0.0,0.0,0.0,0.0,0.0,0.0,0.0,0.0,0.0
akane-midori,24,actual_suppress,information_transfers,1000,5.801,5.774155398475093,5.827844601524907,5.7741558917509455,5.827844108249055,0,0.0,0.0,0.0,0.0,5.801,5.774155398475093,5.827844601524907,5.7741558917509455,5.827844108249055,0,0.0,0.0,0.0,0.0,0,0.0,0.0,0.0,0.0,0,0.0,0.0,0.0,0.0
akane-midori,24,permuted_promote,bridge_count,1000,3.108,3.0681802110353007,3.1478197889646995,3.0681809427332674,3.147819057266733,-0.006,-0.020135937433616746,0.008135937433616744,-0.02905708592723781,0.017057085927237814,2.994,2.952588283872404,3.0354117161275966,2.9525890448224055,3.035410955177595,-0.009,-0.024052235720988434,0.006052235720988435,-0.03355165736589368,0.015551657365893682,-0.114,-0.13502954131710931,-0.0929704586828907,-0.1350291548943527,-0.09297084510564732,-0.003,-0.020647846102912166,0.014647846102912167,-0.020647521819598665,0.014647521819598667
akane-midori,24,permuted_promote,bridge_rate,1000,0.777,0.7670450527588252,0.7869549472411749,0.7670452356833168,0.7869547643166832,-0.0015,-0.0050339843584041866,0.002033984358404186,-0.007264271481809453,0.0042642714818094535,0.7485,0.738147070968101,0.7588529290318992,0.7381472612056014,0.7588527387943987,-0.00225,-0.0060130589302471085,0.0015130589302471088,-0.00838791434147342,0.0038879143414734204,-0.0285,-0.03375738532927733,-0.023242614670722674,-0.03375728872358817,-0.02324271127641183,-0.00075,-0.0051619615257280415,0.003661961525728042,-0.005161880454899666,0.0036618804548996667
akane-midori,24,permuted_promote,unformed_turns,1000,13.214,13.07520149816907,13.35279850183093,13.075204048624114,13.352795951375887,0.01675,-0.02847630993360182,0.06197630993360182,-0.05701850097193337,0.09051850097193337,13.74125,13.596218790154225,13.886281209845777,13.59622145513674,13.886278544863261,-0.02225,-0.07062077836979781,0.026120778369797815,-0.10114743417988886,0.05664743417988887,0.52725,0.4563606159098792,0.5981393840901208,0.4563619185189472,0.5981380814810529,-0.039,-0.09164070069603719,0.013640700696037185,-0.09163973341080889,0.013639733410808881
akane-midori,24,permuted_promote,all_formed,1000,0.265,0.2376321970805723,0.29236780291942777,0.23763269997037323,0.2923673000296268,0,-0.010376534704441193,0.010376534704441193,-0.01692513520456718,0.01692513520456718,0.219,0.19335392537748625,0.24464607462251375,0.1933543966301257,0.2446456033698743,-0.001,-0.011918102553253627,0.009918102553253628,-0.018808484928215668,0.016808484928215666,-0.046,-0.059283238265529184,-0.032716761734470814,-0.05928299418290893,-0.03271700581709107,-0.001,-0.013556250149539782,0.011556250149539784,-0.013556019425496755,0.011556019425496753
akane-midori,24,permuted_promote,free_known_share,1000,0.1236111111111111,0.11935481882218872,0.12786740340003347,0.11935489703255835,0.12786732518966387,0.0005,-0.0015925041766469286,0.0025925041766469287,-0.0029130774015252566,0.003913077401525257,0.1976111111111111,0.19328515230368423,0.20193706991853796,0.19328523179419246,0.20193699042802973,0.00038888888888888925,-0.0015567525444831285,0.0023345303222609072,-0.0027846411244916887,0.003562418902269467,0.074,0.07039041155208364,0.07760958844791635,0.07039047787911842,0.07760952212088157,-0.00011111111111111075,-0.002858549829421111,0.002636327607198889,-0.00285849934458993,0.0026362771223677082
akane-midori,24,permuted_promote,free_bridge_share,1000,0.7496666666666667,0.7437797271925068,0.7555536061408266,0.7437798353664011,0.7555534979669323,-0.0008333333333333351,-0.0036925002491912896,0.002025833582524619,-0.005496912071484655,0.003830245404817984,0.6753888888888889,0.669425444614745,0.6813523331630329,0.669425554194433,0.6813522235833449,-0.00027777777777777756,-0.003027330273697196,0.002471774718141641,-0.004762564758307367,0.004207009202751811,-0.07427777777777778,-0.07795521135908219,-0.07060034419647336,-0.07795514378537716,-0.0706004117701784,0.0005555555555555576,-0.002347126113093536,0.003458237224204651,-0.0023470727756367124,0.003458183886747827
akane-midori,24,permuted_promote,source_contact_share,1000,0.4742222222222222,0.468835631686496,0.4796088127579484,0.4688357306663612,0.47960871377808323,0.002777777777777779,0.0002614452360964292,0.005294110319459129,-0.0013266048220684562,0.0068821603776240145,0.47344444444444445,0.46792206192966845,0.47896682695922044,0.4679221634047431,0.4789667254841458,-0.0005555555555555552,-0.0030107728159012065,0.001899661704790096,-0.004560253199958125,0.003449142088847015,-0.0007777777777777784,-0.003752957300836681,0.0021974017452811244,-0.00375290263121477,0.0021973470756592134,-0.0033333333333333344,-0.005809010088313321,-0.0008576565783533479,-0.0058089645971719905,-0.0008577020694946788
akane-midori,24,permuted_promote,unformed_bridge_contacts,1000,5.391,5.303959864800567,5.478040135199433,5.303961464183477,5.478038535816523,0.011,-0.019561052736192585,0.04156105273619258,-0.038848043136460814,0.06084804313646082,5.16,5.0756459114668875,5.244354088533113,5.075647461493059,5.244352538506941,-0.001,-0.0319436919334211,0.029943691933421102,-0.05147216480444771,0.04947216480444771,-0.231,-0.26940915054053194,-0.19259084945946808,-0.26940844476337744,-0.19259155523662258,-0.012,-0.0439739697933232,0.019973969793323196,-0.04397338226412503,0.01997338226412503
akane-midori,24,permuted_promote,selection_total_variation,1000,0.03561500078293053,0.03501018770917119,0.03621981385668986,0.03501019882275335,0.0362198027431077,0.03561500078293053,0.03501018770917119,0.03621981385668986,0.034628491959085385,0.03660150960677567,0.03575706576223948,0.035136589770282785,0.03637754175419617,0.03513660117167474,0.036377530352804215,0.03575706576223948,0.035136589770282785,0.03637754175419617,0.03474500919863927,0.03676912232583968,0.00014206497930895266,-4.322360964612384e-06,0.0002884523195825177,-4.319671062882668e-06,0.00028844962968078796,0.00014206497930895266,-4.322360964612384e-06,0.0002884523195825177,-4.319671062882668e-06,0.00028844962968078796
akane-midori,24,permuted_promote,expected_source_shift,1000,-0.0001290455513476629,-0.0004350581706823398,0.000176967067987014,-0.0004350525476286486,0.00017696144493332283,-0.0001290455513476629,-0.0004350581706823398,0.000176967067987014,-0.0006281818337451376,0.00037009073104981183,-0.00011307852278282601,-0.000422843681892003,0.000196686636326351,-0.0004228379898845128,0.0001966809443188608,-0.00011307852278282601,-0.000422843681892003,0.000196686636326351,-0.0006183355617578069,0.00039217851619215485,1.596702856483689e-05,-3.3352022405082084e-05,6.528607953475585e-05,-3.335111615594698e-05,6.528517328562077e-05,1.596702856483689e-05,-3.3352022405082084e-05,6.528607953475585e-05,-3.335111615594698e-05,6.528517328562077e-05
akane-midori,24,permuted_promote,permutation_unchanged_fraction,1000,0.4815,0.4659157232416104,0.49708427675838956,0.46591600960635293,0.49708399039364703,0.0,0.0,0.0,0.0,0.0,0.4815,0.4659157232416104,0.49708427675838956,0.46591600960635293,0.49708399039364703,0.0,0.0,0.0,0.0,0.0,0.0,0.0,0.0,0.0,0.0,0.0,0.0,0.0,0.0,0.0
akane-midori,24,permuted_promote,information_transfers,1000,5.801,5.774155398475093,5.827844601524907,5.7741558917509455,5.827844108249055,0,0.0,0.0,0.0,0.0,5.801,5.774155398475093,5.827844601524907,5.7741558917509455,5.827844108249055,0,0.0,0.0,0.0,0.0,0,0.0,0.0,0.0,0.0,0,0.0,0.0,0.0,0.0
akane-midori,24,permuted_suppress,bridge_count,1000,3.114,3.0753232154896497,3.15267678451035,3.0753239261846415,3.1526760738153583,0,-0.015189691462525719,0.015189691462525719,-0.02477586102120135,0.02477586102120135,3.004,2.9636216971413885,3.0443783028586116,2.963622439102179,3.044377560897821,0.001,-0.015982478116074898,0.0179824781160749,-0.0267000700532664,0.028700070053266403,-0.11,-0.13074380257680218,-0.0892561974231978,-0.13074342140456197,-0.08925657859543804,0.001,-0.016207424381756087,0.01820742438175609,-0.016207108191295064,0.018207108191295066
akane-midori,24,permuted_suppress,bridge_rate,1000,0.7785,0.7688308038724124,0.7881691961275875,0.7688309815461604,0.7881690184538396,0.0,-0.0037974228656314298,0.0037974228656314298,-0.006193965255300337,0.006193965255300337,0.751,0.7409054242853471,0.7610945757146529,0.7409056097755448,0.7610943902244552,0.00025,-0.003995619529018724,0.004495619529018725,-0.0066750175133166,0.007175017513316601,-0.0275,-0.032685950644200545,-0.02231404935579945,-0.03268585535114049,-0.02231414464885951,0.00025,-0.004051856095439022,0.004551856095439022,-0.004051777047823766,0.0045517770478237666
akane-midori,24,permuted_suppress,unformed_turns,1000,13.20125,13.064700236413843,13.337799763586156,13.064702745547793,13.337797254452207,0.004,-0.04408339159155629,0.0520833915915563,-0.074428678452058,0.08242867845205801,13.77575,13.635450435328734,13.916049564671267,13.635453013366158,13.916046986633843,0.01225,-0.04243508460611886,0.06693508460611887,-0.07694668049060903,0.10144668049060902,0.5745,0.5030902800193999,0.6459097199806001,0.5030915921897621,0.645908407810238,0.00825,-0.051394751046738615,0.06789475104673862,-0.05139365506044151,0.06789365506044151
akane-midori,24,permuted_suppress,all_formed,1000,0.258,0.23086779230703308,0.28513220769296693,0.23086829086771643,0.2851317091322836,-0.007,-0.017909646281249542,0.003909646281249541,-0.02479469192784778,0.01079469192784778,0.213,0.18761071356919487,0.23838928643080512,0.18761118010329103,0.23838881989670896,-0.007,-0.017909646281249542,0.003909646281249541,-0.02479469192784778,0.01079469192784778,-0.045,-0.05927278783113069,-0.030727212168869304,-0.05927252556530495,-0.030727474434695045,0,-0.01240233114449932,0.01240233114449932,-0.012402103248754128,0.012402103248754128
akane-midori,24,permuted_suppress,free_known_share,1000,0.12527777777777777,0.12105564220742318,0.12949991334813235,0.12105571979015507,0.12949983576540045,0.0021666666666666666,0.0002563359796640015,0.004076997353669331,-0.0009492680922770242,0.005282601425610357,0.1976111111111111,0.1934189125995352,0.201803309622687,0.1934189896321666,0.2018032325900556,0.00038888888888888876,-0.0014947637891834624,0.00227254156696124,-0.0026835314482371838,0.003461309226014961,0.07233333333333333,0.06882881615785455,0.07583785050881212,0.06882888055418004,0.07583778611248662,-0.0017777777777777779,-0.004412712414500112,0.0008571568589445561,-0.004412663996957831,0.0008571084414022755
akane-midori,24,permuted_suppress,free_bridge_share,1000,0.7477777777777778,0.7416862939834308,0.7538692615721247,0.741686405915875,0.7538691496396805,-0.0027222222222222214,-0.005488180570132127,4.373612568768417e-05,-0.007233768739629403,0.00178932429518496,0.675,0.6690793510732909,0.6809206489267092,0.6690794598666042,0.6809205401333959,-0.0006666666666666664,-0.003477861726086512,0.002144528392753179,-0.0052519986510263204,0.003918665317692988,-0.07277777777777777,-0.07633790989801616,-0.06921764565753939,-0.076337844479753,-0.06921771107580255,0.0020555555555555553,-0.0006563052280942161,0.004767416339205327,-0.0006562553970159337,0.004767366508127044
akane-midori,24,permuted_suppress,source_contact_share,1000,0.4711666666666667,0.46569380542408517,0.4766395279092482,0.4656939059891948,0.47663942734413856,-0.0002777777777777786,-0.0026818867833099435,0.002126331227754386,-0.004199112898233168,0.0036435573426776106,0.4732777777777778,0.4677681730207061,0.4787873825348495,0.46776827426098644,0.47878728129456916,-0.0007222222222222225,-0.0032463981199615543,0.001801953675517109,-0.004839398097041275,0.0033949536525968303,0.002111111111111112,-0.0008092135249405975,0.005031435747162822,-0.0008091598632901076,0.0050313820855123325,-0.00044444444444444387,-0.002845987401379861,0.0019570985124909733,-0.002845943272464466,0.001957054383575578
akane-midori,24,permuted_suppress,unformed_bridge_contacts,1000,5.394,5.309047109666734,5.478952890333266,5.309048670696029,5.478951329303971,0.014,-0.01949800535498737,0.04749800535498737,-0.04063849790564634,0.06863849790564634,5.185,5.10243421077983,5.2675657892201695,5.102435727945582,5.267564272054417,0.024,-0.009245651019520011,0.05724565101952001,-0.030226883492077646,0.07822688349207765,-0.209,-0.2467873915130081,-0.17121260848699188,-0.24678669716082163,-0.17121330283917835,0.01,-0.02257235635317774,0.04257235635317774,-0.022571757828486104,0.04257175782848611
akane-midori,24,permuted_suppress,selection_total_variation,1000,0.03548433292433887,0.034881445170793404,0.036087220677884335,0.03488145624899735,0.03608720959968039,0.03548433292433887,0.034881445170793404,0.036087220677884335,0.0345009644846258,0.03646770136405194,0.0356741137852421,0.03505762143848895,0.03629060613199525,0.035057632766680495,0.03629059480380371,0.0356741137852421,0.03505762143848895,0.03629060613199525,0.034668554933604274,0.03667967263687993,0.00018978086090323107,3.7738307357182996e-05,0.00034182341444927915,3.774110117478371e-05,0.00034182062063167843,0.00018978086090323107,3.7738307357182996e-05,0.00034182341444927915,3.774110117478371e-05,0.00034182062063167843
akane-midori,24,permuted_suppress,expected_source_shift,1000,0.00011439248721927282,-0.00019175967851640043,0.0004205446529549461,-0.00019175405289851137,0.00042053902733705704,0.00011439248721927282,-0.00019175967851640043,0.0004205446529549461,-0.00038497140890199767,0.0006137563833405433,0.00012368828450586217,-0.00018592255560538113,0.0004332991246171055,-0.0001859168664335388,0.00043329343544526314,0.00012368828450586217,-0.00018592255560538113,0.0004332991246171055,-0.0003813170452059537,0.0006286936142176781,9.295797286589368e-06,-3.979920891916749e-05,5.839080349234623e-05,-3.9798306786907504e-05,5.838990136008624e-05,9.295797286589368e-06,-3.979920891916749e-05,5.839080349234623e-05,-3.9798306786907504e-05,5.838990136008624e-05
akane-midori,24,permuted_suppress,permutation_unchanged_fraction,1000,0.4815,0.4659157232416104,0.49708427675838956,0.46591600960635293,0.49708399039364703,0.0,0.0,0.0,0.0,0.0,0.4815,0.4659157232416104,0.49708427675838956,0.46591600960635293,0.49708399039364703,0.0,0.0,0.0,0.0,0.0,0.0,0.0,0.0,0.0,0.0,0.0,0.0,0.0,0.0,0.0
akane-midori,24,permuted_suppress,information_transfers,1000,5.801,5.774155398475093,5.827844601524907,5.7741558917509455,5.827844108249055,0,0.0,0.0,0.0,0.0,5.801,5.774155398475093,5.827844601524907,5.7741558917509455,5.827844108249055,0,0.0,0.0,0.0,0.0,0,0.0,0.0,0.0,0.0,0,0.0,0.0,0.0,0.0
akane-midori,48,neutral,bridge_count,1000,3.566,3.5335610870485232,3.5984389129514764,3.533561683121161,3.5984383168788385,0,0.0,0.0,0.0,0.0,3.481,3.4466051022476965,3.5153948977523033,3.446605734262014,3.5153942657379855,0,0.0,0.0,0.0,0.0,-0.085,-0.10294859861360191,-0.0670514013863981,-0.10294826880389045,-0.06705173119610956,0,0.0,0.0,0.0,0.0
akane-midori,48,neutral,bridge_rate,1000,0.8915,0.8833902717621308,0.8996097282378691,0.8833904207802903,0.8996095792197096,0.0,0.0,0.0,0.0,0.0,0.87025,0.8616512755619241,0.8788487244380758,0.8616514335655036,0.8788485664344964,0.0,0.0,0.0,0.0,0.0,-0.02125,-0.025737149653400477,-0.016762850346599526,-0.025737067200972612,-0.01676293279902739,0.0,0.0,0.0,0.0,0.0
akane-midori,48,neutral,unformed_turns,1000,16.84025,16.54404992959216,17.136450070407843,16.54405537233796,17.13644462766204,0.0,0.0,0.0,0.0,0.0,18.0105,17.70005352493952,18.32094647506048,17.70005922946635,18.32094077053365,0.0,0.0,0.0,0.0,0.0,1.17025,1.0148776657633471,1.3256223342366529,1.0148805207664495,1.3256194792335505,0.0,0.0,0.0,0.0,0.0
akane-midori,48,neutral,all_formed,1000,0.58,0.549393619774457,0.6106063802255429,0.5493941821738759,0.610605817826124,0,0.0,0.0,0.0,0.0,0.51,0.47900037392456457,0.5409996260754355,0.4790009435499683,0.5409990564500318,0,0.0,0.0,0.0,0.0,-0.07,-0.08653514956603572,-0.05346485043396429,-0.0865348457287822,-0.05346515427121781,0,0.0,0.0,0.0,0.0
akane-midori,48,neutral,free_known_share,1000,0.12914285714285714,0.12628207933784508,0.1320036349478692,0.12628213190530857,0.13200358238040572,0.0,0.0,0.0,0.0,0.0,0.19514285714285715,0.19246007620132521,0.19782563808438908,0.19246012549805458,0.1978255887876597,0.0,0.0,0.0,0.0,0.0,0.066,0.06368330174080493,0.06831669825919508,0.0636833443106791,0.06831665568932091,0.0,0.0,0.0,0.0,0.0
akane-midori,48,neutral,free_bridge_share,1000,0.7389285714285714,0.7347598626864041,0.7430972801707386,0.7347599392874056,0.7430972035697372,0.0,0.0,0.0,0.0,0.0,0.6721904761904762,0.6681718308245297,0.6762091215564228,0.6681719046680813,0.6762090477128712,0.0,0.0,0.0,0.0,0.0,-0.06673809523809524,-0.06912348955803842,-0.06435270091815205,-0.06912344572585802,-0.06435274475033245,0.0,0.0,0.0,0.0,0.0
akane-midori,48,neutral,source_contact_share,1000,0.4792857142857143,0.47528475844396256,0.48328667012746607,0.475284831962465,0.4832865966089636,0.0,0.0,0.0,0.0,0.0,0.48078571428571426,0.47664324105291184,0.4849281875185167,0.4766433171718296,0.4849281113995989,0.0,0.0,0.0,0.0,0.0,0.0014999999999999987,-0.0005549077138351133,0.0035549077138351108,-0.0005548699544236538,0.0035548699544236512,0.0,0.0,0.0,0.0,0.0
akane-midori,48,neutral,unformed_bridge_contacts,1000,7.206,7.069580502340239,7.342419497659762,7.069583009080521,7.34241699091948,0,0.0,0.0,0.0,0.0,7.071,6.939424782986566,7.202575217013433,6.939427200712055,7.202572799287944,0,0.0,0.0,0.0,0.0,-0.135,-0.19746808706773325,-0.07253191293226677,-0.19746693920197422,-0.0725330607980258,0,0.0,0.0,0.0,0.0
akane-midori,48,neutral,selection_total_variation,1000,0.0,0.0,0.0,0.0,0.0,0.0,0.0,0.0,0.0,0.0,0.0,0.0,0.0,0.0,0.0,0.0,0.0,0.0,0.0,0.0,0.0,0.0,0.0,0.0,0.0,0.0,0.0,0.0,0.0,0.0
akane-midori,48,neutral,expected_source_shift,1000,0.0,0.0,0.0,0.0,0.0,0.0,0.0,0.0,0.0,0.0,0.0,0.0,0.0,0.0,0.0,0.0,0.0,0.0,0.0,0.0,0.0,0.0,0.0,0.0,0.0,0.0,0.0,0.0,0.0,0.0
akane-midori,48,neutral,permutation_unchanged_fraction,1000,0.4815,0.4659157232416104,0.49708427675838956,0.46591600960635293,0.49708399039364703,0.0,0.0,0.0,0.0,0.0,0.4815,0.4659157232416104,0.49708427675838956,0.46591600960635293,0.49708399039364703,0.0,0.0,0.0,0.0,0.0,0.0,0.0,0.0,0.0,0.0,0.0,0.0,0.0,0.0,0.0
akane-midori,48,neutral,information_transfers,1000,5.801,5.774155398475093,5.827844601524907,5.7741558917509455,5.827844108249055,0,0.0,0.0,0.0,0.0,5.801,5.774155398475093,5.827844601524907,5.7741558917509455,5.827844108249055,0,0.0,0.0,0.0,0.0,0,0.0,0.0,0.0,0.0,0,0.0,0.0,0.0,0.0
akane-midori,48,actual_promote,bridge_count,1000,3.527,3.4937631987315485,3.5602368012684518,3.4937638094655714,3.560236190534429,-0.039,-0.05162953806089643,-0.026370461939103567,-0.059600002345716704,-0.0183999976542833,3.443,3.4079894361487684,3.4780105638512318,3.407990079476095,3.4780099205239052,-0.038,-0.05166453252215564,-0.02433546747784436,-0.060288178764120876,-0.01571182123587912,-0.084,-0.10228492299160183,-0.06571507700839818,-0.102284587001851,-0.06571541299814901,0.001,-0.01272672507852406,0.014726725078524058,-0.01272647284672954,0.014726472846729538
akane-midori,48,actual_promote,bridge_rate,1000,0.88175,0.8734407996828871,0.8900592003171129,0.8734409523663929,0.8900590476336072,-0.00975,-0.012907384515224107,-0.006592615484775892,-0.014900000586429176,-0.004599999413570825,0.86075,0.8519973590371921,0.8695026409628079,0.8519975198690237,0.8695024801309763,-0.0095,-0.01291613313053891,-0.00608386686946109,-0.015072044691030219,-0.00392795530896978,-0.021,-0.025571230747900457,-0.016428769252099545,-0.02557114675046275,-0.016428853249537252,0.00025,-0.003181681269631015,0.0036816812696310146,-0.003181618211682385,0.0036816182116823845
akane-midori,48,actual_promote,unformed_turns,1000,17.236,16.940375705379328,17.531624294620674,16.940381137545117,17.531618862454884,0.39575,0.2942549064973823,0.4972450935026177,0.23020165182199406,0.561298348178006,18.35325,18.041960741133288,18.66453925886671,18.04196646114647,18.66453353885353,0.34275,0.23625574700096807,0.4492442529990319,0.16904753748652204,0.516452462513478,1.11725,0.9657435834422907,1.2687564165577094,0.9657463674082484,1.2687536325917517,-0.053,-0.16787968439845005,0.06187968439845005,-0.16787757345729082,0.061877573457290815
akane-midori,48,actual_promote,all_formed,1000,0.546,0.5151256676380072,0.5768743323619929,0.5151262349611095,0.5768737650388905,-0.034,-0.04590300768679883,-0.022096992313201176,-0.053414960791664585,-0.01458503920833542,0.479,0.4480215313496629,0.5099784686503371,0.44802210058629394,0.5099778994137061,-0.031,-0.04309449872046375,-0.018905501279536246,-0.05072730125286441,-0.01127269874713559,-0.067,-0.08323130656826225,-0.05076869343173777,-0.08323100831419511,-0.0507689916858049,0.003,-0.008926729328381375,0.014926729328381377,-0.008926510171931162,0.014926510171931164
akane-midori,48,actual_promote,free_known_share,1000,0.1291190476190476,0.12624692038506552,0.1319911748530297,0.12624697316107744,0.13199112207701777,-2.3809523809523837e-05,-0.0013858454458630044,0.0013382263982439568,-0.0022454223060002754,0.0021978032583812273,0.19507142857142856,0.19240815245696274,0.19773470468589438,0.19240820139528633,0.1977346557475708,-7.142857142857137e-05,-0.0012179428081020177,0.0010750856652448747,-0.0019415045671609273,0.0017986474243037844,0.06595238095238096,0.06366929161085579,0.06823547029390613,0.06366933356315821,0.0682354283416037,-4.761904761904753e-05,-0.0018267452129413263,0.001731507117703231,-0.001826712521080537,0.0017314744258424422
akane-midori,48,actual_promote,free_bridge_share,1000,0.7386904761904762,0.7345111653787414,0.7428697870022111,0.7345112421745583,0.7428697102063941,-0.00023809523809523837,-0.002075037419765914,0.0015988469435754373,-0.0032343262220712234,0.002758135745880747,0.6719047619047619,0.6678938747080193,0.6759156491015045,0.6678939484090127,0.6759155754005111,-0.00028571428571428677,-0.001985805472497134,0.0014143769010685607,-0.0030587280148619642,0.002487299443433391,-0.06678571428571428,-0.0691253337793351,-0.06444609479209347,-0.06912529078827787,-0.0644461377831507,-4.761904761904839e-05,-0.0018810546500688731,0.0017858165548307766,-0.0018810209602594323,0.0017857828650213357
akane-midori,48,actual_promote,source_contact_share,1000,0.5106666666666667,0.5066385069512489,0.5146948263820845,0.5066385809696289,0.5146947523637045,0.031380952380952384,0.029685342184479494,0.03307656257742527,0.028615247581905808,0.034146657179998964,0.5111190476190476,0.5070286953599107,0.5152093998781845,0.5070287705210933,0.5152093247170019,0.030333333333333337,0.028671454645189273,0.031995212021477405,0.02762264789820552,0.03304401876846115,0.0004523809523809507,-0.00153325662250552,0.0024380185272674213,-0.0015332201359491188,0.00243798204071102,-0.001047619047619048,-0.0027439927470651986,0.0006487546518271021,-0.0027439615758003888,0.0006487234805622928
akane-midori,48,actual_promote,unformed_bridge_contacts,1000,7.401,7.261974915743767,7.540025084256232,7.261977470362315,7.540022529637684,0.195,0.14527550618371984,0.24472449381628017,0.1138945245411263,0.2761054754588737,7.232,7.098852787104266,7.365147212895734,7.098855233715549,7.365144766284452,0.161,0.11413793496291974,0.20786206503708027,0.08456342369497072,0.2374365763050293,-0.169,-0.23434625157570246,-0.10365374842429756,-0.23434505082299517,-0.10365494917700484,-0.034,-0.08456304314152513,0.01656304314152513,-0.08456211403374196,0.016562114033741956
akane-midori,48,actual_promote,selection_total_variation,1000,0.03585022761745197,0.035242750308018087,0.03645770492688585,0.0352427614705562,0.03645769376434774,0.03585022761745197,0.035242750308018087,0.03645770492688585,0.034859373166642435,0.036841082068261505,0.03597342006151228,0.03535497762746093,0.03659186249556363,0.035354988991485786,0.036591851131538775,0.03597342006151228,0.03535497762746093,0.03659186249556363,0.034964680428224044,0.036982159694800516,0.00012319244406030756,-6.844901274463309e-06,0.00025322978939507844,-6.84251180772737e-06,0.00025322739992834247,0.00012319244406030756,-6.844901274463309e-06,0.00025322978939507844,-6.84251180772737e-06,0.00025322739992834247
akane-midori,48,actual_promote,expected_source_shift,1000,0.011950075872483989,0.011747583436006029,0.012152568308961949,0.011747587156852066,0.012152564588115911,0.011950075872483989,0.011747583436006029,0.012152568308961949,0.011619791055547477,0.0122803606894205,0.011991140020504096,0.01178499254248698,0.012197287498521212,0.011784996330495264,0.012197283710512928,0.011991140020504096,0.01178499254248698,0.012197287498521212,0.011654893476074683,0.012327386564933509,4.106414802010698e-05,-2.2816337581499165e-06,8.440992979836387e-05,-2.2808372692379415e-06,8.440913330945191e-05,4.106414802010698e-05,-2.2816337581499165e-06,8.440992979836387e-05,-2.2808372692379415e-06,8.440913330945191e-05
akane-midori,48,actual_promote,permutation_unchanged_fraction,1000,0.4815,0.4659157232416104,0.49708427675838956,0.46591600960635293,0.49708399039364703,0.0,0.0,0.0,0.0,0.0,0.4815,0.4659157232416104,0.49708427675838956,0.46591600960635293,0.49708399039364703,0.0,0.0,0.0,0.0,0.0,0.0,0.0,0.0,0.0,0.0,0.0,0.0,0.0,0.0,0.0
akane-midori,48,actual_promote,information_transfers,1000,5.801,5.774155398475093,5.827844601524907,5.7741558917509455,5.827844108249055,0,0.0,0.0,0.0,0.0,5.801,5.774155398475093,5.827844601524907,5.7741558917509455,5.827844108249055,0,0.0,0.0,0.0,0.0,0,0.0,0.0,0.0,0.0,0,0.0,0.0,0.0,0.0
akane-midori,48,actual_suppress,bridge_count,1000,3.601,3.5696366280591594,3.6323633719408406,3.5696372043684788,3.632362795631521,0.035,0.021732548652236738,0.048267451347763266,0.013359499170296163,0.056640500829703844,3.523,3.48895164785362,3.55704835214638,3.488952273500081,3.557047726499919,0.042,0.02782711432741066,0.056172885672589344,0.01888264790896145,0.06511735209103856,-0.078,-0.09574833820697332,-0.06025166179302668,-0.09574801207709382,-0.06025198792290617,0.007,-0.007798714929464772,0.021798714929464773,-0.00779844299960518,0.02179844299960518
akane-midori,48,actual_suppress,bridge_rate,1000,0.90025,0.8924091570147898,0.9080908429852101,0.8924093010921197,0.9080906989078803,0.00875,0.005433137163059184,0.012066862836940816,0.0033398747925740407,0.014160125207425961,0.88075,0.872237911963405,0.889262088036595,0.8722380683750203,0.8892619316249798,0.0105,0.006956778581852665,0.014043221418147336,0.0047206619772403625,0.01627933802275964,-0.0195,-0.02393708455174333,-0.01506291544825667,-0.023937003019273456,-0.015062996980726542,0.00175,-0.001949678732366193,0.005449678732366193,-0.001949610749901295,0.005449610749901295
akane-midori,48,actual_suppress,unformed_turns,1000,16.52075,16.22690204599798,16.814597954002018,16.226907445523093,16.814592554476906,-0.3195,-0.41997600578914024,-0.21902399421085977,-0.483386117209074,-0.15561388279092603,17.61625,17.308335131174307,17.924164868825695,17.308340789182278,17.924159210817724,-0.39425,-0.5087934251423596,-0.2797065748576404,-0.5810814434971149,-0.20741855650288513,1.0955,0.9473955781640285,1.2436044218359714,0.9473982996175349,1.2436017003824649,-0.07475,-0.19724224902405446,0.04774224902405447,-0.1972399982002338,0.04773999820023382
akane-midori,48,actual_suppress,all_formed,1000,0.609,0.5787399004624237,0.6392600995375762,0.5787404564988538,0.6392595435011462,0.029,0.016573043669359598,0.041426956330640405,0.008730428118038307,0.049269571881961696,0.549,0.5181434213360125,0.5798565786639875,0.5181439883328866,0.5798560116671135,0.039,0.02548786085387276,0.05251213914612724,0.016960389622824045,0.06103961037717595,-0.06,-0.07549050663457448,-0.04450949336542552,-0.07549022199287996,-0.04450977800712004,0.01,-0.0035719135289330826,0.023571913528933085,-0.0035716641418371137,0.023571664141837114
akane-midori,48,actual_suppress,free_known_share,1000,0.13014285714285714,0.12723873655216292,0.13304697773355137,0.12723878991606027,0.133046924369654,0.001,-0.00027373585379680257,0.0022737358537968026,-0.0010775868008410104,0.0030775868008410105,0.19476190476190475,0.19208562578993593,0.19743818373387356,0.19208567496719006,0.19743813455661943,-0.00038095238095238096,-0.0016213120433455483,0.0008594072814407864,-0.002404099374265136,0.001642194612360374,0.06461904761904762,0.06228912498668273,0.06694897025141251,0.06228916779955785,0.06694892743853738,-0.001380952380952381,-0.0030917678982360602,0.00032986313633129836,-0.003091736461599459,0.0003298316996946972
akane-midori,48,actual_suppress,free_bridge_share,1000,0.7367142857142858,0.7326043344995051,0.7408242369290664,0.7326044100208232,0.7408241614077483,-0.0022142857142857133,-0.004032411422866755,-0.000396160005704672,-0.005179825204406929,0.0007512537758355021,0.6711904761904762,0.6671795074680459,0.6752014449129066,0.6671795811705374,0.675201371210415,-0.0010000000000000005,-0.0027987695098392416,0.0007987695098392409,-0.003933967651344324,0.0019339676513443235,-0.06552380952380953,-0.06792028400403644,-0.06312733504358262,-0.06792023996825548,-0.06312737907936357,0.0012142857142857129,-0.0006002682209175203,0.0030288396494889463,-0.0006002348780631459,0.0030288063066345717
akane-midori,48,actual_suppress,source_contact_share,1000,0.4488333333333333,0.4447761886860036,0.452890477980663,0.4447762632369886,0.452890403429678,-0.030452380952380956,-0.03216097979972115,-0.02874378210504076,-0.033239271501614445,-0.02766549040314747,0.44852380952380955,0.44432280893858844,0.45272481010903065,0.44432288613296,0.4527247329146591,-0.03226190476190477,-0.033930362591550786,-0.030593446932258756,-0.03498332141536531,-0.02954048810844423,-0.0003095238095238094,-0.0023579500903564356,0.0017389024713088167,-0.0023579124500428283,0.0017388648309952094,-0.0018095238095238082,-0.0035111325140426836,-0.00010791510500493258,-0.0035111012465834277,-0.00010794637246418866
akane-midori,48,actual_suppress,unformed_bridge_contacts,1000,7.078,6.943334496981212,7.212665503018789,6.943336971491432,7.212663028508569,-0.128,-0.1752110337453789,-0.08078896625462109,-0.2050057781376594,-0.05099422186234058,6.941,6.812506836432892,7.069493163567108,6.812509197524926,7.069490802475074,-0.13,-0.18072462466640388,-0.07927537533359613,-0.21273678594380444,-0.047263214056195574,-0.137,-0.1958369713598414,-0.0781630286401586,-0.19583589021668563,-0.0781641097833144,-0.002,-0.05275857628683715,0.04875857628683715,-0.05275764358608655,0.048757643586086544
akane-midori,48,actual_suppress,selection_total_variation,1000,0.035960333404537616,0.03535370084275952,0.036566965966315715,0.035353711989775195,0.036566954819300036,0.035960333404537616,0.03535370084275952,0.036566965966315715,0.034970856819142214,0.03694980998993302,0.03600713333582835,0.03538968674536891,0.03662457992628779,0.03538969809109491,0.03662456858056179,0.03600713333582835,0.03538968674536891,0.03662457992628779,0.03500001802009079,0.037014248651565905,4.6799931290735864e-05,-7.829324327871594e-05,0.00017189310586018767,-7.829094466227807e-05,0.0001718908072437498,4.6799931290735864e-05,-7.829324327871594e-05,0.00017189310586018767,-7.829094466227807e-05,0.0001718908072437498
akane-midori,48,actual_suppress,expected_source_shift,1000,-0.01198677780151254,-0.012188988655438573,-0.011784566947586506,-0.012188984939766681,-0.011784570663258397,-0.01198677780151254,-0.012188988655438573,-0.011784566947586506,-0.012316603329977673,-0.011656952273047406,-0.012002377778609448,-0.012208193308762594,-0.0117965622484563,-0.01220818952685393,-0.011796566030364965,-0.012002377778609448,-0.012208193308762594,-0.0117965622484563,-0.0123380828838553,-0.011666672673363595,-1.5599977096908386e-05,-5.729770195339231e-05,2.6097747759575536e-05,-5.729693574791301e-05,2.6096981554096237e-05,-1.5599977096908386e-05,-5.729770195339231e-05,2.6097747759575536e-05,-5.729693574791301e-05,2.6096981554096237e-05
akane-midori,48,actual_suppress,permutation_unchanged_fraction,1000,0.4815,0.4659157232416104,0.49708427675838956,0.46591600960635293,0.49708399039364703,0.0,0.0,0.0,0.0,0.0,0.4815,0.4659157232416104,0.49708427675838956,0.46591600960635293,0.49708399039364703,0.0,0.0,0.0,0.0,0.0,0.0,0.0,0.0,0.0,0.0,0.0,0.0,0.0,0.0,0.0
akane-midori,48,actual_suppress,information_transfers,1000,5.801,5.774155398475093,5.827844601524907,5.7741558917509455,5.827844108249055,0,0.0,0.0,0.0,0.0,5.801,5.774155398475093,5.827844601524907,5.7741558917509455,5.827844108249055,0,0.0,0.0,0.0,0.0,0,0.0,0.0,0.0,0.0,0,0.0,0.0,0.0,0.0
akane-midori,48,permuted_promote,bridge_count,1000,3.554,3.5214758472068075,3.586524152793192,3.5214764448457476,3.586523555154252,-0.012,-0.024986371912718942,0.0009863719127189436,-0.033182032990791074,0.00918203299079107,3.483,3.448489468935492,3.517510531064508,3.448490103074599,3.517509896925401,0.002,-0.012933869359749134,0.016933869359749134,-0.02235859034258479,0.026358590342584795,-0.071,-0.08809082182314795,-0.053909178176852035,-0.0880905077752863,-0.05390949222471368,0.014,-0.0019074099743513259,0.029907409974351325,-0.0019071176719601107,0.02990711767196011
akane-midori,48,permuted_promote,bridge_rate,1000,0.8885,0.8803689618017019,0.896631038198298,0.8803691112114369,0.896630888788563,-0.003,-0.006246592978179736,0.0002465929781797359,-0.008295508247697769,0.0022955082476977676,0.87075,0.862122367233873,0.879377632766127,0.8621225257686498,0.8793774742313503,0.0005,-0.0032334673399372835,0.0042334673399372835,-0.005589647585646198,0.006589647585646199,-0.01775,-0.022022705455786988,-0.013477294544213009,-0.022022626943821576,-0.01347737305617842,0.0035,-0.00047685249358783146,0.007476852493587831,-0.00047677941799002766,0.007476779417990027
akane-midori,48,permuted_promote,unformed_turns,1000,16.92475,16.62852570181578,17.22097429818422,16.62853114500677,17.220968854993227,0.0845,-0.016976911557157554,0.18597691155715756,-0.08101869166029936,0.2500186916602994,17.987,17.67508256756915,18.298917432430848,17.675088299125164,18.298911700874832,-0.0235,-0.13786188052019832,0.09086188052019831,-0.21003532659843316,0.16303532659843317,1.06225,0.9131082623213145,1.2113917376786854,0.9131110028357429,1.2113889971642569,-0.108,-0.23155090612376747,0.015550906123767472,-0.23154863584687418,0.015548635846874187
akane-midori,48,permuted_promote,all_formed,1000,0.568,0.5372822523348207,0.5987177476651792,0.5372828167806425,0.5987171832193574,-0.012,-0.024065371224408424,6.537122440842223e-05,-0.031679791479809254,0.007679791479809253,0.513,0.48200465388028263,0.5439953461197174,0.4820052234270411,0.5439947765729589,0.003,-0.010725604460926953,0.01672560446092695,-0.019387793023635393,0.02538779302363539,-0.055,-0.0699311653831742,-0.040068834616825796,-0.06993089101950645,-0.040069108980493554,0.015,0.0010267221994088842,0.028973277800591113,0.00102697896166753,0.02897302103833247
akane-midori,48,permuted_promote,free_known_share,1000,0.12954761904761905,0.1266556561724262,0.1324395819228119,0.12665570931292267,0.13243952878231544,0.0004047619047619048,-0.0010226940402393286,0.001832217849763138,-0.0019235572842413924,0.002733081093765202,0.19528571428571428,0.19251908115479444,0.19805234741663413,0.19251913199232745,0.19805229657910112,0.00014285714285714308,-0.0011760544517772841,0.0014617687374915704,-0.0020084156758522443,0.00229412996156653,0.06573809523809523,0.06340832465141892,0.06806786582477155,0.06340836746150016,0.0680678230146903,-0.0002619047619047617,-0.002054995357774392,0.001531185833964869,-0.002054962409313915,0.0015311528855043916
akane-midori,48,permuted_promote,free_bridge_share,1000,0.7375238095238095,0.7333099419347845,0.7417376771128344,0.7333100193655903,0.7417375996820287,-0.0014047619047619034,-0.003374349732085904,0.0005648259225620972,-0.004617350810811695,0.0018078270012878875,0.6712142857142858,0.6670795112391832,0.6753490601893883,0.6670795872166344,0.6753489842119371,-0.0009761904761904773,-0.002856192310174868,0.0009038113577939137,-0.004042655932273934,0.0020902749798929793,-0.0663095238095238,-0.06867407473963741,-0.0639449728794102,-0.06867403129045918,-0.06394501632858843,0.0004285714285714262,-0.0014585810913703011,0.0023157239485131534,-0.0014585464144998956,0.002315689271642748
akane-midori,48,permuted_promote,source_contact_share,1000,0.4804285714285714,0.47629859828225435,0.4845585445748885,0.47629867417148003,0.4845584686856628,0.0011428571428571423,-0.0006176079072782773,0.002903322192992562,-0.0017286322170448948,0.004014346502759179,0.4798809523809524,0.4756760049741701,0.4840858997877347,0.4756760822410655,0.4840858225208393,-0.0009047619047619038,-0.0026193449689418994,0.0008098211594180917,-0.003701413292463334,0.0018918894829395264,-0.0005476190476190473,-0.0025808988184884245,0.00148566072325033,-0.0025808614564954923,0.0014856233612573978,-0.002047619047619046,-0.0036437103136661275,-0.00045152778157196466,-0.0036436809851145644,-0.0004515571101235275
akane-midori,48,permuted_promote,unformed_bridge_contacts,1000,7.249,7.1109352716019485,7.387064728398051,7.110937808573732,7.387062191426267,0.043,-0.005478323294328458,0.09147832329432845,-0.03607285038964404,0.12207285038964404,7.087,6.954297505367526,7.2197024946324735,6.954299943807006,7.219700056192994,0.016,-0.031621721711617895,0.0636217217116179,-0.061675650070194696,0.0936756500701947,-0.162,-0.22350593491387338,-0.10049406508612663,-0.22350480472788598,-0.10049519527211405,-0.027,-0.07896676648030372,0.02496676648030372,-0.07896581157877477,0.02496581157877478
akane-midori,48,permuted_promote,selection_total_variation,1000,0.03602332502597151,0.03541668893391037,0.036629961118032656,0.03541670008099092,0.036629949970952105,0.03602332502597151,0.03541668893391037,0.036629961118032656,0.03503384268234184,0.037012807369601185,0.03613824042052773,0.03551959070745306,0.03675689013360241,0.03551960207528671,0.036756878765768754,0.03613824042052773,0.03551959070745306,0.03675689013360241,0.035129162695034834,0.03714731814602063,0.00011491539455622353,-1.4653008363621031e-05,0.0002444837974760681,-1.4650627513812007e-05,0.00024448141662625905,0.00011491539455622353,-1.4653008363621031e-05,0.0002444837974760681,-1.4650627513812007e-05,0.00024448141662625905
akane-midori,48,permuted_promote,expected_source_shift,1000,-0.00014527016372015738,-0.0004531974602353365,0.00016265713279502172,-0.00045319180199900283,0.00016265147455868804,-0.00014527016372015738,-0.0004531974602353365,0.00016265713279502172,-0.0006475294704293254,0.00035698914298901055,-0.00012958495637306876,-0.00044063637126906774,0.0001814664585229302,-0.00044063065562632565,0.00018146074288018812,-0.00012958495637306876,-0.00044063637126906774,0.0001814664585229302,-0.0006369400033747854,0.0003777700906286478,1.568520734708862e-05,-2.8329338509522556e-05,5.9699753203699794e-05,-2.83285297319137e-05,5.969894442609094e-05,1.568520734708862e-05,-2.8329338509522556e-05,5.9699753203699794e-05,-2.83285297319137e-05,5.969894442609094e-05
akane-midori,48,permuted_promote,permutation_unchanged_fraction,1000,0.4815,0.4659157232416104,0.49708427675838956,0.46591600960635293,0.49708399039364703,0.0,0.0,0.0,0.0,0.0,0.4815,0.4659157232416104,0.49708427675838956,0.46591600960635293,0.49708399039364703,0.0,0.0,0.0,0.0,0.0,0.0,0.0,0.0,0.0,0.0,0.0,0.0,0.0,0.0,0.0
akane-midori,48,permuted_promote,information_transfers,1000,5.801,5.774155398475093,5.827844601524907,5.7741558917509455,5.827844108249055,0,0.0,0.0,0.0,0.0,5.801,5.774155398475093,5.827844601524907,5.7741558917509455,5.827844108249055,0,0.0,0.0,0.0,0.0,0,0.0,0.0,0.0,0.0,0,0.0,0.0,0.0,0.0
akane-midori,48,permuted_suppress,bridge_count,1000,3.564,3.5317835273888107,3.5962164726111894,3.531784119374055,3.596215880625945,-0.002,-0.016409672871799424,0.012409672871799424,-0.025503574994492642,0.02150357499449264,3.476,3.4415054625844683,3.5104945374155316,3.441506096429688,3.5104939035703118,-0.005,-0.019801832800510018,0.00980183280051002,-0.02914322589956786,0.019143225899567858,-0.088,-0.10642236774231893,-0.06957763225768106,-0.10642202922698855,-0.06957797077301144,-0.003,-0.017541832432348078,0.01154183243234808,-0.017541565222764652,0.011541565222764654
akane-midori,48,permuted_suppress,bridge_rate,1000,0.891,0.8829458818472027,0.8990541181527973,0.8829460298435138,0.8990539701564862,-0.0005,-0.004102418217949856,0.003102418217949856,-0.0063758937486231605,0.00537589374862316,0.869,0.8603763656461171,0.8776236343538829,0.860376524107422,0.8776234758925779,-0.00125,-0.0049504582001275044,0.002450458200127505,-0.007285806474891965,0.004785806474891964,-0.022,-0.026605591935579733,-0.017394408064420264,-0.02660550730674714,-0.01739449269325286,-0.00075,-0.0043854581080870194,0.00288545810808702,-0.004385391305691163,0.0028853913056911635
akane-midori,48,permuted_suppress,unformed_turns,1000,16.908,16.613455823738835,17.202544176261167,16.613461236057194,17.20253876394281,0.06775,-0.04385973904525424,0.17935973904525426,-0.11429631674183924,0.24979631674183925,18.053,17.74701353385638,18.358986466143623,17.7470191564295,18.358980843570503,0.0425,-0.07607965949371606,0.16107965949371608,-0.15091493346364365,0.23591493346364367,1.145,0.9896041853227082,1.3003958146772918,0.9896070407572691,1.300392959242731,-0.02525,-0.15362573434675678,0.10312573434675679,-0.15362337541251267,0.10312337541251268
akane-midori,48,permuted_suppress,all_formed,1000,0.576,0.5453544445560458,0.6066455554439542,0.5453550076753185,0.6066449923246814,-0.004,-0.017583808532744202,0.009583808532744204,-0.02615651010266921,0.01815651010266921,0.506,0.4749964046387306,0.5370035953612694,0.4749969743370709,0.5370030256629291,-0.004,-0.017864008985324017,0.009864008985324019,-0.026613544235872134,0.018613544235872134,-0.07,-0.08653514956603572,-0.05346485043396429,-0.0865348457287822,-0.05346515427121781,0,-0.01330001843947934,0.01330001843947934,-0.013299774048519447,0.013299774048519447
akane-midori,48,permuted_suppress,free_known_share,1000,0.12895238095238096,0.12606101175456821,0.1318437501501937,0.12606106488415575,0.13184369702060617,-0.00019047619047619045,-0.001569165288160116,0.0011882129072077353,-0.0024392519184054696,0.0020582995374530885,0.19542857142857142,0.19270180405180573,0.19815533880533712,0.19270185415679617,0.19815528870034668,0.0002857142857142858,-0.001014798416586003,0.0015862269880145747,-0.0018355481538811294,0.002406976725309701,0.06647619047619048,0.06417330931085397,0.068779071641527,0.0641733516268358,0.06877902932554517,0.00047619047619047624,-0.0012692919588839578,0.0022216729112649104,-0.001269259885234607,0.0022216408376155594
akane-midori,48,permuted_suppress,free_bridge_share,1000,0.7392619047619048,0.7350024547892411,0.7435213547345685,0.7350025330576339,0.7435212764661757,0.0003333333333333327,-0.0016780279682225333,0.0023446946348891985,-0.0029473921635415454,0.0036140588302082106,0.6719761904761905,0.6678655405061116,0.6760868404462694,0.6678656160402694,0.6760867649121116,-0.00021428571428571514,-0.0022000769840235406,0.0017715055554521106,-0.003453304007548564,0.003024732578977134,-0.06728571428571428,-0.06963590815717588,-0.06493552041425268,-0.06963586497181198,-0.06493556359961658,-0.0005476190476190479,-0.002333151172620964,0.0012379130773828681,-0.0023331183630491623,0.0012378802678110665
akane-midori,48,permuted_suppress,source_contact_share,1000,0.4801666666666667,0.4760555288316211,0.48427780450171226,0.4760556043747436,0.4842777289585898,0.0008809523809523802,-0.0008620498218291094,0.00262395458373387,-0.001962053380046886,0.0037239581419516465,0.4810238095238095,0.47681657751199924,0.4852310415356198,0.47681665482087476,0.4852309642267443,0.00023809523809523818,-0.001479881705321479,0.0019560721815119553,-0.0025640918960365394,0.0030402823722270158,0.0008571428571428568,-0.0011837525260348768,0.00289803824032059,-0.0011837150241032811,0.0028980007383889944,-0.0006428571428571421,-0.0022523230661795697,0.0009666087804652856,-0.002252293491865541,0.0009665792061512568
akane-midori,48,permuted_suppress,unformed_bridge_contacts,1000,7.24,7.102445902388298,7.377554097611703,7.1024484299771204,7.37755157002288,0.034,-0.020019378037918978,0.08801937803791898,-0.05411084846727188,0.12211084846727188,7.098,6.966009884217551,7.229990115782448,6.966012309566902,7.229987690433098,0.027,-0.02721219822176588,0.08121219822176588,-0.06142535690142008,0.11542535690142007,-0.142,-0.20413048023453684,-0.07986951976546314,-0.20412933857238258,-0.07987066142761738,-0.007,-0.05965337348489021,0.04565337348489021,-0.05965240596679644,0.04565240596679644
akane-midori,48,permuted_suppress,selection_total_variation,1000,0.03589255084292206,0.03528763694618697,0.03649746473965715,0.035287648061621775,0.03649745362422235,0.03589255084292206,0.03528763694618697,0.03649746473965715,0.03490587756701802,0.036879224118826104,0.03604251029590726,0.03542586308935895,0.03665915750245556,0.03542587442039608,0.03665914617141843,0.03604251029590726,0.03542586308935895,0.03665915750245556,0.03503669885291351,0.037048321738901005,0.0001499594529851995,1.45824016659886e-05,0.00028533650430441037,1.458488925107506e-05,0.00028533401671932394,0.0001499594529851995,1.45824016659886e-05,0.00028533650430441037,1.458488925107506e-05,0.00028533401671932394
akane-midori,48,permuted_suppress,expected_source_shift,1000,0.0001028754542431638,-0.00020549303657749267,0.00041124394506382027,-0.00020548737023411005,0.00041123827872043765,0.0001028754542431638,-0.00020549303657749267,0.00041124394506382027,-0.00040010348319865076,0.0006058543916849784,0.00011184457782768262,-0.00019950845990434533,0.00042319761555971057,-0.00019950273871921286,0.0004231918943745781,0.00011184457782768262,-0.00019950845990434533,0.00042319761555971057,-0.00039600244529380634,0.0006196916009491716,8.969123584518809e-06,-3.423955815607861e-05,5.217780532511622e-05,-3.4238764186412e-05,5.217701135544961e-05,8.969123584518809e-06,-3.423955815607861e-05,5.217780532511622e-05,-3.4238764186412e-05,5.217701135544961e-05
akane-midori,48,permuted_suppress,permutation_unchanged_fraction,1000,0.4815,0.4659157232416104,0.49708427675838956,0.46591600960635293,0.49708399039364703,0.0,0.0,0.0,0.0,0.0,0.4815,0.4659157232416104,0.49708427675838956,0.46591600960635293,0.49708399039364703,0.0,0.0,0.0,0.0,0.0,0.0,0.0,0.0,0.0,0.0,0.0,0.0,0.0,0.0,0.0
akane-midori,48,permuted_suppress,information_transfers,1000,5.801,5.774155398475093,5.827844601524907,5.7741558917509455,5.827844108249055,0,0.0,0.0,0.0,0.0,5.801,5.774155398475093,5.827844601524907,5.7741558917509455,5.827844108249055,0,0.0,0.0,0.0,0.0,0,0.0,0.0,0.0,0.0,0,0.0,0.0,0.0,0.0
akane-kurumi,12,neutral,bridge_count,1000,0.974,0.9248061883006662,1.0231938116993338,0.9248070922485003,1.0231929077514996,0,0.0,0.0,0.0,0.0,0.91,0.8609401966544473,0.9590598033455527,0.8609410981398465,0.9590589018601535,0,0.0,0.0,0.0,0.0,-0.064,-0.08565121663051714,-0.04234878336948287,-0.08565081878433073,-0.042349181215669274,0,0.0,0.0,0.0,0.0
akane-kurumi,12,neutral,bridge_rate,1000,0.2435,0.23120154707516655,0.25579845292483344,0.23120177306212508,0.2557982269378749,0.0,0.0,0.0,0.0,0.0,0.2275,0.21523504916361183,0.23976495083638819,0.21523527453496163,0.23976472546503838,0.0,0.0,0.0,0.0,0.0,-0.016,-0.021412804157629285,-0.010587195842370717,-0.021412704696082682,-0.010587295303917318,0.0,0.0,0.0,0.0,0.0
akane-kurumi,12,neutral,unformed_turns,1000,11.09925,11.048573274478223,11.149926725521777,11.048574205674946,11.149925794325053,0.0,0.0,0.0,0.0,0.0,11.16475,11.114489182441172,11.215010817558827,11.11449010599549,11.21500989400451,0.0,0.0,0.0,0.0,0.0,0.0655,0.04442883083998969,0.08657116916001031,0.0444292180276677,0.08657078197233231,0.0,0.0,0.0,0.0,0.0
akane-kurumi,12,neutral,all_formed,1000,0.001,-0.0009599999999999999,0.00296,-0.0009599639845400535,0.0029599639845400536,0,0.0,0.0,0.0,0.0,0.001,-0.0009599999999999999,0.00296,-0.0009599639845400535,0.0029599639845400536,0,0.0,0.0,0.0,0.0,0,-0.0027732455518563247,0.0027732455518563247,-0.0027731945928185214,0.0027731945928185214,0,0.0,0.0,0.0,0.0
akane-kurumi,12,neutral,free_known_share,1000,0.246,0.23691069034799947,0.2550893096520005,0.23691085736619727,0.2550891426338027,0.0,0.0,0.0,0.0,0.0,0.2843333333333333,0.27546928103449786,0.2931973856321688,0.275469443913539,0.29319722275312765,0.0,0.0,0.0,0.0,0.0,0.03833333333333333,0.03367557406646963,0.04299109260019703,0.033675659653889176,0.042991007012777485,0.0,0.0,0.0,0.0,0.0
akane-kurumi,12,neutral,free_bridge_share,1000,0.5036666666666667,0.4917048806363054,0.5156284526970281,0.4917051004369307,0.5156282328964027,0.0,0.0,0.0,0.0,0.0,0.4658333333333333,0.45413585084126656,0.4775308158254001,0.4541360657852524,0.47753060088141425,0.0,0.0,0.0,0.0,0.0,-0.03783333333333334,-0.042697187110170315,-0.03296947955649636,-0.04269709773571578,-0.03296956893095089,0.0,0.0,0.0,0.0,0.0
akane-kurumi,12,neutral,source_contact_share,1000,0.44566666666666666,0.43587416859264894,0.4554591647406844,0.435874348532099,0.4554589848012343,0.0,0.0,0.0,0.0,0.0,0.4415,0.4316744243197378,0.4513255756802622,0.43167460486699666,0.45132539513300335,0.0,0.0,0.0,0.0,0.0,-0.004166666666666667,-0.0084576736019088,0.00012434026857546538,-0.008457594753649409,0.000124261420316075,0.0,0.0,0.0,0.0,0.0
akane-kurumi,12,neutral,unformed_bridge_contacts,1000,2.725,2.6596262137249806,2.7903737862750195,2.6596274149836443,2.790372585016356,0,0.0,0.0,0.0,0.0,2.541,2.477750573438486,2.604249426561514,2.4777517356615415,2.6042482643384584,0,0.0,0.0,0.0,0.0,-0.184,-0.21464053577914122,-0.15335946422085878,-0.21463997275210595,-0.15336002724789405,0,0.0,0.0,0.0,0.0
akane-kurumi,12,neutral,selection_total_variation,1000,0.0,0.0,0.0,0.0,0.0,0.0,0.0,0.0,0.0,0.0,0.0,0.0,0.0,0.0,0.0,0.0,0.0,0.0,0.0,0.0,0.0,0.0,0.0,0.0,0.0,0.0,0.0,0.0,0.0,0.0
akane-kurumi,12,neutral,expected_source_shift,1000,0.0,0.0,0.0,0.0,0.0,0.0,0.0,0.0,0.0,0.0,0.0,0.0,0.0,0.0,0.0,0.0,0.0,0.0,0.0,0.0,0.0,0.0,0.0,0.0,0.0,0.0,0.0,0.0,0.0,0.0
akane-kurumi,12,neutral,permutation_unchanged_fraction,1000,0.4815,0.4659157232416104,0.49708427675838956,0.46591600960635293,0.49708399039364703,0.0,0.0,0.0,0.0,0.0,0.4815,0.4659157232416104,0.49708427675838956,0.46591600960635293,0.49708399039364703,0.0,0.0,0.0,0.0,0.0,0.0,0.0,0.0,0.0,0.0,0.0,0.0,0.0,0.0,0.0
akane-kurumi,12,neutral,information_transfers,1000,5.801,5.774155398475093,5.827844601524907,5.7741558917509455,5.827844108249055,0,0.0,0.0,0.0,0.0,5.801,5.774155398475093,5.827844601524907,5.7741558917509455,5.827844108249055,0,0.0,0.0,0.0,0.0,0,0.0,0.0,0.0,0.0,0,0.0,0.0,0.0,0.0
akane-kurumi,12,actual_promote,bridge_count,1000,0.931,0.8822413664388886,0.9797586335611115,0.8822422623902223,0.9797577376097778,-0.043,-0.05882828532141799,-0.027171714678582003,-0.06881746958421536,-0.017182530415784634,0.861,0.8128189387719504,0.9091810612280495,0.812819824110257,0.909180175889743,-0.049,-0.06426532503907298,-0.03373467496092702,-0.07389922672521808,-0.024100773274781925,-0.07,-0.09228109079481989,-0.047718909205180134,-0.0922806813745479,-0.04771931862545212,-0.006,-0.024391866766676054,0.012391866766676056,-0.024391528811808262,0.012391528811808264
akane-kurumi,12,actual_promote,bridge_rate,1000,0.23275,0.22056034160972215,0.24493965839027787,0.22056056559755557,0.24493943440244445,-0.01075,-0.014707071330354498,-0.006792928669645501,-0.01720436739605384,-0.0042956326039461585,0.21525,0.2032047346929876,0.22729526530701238,0.20320495602756425,0.22729504397243575,-0.01225,-0.016066331259768245,-0.008433668740231754,-0.01847480668130452,-0.006025193318695481,-0.0175,-0.02307027269870497,-0.011929727301295033,-0.023070170343636974,-0.01192982965636303,-0.0015,-0.0060979666916690135,0.003097966691669014,-0.0060978822029520655,0.003097882202952066
akane-kurumi,12,actual_promote,unformed_turns,1000,11.14325,11.09304671248636,11.19345328751364,11.093047634983549,11.193452365016451,0.044,0.027792046391966682,0.06020795360803331,0.017563254591351617,0.07043674540864837,11.21275,11.163337762557145,11.262162237442855,11.163338670518604,11.262161329481396,0.048,0.0324418700028246,0.0635581299971754,0.022623179969732798,0.0733768200302672,0.0695,0.04756068722486857,0.09143931277513144,0.047561090364889244,0.09143890963511077,0.004,-0.013984342383611667,0.021984342383611667,-0.013984011917100046,0.021984011917100046
akane-kurumi,12,actual_promote,all_formed,1000,0.002,-0.0007704709182933338,0.004770470918293334,-0.0007704200102400735,0.004770420010240074,0.001,-0.0009599999999999999,0.00296,-0.0021969502291312535,0.0041969502291312535,0.001,-0.0009599999999999999,0.00296,-0.0009599639845400535,0.0029599639845400536,0,0.0,0.0,0.0,0.0,-0.001,-0.00296,0.0009599999999999999,-0.0029599639845400536,0.0009599639845400535,-0.001,-0.00296,0.0009599999999999999,-0.0029599639845400536,0.0009599639845400535
akane-kurumi,12,actual_promote,free_known_share,1000,0.244,0.2349149220674206,0.2530850779325794,0.23491508900785957,0.2530849109921404,-0.002,-0.004528575480508204,0.0005285754805082039,-0.006124352021319578,0.0021243520213195775,0.2821666666666667,0.27317586166271607,0.2911574716706173,0.27317602687086784,0.2911573064624655,-0.0021666666666666666,-0.004917306725242662,0.0005839733919093286,-0.0066532275674432645,0.0023198942341099314,0.03816666666666667,0.03353813590298326,0.042795197430350075,0.033538220953322206,0.04279511238001113,-0.00016666666666666666,-0.0038207239065152524,0.0034873905731819194,-0.0038206567623559856,0.0034873234290226525
akane-kurumi,12,actual_promote,free_bridge_share,1000,0.5081666666666667,0.49604924868919875,0.5202840846441346,0.4960494713495976,0.5202838619837357,0.004500000000000001,-8.25400531054895e-06,0.009008254005310551,-0.002853399834316047,0.01185339983431605,0.4695,0.4576729440233295,0.48132705597667047,0.4576731613482585,0.4813268386517415,0.003666666666666667,-0.0009033020656349245,0.008236635398968259,-0.0037873958771365143,0.01112072921046985,-0.03866666666666667,-0.043516279470215455,-0.03381705386311788,-0.04351619035744215,-0.03381714297589119,-0.0008333333333333338,-0.004713881947438732,0.0030472152807720643,-0.004713810641447313,0.0030471439747806455
akane-kurumi,12,actual_promote,source_contact_share,1000,0.47783333333333333,0.467859331512985,0.4878073351536817,0.467859514787609,0.48780715187905765,0.03216666666666666,0.027664577279138052,0.03666875605419527,0.024823321922264125,0.039510011411069204,0.4735,0.46364229744877244,0.4833577025512275,0.46364247858637014,0.4833575214136298,0.032,0.027650137855235384,0.03634986214476462,0.024904952663063976,0.03909504733693603,-0.004333333333333334,-0.008947591333055404,0.0002809246663887351,-0.008947506544981845,0.00028083987831517814,-0.00016666666666666699,-0.004753934394081403,0.004420601060748069,-0.004753850101960434,0.004420516768627099
akane-kurumi,12,actual_promote,unformed_bridge_contacts,1000,2.766,2.699927926706745,2.832072073293255,2.6999291407965966,2.8320708592034034,0.041,0.0138760847741854,0.0681239152258146,-0.003241738263318715,0.08524173826331871,2.57,2.506182202550767,2.6338177974492325,2.506183375217771,2.6338166247822286,0.029,0.0031210716347578812,0.05487892836524212,-0.013211043860679634,0.07121104386067964,-0.196,-0.22584197778361947,-0.16615802221638054,-0.2258414294302748,-0.16615857056972522,-0.012,-0.03725450850441955,0.013254508504419556,-0.037254044446899406,0.013254044446899402
akane-kurumi,12,actual_promote,selection_total_variation,1000,0.03410705160699054,0.03347721583232014,0.03473688738166094,0.033477227405700305,0.034736875808280776,0.03410705160699054,0.03347721583232014,0.03473688738166094,0.03307972832936422,0.03513437488461686,0.032777219602646755,0.032161056802416106,0.033393382402877404,0.032161068124552154,0.033393371080741356,0.032777219602646755,0.032161056802416106,0.033393382402877404,0.03177219827337149,0.033782240931922024,-0.001329832004343784,-0.0014045496899615685,-0.0012551143187259995,-0.0014045483170065614,-0.0012551156916810065,-0.001329832004343784,-0.0014045496899615685,-0.0012551143187259995,-0.0014045483170065614,-0.0012551156916810065
akane-kurumi,12,actual_promote,expected_source_shift,1000,0.01136901720233018,0.011159071944106714,0.011578962460553647,0.011159075801900101,0.01157895860276026,0.01136901720233018,0.011159071944106714,0.011578962460553647,0.011026576109788072,0.011711458294872289,0.010925739867548922,0.01072035226747204,0.011131127467625804,0.010720356041517389,0.011131123693580455,0.010925739867548922,0.01072035226747204,0.011131127467625804,0.010590732757790499,0.011260746977307345,-0.00044327733478125963,-0.0004681832299871878,-0.00041837143957533144,-0.0004681827723355188,-0.00041837189722700044,-0.00044327733478125963,-0.0004681832299871878,-0.00041837143957533144,-0.0004681827723355188,-0.00041837189722700044
akane-kurumi,12,actual_promote,permutation_unchanged_fraction,1000,0.4815,0.4659157232416104,0.49708427675838956,0.46591600960635293,0.49708399039364703,0.0,0.0,0.0,0.0,0.0,0.4815,0.4659157232416104,0.49708427675838956,0.46591600960635293,0.49708399039364703,0.0,0.0,0.0,0.0,0.0,0.0,0.0,0.0,0.0,0.0,0.0,0.0,0.0,0.0,0.0
akane-kurumi,12,actual_promote,information_transfers,1000,5.801,5.774155398475093,5.827844601524907,5.7741558917509455,5.827844108249055,0,0.0,0.0,0.0,0.0,5.801,5.774155398475093,5.827844601524907,5.7741558917509455,5.827844108249055,0,0.0,0.0,0.0,0.0,0,0.0,0.0,0.0,0.0,0,0.0,0.0,0.0,0.0
akane-kurumi,12,actual_suppress,bridge_count,1000,1.031,0.9816222480788687,1.0803777519211313,0.9816231554066475,1.0803768445933524,0.057,0.04038932403072783,0.07361067596927218,0.029906375333678733,0.08409362466632127,0.965,0.9154769854616163,1.0145230145383837,0.9154778954586298,1.0145221045413702,0.055,0.038596188094072614,0.07140381190592739,0.028243790698326256,0.08175620930167374,-0.066,-0.08615560067670122,-0.045844399323298785,-0.08615523031280894,-0.04584476968719106,-0.002,-0.021213208503031995,0.017213208503032,-0.021212855455817053,0.017212855455817057
akane-kurumi,12,actual_suppress,bridge_rate,1000,0.25775,0.24540556201971717,0.2700944379802828,0.24540578885166187,0.2700942111483381,0.01425,0.010097331007681957,0.018402668992318044,0.007476593833419683,0.021023406166580317,0.24125,0.22886924636540407,0.2536307536345959,0.22886947386465745,0.25363052613534254,0.01375,0.009649047023518154,0.017850952976481847,0.007060947674581564,0.020439052325418434,-0.0165,-0.021538900169175305,-0.011461099830824696,-0.021538807578202236,-0.011461192421797765,-0.0005,-0.005303302125757999,0.004303302125758,-0.005303213863954263,0.004303213863954264
akane-kurumi,12,actual_suppress,unformed_turns,1000,11.0485,10.997414748710618,11.099585251289383,10.9974156874141,11.099584312585902,-0.05075,-0.0659854369034051,-0.03551456309659491,-0.07560047627513045,-0.025899523724869568,11.114,11.062934276912253,11.165065723087748,11.062935215256898,11.165064784743103,-0.05075,-0.06643624484627783,-0.03506375515372218,-0.07633578778342695,-0.025164212216573056,0.0655,0.04566259345836008,0.08533740654163993,0.04566295797536046,0.08533704202463954,0.0,-0.018198598544640437,0.018198598544640437,-0.018198264141121575,0.018198264141121575
akane-kurumi,12,actual_suppress,all_formed,1000,0.001,-0.0009599999999999999,0.00296,-0.0009599639845400535,0.0029599639845400536,0,0.0,0.0,0.0,0.0,0,0.0,0.0,0.0,0.0,-0.001,-0.00296,0.0009599999999999999,-0.0041969502291312535,0.0021969502291312535,-0.001,-0.00296,0.0009599999999999999,-0.0029599639845400536,0.0009599639845400535,-0.001,-0.00296,0.0009599999999999999,-0.0029599639845400536,0.0009599639845400535
akane-kurumi,12,actual_suppress,free_known_share,1000,0.24416666666666664,0.23510471580618178,0.2532286175271515,0.23510488232165538,0.2532284510116779,-0.0018333333333333333,-0.004545806768107687,0.0008791401014410203,-0.006257640766401858,0.002590974099735191,0.283,0.2741768214677053,0.29182317853229467,0.2741769835956813,0.2918230164043186,-0.0013333333333333335,-0.0037777080343130956,0.0011110413676464286,-0.005320345711078174,0.002653679044411508,0.03883333333333333,0.0341343503657308,0.04353231630093586,0.03413443671064552,0.04353222995602114,0.0004999999999999998,-0.0031830579179179157,0.004183057917917915,-0.0031829902408643833,0.004182990240864383
akane-kurumi,12,actual_suppress,free_bridge_share,1000,0.5046666666666667,0.49284094293463954,0.5164923903986939,0.4928411602350882,0.5164921730982452,0.0010000000000000005,-0.003285888280095571,0.0052858882800955725,-0.005990699754633923,0.007990699754633923,0.4661666666666667,0.4545847413549035,0.47774859197842984,0.454584954175499,0.47774837915783436,0.00033333333333333343,-0.0036157159659469273,0.004282382632613594,-0.006107949351454751,0.006774616018121417,-0.0385,-0.04338760215572118,-0.033612397844278816,-0.04338751234488462,-0.03361248765511538,-0.000666666666666667,-0.004561077640978037,0.0032277443076447034,-0.0045610060802624966,0.0032276727469291626
akane-kurumi,12,actual_suppress,source_contact_share,1000,0.41583333333333333,0.40592021958089847,0.4257464470857682,0.40592040173669,0.4257462649299767,-0.029833333333333333,-0.03413160300715041,-0.02553506365951626,-0.036844228342811605,-0.022822438323855065,0.415,0.4052612300984801,0.4247387699015199,0.4052614090506624,0.4247385909493376,-0.0265,-0.0305257060717398,-0.022474293928260197,-0.03306631732064472,-0.019933682679355285,-0.0008333333333333331,-0.004954180366305808,0.003287513699639141,-0.004954104644774552,0.0032874379781078857,0.003333333333333334,-0.0008725017857659691,0.007539168452432637,-0.0008724245025586875,0.0075390911692253555
akane-kurumi,12,actual_suppress,unformed_bridge_contacts,1000,2.725,2.660514586389102,2.789485413610898,2.66051577132371,2.78948422867629,0,-0.025417215324162377,0.025417215324162377,-0.04145794507880578,0.04145794507880578,2.537,2.474536345305788,2.599463654694212,2.474537493090101,2.599462506909899,-0.004,-0.02801573004698566,0.02001573004698566,-0.043171986569625065,0.03517198656962507,-0.188,-0.2185470196583891,-0.1574529803416109,-0.21854645834973452,-0.15745354165026548,-0.004,-0.028957977382693394,0.020957977382693393,-0.028957518774002183,0.020957518774002183
akane-kurumi,12,actual_suppress,selection_total_variation,1000,0.033748014344291456,0.03312378173533983,0.034372246953243084,0.033123793205760504,0.03437223548282241,0.033748014344291456,0.03312378173533983,0.034372246953243084,0.03272983037377151,0.034766198314811404,0.032492537856375084,0.0318821834140334,0.03310289229871677,0.03188219462943951,0.03310288108331066,0.032492537856375084,0.0318821834140334,0.03310289229871677,0.03149699052255084,0.03348808519019933,-0.0012554764879163746,-0.001330689610407691,-0.001180263365425058,-0.0013306882283489153,-0.0011802647474838338,-0.0012554764879163746,-0.001330689610407691,-0.001180263365425058,-0.0013306882283489153,-0.0011802647474838338
akane-kurumi,12,actual_suppress,expected_source_shift,1000,-0.011249338114763821,-0.01145741565108103,-0.011041260578446612,-0.011457411827607471,-0.011041264401920171,-0.011249338114763821,-0.01145741565108103,-0.011041260578446612,-0.011588732771603804,-0.010909943457923838,-0.010830845952125025,-0.011034297432905587,-0.010627394471344464,-0.011034293694436884,-0.010627398209813167,-0.010830845952125025,-0.011034297432905587,-0.010627394471344464,-0.011162695063399775,-0.010498996840850275,0.00041849216263879595,0.00039342112180835716,0.00044356320346923474,0.0003934215824946157,0.0004435627427829762,0.00041849216263879595,0.00039342112180835716,0.00044356320346923474,0.0003934215824946157,0.0004435627427829762
akane-kurumi,12,actual_suppress,permutation_unchanged_fraction,1000,0.4815,0.4659157232416104,0.49708427675838956,0.46591600960635293,0.49708399039364703,0.0,0.0,0.0,0.0,0.0,0.4815,0.4659157232416104,0.49708427675838956,0.46591600960635293,0.49708399039364703,0.0,0.0,0.0,0.0,0.0,0.0,0.0,0.0,0.0,0.0,0.0,0.0,0.0,0.0,0.0
akane-kurumi,12,actual_suppress,information_transfers,1000,5.801,5.774155398475093,5.827844601524907,5.7741558917509455,5.827844108249055,0,0.0,0.0,0.0,0.0,5.801,5.774155398475093,5.827844601524907,5.7741558917509455,5.827844108249055,0,0.0,0.0,0.0,0.0,0,0.0,0.0,0.0,0.0,0,0.0,0.0,0.0,0.0
akane-kurumi,12,permuted_promote,bridge_count,1000,0.964,0.9149870919904608,1.0130129080095391,0.9149879926141471,1.0130120073858528,-0.01,-0.026627914106331182,0.006627914106331184,-0.037121741740923614,0.01712174174092361,0.901,0.8522823945222727,0.9497176054777273,0.8522832897197058,0.9497167102802943,-0.009,-0.025041613502505403,0.007041613502505406,-0.035165428552280435,0.01716542855228044,-0.063,-0.08366309882987674,-0.042336901170123266,-0.08366271914058679,-0.042337280859413205,0.001,-0.0172907055169643,0.019290705516964303,-0.01729036942095821,0.01929036942095821
akane-kurumi,12,permuted_promote,bridge_rate,1000,0.241,0.2287467729976152,0.2532532270023848,0.22874699815353677,0.2532530018464632,-0.0025,-0.006656978526582796,0.001656978526582796,-0.009280435435230903,0.0042804354352309025,0.22525,0.21307059863056818,0.23742940136943183,0.21307082242992645,0.23742917757007356,-0.00225,-0.006260403375626351,0.0017604033756263514,-0.008791357138070109,0.00429135713807011,-0.01575,-0.020915774707469185,-0.010584225292530816,-0.020915679785146697,-0.010584320214853301,0.00025,-0.004322676379241075,0.004822676379241076,-0.004322592355239552,0.004822592355239553
akane-kurumi,12,permuted_promote,unformed_turns,1000,11.1035,11.052744577301205,11.154255422698796,11.052745509944009,11.154254490055992,0.00425,-0.01240904063068263,0.02090904063068263,-0.022922512123146783,0.031422512123146784,11.17175,11.121354724160621,11.222145275839377,11.121355650185642,11.222144349814357,0.007,-0.009209377085671908,0.023209377085671907,-0.01943906723883352,0.03343906723883352,0.06825,0.04742484275511289,0.08907515724488713,0.04742522542226423,0.08907477457773577,0.00275,-0.014505509279661974,0.020005509279661972,-0.01450519220562967,0.020005192205629668
akane-kurumi,12,permuted_promote,all_formed,1000,0.002,-0.0007704709182933338,0.004770470918293334,-0.0007704200102400735,0.004770420010240074,0.001,-0.0009599999999999999,0.00296,-0.0021969502291312535,0.0041969502291312535,0.001,-0.0009599999999999999,0.00296,-0.0009599639845400535,0.0029599639845400536,0,0.0,0.0,0.0,0.0,-0.001,-0.00296,0.0009599999999999999,-0.0029599639845400536,0.0009599639845400535,-0.001,-0.00296,0.0009599999999999999,-0.0029599639845400536,0.0009599639845400535
akane-kurumi,12,permuted_promote,free_known_share,1000,0.24516666666666664,0.2361497144071572,0.2541836189261761,0.23614988009577095,0.25418345323756236,-0.0008333333333333333,-0.0035476963627648116,0.0018810296960981453,-0.005260722878683522,0.0035940562120168546,0.2798333333333333,0.2708234916845903,0.28884317498207635,0.2708236572425449,0.2888430094241217,-0.0045,-0.007354314324986191,-0.0016456856750138083,-0.009155663691467971,0.00015566369146797175,0.034666666666666665,0.030082462036892466,0.039250871296440865,0.0300825462727283,0.03925078706060503,-0.0036666666666666666,-0.0075546540696871615,0.00022132073635382785,-0.00755458262700625,0.0002212492936729169
akane-kurumi,12,permuted_promote,free_bridge_share,1000,0.504,0.4921282630080568,0.5158717369919432,0.4921284811540099,0.51587151884599,0.00033333333333333397,-0.004357515855305648,0.0050241825219723155,-0.007317896966890925,0.007984563633557594,0.4691666666666667,0.45758942749183074,0.4807439058415026,0.4575896402263174,0.480743693107016,0.0033333333333333335,-0.0013530049185062729,0.00801967158517294,-0.004310539191159108,0.010977205857825776,-0.034833333333333334,-0.039651379153069446,-0.030015287513597222,-0.03965129062034688,-0.03001537604631979,0.0029999999999999996,-0.0010778656085328,0.0070778656085328,-0.0010777906767953046,0.007077790676795304
akane-kurumi,12,permuted_promote,source_contact_share,1000,0.4518333333333333,0.44198777456669,0.46167889209997665,0.4419879554811427,0.4616787111855239,0.006166666666666666,0.0020373261829322005,0.010296007150401132,-0.0005686884382495889,0.01290202177158292,0.4465,0.4366735546448776,0.4563264453551224,0.436673735208117,0.45632626479188304,0.004999999999999999,0.0009035263149621267,0.009096473685037871,-0.0016817461663326408,0.011681746166332638,-0.005333333333333333,-0.009349169940413592,-0.0013174967262530755,-0.009349096148473554,-0.001317570518193113,-0.0011666666666666665,-0.005155480694477386,0.0028221473611440527,-0.005155407399083584,0.0028220740657502507
akane-kurumi,12,permuted_promote,unformed_bridge_contacts,1000,2.732,2.6673715963979294,2.796628403602071,2.667372783960012,2.7966272160399885,0.007,-0.02052025301347947,0.03452025301347947,-0.03788820366183329,0.05188820366183329,2.565,2.5020719173692414,2.6279280826307585,2.502073073687527,2.627926926312473,0.024,-0.0034133604421408108,0.051413360442140815,-0.020713851503448823,0.06871385150344883,-0.167,-0.19562702786396668,-0.13837297213603333,-0.19562650183561187,-0.13837349816438815,0.017,-0.007233072843108847,0.04123307284310885,-0.007232627554708663,0.04123262755470866
akane-kurumi,12,permuted_promote,selection_total_variation,1000,0.03501027242909141,0.03437164070843961,0.03564890414974321,0.03437165244344734,0.035648892414735484,0.03501027242909141,0.03437164070843961,0.03564890414974321,0.0339686021098729,0.03605194274830992,0.03357753784167284,0.03295545185776672,0.03419962382557896,0.03295546328874266,0.03419961239460302,0.03357753784167284,0.03295545185776672,0.03419962382557896,0.03256285522494427,0.03459222045840141,-0.0014327345874185682,-0.001505445896519136,-0.0013600232783180003,-0.0015054445604317686,-0.0013600246144053678,-0.0014327345874185682,-0.001505445896519136,-0.0013600232783180003,-0.0015054445604317686,-0.0013600246144053678
akane-kurumi,12,permuted_promote,expected_source_shift,1000,-3.947530340695948e-05,-0.0003567973161727917,0.00027784670935887274,-0.0003567914853063423,0.00027784087849242335,-3.947530340695948e-05,-0.0003567973161727917,0.00027784670935887274,-0.0005570583041315094,0.00047810769731759047,-4.426099859795089e-05,-0.0003517628963820213,0.00026324089918611953,-0.0003517572459624891,0.00026323524876658736,-4.426099859795089e-05,-0.0003517628963820213,0.00026324089918611953,-0.0005458264386893179,0.00045730444149341606,-4.785695190991413e-06,-2.9940331907229926e-05,2.0368941525247095e-05,-2.993986968487731e-05,2.0368479302894485e-05,-4.785695190991413e-06,-2.9940331907229926e-05,2.0368941525247095e-05,-2.993986968487731e-05,2.0368479302894485e-05
akane-kurumi,12,permuted_promote,permutation_unchanged_fraction,1000,0.4815,0.4659157232416104,0.49708427675838956,0.46591600960635293,0.49708399039364703,0.0,0.0,0.0,0.0,0.0,0.4815,0.4659157232416104,0.49708427675838956,0.46591600960635293,0.49708399039364703,0.0,0.0,0.0,0.0,0.0,0.0,0.0,0.0,0.0,0.0,0.0,0.0,0.0,0.0,0.0
akane-kurumi,12,permuted_promote,information_transfers,1000,5.801,5.774155398475093,5.827844601524907,5.7741558917509455,5.827844108249055,0,0.0,0.0,0.0,0.0,5.801,5.774155398475093,5.827844601524907,5.7741558917509455,5.827844108249055,0,0.0,0.0,0.0,0.0,0,0.0,0.0,0.0,0.0,0,0.0,0.0,0.0,0.0
akane-kurumi,12,permuted_suppress,bridge_count,1000,0.978,0.9288769041677527,1.0271230958322473,0.9288778068161663,1.0271221931838337,0.004,-0.01192915164948442,0.01992915164948442,-0.021981992354941686,0.029981992354941686,0.904,0.8557748625893272,0.9522251374106728,0.8557757487375439,0.9522242512624561,-0.006,-0.02216638036958967,0.010166380369589669,-0.0323689354218279,0.020368935421827904,-0.074,-0.09534894788920466,-0.052651052110795335,-0.09534855559727731,-0.05265144440272269,-0.01,-0.027961984101787664,0.007961984101787665,-0.02796165404611472,0.00796165404611472
akane-kurumi,12,permuted_suppress,bridge_rate,1000,0.2445,0.23221922604193818,0.2567807739580618,0.23221945170404157,0.2567805482959584,0.001,-0.002982287912371105,0.004982287912371105,-0.0054954980887354215,0.0074954980887354215,0.226,0.2139437156473318,0.2380562843526682,0.21394393718438598,0.23805606281561403,-0.0015,-0.005541595092397418,0.002541595092397417,-0.008092233855456975,0.005092233855456976,-0.0185,-0.023837236972301164,-0.013162763027698834,-0.023837138899319328,-0.013162861100680672,-0.0025,-0.006990496025446916,0.0019904960254469163,-0.00699041351152868,0.00199041351152868
akane-kurumi,12,permuted_suppress,unformed_turns,1000,11.0985,11.04797200068165,11.14902799931835,11.047972929145494,11.149027070854505,-0.00075,-0.015740532183853753,0.014240532183853752,-0.02520101290814831,0.023701012908148307,11.17225,11.12287308770926,11.22162691229074,11.12287399502161,11.22162600497839,0.0075,-0.008499578009950652,0.02349957800995065,-0.01859686458414036,0.03359686458414036,0.07375,0.052550225757618835,0.09494977424238116,0.05255061530844541,0.09494938469155459,0.00825,-0.009520363443579791,0.026020363443579792,-0.009520036908981407,0.026020036908981407
akane-kurumi,12,permuted_suppress,all_formed,1000,0.002,-0.0007704709182933338,0.004770470918293334,-0.0007704200102400735,0.004770420010240074,0.001,-0.0009599999999999999,0.00296,-0.0021969502291312535,0.0041969502291312535,0.001,-0.0009599999999999999,0.00296,-0.0009599639845400535,0.0029599639845400536,0,-0.0027732455518563247,0.0027732455518563247,-0.004523432654308319,0.004523432654308319,-0.001,-0.00296,0.0009599999999999999,-0.0029599639845400536,0.0009599639845400535,-0.001,-0.00296,0.0009599999999999999,-0.0029599639845400536,0.0009599639845400535
akane-kurumi,12,permuted_suppress,free_known_share,1000,0.24533333333333332,0.2361400719673418,0.2545265946993248,0.23614024089567676,0.2545264257709899,-0.0006666666666666665,-0.003477861726086512,0.002144528392753179,-0.0052519986510263204,0.003918665317692988,0.2833333333333333,0.2744787096871544,0.2921879569795123,0.2744788723929418,0.2921877942737249,-0.001,-0.003694396728264945,0.0016943967282649448,-0.00539482257030465,0.0033948225703046503,0.038,0.033400906715795535,0.04259909328420446,0.03340099122521389,0.04259900877478611,-0.0003333333333333335,-0.004172662302805045,0.0035059956361383777,-0.004172591754234269,0.0035059250875676016
akane-kurumi,12,permuted_suppress,free_bridge_share,1000,0.5053333333333333,0.49322307103469454,0.5174435956319721,0.49322329356360617,0.5174433731030604,0.0016666666666666676,-0.002907787650403908,0.006241120983737244,-0.005794712301246204,0.00912804563457954,0.4663333333333333,0.45458927599760274,0.4780773906690639,0.4545894917974122,0.47807717486925444,0.0005000000000000007,-0.0038725790944047784,0.004872579094404779,-0.006632100886608104,0.007632100886608105,-0.039,-0.04383933776817438,-0.03416066223182562,-0.04383924884420726,-0.03416075115579274,-0.001166666666666667,-0.005313044905195009,0.0029797115718616742,-0.00531296871452186,0.002979635381188525
akane-kurumi,12,permuted_suppress,source_contact_share,1000,0.445,0.4351891062660897,0.4548108937339103,0.43518928654356437,0.45481071345643564,-0.0006666666666666668,-0.0047223111265914585,0.0033889777932581246,-0.007281816404131698,0.005948483070798364,0.44216666666666665,0.4323694410556011,0.4519638922777322,0.4323696210819208,0.4519637122514125,0.0006666666666666666,-0.003227744307644704,0.004561077640978037,-0.005685495607137416,0.00701882894047075,-0.0028333333333333335,-0.00710357869916107,0.0014369120324944033,-0.007103500232400389,0.0014368335657337222,0.0013333333333333333,-0.003123268337672229,0.005789935004338895,-0.0031231864465707092,0.005789853113237375
akane-kurumi,12,permuted_suppress,unformed_bridge_contacts,1000,2.726,2.660404564186221,2.791595435813779,2.660405769517747,2.7915942304822527,0.001,-0.02567214955645611,0.02767214955645611,-0.04250486461017113,0.044504864610171134,2.548,2.484466160966755,2.611533839033245,2.484467328415956,2.611532671584044,0.007,-0.018489053600584185,0.03248905360058418,-0.03457512027996245,0.04857512027996245,-0.178,-0.20788910343426353,-0.14811089656573645,-0.20788855421497396,-0.14811144578502602,0.006,-0.019715329680573428,0.031715329680573424,-0.019714857155356015,0.03171485715535602
akane-kurumi,12,permuted_suppress,selection_total_variation,1000,0.034916251293066566,0.03427859177945782,0.03555391080667531,0.03427860349660102,0.03555389908953211,0.034916251293066566,0.03427859177945782,0.03555391080667531,0.03387616673789351,0.03595633584823962,0.03349635159734012,0.032875666689689026,0.03411703650499122,0.032875678094919855,0.03411702509976039,0.03349635159734012,0.032875666689689026,0.03411703650499122,0.0324839542719659,0.03450874892271435,-0.0014198996957264448,-0.0014932567268397766,-0.001346542664613113,-0.0014932553788871154,-0.0013465440125657742,-0.0014198996957264448,-0.0014932567268397766,-0.001346542664613113,-0.0014932553788871154,-0.0013465440125657742
akane-kurumi,12,permuted_suppress,expected_source_shift,1000,0.00013099701429621156,-0.00018549220056378253,0.00044748622915620565,-0.0001854863850001901,0.0004474804135926132,0.00013099701429621156,-0.00018549220056378253,0.00044748622915620565,-0.00038522761221615,0.0006472216408085731,0.00013594295995302712,-0.0001703382928013799,0.00044222421270743414,-0.00017033266481148655,0.0004422185847175408,0.00013594295995302712,-0.0001703382928013799,0.00044222421270743414,-0.0003636314896244263,0.0006355174095304805,4.9459456568155606e-06,-1.996583372974028e-05,2.9857725043371403e-05,-1.9965375969948096e-05,2.9857267283579217e-05,4.9459456568155606e-06,-1.996583372974028e-05,2.9857725043371403e-05,-1.9965375969948096e-05,2.9857267283579217e-05
akane-kurumi,12,permuted_suppress,permutation_unchanged_fraction,1000,0.4815,0.4659157232416104,0.49708427675838956,0.46591600960635293,0.49708399039364703,0.0,0.0,0.0,0.0,0.0,0.4815,0.4659157232416104,0.49708427675838956,0.46591600960635293,0.49708399039364703,0.0,0.0,0.0,0.0,0.0,0.0,0.0,0.0,0.0,0.0,0.0,0.0,0.0,0.0,0.0
akane-kurumi,12,permuted_suppress,information_transfers,1000,5.801,5.774155398475093,5.827844601524907,5.7741558917509455,5.827844108249055,0,0.0,0.0,0.0,0.0,5.801,5.774155398475093,5.827844601524907,5.7741558917509455,5.827844108249055,0,0.0,0.0,0.0,0.0,0,0.0,0.0,0.0,0.0,0,0.0,0.0,0.0,0.0
akane-kurumi,24,neutral,bridge_count,1000,2.103,2.0477298701570836,2.1582701298429168,2.0477308857586896,2.158269114241311,0,0.0,0.0,0.0,0.0,2.022,1.9659998010013544,2.0780001989986454,1.9660008300181524,2.0779991699818474,0,0.0,0.0,0.0,0.0,-0.081,-0.10734138057753866,-0.05465861942246135,-0.1073408965484891,-0.0546591034515109,0,0.0,0.0,0.0,0.0
akane-kurumi,24,neutral,bridge_rate,1000,0.52575,0.5119324675392709,0.5395675324607292,0.5119327214396724,0.5395672785603277,0.0,0.0,0.0,0.0,0.0,0.5055,0.4914999502503386,0.5195000497496614,0.4915002075045381,0.5194997924954619,0.0,0.0,0.0,0.0,0.0,-0.02025,-0.026835345144384664,-0.013664654855615337,-0.026835224137122277,-0.013664775862877725,0.0,0.0,0.0,0.0,0.0
akane-kurumi,24,neutral,unformed_turns,1000,18.146,17.96236345670201,18.32963654329799,17.96236683106659,18.329633168933412,0.0,0.0,0.0,0.0,0.0,18.44525,18.26108410048969,18.629415899510313,18.26108748458131,18.629412515418693,0.0,0.0,0.0,0.0,0.0,0.29925,0.21924506359636958,0.37925493640363045,0.21924653370585045,0.3792534662941496,0.0,0.0,0.0,0.0,0.0
akane-kurumi,24,neutral,all_formed,1000,0.048,0.03474400229801336,0.06125599770198664,0.034744245880081875,0.06125575411991813,0,0.0,0.0,0.0,0.0,0.044,0.03128171327508232,0.056718286724917674,0.03128194697658544,0.05671805302341455,0,0.0,0.0,0.0,0.0,-0.004,-0.013603601593337969,0.005603601593337969,-0.013603425124905047,0.005603425124905047,0,0.0,0.0,0.0,0.0
akane-kurumi,24,neutral,free_known_share,1000,0.24,0.23550075735051032,0.24449924264948966,0.23550084002514982,0.24449915997485017,0.0,0.0,0.0,0.0,0.0,0.2735,0.2690491984786636,0.27795080152133644,0.26904928026318603,0.277950719736814,0.0,0.0,0.0,0.0,0.0,0.0335,0.0310605659067141,0.035939434093285906,0.031060610731888018,0.035939389268111986,0.0,0.0,0.0,0.0,0.0
akane-kurumi,24,neutral,free_bridge_share,1000,0.5182777777777778,0.512020634262096,0.5245349212934597,0.5120207492385764,0.5245348063169792,0.0,0.0,0.0,0.0,0.0,0.4851666666666667,0.47887268915060216,0.4914606441827312,0.47887280480391603,0.49146052852941735,0.0,0.0,0.0,0.0,0.0,-0.03311111111111111,-0.03576357242611097,-0.030458649796111254,-0.03576352368651187,-0.03045869853571036,0.0,0.0,0.0,0.0,0.0
akane-kurumi,24,neutral,source_contact_share,1000,0.47144444444444444,0.46607429411286905,0.47681459477601984,0.46607439279064156,0.47681449609824733,0.0,0.0,0.0,0.0,0.0,0.4705,0.4650844742888058,0.47591552571119417,0.4650845738003616,0.47591542619963834,0.0,0.0,0.0,0.0,0.0,-0.0009444444444444444,-0.003377350256420981,0.0014884613675320924,-0.0033773055512057643,0.0014884166623168756,0.0,0.0,0.0,0.0,0.0
akane-kurumi,24,neutral,unformed_bridge_contacts,1000,6.398,6.290599893964781,6.505400106035219,6.290601867466932,6.505398132533068,0,0.0,0.0,0.0,0.0,6.125,6.0206917682672785,6.2293082317327215,6.020693684955514,6.229306315044486,0,0.0,0.0,0.0,0.0,-0.273,-0.325195656717587,-0.22080434328241308,-0.3251946976101462,-0.22080530238985382,0,0.0,0.0,0.0,0.0
akane-kurumi,24,neutral,selection_total_variation,1000,0.0,0.0,0.0,0.0,0.0,0.0,0.0,0.0,0.0,0.0,0.0,0.0,0.0,0.0,0.0,0.0,0.0,0.0,0.0,0.0,0.0,0.0,0.0,0.0,0.0,0.0,0.0,0.0,0.0,0.0
akane-kurumi,24,neutral,expected_source_shift,1000,0.0,0.0,0.0,0.0,0.0,0.0,0.0,0.0,0.0,0.0,0.0,0.0,0.0,0.0,0.0,0.0,0.0,0.0,0.0,0.0,0.0,0.0,0.0,0.0,0.0,0.0,0.0,0.0,0.0,0.0
akane-kurumi,24,neutral,permutation_unchanged_fraction,1000,0.4815,0.4659157232416104,0.49708427675838956,0.46591600960635293,0.49708399039364703,0.0,0.0,0.0,0.0,0.0,0.4815,0.4659157232416104,0.49708427675838956,0.46591600960635293,0.49708399039364703,0.0,0.0,0.0,0.0,0.0,0.0,0.0,0.0,0.0,0.0,0.0,0.0,0.0,0.0,0.0
akane-kurumi,24,neutral,information_transfers,1000,5.801,5.774155398475093,5.827844601524907,5.7741558917509455,5.827844108249055,0,0.0,0.0,0.0,0.0,5.801,5.774155398475093,5.827844601524907,5.7741558917509455,5.827844108249055,0,0.0,0.0,0.0,0.0,0,0.0,0.0,0.0,0.0,0,0.0,0.0,0.0,0.0
akane-kurumi,24,actual_promote,bridge_count,1000,2.018,1.9619256881446587,2.074074311855341,1.9619267185232978,2.074073281476702,-0.085,-0.10681673692397675,-0.06318326307602326,-0.12058521536122639,-0.04941478463877362,1.933,1.8761480941674178,1.9898519058325823,1.8761491388345288,1.9898508611654713,-0.089,-0.11110600284451627,-0.06689399715548372,-0.12505703615252675,-0.05294296384747323,-0.085,-0.11326636565650823,-0.05673363434349178,-0.11326584625540612,-0.056734153744593896,-0.004,-0.030161570330585325,0.022161570330585325,-0.030161089605591256,0.022161089605591256
akane-kurumi,24,actual_promote,bridge_rate,1000,0.5045,0.4904814220361647,0.5185185779638353,0.49048167963082445,0.5185183203691754,-0.02125,-0.026704184230994188,-0.015795815769005815,-0.030146303840306598,-0.012353696159693405,0.48325,0.46903702354185445,0.4974629764581456,0.4690372847086322,0.4974627152913678,-0.02225,-0.027776500711129068,-0.01672349928887093,-0.03126425903813169,-0.013235740961868308,-0.02125,-0.028316591414127058,-0.014183408585872945,-0.02831646156385153,-0.014183538436148474,-0.001,-0.007540392582646331,0.005540392582646331,-0.007540272401397814,0.005540272401397814
akane-kurumi,24,actual_promote,unformed_turns,1000,18.40875,18.226044508911272,18.59145549108873,18.226047866167544,18.59145213383246,0.26275,0.19992895030975535,0.32557104969024464,0.16028277081556458,0.3652172291844354,18.73,18.545032889431685,18.914967110568316,18.545036288245747,18.914963711754254,0.28475,0.22377075273917776,0.3457292472608222,0.18528692933533825,0.38421307066466176,0.32125,0.23457806912788257,0.40792193087211737,0.23457966174495132,0.40792033825504864,0.022,-0.05129166483123259,0.09529166483123258,-0.051290318079692206,0.09529031807969221
akane-kurumi,24,actual_promote,all_formed,1000,0.048,0.03474400229801336,0.06125599770198664,0.034744245880081875,0.06125575411991813,0,-0.007843922942452146,0.007843922942452146,-0.012794199616408309,0.012794199616408309,0.038,0.026143604944853443,0.04985639505514655,0.02614382280889488,0.04985617719110512,-0.006,-0.013327878287758346,0.0013278782877583469,-0.017952480699538257,0.005952480699538257,-0.01,-0.02072281767162059,0.0007228176716205896,-0.02072262063732959,0.0007226206373295869,-0.006,-0.01708674064900132,0.005086740649001321,-0.01708653692754021,0.005086536927540209
akane-kurumi,24,actual_promote,free_known_share,1000,0.23916666666666667,0.23466165725478313,0.2436716760785502,0.23466174003538826,0.24367159329794508,-0.0008333333333333333,-0.0021886826104648947,0.0005220159437982282,-0.0030440395486795698,0.0013773728820129034,0.2722222222222222,0.26780497477182946,0.27663946967261493,0.267805055939788,0.2766393885046564,-0.0012777777777777776,-0.0028431958840444945,0.0002876403284889394,-0.0038311266418163455,0.0012755710862607905,0.03305555555555555,0.03063668142423448,0.03547442968687663,0.03063672587161427,0.035474385239496836,-0.0004444444444444444,-0.0024824019954306263,0.0015935131065417376,-0.0024823645474823866,0.001593475658593498
akane-kurumi,24,actual_promote,free_bridge_share,1000,0.5195,0.5131197873058443,0.5258802126941556,0.5131199045437498,0.5258800954562501,0.001222222222222222,-0.0012417195111910867,0.003686163955635531,-0.0027967058845133575,0.005241150328957801,0.48638888888888887,0.4800636258873641,0.4927141518904136,0.4800637421155561,0.49271403566222166,0.0012222222222222222,-0.0013913200153777517,0.003835764459822196,-0.0030407188264203523,0.005485163270864797,-0.03311111111111111,-0.03571388665547938,-0.030508335566742845,-0.035713838828867965,-0.03050838339335426,2.498001805406602e-19,-0.002300743752980459,0.0023007437529804597,-0.0023007014762740905,0.0023007014762740914
akane-kurumi,24,actual_promote,source_contact_share,1000,0.5029444444444444,0.49749271182952703,0.5083961770593618,0.49749281200639317,0.5083960768824957,0.0315,0.028927664907842515,0.034072335092157485,0.027304271804961613,0.035695728195038384,0.5016111111111111,0.49617030950476204,0.5070519127174602,0.49617040948076835,0.5070518127414538,0.031111111111111114,0.028564537892329565,0.03365768432989266,0.026957403031885003,0.03526481919033723,-0.0013333333333333324,-0.0037728477032900713,0.0011061810366234067,-0.003772802876641051,0.0011061362099743864,-0.00038888888888888805,-0.0030816883525823357,0.002303910574804559,-0.0030816388717602805,0.002303861093982504
akane-kurumi,24,actual_promote,unformed_bridge_contacts,1000,6.552,6.443855939361185,6.660144060638814,6.443857926533678,6.6601420734663215,0.154,0.10850338742108204,0.19949661257891796,0.07979060917914917,0.22820939082085084,6.273,6.169188876593387,6.376811123406612,6.1691907841471405,6.376809215852859,0.148,0.10101431230205894,0.19498568769794106,0.07136178313682542,0.22463821686317456,-0.279,-0.333314529202438,-0.2246854707975621,-0.33331353116021806,-0.224686468839782,-0.006,-0.05637713328443728,0.044377133284437285,-0.05637620759279135,0.04437620759279135
akane-kurumi,24,actual_promote,selection_total_variation,1000,0.035314832575452024,0.03470986891751918,0.03591979623338487,0.03470988003386836,0.03591978511703569,0.035314832575452024,0.03470986891751918,0.03591979623338487,0.03432807813420483,0.036301587016699215,0.034232124207975174,0.03363780993193664,0.03482643848401371,0.033637820852600926,0.03482642756334942,0.034232124207975174,0.03363780993193664,0.03482643848401371,0.0332627399421806,0.03520150847376975,-0.0010827083674768455,-0.00114101136369167,-0.001024405371262021,-0.0011410102923604328,-0.0010244064425932583,-0.0010827083674768455,-0.00114101136369167,-0.001024405371262021,-0.0011410102923604328,-0.0010244064425932583
akane-kurumi,24,actual_promote,expected_source_shift,1000,0.011771610858484006,0.011569956305839724,0.011973265411128288,0.01156996001128945,0.011973261705678563,0.011771610858484006,0.011569956305839724,0.011973265411128288,0.011442692711401609,0.012100529005566404,0.011410708069325058,0.011212603310645546,0.01160881282800457,0.011212606950866975,0.011608809187783141,0.011410708069325058,0.011212603310645546,0.01160881282800457,0.011087579980726864,0.011733836157923252,-0.0003609027891589467,-0.00038033712123055485,-0.00034146845708733856,-0.00038033676412014243,-0.000341468814197751,-0.0003609027891589467,-0.00038033712123055485,-0.00034146845708733856,-0.00038033676412014243,-0.000341468814197751
akane-kurumi,24,actual_promote,permutation_unchanged_fraction,1000,0.4815,0.4659157232416104,0.49708427675838956,0.46591600960635293,0.49708399039364703,0.0,0.0,0.0,0.0,0.0,0.4815,0.4659157232416104,0.49708427675838956,0.46591600960635293,0.49708399039364703,0.0,0.0,0.0,0.0,0.0,0.0,0.0,0.0,0.0,0.0,0.0,0.0,0.0,0.0,0.0
akane-kurumi,24,actual_promote,information_transfers,1000,5.801,5.774155398475093,5.827844601524907,5.7741558917509455,5.827844108249055,0,0.0,0.0,0.0,0.0,5.801,5.774155398475093,5.827844601524907,5.7741558917509455,5.827844108249055,0,0.0,0.0,0.0,0.0,0,0.0,0.0,0.0,0.0,0,0.0,0.0,0.0,0.0
akane-kurumi,24,actual_suppress,bridge_count,1000,2.191,2.136496058215299,2.2455039417847007,2.1364970597380193,2.2455029402619804,0.088,0.0672232263350653,0.10877677366493468,0.05411106564861164,0.12188893435138834,2.114,2.0576067489395657,2.170393251060434,2.0576077851787877,2.170392214821212,0.092,0.07038148807948018,0.11361851192051982,0.0567381088582742,0.1272618911417258,-0.077,-0.10382109850332244,-0.050178901496677565,-0.10382060565934342,-0.050179394340656575,0.004,-0.021264251756519862,0.029264251756519862,-0.02126378751996516,0.02926378751996516
akane-kurumi,24,actual_suppress,bridge_rate,1000,0.54775,0.5341240145538247,0.5613759854461752,0.5341242649345048,0.5613757350654951,0.022,0.016805806583766326,0.02719419341623367,0.01352776641215291,0.030472233587847085,0.5285,0.5144016872348914,0.5425983127651085,0.5144019462946969,0.542598053705303,0.023,0.017595372019870045,0.028404627980129955,0.01418452721456855,0.03181547278543145,-0.01925,-0.02595527462583061,-0.012544725374169391,-0.025955151414835856,-0.012544848585164144,0.001,-0.0053160629391299655,0.0073160629391299655,-0.00531594687999129,0.00731594687999129
akane-kurumi,24,actual_suppress,unformed_turns,1000,17.84,17.658565297720664,18.021434702279336,17.658568631625894,18.021431368374106,-0.306,-0.36804618660056126,-0.2439538133994387,-0.4072033522802984,-0.20479664771970157,18.14225,17.957410506053435,18.327089493946566,17.95741390252251,18.32708609747749,-0.303,-0.3660933476375768,-0.2399066523624232,-0.4059113735645964,-0.2000886264354036,0.30225,0.22294639129110044,0.3815536087088996,0.22294784851352037,0.3815521514864797,0.003,-0.06884702652734363,0.07484702652734364,-0.0688457063213711,0.07484570632137111
akane-kurumi,24,actual_suppress,all_formed,1000,0.057,0.04262305532673447,0.07137694467326554,0.042623319506466625,0.07137668049353338,0.009,0.0009339544080453222,0.017066045591954675,-0.004156503216011553,0.02215650321601155,0.052,0.03823173654091851,0.06576826345908149,0.03823198953599052,0.06576801046400949,0.008,0.00017178062273299523,0.015828219377267007,-0.004768585577471158,0.02076858557747116,-0.005,-0.0148,0.0048,-0.01479981992270027,0.004799819922700268,-0.001,-0.010804707578030603,0.008804707578030601,-0.010804527414228018,0.00880452741422802
akane-kurumi,24,actual_suppress,free_known_share,1000,0.2385,0.23397242163133503,0.24302757836866495,0.23397250482665002,0.24302749517334996,-0.0015000000000000002,-0.0031387596807695775,0.00013875968076957723,-0.0041729760902690614,0.0011729760902690612,0.27316666666666667,0.268627359553561,0.27770597377977235,0.26862744296439445,0.2777058903689389,-0.0003333333333333332,-0.0018348718432987803,0.0011682051766321137,-0.0027824883759269233,0.0021158217092602572,0.034666666666666665,0.03211957150979038,0.03721376182354295,0.03211961831326161,0.03721371502007172,0.0011666666666666672,-0.0011509330291029267,0.0034842663624362613,-0.0011508904426646537,0.003484223775997988
akane-kurumi,24,actual_suppress,free_bridge_share,1000,0.5219444444444444,0.515717518113974,0.5281713707749148,0.5157176325352066,0.5281712563536822,0.0036666666666666666,0.0011218557792771868,0.006211477554056146,-0.00048416687901471417,0.007817500212348047,0.4871666666666667,0.48089731954747195,0.49343601378586144,0.48089743474819646,0.4934358985851369,0.0020000000000000005,-0.00048597226503977516,0.004485972265039776,-0.002054862042006556,0.006054862042006557,-0.03477777777777778,-0.03757260320924972,-0.03198295234630585,-0.03757255185367656,-0.031983003701879,-0.0016666666666666663,-0.004228805455346235,0.0008954721220129022,-0.004228758375444745,0.0008954250421114123
akane-kurumi,24,actual_suppress,source_contact_share,1000,0.4415,0.4361294220278756,0.4468705779721244,0.4361295207135061,0.4468704792864939,-0.029944444444444447,-0.032434650253586626,-0.027454238635302265,-0.034006211807771525,-0.02588267708111737,0.44233333333333336,0.43690083071419644,0.44776583595247027,0.4369009305377069,0.4477657361289598,-0.02816666666666667,-0.030548396570251442,-0.025784936763081898,-0.032051499299826924,-0.024281834033506415,0.0008333333333333337,-0.0016480298927494684,0.0033146965594161356,-0.0016479842971178964,0.003314650963784564,0.001777777777777778,-0.0007373186981297823,0.004292874253685339,-0.0007372724826418288,0.004292828038197385
akane-kurumi,24,actual_suppress,unformed_bridge_contacts,1000,6.328,6.221015677078598,6.4349843229214025,6.221017642940637,6.434982357059363,-0.07,-0.11127852803670302,-0.02872147196329699,-0.13732928554343804,-0.0026707144565619595,6.048,5.944537199415903,6.151462800584097,5.944539100569143,6.151460899430857,-0.077,-0.11874038588002528,-0.035259614119974726,-0.14508262051182333,-0.008917379488176669,-0.28,-0.3322372289472565,-0.22776277105274356,-0.33223626907591625,-0.2277637309240838,-0.007,-0.05426537185907857,0.04026537185907857,-0.05426450334677906,0.040264503346779064
akane-kurumi,24,actual_suppress,selection_total_variation,1000,0.035320500379596505,0.03471583950410758,0.03592516125508543,0.034715850614893067,0.03592515014429994,0.035320500379596505,0.03471583950410758,0.03592516125508543,0.03433423980590211,0.0363067609532909,0.03428721886243919,0.03369322521818235,0.034881212506696034,0.033693236132954954,0.03488120159192343,0.03428721886243919,0.03369322521818235,0.034881212506696034,0.03331835757819969,0.03525608014667869,-0.0010332815171573187,-0.0010928574730021303,-0.0009737055613125072,-0.001092856378279961,-0.0009737066560346763,-0.0010332815171573187,-0.0010928574730021303,-0.0009737055613125072,-0.001092856378279961,-0.0009737066560346763
akane-kurumi,24,actual_suppress,expected_source_shift,1000,-0.011773500126532171,-0.011975053751695145,-0.011571946501369198,-0.011975050048099985,-0.011571950204964357,-0.011773500126532171,-0.011975053751695145,-0.011571946501369198,-0.01210225365109697,-0.011444746601967372,-0.011429072954146396,-0.011627070835565342,-0.01123107507272745,-0.011627067197307809,-0.011231078710984983,-0.011429072954146396,-0.011627070835565342,-0.01123107507272745,-0.011752026715559562,-0.01110611919273323,0.00034442717238577646,0.000324568520437506,0.00036428582433404693,0.00032456888534489566,0.00036428545942665725,0.00034442717238577646,0.000324568520437506,0.00036428582433404693,0.00032456888534489566,0.00036428545942665725
akane-kurumi,24,actual_suppress,permutation_unchanged_fraction,1000,0.4815,0.4659157232416104,0.49708427675838956,0.46591600960635293,0.49708399039364703,0.0,0.0,0.0,0.0,0.0,0.4815,0.4659157232416104,0.49708427675838956,0.46591600960635293,0.49708399039364703,0.0,0.0,0.0,0.0,0.0,0.0,0.0,0.0,0.0,0.0,0.0,0.0,0.0,0.0,0.0
akane-kurumi,24,actual_suppress,information_transfers,1000,5.801,5.774155398475093,5.827844601524907,5.7741558917509455,5.827844108249055,0,0.0,0.0,0.0,0.0,5.801,5.774155398475093,5.827844601524907,5.7741558917509455,5.827844108249055,0,0.0,0.0,0.0,0.0,0,0.0,0.0,0.0,0.0,0,0.0,0.0,0.0,0.0
akane-kurumi,24,permuted_promote,bridge_count,1000,2.097,2.0408600634300496,2.1531399365699504,2.040861095014558,2.153138904985442,-0.006,-0.02783338725894815,0.015833387258948145,-0.041612373673574315,0.02961237367357432,2.006,1.948027757648308,2.0639722423516917,1.9480288229018654,2.0639711770981344,-0.016,-0.039835718824736376,0.007835718824736375,-0.05487837079502504,0.02287837079502504,-0.091,-0.11822297560519057,-0.06377702439480942,-0.1182224753766255,-0.06377752462337449,-0.01,-0.03673702130582815,0.016737021305828145,-0.036736530006787366,0.01673653000678737
akane-kurumi,24,permuted_promote,bridge_rate,1000,0.52425,0.5102150158575124,0.5382849841424876,0.5102152737536395,0.5382847262463605,-0.0015,-0.006958346814737037,0.003958346814737036,-0.010403093418393579,0.00740309341839358,0.5015,0.487006939412077,0.5159930605879229,0.48700720572546635,0.5159927942745336,-0.004,-0.009958929706184094,0.0019589297061840937,-0.01371959269875626,0.00571959269875626,-0.02275,-0.029555743901297643,-0.015944256098702356,-0.029555618844156376,-0.015944381155843623,-0.0025,-0.009184255326457037,0.004184255326457036,-0.009184132501696841,0.004184132501696842
akane-kurumi,24,permuted_promote,unformed_turns,1000,18.1695,17.98558922803804,18.353410771961958,17.98559260744163,18.353407392558367,0.0235,-0.040557552610495866,0.08755755261049586,-0.08098408545699595,0.12798408545699597,18.49875,18.31179168724497,18.685708312755033,18.31179512264784,18.685704877352162,0.0535,-0.013872967109198157,0.12087296710919815,-0.05639184828418544,0.16339184828418543,0.32925,0.24906454247372095,0.409435457526279,0.24906601590031985,0.4094339840996801,0.03,-0.04336269791553092,0.10336269791553092,-0.04336134985874096,0.10336134985874096
akane-kurumi,24,permuted_promote,all_formed,1000,0.056,0.04174217309587369,0.07025782690412631,0.04174243508678889,0.07025756491321111,0.008,0.00017178062273299523,0.015828219377267007,-0.004768585577471158,0.02076858557747116,0.049,0.035613666957963724,0.06238633304203628,0.03561391293497469,0.06238608706502531,0.005,-0.004399420679441321,0.014399420679441322,-0.010331367395327026,0.020331367395327024,-0.007,-0.016795290159526122,0.002795290159526123,-0.016795110168770815,0.002795110168770816,-0.003,-0.013187856399558155,0.007187856399558154,-0.013187669195306062,0.007187669195306063
akane-kurumi,24,permuted_promote,free_known_share,1000,0.24016666666666667,0.23565547557973623,0.2446778577535971,0.23565555847393108,0.24467777485940226,0.0001666666666666663,-0.0014890970123552453,0.001822430345688578,-0.0025340445950865513,0.0028673779284198843,0.2718333333333333,0.26726868265734305,0.2763979840093236,0.2672687665338704,0.27639790013279625,-0.0016666666666666666,-0.003365275200132311,3.194186679897782e-05,-0.004437262044354061,0.0011039287110207285,0.03166666666666667,0.02917974927933255,0.03415358405400079,0.029179794977023138,0.0341535383563102,-0.0018333333333333329,-0.004128682585338899,0.0004620159186722332,-0.0041286404077577514,0.0004619737410910859
akane-kurumi,24,permuted_promote,free_bridge_share,1000,0.5187777777777778,0.5124050503867718,0.5251505051687838,0.5124051674871329,0.5251503880684226,0.0004999999999999995,-0.0021750401649935605,0.0031750401649935597,-0.003863250136944627,0.004863250136944626,0.48638888888888887,0.47997419144617554,0.4928035863316022,0.4799743093177464,0.49280346846003137,0.0012222222222222228,-0.0015328090280147643,0.00397725347245921,-0.003271501138343543,0.005715945582787988,-0.03238888888888889,-0.035055467976725214,-0.029722309801052567,-0.03505541897770872,-0.02972235880006906,0.0007222222222222234,-0.0017304098739677025,0.0031748543184121495,-0.0017303648062773846,0.0031748092507218315
akane-kurumi,24,permuted_promote,source_contact_share,1000,0.4742222222222222,0.468835631686496,0.4796088127579484,0.4688357306663612,0.47960871377808323,0.002777777777777779,0.0002614452360964292,0.005294110319459129,-0.0013266048220684562,0.0068821603776240145,0.47305555555555556,0.4675609038383136,0.4785502072727975,0.4675610048038283,0.47855010630728284,0.0025555555555555574,0.00010037696796591153,0.005010734143145203,-0.001449079009828558,0.006560190120939673,-0.0011666666666666661,-0.0033794752888800183,0.001046141955546686,-0.003379434628002313,0.0010461012946689809,-0.0002222222222222218,-0.002730249186998751,0.0022858047425543073,-0.0027302031014147235,0.00228575865697028
akane-kurumi,24,permuted_promote,unformed_bridge_contacts,1000,6.409,6.2999631404196395,6.51803685958036,6.299965143997522,6.518034856002478,0.011,-0.03469038824499063,0.05669038824499063,-0.06352545773924424,0.08552545773924423,6.174,6.068914044818652,6.2790859551813485,6.068915975797738,6.2790840242022625,0.049,0.0011826598772326502,0.09681734012276735,-0.02899472268465722,0.12699472268465722,-0.235,-0.28483264524919916,-0.18516735475080082,-0.28483172956264863,-0.18516827043735132,0.038,-0.01005627258678033,0.08605627258678034,-0.010055389541494354,0.08605538954149436
akane-kurumi,24,permuted_promote,selection_total_variation,1000,0.03561500078293053,0.03501018770917119,0.03621981385668986,0.03501019882275335,0.0362198027431077,0.03561500078293053,0.03501018770917119,0.03621981385668986,0.034628491959085385,0.03660150960677567,0.034500657105766296,0.0339084339218241,0.03509288028970849,0.033908444804064075,0.035092869407468516,0.034500657105766296,0.0339084339218241,0.03509288028970849,0.033534683614133205,0.035466630597399386,-0.0011143436771642301,-0.0011736829931117052,-0.001055004361216755,-0.0011736819027378497,-0.0010550054515906105,-0.0011143436771642301,-0.0011736829931117052,-0.001055004361216755,-0.0011736819027378497,-0.0010550054515906105
akane-kurumi,24,permuted_promote,expected_source_shift,1000,-0.0001290455513476629,-0.0004350581706823398,0.000176967067987014,-0.0004350525476286486,0.00017696144493332283,-0.0001290455513476629,-0.0004350581706823398,0.000176967067987014,-0.0006281818337451376,0.00037009073104981183,-0.00012405729847656707,-0.00042265636154324856,0.0001745417645901144,-0.00042265087471539343,0.00017453627776225933,-0.00012405729847656707,-0.00042265636154324856,0.0001745417645901144,-0.0006111013510732022,0.0003629867541200681,4.988252871095837e-06,-1.5072353837475466e-05,2.5048859579667138e-05,-1.5071985219119642e-05,2.5048490961311314e-05,4.988252871095837e-06,-1.5072353837475466e-05,2.5048859579667138e-05,-1.5071985219119642e-05,2.5048490961311314e-05
akane-kurumi,24,permuted_promote,permutation_unchanged_fraction,1000,0.4815,0.4659157232416104,0.49708427675838956,0.46591600960635293,0.49708399039364703,0.0,0.0,0.0,0.0,0.0,0.4815,0.4659157232416104,0.49708427675838956,0.46591600960635293,0.49708399039364703,0.0,0.0,0.0,0.0,0.0,0.0,0.0,0.0,0.0,0.0,0.0,0.0,0.0,0.0,0.0
akane-kurumi,24,permuted_promote,information_transfers,1000,5.801,5.774155398475093,5.827844601524907,5.7741558917509455,5.827844108249055,0,0.0,0.0,0.0,0.0,5.801,5.774155398475093,5.827844601524907,5.7741558917509455,5.827844108249055,0,0.0,0.0,0.0,0.0,0,0.0,0.0,0.0,0.0,0,0.0,0.0,0.0,0.0
akane-kurumi,24,permuted_suppress,bridge_count,1000,2.1,2.0459394918768004,2.1540605081232,2.0459404852513234,2.1540595147486767,-0.003,-0.025271682771031322,0.019271682771031324,-0.0393272761928506,0.03332727619285059,1.998,1.9422585922483282,2.053741407751672,1.9422596165097763,2.053740383490224,-0.024,-0.04764783411770428,-0.0003521658822957241,-0.06257191260257783,0.014571912602577834,-0.102,-0.12942542155277376,-0.07457457844722623,-0.1294249176042169,-0.0745750823957831,-0.021,-0.04553648494575972,0.00353648494575972,-0.045536034082090955,0.0035360340820909525
akane-kurumi,24,permuted_suppress,bridge_rate,1000,0.525,0.5114848729692001,0.5385151270308,0.5114851213128309,0.5385148786871692,-0.00075,-0.006317920692757831,0.004817920692757831,-0.00983181904821265,0.008331819048212648,0.4995,0.48556464806208205,0.513435351937918,0.4855649041274441,0.513435095872556,-0.006,-0.01191195852942607,-8.804147057393102e-05,-0.015642978150644457,0.0036429781506444586,-0.0255,-0.03235635538819344,-0.018643644611806558,-0.032356229401054225,-0.018643770598945775,-0.00525,-0.01138412123643993,0.00088412123643993,-0.011384008520522739,0.0008840085205227381
akane-kurumi,24,permuted_suppress,unformed_turns,1000,18.13725,17.955393749583042,18.31910625041696,17.95539709123432,18.319102908765682,-0.00875,-0.07326480401766278,0.05576480401766277,-0.11397990688093107,0.09647990688093108,18.49325,18.31056917793635,18.67593082206365,18.31057253473933,18.67592746526067,0.048,-0.017921365125276187,0.11392136512527619,-0.0595241445621922,0.1555241445621922,0.356,0.27155788341441545,0.4404421165855845,0.2715594350581234,0.44044056494187656,0.05675,-0.01487190366210734,0.12837190366210735,-0.014870587592820277,0.12837058759282027
akane-kurumi,24,permuted_suppress,all_formed,1000,0.041,0.028703696918607226,0.05329630308139278,0.028703922866061875,0.05329607713393813,-0.007,-0.015536687685316634,0.0015366876853166326,-0.02092416614877294,0.006924166148772938,0.032,0.021085948592840596,0.042914051407159405,0.02108614914109637,0.04291385085890363,-0.012,-0.020286390883483225,-0.003713609116516777,-0.02551590777225654,0.0015159077722565403,-0.009,-0.01796899510944639,-3.100489055360943e-05,-0.01796883030205653,-3.116969794346794e-05,-0.005,-0.01354209150778235,0.0035420915077823507,-0.01354193454484635,0.0035419345448463513
akane-kurumi,24,permuted_suppress,free_known_share,1000,0.2391111111111111,0.2345127404662091,0.24370948175601312,0.2345128249623488,0.24370939725987342,-0.0008888888888888888,-0.0024890738532962467,0.0007112960755184691,-0.003498945872875873,0.0017211680950980955,0.27344444444444443,0.26894478502231456,0.2779441038665743,0.26894486770461234,0.2779440211842765,-5.5555555555555775e-05,-0.001667766585368826,0.0015566554742577144,-0.0026852282194175293,0.002574117108306418,0.034333333333333334,0.03186804322574481,0.03679862344092186,0.031868088526029056,0.03679857814063761,0.0008333333333333331,-0.00131474436965252,0.002981411036319186,-0.0013147048982206457,0.002981371564887312
akane-kurumi,24,permuted_suppress,free_bridge_share,1000,0.5213333333333333,0.5148987130350696,0.527767953631597,0.5148988312727276,0.527767835393939,0.0030555555555555557,0.0003124855689401961,0.005798625542170916,-0.0014186578231347702,0.007529768934245881,0.4861111111111111,0.47975353944553667,0.49246868277668554,0.4797536562674079,0.4924685659548143,0.0009444444444444446,-0.0018002173351440202,0.0036891062240329096,-0.003532365303077563,0.005421254191966453,-0.035222222222222224,-0.03793498661781109,-0.03250945782663336,-0.03793493677012873,-0.03250950767431572,-0.002111111111111111,-0.004548513081530114,0.0003262908593078921,-0.004548468293696931,0.00032624607147470905
akane-kurumi,24,permuted_suppress,source_contact_share,1000,0.4711666666666667,0.46569380542408517,0.4766395279092482,0.4656939059891948,0.47663942734413856,-0.0002777777777777786,-0.0026818867833099435,0.002126331227754386,-0.004199112898233168,0.0036435573426776106,0.4711111111111111,0.46565131959517647,0.4765709026270457,0.4656514199201268,0.47657080230209536,0.0006111111111111101,-0.0018319401081132395,0.0030541623303354595,-0.0033737425394392328,0.004595964761661453,-5.555555555555572e-05,-0.002348545736928583,0.0022374346258174716,-0.002348503602695912,0.0022373924915848006,0.0008888888888888887,-0.00159000741240158,0.0033677851901793574,-0.00158996186210033,0.0033677396398781073
akane-kurumi,24,permuted_suppress,unformed_bridge_contacts,1000,6.44,6.332621307404013,6.547378692595988,6.332623280512688,6.547376719487313,0.042,-0.0025551049260909564,0.08655510492609096,-0.03067370046042526,0.11467370046042527,6.161,6.056476250063917,6.265523749936082,6.05647817071235,6.265521829287649,0.036,-0.008747500770715962,0.08074750077071596,-0.03698751675611802,0.10898751675611801,-0.279,-0.33158789500542024,-0.2264121049945798,-0.33158692869050893,-0.22641307130949115,-0.006,-0.052651727578794834,0.04065172757879484,-0.052650870342352975,0.04065087034235298
akane-kurumi,24,permuted_suppress,selection_total_variation,1000,0.03548433292433887,0.034881445170793404,0.036087220677884335,0.03488145624899735,0.03608720959968039,0.03548433292433887,0.034881445170793404,0.036087220677884335,0.0345009644846258,0.03646770136405194,0.034392569266558023,0.033803887429562314,0.03498125110355373,0.03380389824672921,0.034981240286386835,0.034392569266558023,0.033803887429562314,0.03498125110355373,0.03343237205550249,0.035352766477613554,-0.0010917636577808506,-0.0011513303561787981,-0.001032196959382903,-0.0011513292616267367,-0.0010321980539349644,-0.0010917636577808506,-0.0011513303561787981,-0.001032196959382903,-0.0011513292616267367,-0.0010321980539349644
akane-kurumi,24,permuted_suppress,expected_source_shift,1000,0.00011439248721927282,-0.00019175967851640043,0.0004205446529549461,-0.00019175405289851137,0.00042053902733705704,0.00011439248721927282,-0.00019175967851640043,0.0004205446529549461,-0.00038497140890199767,0.0006137563833405433,0.00011443813889694957,-0.0001841445937519522,0.00041302087154585133,-0.00018413910722417235,0.0004130153850180715,0.00011443813889694957,-0.0001841445937519522,0.00041302087154585133,-0.000372579277203327,0.0006014555549972262,4.565167767676197e-08,-1.9974049293794705e-05,2.0065352649148227e-05,-1.9973681427091403e-05,2.0064984782444925e-05,4.565167767676197e-08,-1.9974049293794705e-05,2.0065352649148227e-05,-1.9973681427091403e-05,2.0064984782444925e-05
akane-kurumi,24,permuted_suppress,permutation_unchanged_fraction,1000,0.4815,0.4659157232416104,0.49708427675838956,0.46591600960635293,0.49708399039364703,0.0,0.0,0.0,0.0,0.0,0.4815,0.4659157232416104,0.49708427675838956,0.46591600960635293,0.49708399039364703,0.0,0.0,0.0,0.0,0.0,0.0,0.0,0.0,0.0,0.0,0.0,0.0,0.0,0.0,0.0
akane-kurumi,24,permuted_suppress,information_transfers,1000,5.801,5.774155398475093,5.827844601524907,5.7741558917509455,5.827844108249055,0,0.0,0.0,0.0,0.0,5.801,5.774155398475093,5.827844601524907,5.7741558917509455,5.827844108249055,0,0.0,0.0,0.0,0.0,0,0.0,0.0,0.0,0.0,0,0.0,0.0,0.0,0.0
akane-kurumi,48,neutral,bridge_count,1000,3.117,3.0707062742194298,3.16329372578057,3.0707071248775044,3.1632928751224956,0,0.0,0.0,0.0,0.0,3.025,2.97679117206267,3.07320882793733,2.9767920579111964,3.0732079420888034,0,0.0,0.0,0.0,0.0,-0.092,-0.11812862420034018,-0.06587137579965982,-0.11812814408073899,-0.06587185591926101,0,0.0,0.0,0.0,0.0
akane-kurumi,48,neutral,bridge_rate,1000,0.77925,0.7676765685548574,0.7908234314451426,0.7676767812193761,0.7908232187806239,0.0,0.0,0.0,0.0,0.0,0.75625,0.7441977930156675,0.7683022069843325,0.7441980144777991,0.7683019855222009,0.0,0.0,0.0,0.0,0.0,-0.023,-0.029532156050085044,-0.016467843949914955,-0.029532036020184747,-0.016467963979815252,0.0,0.0,0.0,0.0,0.0
akane-kurumi,48,neutral,unformed_turns,1000,25.837,25.42419932082138,26.24980067917862,25.42420690613073,26.24979309386927,0.0,0.0,0.0,0.0,0.0,26.731,26.306018152442775,27.15598184755723,26.306025961583952,27.15597403841605,0.0,0.0,0.0,0.0,0.0,0.894,0.6942070581777174,1.0937929418222827,0.6942107294199081,1.093789270580092,0.0,0.0,0.0,0.0,0.0
akane-kurumi,48,neutral,all_formed,1000,0.326,0.2969322058790996,0.35506779412090045,0.2969327400066378,0.35506725999336225,0,0.0,0.0,0.0,0.0,0.285,0.25700704292780685,0.3129929570721931,0.2570075573049621,0.31299244269503784,0,0.0,0.0,0.0,0.0,-0.041,-0.05932431310720407,-0.02267568689279593,-0.059323976393650626,-0.02267602360634938,0,0.0,0.0,0.0,0.0
akane-kurumi,48,neutral,free_known_share,1000,0.23261904761904761,0.2297617482445909,0.23547634699350434,0.2297618007481374,0.23547629448995783,0.0,0.0,0.0,0.0,0.0,0.2655952380952381,0.26277639233021255,0.26841408386026366,0.26277644412716494,0.26841403206331127,0.0,0.0,0.0,0.0,0.0,0.03297619047619048,0.03135558608868468,0.034596794863696274,0.031355615867670605,0.03459676508471035,0.0,0.0,0.0,0.0,0.0
akane-kurumi,48,neutral,free_bridge_share,1000,0.534952380952381,0.5307645763171074,0.5391401855876545,0.5307646532690004,0.5391401086357616,0.0,0.0,0.0,0.0,0.0,0.5014761904761905,0.4972631682882646,0.5056892126641164,0.49726324570353597,0.5056891352488451,0.0,0.0,0.0,0.0,0.0,-0.03347619047619048,-0.03521388981058482,-0.03173849114179614,-0.03521385787995177,-0.031738523072429185,0.0,0.0,0.0,0.0,0.0
akane-kurumi,48,neutral,source_contact_share,1000,0.4792857142857143,0.47528475844396256,0.48328667012746607,0.475284831962465,0.4832865966089636,0.0,0.0,0.0,0.0,0.0,0.4786190476190476,0.47459405504918994,0.4826440401889053,0.4745941290093729,0.4826439662287223,0.0,0.0,0.0,0.0,0.0,-0.0006666666666666675,-0.002239791868511218,0.0009064585351778828,-0.002239762961966474,0.0009064296286331392,0.0,0.0,0.0,0.0,0.0
akane-kurumi,48,neutral,unformed_bridge_contacts,1000,10.215,10.018522109127765,10.411477890872234,10.018525719455116,10.411474280544883,0,0.0,0.0,0.0,0.0,9.961,9.770618369342808,10.151381630657193,9.770621867649947,10.151378132350054,0,0.0,0.0,0.0,0.0,-0.254,-0.34320811522626304,-0.16479188477373696,-0.34320647600621157,-0.1647935239937884,0,0.0,0.0,0.0,0.0
akane-kurumi,48,neutral,selection_total_variation,1000,0.0,0.0,0.0,0.0,0.0,0.0,0.0,0.0,0.0,0.0,0.0,0.0,0.0,0.0,0.0,0.0,0.0,0.0,0.0,0.0,0.0,0.0,0.0,0.0,0.0,0.0,0.0,0.0,0.0,0.0
akane-kurumi,48,neutral,expected_source_shift,1000,0.0,0.0,0.0,0.0,0.0,0.0,0.0,0.0,0.0,0.0,0.0,0.0,0.0,0.0,0.0,0.0,0.0,0.0,0.0,0.0,0.0,0.0,0.0,0.0,0.0,0.0,0.0,0.0,0.0,0.0
akane-kurumi,48,neutral,permutation_unchanged_fraction,1000,0.4815,0.4659157232416104,0.49708427675838956,0.46591600960635293,0.49708399039364703,0.0,0.0,0.0,0.0,0.0,0.4815,0.4659157232416104,0.49708427675838956,0.46591600960635293,0.49708399039364703,0.0,0.0,0.0,0.0,0.0,0.0,0.0,0.0,0.0,0.0,0.0,0.0,0.0,0.0,0.0
akane-kurumi,48,neutral,information_transfers,1000,5.801,5.774155398475093,5.827844601524907,5.7741558917509455,5.827844108249055,0,0.0,0.0,0.0,0.0,5.801,5.774155398475093,5.827844601524907,5.7741558917509455,5.827844108249055,0,0.0,0.0,0.0,0.0,0,0.0,0.0,0.0,0.0,0,0.0,0.0,0.0,0.0
akane-kurumi,48,actual_promote,bridge_count,1000,3.018,2.9702197878796013,3.0657802121203983,2.9702206658522115,3.065779334147788,-0.099,-0.1212896322559639,-0.07671036774403611,-0.13535655354487508,-0.06264344645512493,2.936,2.8868617198410753,2.9851382801589246,2.886862622768504,2.9851373772314957,-0.089,-0.11127927854874686,-0.06672072145125313,-0.12533966564351803,-0.052660334356481965,-0.082,-0.11009586551895598,-0.05390413448104403,-0.1100953492508339,-0.0539046507491661,0.01,-0.016880461290669835,0.03688046129066983,-0.01687996735588567,0.036879967355885675
akane-kurumi,48,actual_promote,bridge_rate,1000,0.7545,0.7425549469699003,0.7664450530300996,0.7425551664630529,0.766444833536947,-0.02475,-0.030322408063990974,-0.019177591936009028,-0.03383913838621877,-0.015660861613781232,0.734,0.7217154299602688,0.7462845700397311,0.721715655692126,0.7462843443078739,-0.02225,-0.027819819637186716,-0.016680180362813282,-0.03133491641087951,-0.013165083589120491,-0.0205,-0.027523966379738994,-0.013476033620261008,-0.027523837312708476,-0.013476162687291526,0.0025,-0.004220115322667459,0.009220115322667458,-0.004219991838971418,0.009219991838971419
akane-kurumi,48,actual_promote,unformed_turns,1000,26.67575,26.255230268758453,27.09626973124155,26.255237995907198,27.096262004092804,0.83875,0.6724051241690469,1.005094875830953,0.5674253628048085,1.1100746371951915,27.56825,27.138468381353007,27.99803161864699,27.13847627869111,27.99802372130889,0.83725,0.6771977491476522,0.9973022508523479,0.5761892448799049,1.0983107551200952,0.8925,0.6765710092668448,1.1084289907331553,0.6765749770127207,1.1084250229872792,-0.0015,-0.19548349866458783,0.19248349866458783,-0.19547993417227844,0.19247993417227843
akane-kurumi,48,actual_promote,all_formed,1000,0.283,0.2550664506232956,0.31093354937670437,0.2550669639088205,0.31093303609117945,-0.043,-0.05930694324507196,-0.026693056754928036,-0.06959820711416487,-0.016401792885835126,0.246,0.21929291099720893,0.27270708900279106,0.21929340174623663,0.27270659825376337,-0.039,-0.054123599097094896,-0.0238764009029051,-0.06366805795854426,-0.014331942041455738,-0.037,-0.055146331280425225,-0.018853668719574772,-0.05514599783732961,-0.018854002162670386,0.004,-0.01501079547900994,0.02301079547900994,-0.015010446151181814,0.023010446151181814
akane-kurumi,48,actual_promote,free_known_share,1000,0.23238095238095238,0.22948526775829778,0.235276637003607,0.22948532096718224,0.23527658379472252,-0.00023809523809523826,-0.001263044813803163,0.0007868543376126865,-0.0019098874732520908,0.0014336969970616144,0.2654285714285714,0.2626178106579894,0.2682393321991534,0.2626178623063781,0.2682392805507647,-0.00016666666666666655,-0.0012566070998673547,0.0009232737665340216,-0.0019444652981260328,0.0016111319647926997,0.03304761904761905,0.03144958132309141,0.034645656772146684,0.03144961068740961,0.034645627407828485,7.14285714285717e-05,-0.0013834663875165018,0.0015263235303736452,-0.0013834396534802159,0.0015262967963373592
akane-kurumi,48,actual_promote,free_bridge_share,1000,0.5344047619047619,0.5301662507039484,0.5386432731055755,0.5301663285875864,0.5386431952219375,-0.0005476190476190492,-0.0022659582265876317,0.0011707201313495336,-0.003350397023092937,0.002255158927854839,0.5009047619047619,0.49669060151744954,0.5051189222920741,0.4966906789536356,0.5051188448558881,-0.0005714285714285717,-0.0023055237301072085,0.0011626665872500651,-0.00339990607901687,0.0022570489361597268,-0.0335,-0.03525777281705785,-0.03174222718294215,-0.03525774051756985,-0.03174225948243015,-2.3809523809522502e-05,-0.001720783886802471,0.0016731648391834259,-0.001720752704500328,0.001673133656881283
akane-kurumi,48,actual_promote,source_contact_share,1000,0.5106666666666667,0.5066385069512489,0.5146948263820845,0.5066385809696289,0.5146947523637045,0.031380952380952384,0.029685342184479494,0.03307656257742527,0.028615247581905808,0.034146657179998964,0.5103333333333333,0.5062523896882474,0.5144142769784192,0.5062524646765445,0.5144142019901221,0.03171428571428572,0.029981226728271526,0.03344734470029992,0.028887498304879564,0.03454107312369188,-0.0003333333333333345,-0.0018901524397726857,0.0012234857731060166,-0.0018901238328562716,0.0012234571661896025,0.00033333333333333294,-0.0013756769340061144,0.0020423436006727805,-0.0013756455305414046,0.0020423121972080707
akane-kurumi,48,actual_promote,unformed_bridge_contacts,1000,10.623,10.423240916789936,10.822759083210062,10.423244587409966,10.822755412590032,0.408,0.32864601236892405,0.4873539876310759,0.27856594441854754,0.5374340555814524,10.332,10.140527768339384,10.523472231660618,10.140531286686572,10.523468713313429,0.371,0.29527061551766004,0.44672938448233995,0.24747802394245635,0.49452197605754367,-0.291,-0.3863109061925194,-0.19568909380748054,-0.38630915483225187,-0.1956908451677481,-0.037,-0.12551891802574436,0.051518918025744355,-0.12551729146985321,0.05151729146985321
akane-kurumi,48,actual_promote,selection_total_variation,1000,0.03585022761745197,0.035242750308018087,0.03645770492688585,0.0352427614705562,0.03645769376434774,0.03585022761745197,0.035242750308018087,0.03645770492688585,0.034859373166642435,0.036841082068261505,0.03489971500808548,0.03430196287627568,0.03549746713989528,0.03430197386011138,0.035497456156059586,0.03489971500808548,0.03430196287627568,0.03549746713989528,0.03392472326586455,0.035874706750306413,-0.0009505126093664894,-0.00100373331616416,-0.0008972919025688187,-0.0010037323382211835,-0.0008972928805117953,-0.0009505126093664894,-0.00100373331616416,-0.0008972919025688187,-0.0010037323382211835,-0.0008972928805117953
akane-kurumi,48,actual_promote,expected_source_shift,1000,0.011950075872483989,0.011747583436006029,0.012152568308961949,0.011747587156852066,0.012152564588115911,0.011950075872483989,0.011747583436006029,0.012152568308961949,0.011619791055547477,0.0122803606894205,0.011633238336028494,0.011433987625425229,0.011832489046631759,0.011433991286703792,0.011832485385353196,0.011633238336028494,0.011433987625425229,0.011832489046631759,0.011308241088621517,0.011958235583435471,-0.0003168375364554947,-0.0003345777720547183,-0.0002990973008562711,-0.0003345774460737261,-0.0002990976268372633,-0.0003168375364554947,-0.0003345777720547183,-0.0002990973008562711,-0.0003345774460737261,-0.0002990976268372633
akane-kurumi,48,actual_promote,permutation_unchanged_fraction,1000,0.4815,0.4659157232416104,0.49708427675838956,0.46591600960635293,0.49708399039364703,0.0,0.0,0.0,0.0,0.0,0.4815,0.4659157232416104,0.49708427675838956,0.46591600960635293,0.49708399039364703,0.0,0.0,0.0,0.0,0.0,0.0,0.0,0.0,0.0,0.0,0.0,0.0,0.0,0.0,0.0
akane-kurumi,48,actual_promote,information_transfers,1000,5.801,5.774155398475093,5.827844601524907,5.7741558917509455,5.827844108249055,0,0.0,0.0,0.0,0.0,5.801,5.774155398475093,5.827844601524907,5.7741558917509455,5.827844108249055,0,0.0,0.0,0.0,0.0,0,0.0,0.0,0.0,0.0,0,0.0,0.0,0.0,0.0
akane-kurumi,48,actual_suppress,bridge_count,1000,3.194,3.1490955107416245,3.2389044892583754,3.1490963358721524,3.2389036641278475,0.077,0.05670872874141964,0.09729127125858036,0.043902967194141385,0.11009703280585861,3.114,3.0677190266427456,3.160280973357254,3.0677198770664913,3.1602801229335085,0.089,0.06689399715548372,0.11110600284451627,0.05294296384747323,0.12505703615252675,-0.08,-0.10461792440889772,-0.05538207559110228,-0.10461747204875971,-0.055382527951240296,0.012,-0.012481334631619767,0.03648133463161977,-0.01248088478135096,0.03648088478135096
akane-kurumi,48,actual_suppress,bridge_rate,1000,0.7985,0.7872738776854061,0.8097261223145938,0.7872740839680381,0.8097259160319619,0.01925,0.01417718218535491,0.02432281781464509,0.010975741798535346,0.027524258201464653,0.7785,0.7669297566606864,0.7900702433393135,0.7669299692666228,0.7900700307333771,0.02225,0.01672349928887093,0.027776500711129068,0.013235740961868308,0.03126425903813169,-0.02,-0.02615448110222443,-0.01384551889777557,-0.026154368012189927,-0.013845631987810074,0.003,-0.0031203336579049418,0.009120333657904942,-0.00312022119533774,0.00912022119533774
akane-kurumi,48,actual_suppress,unformed_turns,1000,25.072,24.666068386029345,25.477931613970654,24.66607584511801,25.47792415488199,-0.765,-0.9137814577229373,-0.6162185422770627,-1.007676997631544,-0.5223230023684561,25.84625,25.42970058601435,26.262799413985654,25.429708240207578,26.262791759792425,-0.88475,-1.0475516190800174,-0.7219483809199827,-1.1502952415412249,-0.6192047584587752,0.77425,0.5855115948337893,0.9629884051662106,0.5855150629462749,0.9629849370537251,-0.11975,-0.30363152471368904,0.06413152471368902,-0.30362814584752157,0.06412814584752158
akane-kurumi,48,actual_suppress,all_formed,1000,0.368,0.33809417581941736,0.3979058241805826,0.3380947253459546,0.3979052746540454,0.042,0.02678046479514398,0.05721953520485602,0.01717546093855325,0.06682453906144675,0.323,0.29400194142703684,0.3519980585729632,0.294002474273168,0.351997525726832,0.038,0.023252694733863658,0.05274730526613634,0.013945713801202492,0.062054286198797506,-0.045,-0.06307669014855116,-0.02692330985144883,-0.06307635798512769,-0.026923642014872306,-0.004,-0.021537790867395712,0.013537790867395712,-0.02153746860637299,0.01353746860637299
akane-kurumi,48,actual_suppress,free_known_share,1000,0.23107142857142857,0.22822986052659877,0.23391299661625836,0.2282299127410784,0.23391294440177873,-0.0015476190476190472,-0.002592448380573319,-0.0005027897146647755,-0.0032518370962880336,0.00015659900104993932,0.26457142857142857,0.2617216326795243,0.26742122446333283,0.26172168504519255,0.2674211720976646,-0.0010238095238095234,-0.0020606549014942173,1.3035853875170223e-05,-0.0027150049665456265,0.0006673859189265797,0.0335,0.031911612054580485,0.03508838794541952,0.03191164124158172,0.03508835875841829,0.0005238095238095238,-0.0009581966495424664,0.002005815697161514,-0.0009581694173312538,0.0020057884649503015
akane-kurumi,48,actual_suppress,free_bridge_share,1000,0.5376904761904762,0.533587299912679,0.5417936524682734,0.533587375309506,0.5417935770714464,0.002738095238095236,0.0010769703172451106,0.004399220158945362,2.8639270581234076e-05,0.005447551205609238,0.5038095238095238,0.49964955067408184,0.5079694969449657,0.49964962711456445,0.5079694205044832,0.0023333333333333327,0.0006406054379739727,0.0040260612286926924,-0.00042767015285338685,0.005094336819520052,-0.03388095238095239,-0.03558246307729281,-0.03217944168461196,-0.03558243181163448,-0.032179472950270294,-0.00040476190476190327,-0.00200501823780438,0.0011954944282805734,-0.002004988832718734,0.0011954650231949273
akane-kurumi,48,actual_suppress,source_contact_share,1000,0.4488333333333333,0.4447761886860036,0.452890477980663,0.4447762632369886,0.452890403429678,-0.030452380952380956,-0.03216097979972115,-0.02874378210504076,-0.033239271501614445,-0.02766549040314747,0.4493809523809524,0.4452695459797401,0.45349235878216465,0.44526962152779753,0.45349228323410723,-0.029238095238095244,-0.030890167259584142,-0.027586023216606345,-0.03193278504811579,-0.026543405428074703,0.0005476190476190472,-0.0010794935640358937,0.002174731659273988,-0.0010794636654598256,0.00217470176069792,0.0012142857142857146,-0.0005687589238304626,0.002997330352401892,-0.0005687261599668164,0.0029972975885382454
akane-kurumi,48,actual_suppress,unformed_bridge_contacts,1000,9.925,9.731792388915496,10.118207611084506,9.73179593915069,10.118204060849312,-0.29,-0.3619949714627064,-0.21800502853729353,-0.40743078597652926,-0.1725692140234707,9.611,9.425175174661424,9.796824825338577,9.425178589236198,9.796821410763803,-0.35,-0.4250699693639227,-0.27493003063607724,-0.47244640599942295,-0.227553594000577,-0.314,-0.39887681002063685,-0.22912318997936315,-0.39887525038933497,-0.22912474961066503,-0.06,-0.14722287125100428,0.027222871251004283,-0.14722126851027675,0.027221268510276758
akane-kurumi,48,actual_suppress,selection_total_variation,1000,0.035960333404537616,0.03535370084275952,0.036566965966315715,0.035353711989775195,0.036566954819300036,0.035960333404537616,0.03535370084275952,0.036566965966315715,0.034970856819142214,0.03694980998993302,0.03504700070322566,0.03444968340383247,0.03564431800261885,0.034449694379678014,0.035644307026773306,0.03504700070322566,0.03444968340383247,0.03564431800261885,0.034072718214879165,0.036021283191572155,-0.0009133327013119533,-0.0009633312435910616,-0.0008633341590328449,-0.0009633303248561143,-0.0008633350777677922,-0.0009133327013119533,-0.0009633312435910616,-0.0008633341590328449,-0.0009633303248561143,-0.0008633350777677922
akane-kurumi,48,actual_suppress,expected_source_shift,1000,-0.01198677780151254,-0.012188988655438573,-0.011784566947586506,-0.012188984939766681,-0.011784570663258397,-0.01198677780151254,-0.012188988655438573,-0.011784566947586506,-0.012316603329977673,-0.011656952273047406,-0.011682333567741886,-0.011881439334206285,-0.011483227801277487,-0.011881435675591101,-0.01148323145989267,-0.011682333567741886,-0.011881439334206285,-0.011483227801277487,-0.012007094397190719,-0.011357572738293053,0.00030444423377065346,0.0002877780530109507,0.0003211104145303562,0.00028777835925593314,0.00032111010828537377,0.00030444423377065346,0.0002877780530109507,0.0003211104145303562,0.00028777835925593314,0.00032111010828537377
akane-kurumi,48,actual_suppress,permutation_unchanged_fraction,1000,0.4815,0.4659157232416104,0.49708427675838956,0.46591600960635293,0.49708399039364703,0.0,0.0,0.0,0.0,0.0,0.4815,0.4659157232416104,0.49708427675838956,0.46591600960635293,0.49708399039364703,0.0,0.0,0.0,0.0,0.0,0.0,0.0,0.0,0.0,0.0,0.0,0.0,0.0,0.0,0.0
akane-kurumi,48,actual_suppress,information_transfers,1000,5.801,5.774155398475093,5.827844601524907,5.7741558917509455,5.827844108249055,0,0.0,0.0,0.0,0.0,5.801,5.774155398475093,5.827844601524907,5.7741558917509455,5.827844108249055,0,0.0,0.0,0.0,0.0,0,0.0,0.0,0.0,0.0,0,0.0,0.0,0.0,0.0
akane-kurumi,48,permuted_promote,bridge_count,1000,3.1,3.053018240926018,3.146981759073982,3.053019104226866,3.146980895773134,-0.017,-0.03744608079363426,0.0034460807936342597,-0.05034954218267611,0.016349542182676105,3.015,2.9669349660617255,3.063065033938275,2.9669358492680034,3.063064150731997,-0.01,-0.033359552836231876,0.013359552836231874,-0.04810169785316078,0.028101697853160773,-0.085,-0.11040018916483911,-0.0595998108351609,-0.11039972243040264,-0.05960027756959738,0.007,-0.018639476288417913,0.032639476288417915,-0.018639005157024387,0.032639005157024385
akane-kurumi,48,permuted_promote,bridge_rate,1000,0.775,0.7632545602315045,0.7867454397684955,0.7632547760567165,0.7867452239432835,-0.00425,-0.009361520198408566,0.0008615201984085649,-0.012587385545669027,0.004087385545669026,0.75375,0.7417337415154314,0.7657662584845687,0.7417339623170008,0.7657660376829992,-0.0025,-0.008339888209057969,0.0033398882090579685,-0.012025424463290194,0.007025424463290193,-0.02125,-0.027600047291209778,-0.014899952708790225,-0.02759993060760066,-0.014900069392399346,0.00175,-0.004659869072104478,0.008159869072104479,-0.004659751289256097,0.008159751289256096
akane-kurumi,48,permuted_promote,unformed_turns,1000,25.94175,25.521596231124125,26.361903768875873,25.521603951548226,26.361896048451772,0.10475,-0.05629195296417179,0.2657919529641718,-0.15792505532069057,0.3674250553206906,26.813,26.382599210119764,27.243400789880234,26.382607118835278,27.24339288116472,0.082,-0.09357241056883896,0.25757241056883895,-0.20437564193733476,0.3683756419373348,0.87125,0.6769496999897219,1.0655503000102782,0.6769532703033303,1.0655467296966696,-0.02275,-0.21410313860910554,0.16860313860910556,-0.21409962245027944,0.16859962245027946
akane-kurumi,48,permuted_promote,all_formed,1000,0.321,0.2920491892368479,0.3499508107631521,0.29204972121478945,0.34995027878521057,-0.005,-0.019801832800510018,0.00980183280051002,-0.02914322589956786,0.019143225899567858,0.278,0.2502179477354889,0.30578205226451116,0.2502184582372188,0.3057815417627813,-0.007,-0.02280397187820603,0.008803971878206033,-0.03277781199857891,0.01877781199857891,-0.043,-0.061095400662188305,-0.024904599337811688,-0.06109506815495475,-0.02490493184504524,-0.002,-0.01997225738842051,0.015972257388420508,-0.019971927143973514,0.01597192714397351
akane-kurumi,48,permuted_promote,free_known_share,1000,0.2316190476190476,0.22875606386693623,0.234482031371159,0.22875611647493452,0.2344819787631607,-0.0010000000000000002,-0.00219058262968566,0.00019058262968565942,-0.002941955821823092,0.0009419558218230913,0.2643333333333333,0.2614356935188857,0.26723097314778094,0.26143574676369724,0.2672309199029694,-0.0012619047619047618,-0.0024670056804088243,-5.680384340069934e-05,-0.003227541321873051,0.0007037317980635271,0.03271428571428572,0.031091430434459676,0.03433714099411176,0.03109146025480627,0.03433711117376516,-0.00026190476190476164,-0.0018138678809434166,0.0012900583571338934,-0.0018138393632569105,0.0012900298394473873
akane-kurumi,48,permuted_promote,free_bridge_share,1000,0.536,0.531785503385332,0.540214496614668,0.5317855808276963,0.5402144191723037,0.001047619047619047,-0.0008443719986092107,0.0029396100938473045,-0.0020384019772552945,0.004133640072493388,0.5030238095238095,0.4987397947058218,0.5073078243417973,0.4987398734255994,0.5073077456220196,0.0015476190476190477,-0.00040152841794357055,0.0034967665131816657,-0.0016316296445447348,0.00472686773978283,-0.03297619047619048,-0.03474473475326444,-0.03120764619911651,-0.03474470225584834,-0.03120767869653262,0.0005000000000000007,-0.0012171259286342746,0.0022171259286342757,-0.001217094376042384,0.0022170943760423853
akane-kurumi,48,permuted_promote,source_contact_share,1000,0.4804285714285714,0.47629859828225435,0.4845585445748885,0.47629867417148003,0.4845584686856628,0.0011428571428571423,-0.0006176079072782773,0.002903322192992562,-0.0017286322170448948,0.004014346502759179,0.47995238095238096,0.4757959108716007,0.4841088510331612,0.4757959872477138,0.4841087746570481,0.0013333333333333333,-0.0004718648110099246,0.003138531477676591,-0.0016111200448225298,0.004277786711489196,-0.0004761904761904765,-0.00196559471670355,0.0010132137643225972,-0.0019655673485511173,0.001013186396170164,0.00019047619047619097,-0.0015237126877332215,0.0019046650686856035,-0.0015236811891103216,0.0019046335700627036
akane-kurumi,48,permuted_promote,unformed_bridge_contacts,1000,10.253,10.054863385656402,10.451136614343598,10.054867026463187,10.451132973536813,0.038,-0.037403623494073786,0.11340362349407379,-0.08499062826872752,0.1609906282687275,10.003,9.814307274198578,10.191692725801422,9.814310741471695,10.191689258528305,0.042,-0.03775759707947509,0.12175759707947509,-0.08809238176438064,0.17209238176438066,-0.25,-0.3352406544388836,-0.16475934556111638,-0.3352390881218552,-0.16476091187814482,0.004,-0.08205966767772695,0.09005966767772695,-0.08205808631113805,0.09005808631113806
akane-kurumi,48,permuted_promote,selection_total_variation,1000,0.03602332502597151,0.03541668893391037,0.036629961118032656,0.03541670008099092,0.036629949970952105,0.03602332502597151,0.03541668893391037,0.036629961118032656,0.03503384268234184,0.037012807369601185,0.0350732732805725,0.03447689485697814,0.03566965170416685,0.034476905815571626,0.03566964074557337,0.0350732732805725,0.03447689485697814,0.03566965170416685,0.03410052218977714,0.036046024371367856,-0.0009500517453990113,-0.001004575161719404,-0.0008955283290786186,-0.0010045741598388343,-0.0008955293309591883,-0.0009500517453990113,-0.001004575161719404,-0.0008955283290786186,-0.0010045741598388343,-0.0008955293309591883
akane-kurumi,48,permuted_promote,expected_source_shift,1000,-0.00014527016372015738,-0.0004531974602353365,0.00016265713279502172,-0.00045319180199900283,0.00016265147455868804,-0.00014527016372015738,-0.0004531974602353365,0.00016265713279502172,-0.0006475294704293254,0.00035698914298901055,-0.00014453580369487185,-0.0004458726089239698,0.00015680100153422604,-0.00044586707178946,0.0001567954643997163,-0.00014453580369487185,-0.0004458726089239698,0.00015680100153422604,-0.0006360453794718332,0.00034697377208208955,7.34360025285531e-07,-1.749492385961338e-05,1.896364391018444e-05,-1.749458889224419e-05,1.896330894281525e-05,7.34360025285531e-07,-1.749492385961338e-05,1.896364391018444e-05,-1.749458889224419e-05,1.896330894281525e-05
akane-kurumi,48,permuted_promote,permutation_unchanged_fraction,1000,0.4815,0.4659157232416104,0.49708427675838956,0.46591600960635293,0.49708399039364703,0.0,0.0,0.0,0.0,0.0,0.4815,0.4659157232416104,0.49708427675838956,0.46591600960635293,0.49708399039364703,0.0,0.0,0.0,0.0,0.0,0.0,0.0,0.0,0.0,0.0,0.0,0.0,0.0,0.0,0.0
akane-kurumi,48,permuted_promote,information_transfers,1000,5.801,5.774155398475093,5.827844601524907,5.7741558917509455,5.827844108249055,0,0.0,0.0,0.0,0.0,5.801,5.774155398475093,5.827844601524907,5.7741558917509455,5.827844108249055,0,0.0,0.0,0.0,0.0,0,0.0,0.0,0.0,0.0,0,0.0,0.0,0.0,0.0
akane-kurumi,48,permuted_suppress,bridge_count,1000,3.108,3.0610863893473925,3.1549136106526077,3.061087251395997,3.154912748604003,-0.009,-0.03227866677296461,0.014278666772964613,-0.04696976483352006,0.02896976483352006,3.01,2.962210774749426,3.0577892252505734,2.962211652887655,3.0577883471123446,-0.015,-0.03826676992155513,0.008266769921555134,-0.0529503599142142,0.0229503599142142,-0.098,-0.1243382417138384,-0.07166175828616161,-0.12433775774246619,-0.07166224225753381,-0.006,-0.03259743457414504,0.020597434574145042,-0.03259694584004321,0.020596945840043214
akane-kurumi,48,permuted_suppress,bridge_rate,1000,0.777,0.7652715973368481,0.7887284026631519,0.7652718128489993,0.7887281871510008,-0.00225,-0.008069666693241153,0.0035696666932411533,-0.011742441208380016,0.007242441208380015,0.7525,0.7405526936873565,0.7644473063126433,0.7405529132219137,0.7644470867780861,-0.00375,-0.009566692480388782,0.0020666924803887836,-0.01323758997855355,0.00573758997855355,-0.0245,-0.0310845604284596,-0.017915439571540404,-0.031084439435616548,-0.017915560564383454,-0.0015,-0.00814935864353626,0.0051493586435362605,-0.008149236460010803,0.0051492364600108035
akane-kurumi,48,permuted_suppress,unformed_turns,1000,25.909,25.500222081691174,26.317777918308824,25.50022959308135,26.317770406918648,0.072,-0.09442582522223196,0.23842582522223194,-0.1994566735089655,0.3434566735089655,26.89,26.47198946059812,27.30801053940188,26.471997141639875,27.308002858360126,0.159,-0.013238353338508091,0.3312383533385081,-0.12193747100547617,0.4399374710054762,0.981,0.7738145758447704,1.1881854241552297,0.7738183829255587,1.1881816170744413,0.087,-0.10188943736786646,0.2758894373678664,-0.10188596648012882,0.2758859664801288
akane-kurumi,48,permuted_suppress,all_formed,1000,0.331,0.30181898572712057,0.36018101427287946,0.30181952193510564,0.3601804780648944,0.005,-0.011048324171349128,0.02104832417134913,-0.021176374304473073,0.031176374304473075,0.275,0.24731091034927866,0.3026890896507214,0.2473114191427987,0.30268858085720135,-0.01,-0.025675584964012156,0.005675584964012154,-0.035568400480849534,0.015568400480849535,-0.056,-0.07489718089678579,-0.03710281910321421,-0.07489683365665228,-0.037103166343347725,-0.015,-0.0334764558132619,0.0034764558132618986,-0.03347611630405052,0.003476116304050522
akane-kurumi,48,permuted_suppress,free_known_share,1000,0.2327142857142857,0.22976839941839944,0.23566017201017198,0.22976845354975142,0.23566011787882,9.523809523809567e-05,-0.0010579051479625656,0.001248381338438757,-0.0017856504535228791,0.0019761266439990706,0.2661428571428571,0.263265328976857,0.26902038530885725,0.26326538185211235,0.2690203324336019,0.0005476190476190474,-0.0006302943107736147,0.0017255324060117096,-0.0013736719631004348,0.0024689100583385297,0.03342857142857143,0.03183509099536803,0.03502205186177484,0.03183512027594492,0.035022022581197944,0.00045238095238095183,-0.0009856708291135787,0.0018904327338754826,-0.000985644404574631,0.001890406309336535
akane-kurumi,48,permuted_suppress,free_bridge_share,1000,0.5350476190476191,0.5307305680226978,0.5393646700725404,0.5307306473495235,0.5393645907457147,9.523809523809284e-05,-0.0018489871576727625,0.002039463348148948,-0.0030759819903619728,0.003266458180838158,0.5007142857142857,0.496427160609523,0.5050014108190483,0.4964272393864529,0.5050013320421185,-0.0007619047619047631,-0.0027706480131565133,0.001246838489346987,-0.004038359964636978,0.0025145504408274517,-0.034333333333333334,-0.03607571320608046,-0.03259095346058621,-0.03607568118944142,-0.03259098547722525,-0.0008571428571428559,-0.0024977532727715034,0.0007834675584857915,-0.00249772312617012,0.0007834374118844079
akane-kurumi,48,permuted_suppress,source_contact_share,1000,0.4801666666666667,0.4760555288316211,0.48427780450171226,0.4760556043747436,0.4842777289585898,0.0008809523809523802,-0.0008620498218291094,0.00262395458373387,-0.001962053380046886,0.0037239581419516465,0.4804047619047619,0.4762924152625128,0.48451710854701097,0.4762924908278474,0.48451703298167637,0.0017857142857142854,5.16499266365589e-05,0.0035197786447920118,-0.0010427129847356523,0.004614141556164223,0.00023809523809523782,-0.0013437939756601716,0.0018199844518506471,-0.0013437649080746525,0.001819955384265128,0.0009047619047619053,-0.0007970594516861202,0.002606583261209931,-0.0007970281803193348,0.0026065519898431453
akane-kurumi,48,permuted_suppress,unformed_bridge_contacts,1000,10.245,10.049088553537944,10.440911446462055,10.049092153456746,10.440907846543253,0.03,-0.05252677400958085,0.11252677400958085,-0.10460917810173093,0.16460917810173092,10.011,9.822206545306955,10.199793454693044,9.822210014430988,10.19978998556901,0.05,-0.028671751248109653,0.12867175124810964,-0.07832126182591896,0.17832126182591895,-0.234,-0.32507998745341654,-0.14292001254658349,-0.3250783138372737,-0.14292168616272635,0.02,-0.0653781376371398,0.10537813763713981,-0.06537656879382532,0.10537656879382533
akane-kurumi,48,permuted_suppress,selection_total_variation,1000,0.03589255084292206,0.03528763694618697,0.03649746473965715,0.035287648061621775,0.03649745362422235,0.03589255084292206,0.03528763694618697,0.03649746473965715,0.03490587756701802,0.036879224118826104,0.034950015962106215,0.0343567797990697,0.03554325212514273,0.03435679069992341,0.03554324122428902,0.034950015962106215,0.0343567797990697,0.03554325212514273,0.03398239020325493,0.0359176417209575,-0.0009425348808158457,-0.0009949198375076304,-0.0008901499241240609,-0.0009949188749217583,-0.0008901508867099332,-0.0009425348808158457,-0.0009949198375076304,-0.0008901499241240609,-0.0009949188749217583,-0.0008901508867099332
akane-kurumi,48,permuted_suppress,expected_source_shift,1000,0.0001028754542431638,-0.00020549303657749267,0.00041124394506382027,-0.00020548737023411005,0.00041123827872043765,0.0001028754542431638,-0.00020549303657749267,0.00041124394506382027,-0.00040010348319865076,0.0006058543916849784,0.00011168548928385315,-0.0001897826824286308,0.0004131536609963371,-0.0001897771428802311,0.00041314812144793744,0.00011168548928385315,-0.0001897826824286308,0.0004131536609963371,-0.0003800383579773743,0.0006034093365450806,8.810035040689348e-06,-9.725361544042318e-06,2.7345431625421016e-05,-9.725020951780439e-06,2.7345091033159136e-05,8.810035040689348e-06,-9.725361544042318e-06,2.7345431625421016e-05,-9.725020951780439e-06,2.7345091033159136e-05
akane-kurumi,48,permuted_suppress,permutation_unchanged_fraction,1000,0.4815,0.4659157232416104,0.49708427675838956,0.46591600960635293,0.49708399039364703,0.0,0.0,0.0,0.0,0.0,0.4815,0.4659157232416104,0.49708427675838956,0.46591600960635293,0.49708399039364703,0.0,0.0,0.0,0.0,0.0,0.0,0.0,0.0,0.0,0.0,0.0,0.0,0.0,0.0,0.0
akane-kurumi,48,permuted_suppress,information_transfers,1000,5.801,5.774155398475093,5.827844601524907,5.7741558917509455,5.827844108249055,0,0.0,0.0,0.0,0.0,5.801,5.774155398475093,5.827844601524907,5.7741558917509455,5.827844108249055,0,0.0,0.0,0.0,0.0,0,0.0,0.0,0.0,0.0,0,0.0,0.0,0.0,0.0
koharu-midori,12,neutral,bridge_count,1000,0.974,0.9248061883006662,1.0231938116993338,0.9248070922485003,1.0231929077514996,0,0.0,0.0,0.0,0.0,0.926,0.8778650524922736,0.9741349475077264,0.8778659369832298,0.9741340630167703,0,0.0,0.0,0.0,0.0,-0.048,-0.061824010158302724,-0.03417598984169728,-0.06182375613887203,-0.03417624386112797,0,0.0,0.0,0.0,0.0
koharu-midori,12,neutral,bridge_rate,1000,0.2435,0.23120154707516655,0.25579845292483344,0.23120177306212508,0.2557982269378749,0.0,0.0,0.0,0.0,0.0,0.2315,0.2194662631230684,0.2435337368769316,0.21946648424580745,0.24353351575419258,0.0,0.0,0.0,0.0,0.0,-0.012,-0.015456002539575681,-0.00854399746042432,-0.015455939034718008,-0.008544060965281992,0.0,0.0,0.0,0.0,0.0
koharu-midori,12,neutral,unformed_turns,1000,11.09925,11.048573274478223,11.149926725521777,11.048574205674946,11.149925794325053,0.0,0.0,0.0,0.0,0.0,11.15475,11.105126533451074,11.204373466548926,11.105127445293917,11.204372554706083,0.0,0.0,0.0,0.0,0.0,0.0555,0.03992967094931046,0.07107032905068955,0.0399299570577606,0.0710700429422394,0.0,0.0,0.0,0.0,0.0
koharu-midori,12,neutral,all_formed,1000,0.001,-0.0009599999999999999,0.00296,-0.0009599639845400535,0.0029599639845400536,0,0.0,0.0,0.0,0.0,0.001,-0.0009599999999999999,0.00296,-0.0009599639845400535,0.0029599639845400536,0,0.0,0.0,0.0,0.0,0,0.0,0.0,0.0,0.0,0,0.0,0.0,0.0,0.0
koharu-midori,12,neutral,free_known_share,1000,0.2503333333333333,0.2413470144494611,0.2593196522172055,0.24134717957517937,0.2593194870914872,0.0,0.0,0.0,0.0,0.0,0.28883333333333333,0.27995635404699165,0.297710312619675,0.2799565171635692,0.2977101495030975,0.0,0.0,0.0,0.0,0.0,0.0385,0.0337904811320085,0.0432095188679915,0.03379056767052286,0.04320943232947714,0.0,0.0,0.0,0.0,0.0
koharu-midori,12,neutral,free_bridge_share,1000,0.5036666666666667,0.4917048806363054,0.5156284526970281,0.4917051004369307,0.5156282328964027,0.0,0.0,0.0,0.0,0.0,0.46499999999999997,0.45318926193950887,0.47681073806049107,0.4531894789645923,0.47681052103540766,0.0,0.0,0.0,0.0,0.0,-0.03866666666666667,-0.043404869390690076,-0.03392846394264326,-0.04340478232510312,-0.033928551008230216,0.0,0.0,0.0,0.0,0.0
koharu-midori,12,neutral,source_contact_share,1000,0.44566666666666666,0.43587416859264894,0.4554591647406844,0.435874348532099,0.4554589848012343,0.0,0.0,0.0,0.0,0.0,0.4455,0.4359039258597293,0.4550960741402707,0.4359041021898435,0.4550958978101565,0.0,0.0,0.0,0.0,0.0,-0.00016666666666666707,-0.0034185689033653555,0.0030852355700320216,-0.0034185091488986435,0.0030851758155653096,0.0,0.0,0.0,0.0,0.0
koharu-midori,12,neutral,unformed_bridge_contacts,1000,2.725,2.6596262137249806,2.7903737862750195,2.6596274149836443,2.790372585016356,0,0.0,0.0,0.0,0.0,2.54,2.4751273902521604,2.6048726097478396,2.475128582301588,2.604871417698412,0,0.0,0.0,0.0,0.0,-0.185,-0.21136589464441516,-0.15863410535558484,-0.2113654101649139,-0.1586345898350861,0,0.0,0.0,0.0,0.0
koharu-midori,12,neutral,selection_total_variation,1000,0.0,0.0,0.0,0.0,0.0,0.0,0.0,0.0,0.0,0.0,0.0,0.0,0.0,0.0,0.0,0.0,0.0,0.0,0.0,0.0,0.0,0.0,0.0,0.0,0.0,0.0,0.0,0.0,0.0,0.0
koharu-midori,12,neutral,expected_source_shift,1000,0.0,0.0,0.0,0.0,0.0,0.0,0.0,0.0,0.0,0.0,0.0,0.0,0.0,0.0,0.0,0.0,0.0,0.0,0.0,0.0,0.0,0.0,0.0,0.0,0.0,0.0,0.0,0.0,0.0,0.0
koharu-midori,12,neutral,permutation_unchanged_fraction,1000,0.4815,0.4659157232416104,0.49708427675838956,0.46591600960635293,0.49708399039364703,0.0,0.0,0.0,0.0,0.0,0.4815,0.4659157232416104,0.49708427675838956,0.46591600960635293,0.49708399039364703,0.0,0.0,0.0,0.0,0.0,0.0,0.0,0.0,0.0,0.0,0.0,0.0,0.0,0.0,0.0
koharu-midori,12,neutral,information_transfers,1000,5.801,5.774155398475093,5.827844601524907,5.7741558917509455,5.827844108249055,0,0.0,0.0,0.0,0.0,5.801,5.774155398475093,5.827844601524907,5.7741558917509455,5.827844108249055,0,0.0,0.0,0.0,0.0,0,0.0,0.0,0.0,0.0,0,0.0,0.0,0.0,0.0
koharu-midori,12,actual_promote,bridge_count,1000,0.931,0.8822413664388886,0.9797586335611115,0.8822422623902223,0.9797577376097778,-0.043,-0.05882828532141799,-0.027171714678582003,-0.06881746958421536,-0.017182530415784634,0.883,0.8350737351292168,0.9309262648707832,0.8350746157855805,0.9309253842144195,-0.043,-0.0583346938161293,-0.02766530618387069,-0.0680123739332307,-0.017987626066769284,-0.048,-0.061824010158302724,-0.03417598984169728,-0.06182375613887203,-0.03417624386112797,0,-0.01240233114449932,0.01240233114449932,-0.012402103248754128,0.012402103248754128
koharu-midori,12,actual_promote,bridge_rate,1000,0.23275,0.22056034160972215,0.24493965839027787,0.22056056559755557,0.24493943440244445,-0.01075,-0.014707071330354498,-0.006792928669645501,-0.01720436739605384,-0.0042956326039461585,0.22075,0.2087684337823042,0.2327315662176958,0.20876865394639513,0.23273134605360488,-0.01075,-0.014583673454032326,-0.0069163265459676725,-0.017003093483307676,-0.004496906516692321,-0.012,-0.015456002539575681,-0.00854399746042432,-0.015455939034718008,-0.008544060965281992,0.0,-0.00310058278612483,0.00310058278612483,-0.003100525812188532,0.003100525812188532
koharu-midori,12,actual_promote,unformed_turns,1000,11.14325,11.09304671248636,11.19345328751364,11.093047634983549,11.193452365016451,0.044,0.027792046391966682,0.06020795360803331,0.017563254591351617,0.07043674540864837,11.19575,11.146779656672374,11.244720343327627,11.146780556513924,11.244719443486076,0.041,0.02615354966709256,0.055846450332907444,0.016783998574707033,0.06521600142529296,0.0525,0.037974340469886236,0.06702565953011376,0.037974607382288784,0.0670253926177112,-0.003,-0.01526451972333381,0.009264519723333812,-0.015264294359905822,0.009264294359905823
koharu-midori,12,actual_promote,all_formed,1000,0.002,-0.0007704709182933338,0.004770470918293334,-0.0007704200102400735,0.004770420010240074,0.001,-0.0009599999999999999,0.00296,-0.0021969502291312535,0.0041969502291312535,0.002,-0.0007704709182933338,0.004770470918293334,-0.0007704200102400735,0.004770420010240074,0.001,-0.0009599999999999999,0.00296,-0.0021969502291312535,0.0041969502291312535,0,0.0,0.0,0.0,0.0,0,0.0,0.0,0.0,0.0
koharu-midori,12,actual_promote,free_known_share,1000,0.24783333333333332,0.2387533890059165,0.2569132776607502,0.23875355585202426,0.25691311081464235,-0.0025,-0.006179924313632711,0.0011799243136327107,-0.008502313713088655,0.0035023137130886554,0.29016666666666663,0.28121653848167055,0.2991167948516627,0.2812167029423762,0.29911663039095704,0.0013333333333333335,-0.0016609728787822771,0.004327639545448944,-0.0035506707130504096,0.006217337379717077,0.042333333333333334,0.03740389424051864,0.04726277242614803,0.037403984820118745,0.04726268184654792,0.003833333333333333,-0.0008629209854668185,0.008529587652133484,-0.0008628346906916569,0.008529501357358324
koharu-midori,12,actual_promote,free_bridge_share,1000,0.5081666666666667,0.49604924868919875,0.5202840846441346,0.4960494713495976,0.5202838619837357,0.004500000000000001,-8.25400531054895e-06,0.009008254005310551,-0.002853399834316047,0.01185339983431605,0.4653333333333333,0.45334826284435675,0.4773184038223099,0.4533484830728395,0.47731818359382716,0.0003333333333333336,-0.0035059956361383777,0.004172662302805045,-0.005928984844555873,0.006595651511222541,-0.042833333333333334,-0.04784302187114809,-0.03782364479551858,-0.04784292981694561,-0.03782373684972106,-0.0041666666666666675,-0.008907111985602623,0.0005737786522692885,-0.008907024878807464,0.0005736915454741297
koharu-midori,12,actual_promote,source_contact_share,1000,0.47783333333333333,0.467859331512985,0.4878073351536817,0.467859514787609,0.48780715187905765,0.03216666666666666,0.027664577279138052,0.03666875605419527,0.024823321922264125,0.039510011411069204,0.47433333333333333,0.46447257009115045,0.4841940965755162,0.464472751284989,0.48419391538167766,0.028833333333333332,0.02453367220751097,0.03313299445915569,0.021820168730586117,0.03584649793608055,-0.0034999999999999996,-0.007147620378179752,0.00014762037817975292,-0.007147553352299329,0.00014755335229932939,-0.0033333333333333327,-0.007513693747336981,0.0008470270806703148,-0.0075136169322333815,0.0008469502655667166
koharu-midori,12,actual_promote,unformed_bridge_contacts,1000,2.766,2.699927926706745,2.832072073293255,2.6999291407965966,2.8320708592034034,0.041,0.0138760847741854,0.0681239152258146,-0.003241738263318715,0.08524173826331871,2.559,2.4932992726373904,2.62470072736261,2.4933004799036733,2.624699520096327,0.019,-0.0040895801415077974,0.04208958014150779,-0.018661346185682545,0.05666134618568254,-0.207,-0.23488118796325297,-0.179118812036747,-0.23488067563988135,-0.17911932436011863,-0.022,-0.048127152422215734,0.004127152422215737,-0.04812667232965881,0.004126672329658812
koharu-midori,12,actual_promote,selection_total_variation,1000,0.03410705160699054,0.03347721583232014,0.03473688738166094,0.033477227405700305,0.034736875808280776,0.03410705160699054,0.03347721583232014,0.03473688738166094,0.03307972832936422,0.03513437488461686,0.03279865589754191,0.03217484113075892,0.0334224706643249,0.03217485259350165,0.033422459201582176,0.03279865589754191,0.03217484113075892,0.0334224706643249,0.03178115346815296,0.03381615832693086,-0.0013083957094486294,-0.0013842918832424264,-0.0012324995356548323,-0.0013842904886324228,-0.001232500930264836,-0.0013083957094486294,-0.0013842918832424264,-0.0012324995356548323,-0.0013842904886324228,-0.001232500930264836
koharu-midori,12,actual_promote,expected_source_shift,1000,0.01136901720233018,0.011159071944106714,0.011578962460553647,0.011159075801900101,0.01157895860276026,0.01136901720233018,0.011159071944106714,0.011578962460553647,0.011026576109788072,0.011711458294872289,0.010932885299180638,0.010724947043586308,0.011140823554774968,0.010724950864500551,0.011140819733860725,0.010932885299180638,0.010724947043586308,0.011140823554774968,0.010593717822717655,0.011272052775643622,-0.0004361319031495419,-0.00046143062774747426,-0.0004108331785516095,-0.000461430162877473,-0.0004108336434216108,-0.0004361319031495419,-0.00046143062774747426,-0.0004108331785516095,-0.000461430162877473,-0.0004108336434216108
koharu-midori,12,actual_promote,permutation_unchanged_fraction,1000,0.4815,0.4659157232416104,0.49708427675838956,0.46591600960635293,0.49708399039364703,0.0,0.0,0.0,0.0,0.0,0.4815,0.4659157232416104,0.49708427675838956,0.46591600960635293,0.49708399039364703,0.0,0.0,0.0,0.0,0.0,0.0,0.0,0.0,0.0,0.0,0.0,0.0,0.0,0.0,0.0
koharu-midori,12,actual_promote,information_transfers,1000,5.801,5.774155398475093,5.827844601524907,5.7741558917509455,5.827844108249055,0,0.0,0.0,0.0,0.0,5.801,5.774155398475093,5.827844601524907,5.7741558917509455,5.827844108249055,0,0.0,0.0,0.0,0.0,0,0.0,0.0,0.0,0.0,0,0.0,0.0,0.0,0.0
koharu-midori,12,actual_suppress,bridge_count,1000,1.031,0.9816222480788687,1.0803777519211313,0.9816231554066475,1.0803768445933524,0.057,0.04038932403072783,0.07361067596927218,0.029906375333678733,0.08409362466632127,0.971,0.9223234571870575,1.0196765428129424,0.9223243516299544,1.0196756483700455,0.045,0.02968738964003733,0.060312610359962666,0.020023646327101907,0.06997635367289809,-0.06,-0.07573679404093117,-0.04426320595906883,-0.07573650487364776,-0.044263495126352234,-0.012,-0.024065371224408424,6.537122440842223e-05,-0.024065149520380837,6.514952038083437e-05
koharu-midori,12,actual_suppress,bridge_rate,1000,0.25775,0.24540556201971717,0.2700944379802828,0.24540578885166187,0.2700942111483381,0.01425,0.010097331007681957,0.018402668992318044,0.007476593833419683,0.021023406166580317,0.24275,0.2305808642967644,0.2549191357032356,0.2305810879074886,0.2549189120925114,0.01125,0.0074218474100093326,0.015078152589990667,0.005005911581775477,0.017494088418224522,-0.015,-0.018934198510232793,-0.011065801489767208,-0.01893412621841194,-0.011065873781588059,-0.003,-0.006016342806102106,1.6342806102105558e-05,-0.006016287380095209,1.628738009520859e-05
koharu-midori,12,actual_suppress,unformed_turns,1000,11.0485,10.997414748710618,11.099585251289383,10.9974156874141,11.099584312585902,-0.05075,-0.0659854369034051,-0.03551456309659491,-0.07560047627513045,-0.025899523724869568,11.10825,11.057982507403771,11.158517492596228,11.057983431080745,11.158516568919255,-0.0465,-0.06157377587464797,-0.03142622412535203,-0.07108679144710663,-0.021913208552893377,0.05975,0.04385003280327733,0.07564996719672266,0.043850324968905764,0.07564967503109424,0.00425,-0.008159218339597374,0.016659218339597374,-0.008158990317298356,0.016658990317298356
koharu-midori,12,actual_suppress,all_formed,1000,0.001,-0.0009599999999999999,0.00296,-0.0009599639845400535,0.0029599639845400536,0,0.0,0.0,0.0,0.0,0.001,-0.0009599999999999999,0.00296,-0.0009599639845400535,0.0029599639845400536,0,0.0,0.0,0.0,0.0,0,0.0,0.0,0.0,0.0,0,0.0,0.0,0.0,0.0
koharu-midori,12,actual_suppress,free_known_share,1000,0.25116666666666665,0.24234860461978203,0.25998472871355127,0.24234876665374144,0.25998456667959186,0.0008333333333333334,-0.002418174705523248,0.004084841372189915,-0.004470191855362921,0.006136858522029588,0.2895,0.28074344697835835,0.2982565530216416,0.28074360788207503,0.29825639211792493,0.0006666666666666665,-0.0025017992465016566,0.0038351325798349897,-0.004501408755322128,0.00583474208865546,0.03833333333333333,0.033698564134120236,0.042968102532546425,0.033698649299091894,0.042968017367574766,-0.00016666666666666688,-0.004612024926076018,0.004278691592742685,-0.004611943241574825,0.004278609908241492
koharu-midori,12,actual_suppress,free_bridge_share,1000,0.5046666666666667,0.49284094293463954,0.5164923903986939,0.4928411602350882,0.5164921730982452,0.0010000000000000005,-0.003285888280095571,0.0052858882800955725,-0.005990699754633923,0.007990699754633923,0.46599999999999997,0.45448934189133655,0.4775106581086634,0.45448955340238045,0.4775104465976195,0.0010000000000000002,-0.003210454936847046,0.005210454936847046,-0.0058676606505612145,0.007867660650561215,-0.03866666666666667,-0.04335956484772517,-0.033973768485608166,-0.043359478614619834,-0.0339738547187135,-2.7755575615628914e-19,-0.004481268867134445,0.004481268867134445,-0.004481186522767408,0.004481186522767408
koharu-midori,12,actual_suppress,source_contact_share,1000,0.41583333333333333,0.40592021958089847,0.4257464470857682,0.40592040173669,0.4257462649299767,-0.029833333333333333,-0.03413160300715041,-0.02553506365951626,-0.036844228342811605,-0.022822438323855065,0.4165,0.40665162080591283,0.42634837919408713,0.4066518017721916,0.42634819822780834,-0.029,-0.03318194435809107,-0.024818055641908934,-0.035821157129496635,-0.02217884287050337,0.0006666666666666666,-0.0026661032823863864,0.0039994366157197194,-0.002666042041956483,0.003999375375289816,0.0008333333333333337,-0.0031558020339808087,0.004822468700647476,-0.0031557287326823176,0.004822395399348985
koharu-midori,12,actual_suppress,unformed_bridge_contacts,1000,2.725,2.660514586389102,2.789485413610898,2.66051577132371,2.78948422867629,0,-0.025417215324162377,0.025417215324162377,-0.04145794507880578,0.04145794507880578,2.533,2.469854258399459,2.596145741600541,2.469855418717279,2.596144581282721,-0.007,-0.030445900960975502,0.016445900960975503,-0.04524254002519352,0.03124254002519352,-0.192,-0.21824609904948383,-0.16575390095051618,-0.2182456167712547,-0.1657543832287453,-0.007,-0.032639476288417915,0.018639476288417913,-0.032639005157024385,0.018639005157024387
koharu-midori,12,actual_suppress,selection_total_variation,1000,0.033748014344291456,0.03312378173533983,0.034372246953243084,0.033123793205760504,0.03437223548282241,0.033748014344291456,0.03312378173533983,0.034372246953243084,0.03272983037377151,0.034766198314811404,0.03250334101142019,0.03188573516633202,0.033120946856508356,0.03188574651498436,0.03312093550785602,0.03250334101142019,0.03188573516633202,0.033120946856508356,0.03149596593592661,0.03351071608691377,-0.0012446733328712676,-0.0013213160049694638,-0.0011680306607730715,-0.0013213145966423784,-0.0011680320691001569,-0.0012446733328712676,-0.0013213160049694638,-0.0011680306607730715,-0.0013213145966423784,-0.0011680320691001569
koharu-midori,12,actual_suppress,expected_source_shift,1000,-0.011249338114763821,-0.01145741565108103,-0.011041260578446612,-0.011457411827607471,-0.011041264401920171,-0.011249338114763821,-0.01145741565108103,-0.011041260578446612,-0.011588732771603804,-0.010909943457923838,-0.01083444700380673,-0.011040315618836118,-0.010628578388777342,-0.011040311835952006,-0.010628582171661453,-0.01083444700380673,-0.011040315618836118,-0.010628578388777342,-0.011170238695637923,-0.010498655311975537,0.0004148911109570919,0.0003893435535910266,0.0004404386683231572,0.00038934402303338837,0.00044043819888079543,0.0004148911109570919,0.0003893435535910266,0.0004404386683231572,0.00038934402303338837,0.00044043819888079543
koharu-midori,12,actual_suppress,permutation_unchanged_fraction,1000,0.4815,0.4659157232416104,0.49708427675838956,0.46591600960635293,0.49708399039364703,0.0,0.0,0.0,0.0,0.0,0.4815,0.4659157232416104,0.49708427675838956,0.46591600960635293,0.49708399039364703,0.0,0.0,0.0,0.0,0.0,0.0,0.0,0.0,0.0,0.0,0.0,0.0,0.0,0.0,0.0
koharu-midori,12,actual_suppress,information_transfers,1000,5.801,5.774155398475093,5.827844601524907,5.7741558917509455,5.827844108249055,0,0.0,0.0,0.0,0.0,5.801,5.774155398475093,5.827844601524907,5.7741558917509455,5.827844108249055,0,0.0,0.0,0.0,0.0,0,0.0,0.0,0.0,0.0,0,0.0,0.0,0.0,0.0
koharu-midori,12,permuted_promote,bridge_count,1000,0.964,0.9149870919904608,1.0130129080095391,0.9149879926141471,1.0130120073858528,-0.01,-0.026627914106331182,0.006627914106331184,-0.037121741740923614,0.01712174174092361,0.918,0.8692793556817772,0.9667206443182229,0.8692802509350496,0.9667197490649505,-0.008,-0.02392335677207827,0.007923356772078269,-0.03397254034746648,0.017972540347466485,-0.046,-0.060394720642735045,-0.031605279357264954,-0.06039445613636527,-0.031605543863634726,0.002,-0.01008766086325825,0.01408766086325825,-0.010087438749653318,0.014087438749653318
koharu-midori,12,permuted_promote,bridge_rate,1000,0.241,0.2287467729976152,0.2532532270023848,0.22874699815353677,0.2532530018464632,-0.0025,-0.006656978526582796,0.001656978526582796,-0.009280435435230903,0.0042804354352309025,0.2295,0.2173198389204443,0.24168016107955573,0.2173200627337624,0.24167993726623763,-0.002,-0.005980839193019567,0.001980839193019567,-0.00849313508686662,0.004493135086866621,-0.0115,-0.015098680160683761,-0.007901319839316238,-0.015098614034091318,-0.007901385965908682,0.0005,-0.0025219152158145624,0.0035219152158145624,-0.0025218596874133294,0.0035218596874133294
koharu-midori,12,permuted_promote,unformed_turns,1000,11.1035,11.052744577301205,11.154255422698796,11.052745509944009,11.154254490055992,0.00425,-0.01240904063068263,0.02090904063068263,-0.022922512123146783,0.031422512123146784,11.15625,11.10615765247285,11.20634234752715,11.106158572931491,11.206341427068509,0.0015,-0.013784049154545354,0.016784049154545354,-0.023429767574835256,0.02642976757483526,0.05275,0.037876256821629053,0.06762374317837094,0.03787653013015033,0.06762346986984967,-0.00275,-0.014360419878270973,0.008860419878270975,-0.014360206534081134,0.008860206534081132
koharu-midori,12,permuted_promote,all_formed,1000,0.002,-0.0007704709182933338,0.004770470918293334,-0.0007704200102400735,0.004770420010240074,0.001,-0.0009599999999999999,0.00296,-0.0021969502291312535,0.0041969502291312535,0.002,-0.0007704709182933338,0.004770470918293334,-0.0007704200102400735,0.004770420010240074,0.001,-0.0009599999999999999,0.00296,-0.0021969502291312535,0.0041969502291312535,0,0.0,0.0,0.0,0.0,0,0.0,0.0,0.0,0.0
koharu-midori,12,permuted_promote,free_known_share,1000,0.2508333333333333,0.24194274296815024,0.2597239236985164,0.2419429063348345,0.2597237603318321,0.0004999999999999999,-0.0032119471285052205,0.00421194712850522,-0.005554546032141767,0.006554546032141766,0.29016666666666663,0.28130047562872373,0.2990328577046095,0.28130063854706466,0.2990326947862686,0.0013333333333333335,-0.0018678671977793225,0.004534533864445989,-0.003888135427603246,0.006554802094269913,0.03933333333333333,0.034684710492476185,0.04398195617419048,0.03468479591201176,0.0439818707546549,0.0008333333333333335,-0.0038686493190257017,0.005535315985692369,-0.0038685629189910663,0.005535229585657733
koharu-midori,12,permuted_promote,free_bridge_share,1000,0.504,0.4921282630080568,0.5158717369919432,0.4921284811540099,0.51587151884599,0.00033333333333333397,-0.004357515855305648,0.0050241825219723155,-0.007317896966890925,0.007984563633557594,0.46399999999999997,0.45224617816978213,0.4757538218302178,0.45224639414901646,0.4757536058509835,-0.001,-0.005235748650864445,0.003235748650864445,-0.007908917153022187,0.005908917153022186,-0.04,-0.04480784773513978,-0.03519215226486022,-0.04480775938980941,-0.03519224061019059,-0.001333333333333334,-0.006158213868983352,0.0034915472023166845,-0.006158125210671272,0.0034914585440046038
koharu-midori,12,permuted_promote,source_contact_share,1000,0.4518333333333333,0.44198777456669,0.46167889209997665,0.4419879554811427,0.4616787111855239,0.006166666666666666,0.0020373261829322005,0.010296007150401132,-0.0005686884382495889,0.01290202177158292,0.44866666666666666,0.4388664704724343,0.458466862860899,0.4388666505533392,0.45846668277999414,0.003166666666666666,-0.0007367168118501627,0.007070050145183495,-0.0032001306323290097,0.009533463965662342,-0.0031666666666666666,-0.006786064959139479,0.0004527316258061461,-0.0067859984518465035,0.0004526651185131703,-0.0029999999999999996,-0.0068348748608698905,0.0008348748608698912,-0.006834804394144405,0.0008348043941444061
koharu-midori,12,permuted_promote,unformed_bridge_contacts,1000,2.732,2.6673715963979294,2.796628403602071,2.667372783960012,2.7966272160399885,0.007,-0.02052025301347947,0.03452025301347947,-0.03788820366183329,0.05188820366183329,2.537,2.472895692720287,2.6011043072797126,2.4728968706519767,2.601103129348023,-0.003,-0.027413304467749443,0.021413304467749444,-0.042820469036746245,0.03682046903674624,-0.195,-0.2215258436318316,-0.16847415636816843,-0.22152535621323013,-0.16847464378676988,-0.01,-0.03673702130582815,0.016737021305828145,-0.036736530006787366,0.01673653000678737
koharu-midori,12,permuted_promote,selection_total_variation,1000,0.03501027242909141,0.03437164070843961,0.03564890414974321,0.03437165244344734,0.035648892414735484,0.03501027242909141,0.03437164070843961,0.03564890414974321,0.0339686021098729,0.03605194274830992,0.03356174716968343,0.0329368973790665,0.03418659696030036,0.032936908860828035,0.034186585478538825,0.03356174716968343,0.0329368973790665,0.03418659696030036,0.03254255651596638,0.03458093782340048,-0.0014485252594079784,-0.0015234507145314568,-0.0013735998042845,-0.0015234493377586362,-0.0013736011810573205,-0.0014485252594079784,-0.0015234507145314568,-0.0013735998042845,-0.0015234493377586362,-0.0013736011810573205
koharu-midori,12,permuted_promote,expected_source_shift,1000,-3.947530340695948e-05,-0.0003567973161727917,0.00027784670935887274,-0.0003567914853063423,0.00027784087849242335,-3.947530340695948e-05,-0.0003567973161727917,0.00027784670935887274,-0.0005570583041315094,0.00047810769731759047,-3.4314642793058625e-05,-0.00034258672937903284,0.00027395744379291563,-0.00034258106480710066,0.00027395177922098345,-3.4314642793058625e-05,-0.00034258672937903284,0.00027395744379291563,-0.0005371363355715279,0.0004685070499854107,5.1606606139008565e-06,-2.0649244018277083e-05,3.0970565246078794e-05,-2.0648769755222744e-05,3.0970090983024456e-05,5.1606606139008565e-06,-2.0649244018277083e-05,3.0970565246078794e-05,-2.0648769755222744e-05,3.0970090983024456e-05
koharu-midori,12,permuted_promote,permutation_unchanged_fraction,1000,0.4815,0.4659157232416104,0.49708427675838956,0.46591600960635293,0.49708399039364703,0.0,0.0,0.0,0.0,0.0,0.4815,0.4659157232416104,0.49708427675838956,0.46591600960635293,0.49708399039364703,0.0,0.0,0.0,0.0,0.0,0.0,0.0,0.0,0.0,0.0,0.0,0.0,0.0,0.0,0.0
koharu-midori,12,permuted_promote,information_transfers,1000,5.801,5.774155398475093,5.827844601524907,5.7741558917509455,5.827844108249055,0,0.0,0.0,0.0,0.0,5.801,5.774155398475093,5.827844601524907,5.7741558917509455,5.827844108249055,0,0.0,0.0,0.0,0.0,0,0.0,0.0,0.0,0.0,0,0.0,0.0,0.0,0.0
koharu-midori,12,permuted_suppress,bridge_count,1000,0.978,0.9288769041677527,1.0271230958322473,0.9288778068161663,1.0271221931838337,0.004,-0.01192915164948442,0.01992915164948442,-0.021981992354941686,0.029981992354941686,0.928,0.8796143749207028,0.9763856250792973,0.8796152640179181,0.976384735982082,0.002,-0.013687355632060067,0.017687355632060066,-0.023587599582845863,0.02758759958284586,-0.05,-0.0637967224205443,-0.03620327757945571,-0.06379646890253218,-0.036203531097467816,-0.002,-0.015007083370910551,0.011007083370910551,-0.015006844362701284,0.011006844362701284
koharu-midori,12,permuted_suppress,bridge_rate,1000,0.2445,0.23221922604193818,0.2567807739580618,0.23221945170404157,0.2567805482959584,0.001,-0.002982287912371105,0.004982287912371105,-0.0054954980887354215,0.0074954980887354215,0.232,0.2199035937301757,0.24409640626982432,0.21990381600447953,0.2440961839955205,0.0005,-0.003421838908015017,0.0044218389080150165,-0.005896899895711466,0.006896899895711465,-0.0125,-0.015949180605136073,-0.009050819394863928,-0.015949117225633046,-0.009050882774366954,-0.0005,-0.003751770842727638,0.002751770842727638,-0.003751711090675321,0.002751711090675321
koharu-midori,12,permuted_suppress,unformed_turns,1000,11.0985,11.04797200068165,11.14902799931835,11.047972929145494,11.149027070854505,-0.00075,-0.015740532183853753,0.014240532183853752,-0.02520101290814831,0.023701012908148307,11.153,11.103387148634447,11.202612851365554,11.103388060282231,11.20261193971777,-0.00175,-0.01689969466188505,0.01339969466188505,-0.026460622357439765,0.022960622357439762,0.0545,0.03941768041831881,0.06958231958168119,0.03941795755948044,0.06958204244051956,-0.001,-0.01411792049976818,0.012117920499768179,-0.01411767945490066,0.012117679454900658
koharu-midori,12,permuted_suppress,all_formed,1000,0.002,-0.0007704709182933338,0.004770470918293334,-0.0007704200102400735,0.004770420010240074,0.001,-0.0009599999999999999,0.00296,-0.0021969502291312535,0.0041969502291312535,0.001,-0.0009599999999999999,0.00296,-0.0009599639845400535,0.0029599639845400536,0,0.0,0.0,0.0,0.0,-0.001,-0.00296,0.0009599999999999999,-0.0029599639845400536,0.0009599639845400535,-0.001,-0.00296,0.0009599999999999999,-0.0029599639845400536,0.0009599639845400535
koharu-midori,12,permuted_suppress,free_known_share,1000,0.24933333333333332,0.2402407337056024,0.25842593296106425,0.2402409007842543,0.25842576588241234,-0.0009999999999999998,-0.004427262281905368,0.0024272622819053683,-0.00659019741705626,0.00459019741705626,0.2886666666666667,0.2797150049921157,0.29761832834121765,0.27971516948099967,0.2976181638523337,-0.00016666666666666653,-0.0036100201636994284,0.0032766868303660953,-0.005783110417339519,0.005449777084006186,0.03933333333333333,0.03452655215222046,0.0441401145144462,0.03452664047795265,0.044140026188714016,0.0008333333333333334,-0.003936315336886122,0.005602982003552789,-0.00393622769347253,0.005602894360139197
koharu-midori,12,permuted_suppress,free_bridge_share,1000,0.5053333333333333,0.49322307103469454,0.5174435956319721,0.49322329356360617,0.5174433731030604,0.0016666666666666676,-0.002907787650403908,0.006241120983737244,-0.005794712301246204,0.00912804563457954,0.4653333333333333,0.4534917227631257,0.4771749439035409,0.4534919403554988,0.47717472631116786,0.000333333333333333,-0.004195310514883579,0.004861977181550245,-0.007053324313713043,0.007719990980379709,-0.04,-0.04491768025950145,-0.03508231974049855,-0.044917589895972665,-0.03508241010402734,-0.0013333333333333346,-0.006180302287367877,0.0035136356207012076,-0.006180213223175926,0.0035135465565092564
koharu-midori,12,permuted_suppress,source_contact_share,1000,0.445,0.4351891062660897,0.4548108937339103,0.43518928654356437,0.45481071345643564,-0.0006666666666666668,-0.0047223111265914585,0.0033889777932581246,-0.007281816404131698,0.005948483070798364,0.4438333333333333,0.43416318718978675,0.45350347947687986,0.4341633648809914,0.4535033017856752,-0.0016666666666666668,-0.0057212047759066425,0.0023878714425733085,-0.008280011838787146,0.004946678505453812,-0.0011666666666666672,-0.004578106272881838,0.002244772939548503,-0.004578043586878523,0.0022447102535451888,-0.001,-0.004668134895776546,0.002668134895776546,-0.0046680674929370485,0.002668067492937048
koharu-midori,12,permuted_suppress,unformed_bridge_contacts,1000,2.726,2.660404564186221,2.791595435813779,2.660405769517747,2.7915942304822527,0.001,-0.02567214955645611,0.02767214955645611,-0.04250486461017113,0.044504864610171134,2.536,2.4704696687730734,2.6015303312269267,2.4704708729082876,2.6015291270917125,-0.004,-0.030014166741821103,0.022014166741821103,-0.04643163077853245,0.038431630778532455,-0.19,-0.21630200820537543,-0.16369799179462458,-0.21630152489980245,-0.16369847510019755,-0.005,-0.031957244908429584,0.021957244908429586,-0.03195674956272843,0.02195674956272843
koharu-midori,12,permuted_suppress,selection_total_variation,1000,0.034916251293066566,0.03427859177945782,0.03555391080667531,0.03427860349660102,0.03555389908953211,0.034916251293066566,0.03427859177945782,0.03555391080667531,0.03387616673789351,0.03595633584823962,0.033464418392390054,0.0328416977042232,0.03408713908055691,0.03284170914686197,0.03408712763791814,0.033464418392390054,0.0328416977042232,0.03408713908055691,0.032448700511410564,0.034480136273369544,-0.001451832900676511,-0.00152602473559992,-0.001377641065753102,-0.001526023372307543,-0.001377642429045479,-0.001451832900676511,-0.00152602473559992,-0.001377641065753102,-0.001526023372307543,-0.001377642429045479
koharu-midori,12,permuted_suppress,expected_source_shift,1000,0.00013099701429621156,-0.00018549220056378253,0.00044748622915620565,-0.0001854863850001901,0.0004474804135926132,0.00013099701429621156,-0.00018549220056378253,0.00044748622915620565,-0.00038522761221615,0.0006472216408085731,0.0001079650303006525,-0.00019948621561399695,0.000415416276215302,-0.00019948056612520475,0.0004154106267265098,0.0001079650303006525,-0.00019948621561399695,0.000415416276215302,-0.0003935177916756372,0.0006094478522769422,-2.3031983995559056e-05,-4.811210795462121e-05,2.0481399635030962e-06,-4.811164710145799e-05,2.047679110339882e-06,-2.3031983995559056e-05,-4.811210795462121e-05,2.0481399635030962e-06,-4.811164710145799e-05,2.047679110339882e-06
koharu-midori,12,permuted_suppress,permutation_unchanged_fraction,1000,0.4815,0.4659157232416104,0.49708427675838956,0.46591600960635293,0.49708399039364703,0.0,0.0,0.0,0.0,0.0,0.4815,0.4659157232416104,0.49708427675838956,0.46591600960635293,0.49708399039364703,0.0,0.0,0.0,0.0,0.0,0.0,0.0,0.0,0.0,0.0,0.0,0.0,0.0,0.0,0.0
koharu-midori,12,permuted_suppress,information_transfers,1000,5.801,5.774155398475093,5.827844601524907,5.7741558917509455,5.827844108249055,0,0.0,0.0,0.0,0.0,5.801,5.774155398475093,5.827844601524907,5.7741558917509455,5.827844108249055,0,0.0,0.0,0.0,0.0,0,0.0,0.0,0.0,0.0,0,0.0,0.0,0.0,0.0
koharu-midori,24,neutral,bridge_count,1000,2.103,2.0477298701570836,2.1582701298429168,2.0477308857586896,2.158269114241311,0,0.0,0.0,0.0,0.0,2.008,1.9526761492115194,2.0633238507884806,1.9526771658002602,2.06332283419974,0,0.0,0.0,0.0,0.0,-0.095,-0.1148025073992992,-0.0751974926007008,-0.11480214352357875,-0.07519785647642126,0,0.0,0.0,0.0,0.0
koharu-midori,24,neutral,bridge_rate,1000,0.52575,0.5119324675392709,0.5395675324607292,0.5119327214396724,0.5395672785603277,0.0,0.0,0.0,0.0,0.0,0.502,0.48816903730287986,0.5158309626971201,0.48816929145006505,0.515830708549935,0.0,0.0,0.0,0.0,0.0,-0.02375,-0.0287006268498248,-0.0187993731501752,-0.028700535880894686,-0.018799464119105314,0.0,0.0,0.0,0.0,0.0
koharu-midori,24,neutral,unformed_turns,1000,18.146,17.96236345670201,18.32963654329799,17.96236683106659,18.329633168933412,0.0,0.0,0.0,0.0,0.0,18.4395,18.25750118090011,18.621498819099887,18.25750452517112,18.621495474828876,0.0,0.0,0.0,0.0,0.0,0.2935,0.23582223429208565,0.3511777657079143,0.2358232941345656,0.35117670586543437,0.0,0.0,0.0,0.0,0.0
koharu-midori,24,neutral,all_formed,1000,0.048,0.03474400229801336,0.06125599770198664,0.034744245880081875,0.06125575411991813,0,0.0,0.0,0.0,0.0,0.041,0.028703696918607226,0.05329630308139278,0.028703922866061875,0.05329607713393813,0,0.0,0.0,0.0,0.0,-0.007,-0.014057078996579531,5.707899657953104e-05,-0.014056949321096909,5.694932109690919e-05,0,0.0,0.0,0.0,0.0
koharu-midori,24,neutral,free_known_share,1000,0.24172222222222223,0.2372200801098885,0.24622436433455597,0.23722016283780628,0.24622428160663817,0.0,0.0,0.0,0.0,0.0,0.2767777777777778,0.27238521659613496,0.2811703389594206,0.2723852973104775,0.2811702582450781,0.0,0.0,0.0,0.0,0.0,0.035055555555555555,0.03241642845533655,0.03769468265577456,0.03241647694991633,0.03769463416119478,0.0,0.0,0.0,0.0,0.0
koharu-midori,24,neutral,free_bridge_share,1000,0.5182777777777778,0.512020634262096,0.5245349212934597,0.5120207492385764,0.5245348063169792,0.0,0.0,0.0,0.0,0.0,0.48283333333333334,0.4765773659549857,0.489089300711681,0.4765774809098543,0.4890891857568124,0.0,0.0,0.0,0.0,0.0,-0.035444444444444445,-0.03812842537951695,-0.03276046350937194,-0.03812837606073743,-0.03276051282815146,0.0,0.0,0.0,0.0,0.0
koharu-midori,24,neutral,source_contact_share,1000,0.47144444444444444,0.46607429411286905,0.47681459477601984,0.46607439279064156,0.47681449609824733,0.0,0.0,0.0,0.0,0.0,0.47333333333333333,0.4680144861769145,0.47865218048975217,0.46801458391197914,0.4786520827546875,0.0,0.0,0.0,0.0,0.0,0.001888888888888889,-3.186652773924312e-05,0.003809644305517021,-3.1831233407725616e-05,0.0038096090111855033,0.0,0.0,0.0,0.0,0.0
koharu-midori,24,neutral,unformed_bridge_contacts,1000,6.398,6.290599893964781,6.505400106035219,6.290601867466932,6.505398132533068,0,0.0,0.0,0.0,0.0,6.086,5.983116626635229,6.188883373364772,5.983118517141358,6.188881482858642,0,0.0,0.0,0.0,0.0,-0.312,-0.351349608400609,-0.272650391599391,-0.35134888534232067,-0.2726511146576793,0,0.0,0.0,0.0,0.0
koharu-midori,24,neutral,selection_total_variation,1000,0.0,0.0,0.0,0.0,0.0,0.0,0.0,0.0,0.0,0.0,0.0,0.0,0.0,0.0,0.0,0.0,0.0,0.0,0.0,0.0,0.0,0.0,0.0,0.0,0.0,0.0,0.0,0.0,0.0,0.0
koharu-midori,24,neutral,expected_source_shift,1000,0.0,0.0,0.0,0.0,0.0,0.0,0.0,0.0,0.0,0.0,0.0,0.0,0.0,0.0,0.0,0.0,0.0,0.0,0.0,0.0,0.0,0.0,0.0,0.0,0.0,0.0,0.0,0.0,0.0,0.0
koharu-midori,24,neutral,permutation_unchanged_fraction,1000,0.4815,0.4659157232416104,0.49708427675838956,0.46591600960635293,0.49708399039364703,0.0,0.0,0.0,0.0,0.0,0.4815,0.4659157232416104,0.49708427675838956,0.46591600960635293,0.49708399039364703,0.0,0.0,0.0,0.0,0.0,0.0,0.0,0.0,0.0,0.0,0.0,0.0,0.0,0.0,0.0
koharu-midori,24,neutral,information_transfers,1000,5.801,5.774155398475093,5.827844601524907,5.7741558917509455,5.827844108249055,0,0.0,0.0,0.0,0.0,5.801,5.774155398475093,5.827844601524907,5.7741558917509455,5.827844108249055,0,0.0,0.0,0.0,0.0,0,0.0,0.0,0.0,0.0,0,0.0,0.0,0.0,0.0
koharu-midori,24,actual_promote,bridge_count,1000,2.018,1.9619256881446587,2.074074311855341,1.9619267185232978,2.074073281476702,-0.085,-0.10681673692397675,-0.06318326307602326,-0.12058521536122639,-0.04941478463877362,1.936,1.88012395380005,1.9918760461999498,1.8801249805355111,1.9918750194644887,-0.072,-0.0935543809221452,-0.05044561907785479,-0.10715728725909918,-0.036842712740900806,-0.082,-0.10052851822428302,-0.06347148177571699,-0.10052817775841262,-0.06347182224158739,0.013,-0.005893822962707842,0.03189382296270784,-0.005893475784277154,0.031893475784277155
koharu-midori,24,actual_promote,bridge_rate,1000,0.5045,0.4904814220361647,0.5185185779638353,0.49048167963082445,0.5185183203691754,-0.02125,-0.026704184230994188,-0.015795815769005815,-0.030146303840306598,-0.012353696159693405,0.484,0.4700309884500125,0.49796901154998746,0.4700312451338778,0.4979687548661222,-0.018,-0.0233885952305363,-0.012611404769463697,-0.026789321814774794,-0.009210678185225201,-0.0205,-0.025132129556070755,-0.015867870443929247,-0.025132044439603155,-0.015867955560396847,0.00325,-0.0014734557406769606,0.00797345574067696,-0.0014733689460692885,0.007973368946069289
koharu-midori,24,actual_promote,unformed_turns,1000,18.40875,18.226044508911272,18.59145549108873,18.226047866167544,18.59145213383246,0.26275,0.19992895030975535,0.32557104969024464,0.16028277081556458,0.3652172291844354,18.6595,18.479161087785087,18.839838912214915,18.479164401554918,18.839835598445084,0.22,0.15900514503392657,0.28099485496607346,0.12051147165325714,0.31948852834674285,0.25075,0.19415907429656257,0.3073409257034374,0.19416011416810236,0.3073398858318976,-0.04275,-0.09282167371287292,0.007321673712872907,-0.09282075363411829,0.007320753634118292
koharu-midori,24,actual_promote,all_formed,1000,0.048,0.03474400229801336,0.06125599770198664,0.034744245880081875,0.06125575411991813,0,-0.007843922942452146,0.007843922942452146,-0.012794199616408309,0.012794199616408309,0.041,0.028703696918607226,0.05329630308139278,0.028703922866061875,0.05329607713393813,0,-0.007843922942452146,0.007843922942452146,-0.012794199616408309,0.012794199616408309,-0.007,-0.012866905673537132,-0.0011330943264628683,-0.012866797867768613,-0.0011332021322313863,0,-0.00620116557224966,0.00620116557224966,-0.006201051624377064,0.006201051624377064
koharu-midori,24,actual_promote,free_known_share,1000,0.24133333333333332,0.23680770440590304,0.2458589622607636,0.23680778756539658,0.24585887910127005,-0.0003888888888888887,-0.0024701094181065197,0.0016923316403287423,-0.0037835615663148955,0.003005783788537118,0.27594444444444444,0.2714712462154115,0.28041764267347735,0.2714713284114787,0.2804175604774102,-0.0008333333333333338,-0.002632631362934114,0.0009659646962674465,-0.0037681630517045726,0.0021014963850379048,0.03461111111111111,0.03196293319350053,0.0372592890287217,0.0319629818543912,0.03725924036783103,-0.0004444444444444451,-0.003152593541754572,0.0022637046528656817,-0.0031525437788793974,0.002263654889990507
koharu-midori,24,actual_promote,free_bridge_share,1000,0.5195,0.5131197873058443,0.5258802126941556,0.5131199045437498,0.5258800954562501,0.001222222222222222,-0.0012417195111910867,0.003686163955635531,-0.0027967058845133575,0.005241150328957801,0.48433333333333334,0.4780442936177646,0.49062237304890205,0.4780444091803452,0.4906222574863215,0.0014999999999999996,-0.0006686874565729022,0.0036686874565729014,-0.0020373397251044973,0.0050373397251044965,-0.03516666666666667,-0.037901798507308335,-0.03243153482602501,-0.03790174824861892,-0.03243158508471442,0.0002777777777777776,-0.0024803943638670584,0.003035949919422614,-0.002480343681806705,0.003035899237362261
koharu-midori,24,actual_promote,source_contact_share,1000,0.5029444444444444,0.49749271182952703,0.5083961770593618,0.49749281200639317,0.5083960768824957,0.0315,0.028927664907842515,0.034072335092157485,0.027304271804961613,0.035695728195038384,0.5014444444444445,0.4959893025569663,0.5068995863319227,0.49598940279647863,0.5068994860924103,0.028111111111111114,0.025607868301213112,0.030614353921009117,0.024028079134236328,0.032194143087985905,-0.0015000000000000002,-0.0033878066747423307,0.00038780667474233046,-0.0033877719858516776,0.00038777198585167707,-0.003388888888888889,-0.005723632073234432,-0.001054145704543347,-0.005723589171780533,-0.0010541886059972456
koharu-midori,24,actual_promote,unformed_bridge_contacts,1000,6.552,6.443855939361185,6.660144060638814,6.443857926533678,6.6601420734663215,0.154,0.10850338742108204,0.19949661257891796,0.07979060917914917,0.22820939082085084,6.205,6.099089338458169,6.310910661541831,6.099091284591429,6.310908715408571,0.119,0.07626865939535865,0.16173134060464134,0.049301036154543995,0.18869896384545598,-0.347,-0.38797422204841076,-0.3060257779515892,-0.38797346913746533,-0.3060265308625346,-0.035,-0.07750287206923945,0.007502872069239434,-0.07750209106899117,0.007502091068991162
koharu-midori,24,actual_promote,selection_total_variation,1000,0.035314832575452024,0.03470986891751918,0.03591979623338487,0.03470988003386836,0.03591978511703569,0.035314832575452024,0.03470986891751918,0.03591979623338487,0.03432807813420483,0.036301587016699215,0.034247559176287655,0.0336479654898379,0.03484715286273741,0.0336479765075126,0.03484714184506271,0.034247559176287655,0.0336479654898379,0.03484715286273741,0.03326956367971562,0.03522555467285969,-0.0010672733991643675,-0.001124057527057599,-0.0010104892712711358,-0.0011240564836359239,-0.001010490314692811,-0.0010672733991643675,-0.001124057527057599,-0.0010104892712711358,-0.0011240564836359239,-0.001010490314692811
koharu-midori,24,actual_promote,expected_source_shift,1000,0.011771610858484006,0.011569956305839724,0.011973265411128288,0.01156996001128945,0.011973261705678563,0.011771610858484006,0.011569956305839724,0.011973265411128288,0.011442692711401609,0.012100529005566404,0.01141585305876255,0.011215988496612633,0.011615717620912468,0.011215992169170864,0.011615713948354237,0.01141585305876255,0.011215988496612633,0.011615717620912468,0.011089854559905205,0.011741851557619896,-0.0003557577997214541,-0.00037468584235253135,-0.00033682975709037685,-0.0003746854945453062,-0.000336830104897602,-0.0003557577997214541,-0.00037468584235253135,-0.00033682975709037685,-0.0003746854945453062,-0.000336830104897602
koharu-midori,24,actual_promote,permutation_unchanged_fraction,1000,0.4815,0.4659157232416104,0.49708427675838956,0.46591600960635293,0.49708399039364703,0.0,0.0,0.0,0.0,0.0,0.4815,0.4659157232416104,0.49708427675838956,0.46591600960635293,0.49708399039364703,0.0,0.0,0.0,0.0,0.0,0.0,0.0,0.0,0.0,0.0,0.0,0.0,0.0,0.0,0.0
koharu-midori,24,actual_promote,information_transfers,1000,5.801,5.774155398475093,5.827844601524907,5.7741558917509455,5.827844108249055,0,0.0,0.0,0.0,0.0,5.801,5.774155398475093,5.827844601524907,5.7741558917509455,5.827844108249055,0,0.0,0.0,0.0,0.0,0,0.0,0.0,0.0,0.0,0,0.0,0.0,0.0,0.0
koharu-midori,24,actual_suppress,bridge_count,1000,2.191,2.136496058215299,2.2455039417847007,2.1364970597380193,2.2455029402619804,0.088,0.0672232263350653,0.10877677366493468,0.05411106564861164,0.12188893435138834,2.11,2.055871958423707,2.164128041576293,2.055872953039173,2.164127046960827,0.102,0.08019904416601704,0.12380095583398294,0.06644052512819788,0.1375594748718021,-0.081,-0.09985388902936293,-0.06214611097063708,-0.09985354258472763,-0.062146457415272374,0.014,-0.005193984876920568,0.03319398487692057,-0.005193632182944269,0.03319363218294427
koharu-midori,24,actual_suppress,bridge_rate,1000,0.54775,0.5341240145538247,0.5613759854461752,0.5341242649345048,0.5613757350654951,0.022,0.016805806583766326,0.02719419341623367,0.01352776641215291,0.030472233587847085,0.5275,0.5139679896059267,0.5410320103940732,0.5139682382597932,0.5410317617402067,0.0255,0.02004976104150426,0.030950238958495736,0.01661013128204947,0.03438986871795052,-0.02025,-0.024963472257340732,-0.01553652774265927,-0.024963385646181908,-0.015536614353818094,0.0035,-0.001298496219230142,0.008298496219230142,-0.0012984080457360673,0.008298408045736068
koharu-midori,24,actual_suppress,unformed_turns,1000,17.84,17.658565297720664,18.021434702279336,17.658568631625894,18.021431368374106,-0.306,-0.36804618660056126,-0.2439538133994387,-0.4072033522802984,-0.20479664771970157,18.1505,17.970348671665455,18.330651328334547,17.97035198198839,18.330648018011612,-0.289,-0.3495441171090678,-0.22845588289093216,-0.3877533311552978,-0.19024666884470215,0.3105,0.24979379581272745,0.37120620418727257,0.2497949113034751,0.3712050886965249,0.017,-0.0352091004305549,0.06920910043055489,-0.035208141076082757,0.06920814107608275
koharu-midori,24,actual_suppress,all_formed,1000,0.057,0.04262305532673447,0.07137694467326554,0.042623319506466625,0.07137668049353338,0.009,0.0009339544080453222,0.017066045591954675,-0.004156503216011553,0.02215650321601155,0.047,0.03387592491080049,0.06012407508919951,0.03387616606876004,0.06012383393123996,0.006,-0.001835093559817336,0.013835093559817336,-0.0067797980363892025,0.018779798036389204,-0.01,-0.016764673000286178,-0.0032353269997138223,-0.016764548697832355,-0.0032354513021676454,-0.003,-0.010067968716808373,0.004067968716808372,-0.010067838841224586,0.004067838841224585
koharu-midori,24,actual_suppress,free_known_share,1000,0.23955555555555555,0.23509731367768158,0.24401379743342952,0.2350973955989223,0.2440137155121888,-0.002166666666666667,-0.004107813214850617,-0.00022552011848271658,-0.005332865086051372,0.0009995317527180382,0.27516666666666667,0.2708078546541248,0.2795254786792085,0.27080793474831844,0.2795253985850149,-0.0016111111111111118,-0.003554335392942313,0.0003321131707200895,-0.004780698515730333,0.0015584762935081098,0.035611111111111114,0.0329736034965653,0.03824861872565693,0.03297365196138665,0.03824857026083558,0.000555555555555555,-0.002045203687434465,0.0031563147985455755,-0.002045155897873064,0.0031562670089841744
koharu-midori,24,actual_suppress,free_bridge_share,1000,0.5219444444444444,0.515717518113974,0.5281713707749148,0.5157176325352066,0.5281712563536822,0.0036666666666666666,0.0011218557792771868,0.006211477554056146,-0.00048416687901471417,0.007817500212348047,0.48544444444444446,0.47928037095328024,0.49160851793560867,0.47928048421957714,0.49160840466931177,0.002611111111111112,8.319606788685392e-06,0.005213902615433539,-0.0016342944481360627,0.006856516670358286,-0.036500000000000005,-0.03923304816519229,-0.03376695183480772,-0.0392329979447909,-0.03376700205520911,-0.0010555555555555548,-0.003703213530914699,0.0015921024198035892,-0.003703164879578085,0.0015920537684669753
koharu-midori,24,actual_suppress,source_contact_share,1000,0.4415,0.4361294220278756,0.4468705779721244,0.4361295207135061,0.4468704792864939,-0.029944444444444447,-0.032434650253586626,-0.027454238635302265,-0.034006211807771525,-0.02588267708111737,0.4433888888888889,0.4379957638125118,0.44878201396526596,0.43799586291245063,0.44878191486532715,-0.029944444444444447,-0.03247249181591542,-0.027416397072973477,-0.034067935068668315,-0.025820953820220576,0.0018888888888888898,-6.988770731687329e-06,0.003784766548509467,-6.953933534792735e-06,0.0037847317113125726,8.881784197001253e-19,-0.002381851989085437,0.002381851989085439,-0.0023818082219961966,0.0023818082219961983
koharu-midori,24,actual_suppress,unformed_bridge_contacts,1000,6.328,6.221015677078598,6.4349843229214025,6.221017642940637,6.434982357059363,-0.07,-0.11127852803670302,-0.02872147196329699,-0.13732928554343804,-0.0026707144565619595,6.017,5.914152009807257,6.119847990192744,5.914153899663211,6.119846100336789,-0.069,-0.1113426102057849,-0.026657389794215114,-0.13806490683642825,6.490683642823569e-05,-0.311,-0.35023329016864957,-0.27176670983135043,-0.350232569247736,-0.271767430752264,0.001,-0.03787487896591596,0.03987487896591596,-0.037874164630892326,0.03987416463089233
koharu-midori,24,actual_suppress,selection_total_variation,1000,0.035320500379596505,0.03471583950410758,0.03592516125508543,0.034715850614893067,0.03592515014429994,0.035320500379596505,0.03471583950410758,0.03592516125508543,0.03433423980590211,0.0363067609532909,0.0342733998081385,0.03367525159348664,0.034871548022790355,0.03367526258460045,0.034871537031676544,0.0342733998081385,0.03367525159348664,0.034871548022790355,0.033297762016360075,0.03524903759991692,-0.0010471005714580133,-0.0011039337072736414,-0.0009902674356423852,-0.001103932662951434,-0.0009902684799645927,-0.0010471005714580133,-0.0011039337072736414,-0.0009902674356423852,-0.001103932662951434,-0.0009902684799645927
koharu-midori,24,actual_suppress,expected_source_shift,1000,-0.011773500126532171,-0.011975053751695145,-0.011571946501369198,-0.011975050048099985,-0.011571950204964357,-0.011773500126532171,-0.011975053751695145,-0.011571946501369198,-0.01210225365109697,-0.011444746601967372,-0.01142446660271283,-0.011623849340930116,-0.011225083864495545,-0.011623845677225512,-0.011225087528200148,-0.01142446660271283,-0.011623849340930116,-0.011225083864495545,-0.011749679199972303,-0.011099254005453358,0.00034903352381934045,0.00033008914521413113,0.00036797790242454976,0.0003300894933215336,0.00036797755431714727,0.00034903352381934045,0.00033008914521413113,0.00036797790242454976,0.0003300894933215336,0.00036797755431714727
koharu-midori,24,actual_suppress,permutation_unchanged_fraction,1000,0.4815,0.4659157232416104,0.49708427675838956,0.46591600960635293,0.49708399039364703,0.0,0.0,0.0,0.0,0.0,0.4815,0.4659157232416104,0.49708427675838956,0.46591600960635293,0.49708399039364703,0.0,0.0,0.0,0.0,0.0,0.0,0.0,0.0,0.0,0.0,0.0,0.0,0.0,0.0,0.0
koharu-midori,24,actual_suppress,information_transfers,1000,5.801,5.774155398475093,5.827844601524907,5.7741558917509455,5.827844108249055,0,0.0,0.0,0.0,0.0,5.801,5.774155398475093,5.827844601524907,5.7741558917509455,5.827844108249055,0,0.0,0.0,0.0,0.0,0,0.0,0.0,0.0,0.0,0,0.0,0.0,0.0,0.0
koharu-midori,24,permuted_promote,bridge_count,1000,2.097,2.0408600634300496,2.1531399365699504,2.040861095014558,2.153138904985442,-0.006,-0.02783338725894815,0.015833387258948145,-0.041612373673574315,0.02961237367357432,2.019,1.9633054197549829,2.0746945802450174,1.9633064431559646,2.0746935568440357,0.011,-0.010380895891171377,0.03238089589117138,-0.023874316335873367,0.04587431633587337,-0.078,-0.09617650381373961,-0.059823496186260386,-0.09617616981621663,-0.05982383018378337,0.017,-0.0014697945551895852,0.03546979455518959,-0.001469455168380391,0.03546945516838039
koharu-midori,24,permuted_promote,bridge_rate,1000,0.52425,0.5102150158575124,0.5382849841424876,0.5102152737536395,0.5382847262463605,-0.0015,-0.006958346814737037,0.003958346814737036,-0.010403093418393579,0.00740309341839358,0.50475,0.4908263549387457,0.5186736450612544,0.49082661078899115,0.5186733892110089,0.00275,-0.0025952239727928443,0.008095223972792845,-0.005968579083968342,0.011468579083968342,-0.0195,-0.024044125953434903,-0.014955874046565096,-0.024044042454054157,-0.014955957545945843,0.00425,-0.0003674486387973963,0.008867448638797397,-0.00036736379209509774,0.008867363792095097
koharu-midori,24,permuted_promote,unformed_turns,1000,18.1695,17.98558922803804,18.353410771961958,17.98559260744163,18.353407392558367,0.0235,-0.040557552610495866,0.08755755261049586,-0.08098408545699595,0.12798408545699597,18.43025,18.247922840561344,18.612577159438658,18.247926190865687,18.612573809134314,-0.00925,-0.07026461453034254,0.051764614530342534,-0.10877075811384371,0.09027075811384372,0.26075,0.20365558409592555,0.3178444159040744,0.20365663321921593,0.31784336678078406,-0.03275,-0.08307561784729237,0.017575617847292363,-0.08307469310225468,0.017574693102254686
koharu-midori,24,permuted_promote,all_formed,1000,0.056,0.04174217309587369,0.07025782690412631,0.04174243508678889,0.07025756491321111,0.008,0.00017178062273299523,0.015828219377267007,-0.004768585577471158,0.02076858557747116,0.05,0.03648487296920008,0.06351512703079992,0.036485121312830826,0.06351487868716918,0.009,0.0014256881104221346,0.016574311889577864,-0.0033544378218864964,0.021354437821886493,-0.006,-0.013327878287758346,0.0013278782877583469,-0.013327743636275202,0.001327743636275202,0.001,-0.006070144648120387,0.008070144648120387,-0.006070014732553352,0.008070014732553352
koharu-midori,24,permuted_promote,free_known_share,1000,0.24105555555555555,0.2365293824830595,0.2455817286280516,0.23652946565255184,0.24558164545855926,-0.0006666666666666668,-0.002744762600417168,0.001411429267083834,-0.004056242825626049,0.002722909492292715,0.27605555555555555,0.2717032179888971,0.280407893122214,0.2717032979641213,0.2804078131469898,-0.0007222222222222224,-0.0026552565501820483,0.0012108121057376037,-0.0038751888230843367,0.0024307443786398923,0.035,0.03241021640327937,0.03758978359672064,0.03241026399116069,0.03758973600883932,-5.555555555555572e-05,-0.0027791377317053067,0.0026680266205941954,-0.0027790876852436864,0.002667976574132575
koharu-midori,24,permuted_promote,free_bridge_share,1000,0.5187777777777778,0.5124050503867718,0.5251505051687838,0.5124051674871329,0.5251503880684226,0.0004999999999999995,-0.0021750401649935605,0.0031750401649935597,-0.003863250136944627,0.004863250136944626,0.483,0.47681189742947805,0.4891881025705219,0.476812011137315,0.489187988862685,0.0001666666666666664,-0.0024456832298553137,0.002779016563188647,-0.004094329557954227,0.00442766289128756,-0.03577777777777778,-0.038497576988611816,-0.03305797856694375,-0.03849752701166307,-0.0330580285438925,-0.00033333333333333305,-0.003119311720160511,0.002452645053493845,-0.003119260527153877,0.002452593860487211
koharu-midori,24,permuted_promote,source_contact_share,1000,0.4742222222222222,0.468835631686496,0.4796088127579484,0.4688357306663612,0.47960871377808323,0.002777777777777779,0.0002614452360964292,0.005294110319459129,-0.0013266048220684562,0.0068821603776240145,0.473,0.4676144010726131,0.47838559892738686,0.4676145000342572,0.47838549996574276,-0.00033333333333333283,-0.0026850067206912005,0.0020183400540245353,-0.004169140871371908,0.0035024742047052417,-0.0012222222222222228,-0.0031756714017583494,0.0007312269573139035,-0.003175635506671266,0.0007311910622268202,-0.003111111111111112,-0.005270455632910622,-0.0009517665893116014,-0.005270415954448308,-0.0009518062677739154
koharu-midori,24,permuted_promote,unformed_bridge_contacts,1000,6.409,6.2999631404196395,6.51803685958036,6.299965143997522,6.518034856002478,0.011,-0.03469038824499063,0.05669038824499063,-0.06352545773924424,0.08552545773924423,6.08,5.975319622940394,6.184680377059606,5.975321546466887,6.184678453533113,-0.006,-0.05156755539311391,0.039567555393113914,-0.08032510543620745,0.06832510543620744,-0.329,-0.36969963433047814,-0.2883003656695219,-0.3696988864651465,-0.28830111353485355,-0.017,-0.059182104114274665,0.025182104114274663,-0.05918132900821284,0.025181329008212835
koharu-midori,24,permuted_promote,selection_total_variation,1000,0.03561500078293053,0.03501018770917119,0.03621981385668986,0.03501019882275335,0.0362198027431077,0.03561500078293053,0.03501018770917119,0.03621981385668986,0.034628491959085385,0.03660150960677567,0.03449985208532355,0.033905076751494456,0.035094627419152646,0.03390508768063079,0.035094616490016314,0.03449985208532355,0.033905076751494456,0.035094627419152646,0.03352971578952429,0.035469988381122815,-0.0011151486976069766,-0.0011717178035544396,-0.0010585795916595135,-0.001171716764083843,-0.0010585806311301101,-0.0011151486976069766,-0.0011717178035544396,-0.0010585795916595135,-0.001171716764083843,-0.0010585806311301101
koharu-midori,24,permuted_promote,expected_source_shift,1000,-0.0001290455513476629,-0.0004350581706823398,0.000176967067987014,-0.0004350525476286486,0.00017696144493332283,-0.0001290455513476629,-0.0004350581706823398,0.000176967067987014,-0.0006281818337451376,0.00037009073104981183,-0.00011519195906222504,-0.00041454329357741863,0.00018415937545296856,-0.00041453779292639916,0.00018415387480194908,-0.00011519195906222504,-0.00041454329357741863,0.00018415937545296856,-0.0006034630394035998,0.0003730791212791497,1.3853592285437856e-05,-5.453136968521252e-06,3.316032153939696e-05,-5.452782202840566e-06,3.315996677371628e-05,1.3853592285437856e-05,-5.453136968521252e-06,3.316032153939696e-05,-5.452782202840566e-06,3.315996677371628e-05
koharu-midori,24,permuted_promote,permutation_unchanged_fraction,1000,0.4815,0.4659157232416104,0.49708427675838956,0.46591600960635293,0.49708399039364703,0.0,0.0,0.0,0.0,0.0,0.4815,0.4659157232416104,0.49708427675838956,0.46591600960635293,0.49708399039364703,0.0,0.0,0.0,0.0,0.0,0.0,0.0,0.0,0.0,0.0,0.0,0.0,0.0,0.0,0.0
koharu-midori,24,permuted_promote,information_transfers,1000,5.801,5.774155398475093,5.827844601524907,5.7741558917509455,5.827844108249055,0,0.0,0.0,0.0,0.0,5.801,5.774155398475093,5.827844601524907,5.7741558917509455,5.827844108249055,0,0.0,0.0,0.0,0.0,0,0.0,0.0,0.0,0.0,0,0.0,0.0,0.0,0.0
koharu-midori,24,permuted_suppress,bridge_count,1000,2.1,2.0459394918768004,2.1540605081232,2.0459404852513234,2.1540595147486767,-0.003,-0.025271682771031322,0.019271682771031324,-0.0393272761928506,0.03332727619285059,2.021,1.9665652445858621,2.0754347554141375,1.966566244837267,2.075433755162733,0.013,-0.009429968191530568,0.03542996819153057,-0.02358545507618387,0.049585455076183865,-0.079,-0.09768177676729875,-0.06031822323270125,-0.09768143348526666,-0.06031856651473334,0.016,-0.0037800657582678747,0.03578006575826788,-0.00377970229491785,0.03577970229491785
koharu-midori,24,permuted_suppress,bridge_rate,1000,0.525,0.5114848729692001,0.5385151270308,0.5114851213128309,0.5385148786871692,-0.00075,-0.006317920692757831,0.004817920692757831,-0.00983181904821265,0.008331819048212648,0.50525,0.49164131114646553,0.5188586888535344,0.49164156120931674,0.5188584387906833,0.00325,-0.002357492047882642,0.008857492047882642,-0.0058963637690459675,0.012396363769045966,-0.01975,-0.024420444191824688,-0.015079555808175313,-0.024420358371316665,-0.015079641628683336,0.004,-0.0009450164395669687,0.00894501643956697,-0.0009449255737294625,0.008944925573729463
koharu-midori,24,permuted_suppress,unformed_turns,1000,18.13725,17.955393749583042,18.31910625041696,17.95539709123432,18.319102908765682,-0.00875,-0.07326480401766278,0.05576480401766277,-0.11397990688093107,0.09647990688093108,18.405,18.22457671735355,18.585423282646452,18.22458003267371,18.585419967326292,-0.0345,-0.10072295383939933,0.031722953839399326,-0.14251606502582453,0.07351606502582454,0.26775,0.2104563833013274,0.3250436166986726,0.21045743608497913,0.32504256391502084,-0.02575,-0.0821865498880226,0.030686549888022597,-0.08218551285317463,0.030685512853174637
koharu-midori,24,permuted_suppress,all_formed,1000,0.041,0.028703696918607226,0.05329630308139278,0.028703922866061875,0.05329607713393813,-0.007,-0.015536687685316634,0.0015366876853166326,-0.02092416614877294,0.006924166148772938,0.039,0.026994857358204782,0.05100514264179522,0.026995077955518032,0.05100492204448197,-0.002,-0.008791904266372101,0.004791904266372102,-0.013078255051334605,0.009078255051334605,-0.002,-0.0068018007966689845,0.0028018007966689844,-0.0068017125624525235,0.0028017125624525234,0.005,-0.0030793834193233094,0.013079383419323309,-0.0030792349587570192,0.01307923495875702
koharu-midori,24,permuted_suppress,free_known_share,1000,0.23955555555555555,0.23502338548665536,0.24408772562445574,0.23502346876634395,0.24408764234476715,-0.0021666666666666666,-0.00430561938206706,-2.7713951266272307e-05,-0.005655506142993302,0.0013221728096599696,0.27544444444444444,0.27100811293469174,0.27988077595419714,0.27100819445332425,0.2798806944355646,-0.001333333333333334,-0.0032681872884754177,0.0006015206218087498,-0.004489267922734862,0.001822601256068195,0.03588888888888889,0.033263638375831954,0.03851413940194582,0.03326368661542619,0.038514091162351584,0.0008333333333333327,-0.0018766536293622366,0.003543320296028902,-0.0018766038327158539,0.003543270499382519
koharu-midori,24,permuted_suppress,free_bridge_share,1000,0.5213333333333333,0.5148987130350696,0.527767953631597,0.5148988312727276,0.527767835393939,0.0030555555555555557,0.0003124855689401961,0.005798625542170916,-0.0014186578231347702,0.007529768934245881,0.4845555555555556,0.4782024509743842,0.49090866013672696,0.47820256771417174,0.4909085433969394,0.0017222222222222224,-0.0009151053880841989,0.004359549832528644,-0.002579515077810071,0.006023959522254515,-0.03677777777777778,-0.03949428469104154,-0.034061270864514014,-0.039494234774589534,-0.03406132078096602,-0.001333333333333333,-0.004113896078275673,0.0014472294116090068,-0.0041138449847827295,0.0014471783181160634
koharu-midori,24,permuted_suppress,source_contact_share,1000,0.4711666666666667,0.46569380542408517,0.4766395279092482,0.4656939059891948,0.47663942734413856,-0.0002777777777777786,-0.0026818867833099435,0.002126331227754386,-0.004199112898233168,0.0036435573426776106,0.4718888888888889,0.46644611890948023,0.4773316588682976,0.46644621892165583,0.477331558856122,-0.001444444444444445,-0.0038788450231871307,0.0009899561342982409,-0.005415188060775407,0.0025262991718865164,0.0007222222222222224,-0.0011923037662087688,0.0026367482106532136,-0.001192268586344456,0.0026367130307889007,-0.0011666666666666665,-0.0033361420544104244,0.0010028087210770913,-0.0033361021897910714,0.0010027688564577383
koharu-midori,24,permuted_suppress,unformed_bridge_contacts,1000,6.44,6.332621307404013,6.547378692595988,6.332623280512688,6.547376719487313,0.042,-0.0025551049260909564,0.08655510492609096,-0.03067370046042526,0.11467370046042527,6.097,5.993539150723896,6.200460849276105,5.993541051841279,6.200458948158722,0.011,-0.03182303327157686,0.053823033271576864,-0.05884852348452191,0.0808485234845219,-0.343,-0.3812944443237667,-0.30470555567623336,-0.38129374065436583,-0.3047062593456342,-0.031,-0.0717600589401537,0.009760058940153707,-0.07175930996450566,0.009759309964505664
koharu-midori,24,permuted_suppress,selection_total_variation,1000,0.03548433292433887,0.034881445170793404,0.036087220677884335,0.03488145624899735,0.03608720959968039,0.03548433292433887,0.034881445170793404,0.036087220677884335,0.0345009644846258,0.03646770136405194,0.03436212508531752,0.03377135692469896,0.034952893245936076,0.03377136778020254,0.034952882390432496,0.03436212508531752,0.03377135692469896,0.034952893245936076,0.03339852487794356,0.03532572529269148,-0.0011222078390213574,-0.0011783047154794745,-0.0010661109625632404,-0.0011783036846862054,-0.0010661119933565095,-0.0011222078390213574,-0.0011783047154794745,-0.0010661109625632404,-0.0011783036846862054,-0.0010661119933565095
koharu-midori,24,permuted_suppress,expected_source_shift,1000,0.00011439248721927282,-0.00019175967851640043,0.0004205446529549461,-0.00019175405289851137,0.00042053902733705704,0.00011439248721927282,-0.00019175967851640043,0.0004205446529549461,-0.00038497140890199767,0.0006137563833405433,9.372888412599971e-05,-0.00020550095959046452,0.0003929587278424639,-0.00020549546117186704,0.00039295322942386644,9.372888412599971e-05,-0.00020550095959046452,0.0003929587278424639,-0.0003943440329312756,0.000581801801183275,-2.0663603093273094e-05,-4.026370946037321e-05,-1.063496726172977e-06,-4.026334930381923e-05,-1.0638568827269611e-06,-2.0663603093273094e-05,-4.026370946037321e-05,-1.063496726172977e-06,-4.026334930381923e-05,-1.0638568827269611e-06
koharu-midori,24,permuted_suppress,permutation_unchanged_fraction,1000,0.4815,0.4659157232416104,0.49708427675838956,0.46591600960635293,0.49708399039364703,0.0,0.0,0.0,0.0,0.0,0.4815,0.4659157232416104,0.49708427675838956,0.46591600960635293,0.49708399039364703,0.0,0.0,0.0,0.0,0.0,0.0,0.0,0.0,0.0,0.0,0.0,0.0,0.0,0.0,0.0
koharu-midori,24,permuted_suppress,information_transfers,1000,5.801,5.774155398475093,5.827844601524907,5.7741558917509455,5.827844108249055,0,0.0,0.0,0.0,0.0,5.801,5.774155398475093,5.827844601524907,5.7741558917509455,5.827844108249055,0,0.0,0.0,0.0,0.0,0,0.0,0.0,0.0,0.0,0,0.0,0.0,0.0,0.0
koharu-midori,48,neutral,bridge_count,1000,3.117,3.0707062742194298,3.16329372578057,3.0707071248775044,3.1632928751224956,0,0.0,0.0,0.0,0.0,3.026,2.977673699606635,3.0743263003933645,2.9776745876137456,3.074325412386254,0,0.0,0.0,0.0,0.0,-0.091,-0.11048380170626176,-0.07151619829373823,-0.11048344368683322,-0.07151655631316678,0,0.0,0.0,0.0,0.0
koharu-midori,48,neutral,bridge_rate,1000,0.77925,0.7676765685548574,0.7908234314451426,0.7676767812193761,0.7908232187806239,0.0,0.0,0.0,0.0,0.0,0.7565,0.7444184249016588,0.7685815750983411,0.7444186469034364,0.7685813530965635,0.0,0.0,0.0,0.0,0.0,-0.02275,-0.02762095042656544,-0.017879049573434558,-0.027620860921708304,-0.017879139078291695,0.0,0.0,0.0,0.0,0.0
koharu-midori,48,neutral,unformed_turns,1000,25.837,25.42419932082138,26.24980067917862,25.42420690613073,26.24979309386927,0.0,0.0,0.0,0.0,0.0,26.7135,26.294746038695145,27.132253961304855,26.29475373339745,27.13224626660255,0.0,0.0,0.0,0.0,0.0,0.8765,0.726284872463054,1.026715127536946,0.726287632701273,1.0267123672987268,0.0,0.0,0.0,0.0,0.0
koharu-midori,48,neutral,all_formed,1000,0.326,0.2969322058790996,0.35506779412090045,0.2969327400066378,0.35506725999336225,0,0.0,0.0,0.0,0.0,0.289,0.2608902457377393,0.3171097542622607,0.2608907622610702,0.31710923773892974,0,0.0,0.0,0.0,0.0,-0.037,-0.049029462064346746,-0.02497053793565325,-0.049029241020158404,-0.024970758979841592,0,0.0,0.0,0.0,0.0
koharu-midori,48,neutral,free_known_share,1000,0.23242857142857143,0.22952500936996414,0.2353321334871787,0.22952506272359835,0.2353320801335445,0.0,0.0,0.0,0.0,0.0,0.2660238095238095,0.2631422103512025,0.2689054086964165,0.2631422633012635,0.2689053557463555,0.0,0.0,0.0,0.0,0.0,0.033595238095238095,0.03197779520620706,0.03521268098426913,0.031977824927099704,0.035212651263376485,0.0,0.0,0.0,0.0,0.0
koharu-midori,48,neutral,free_bridge_share,1000,0.534952380952381,0.5307645763171074,0.5391401855876545,0.5307646532690004,0.5391401086357616,0.0,0.0,0.0,0.0,0.0,0.5006428571428572,0.49646409509770456,0.5048216191880097,0.4964641718834378,0.5048215424022765,0.0,0.0,0.0,0.0,0.0,-0.03430952380952381,-0.035977683714502856,-0.032641363904544765,-0.03597765306167314,-0.032641394557374484,0.0,0.0,0.0,0.0,0.0
koharu-midori,48,neutral,source_contact_share,1000,0.4792857142857143,0.47528475844396256,0.48328667012746607,0.475284831962465,0.4832865966089636,0.0,0.0,0.0,0.0,0.0,0.4811666666666667,0.4771357957422512,0.4851975375910822,0.47713586981045036,0.485197463522883,0.0,0.0,0.0,0.0,0.0,0.00188095238095238,0.0005696700759143961,0.003192234685990364,0.0005696941710344652,0.003192210590870295,0.0,0.0,0.0,0.0,0.0
koharu-midori,48,neutral,unformed_bridge_contacts,1000,10.215,10.018522109127765,10.411477890872234,10.018525719455116,10.411474280544883,0,0.0,0.0,0.0,0.0,9.94,9.75412633306447,10.12587366693553,9.754129748536718,10.125870251463281,0,0.0,0.0,0.0,0.0,-0.275,-0.34353269972014044,-0.20646730027985963,-0.3435314404157007,-0.20646855958429933,0,0.0,0.0,0.0,0.0
koharu-midori,48,neutral,selection_total_variation,1000,0.0,0.0,0.0,0.0,0.0,0.0,0.0,0.0,0.0,0.0,0.0,0.0,0.0,0.0,0.0,0.0,0.0,0.0,0.0,0.0,0.0,0.0,0.0,0.0,0.0,0.0,0.0,0.0,0.0,0.0
koharu-midori,48,neutral,expected_source_shift,1000,0.0,0.0,0.0,0.0,0.0,0.0,0.0,0.0,0.0,0.0,0.0,0.0,0.0,0.0,0.0,0.0,0.0,0.0,0.0,0.0,0.0,0.0,0.0,0.0,0.0,0.0,0.0,0.0,0.0,0.0
koharu-midori,48,neutral,permutation_unchanged_fraction,1000,0.4815,0.4659157232416104,0.49708427675838956,0.46591600960635293,0.49708399039364703,0.0,0.0,0.0,0.0,0.0,0.4815,0.4659157232416104,0.49708427675838956,0.46591600960635293,0.49708399039364703,0.0,0.0,0.0,0.0,0.0,0.0,0.0,0.0,0.0,0.0,0.0,0.0,0.0,0.0,0.0
koharu-midori,48,neutral,information_transfers,1000,5.801,5.774155398475093,5.827844601524907,5.7741558917509455,5.827844108249055,0,0.0,0.0,0.0,0.0,5.801,5.774155398475093,5.827844601524907,5.7741558917509455,5.827844108249055,0,0.0,0.0,0.0,0.0,0,0.0,0.0,0.0,0.0,0,0.0,0.0,0.0,0.0
koharu-midori,48,actual_promote,bridge_count,1000,3.018,2.9702197878796013,3.0657802121203983,2.9702206658522115,3.065779334147788,-0.099,-0.1212896322559639,-0.07671036774403611,-0.13535655354487508,-0.06264344645512493,2.924,2.8744595561790773,2.9735404438209225,2.874460466496358,2.973539533503642,-0.102,-0.12598464627333195,-0.07801535372666803,-0.1411212859179391,-0.06287871408206087,-0.094,-0.11410975944224158,-0.07389024055775842,-0.11410938992069275,-0.07389061007930725,-0.003,-0.0229009113326971,0.0169009113326971,-0.022900545648781283,0.016900545648781285
koharu-midori,48,actual_promote,bridge_rate,1000,0.7545,0.7425549469699003,0.7664450530300996,0.7425551664630529,0.766444833536947,-0.02475,-0.030322408063990974,-0.019177591936009028,-0.03383913838621877,-0.015660861613781232,0.731,0.7186148890447693,0.7433851109552306,0.7186151166240895,0.7433848833759105,-0.0255,-0.031496161568332987,-0.019503838431667007,-0.035280321479484775,-0.01571967852051522,-0.0235,-0.028527439860560395,-0.018472560139439605,-0.028527347480173187,-0.018472652519826813,-0.00075,-0.005725227833174275,0.004225227833174275,-0.005725136412195321,0.004225136412195321
koharu-midori,48,actual_promote,unformed_turns,1000,26.67575,26.255230268758453,27.09626973124155,26.255237995907198,27.096262004092804,0.83875,0.6724051241690469,1.005094875830953,0.5674253628048085,1.1100746371951915,27.47075,27.04832893195316,27.893171068046836,27.048336694039417,27.89316330596058,0.75725,0.5883790997333855,0.9261209002666144,0.4818051717852274,1.0326948282147725,0.795,0.6486229348388034,0.9413770651611967,0.6486256245517256,0.9413743754482745,-0.0815,-0.22360661639354734,0.06060661639354735,-0.22360400515112344,0.06060400515112345
koharu-midori,48,actual_promote,all_formed,1000,0.283,0.2550664506232956,0.31093354937670437,0.2550669639088205,0.31093303609117945,-0.043,-0.05930694324507196,-0.026693056754928036,-0.06959820711416487,-0.016401792885835126,0.246,0.21929291099720893,0.27270708900279106,0.21929340174623663,0.27270659825376337,-0.043,-0.05977194621323893,-0.02622805378676106,-0.07035667208642411,-0.015643327913575877,-0.037,-0.0496526574022748,-0.024347342597725197,-0.049652424906725875,-0.024347575093274117,0,-0.01330001843947934,0.01330001843947934,-0.013299774048519447,0.013299774048519447
koharu-midori,48,actual_promote,free_known_share,1000,0.2332142857142857,0.2302706013732393,0.23615797005533212,0.23027065546412984,0.23615791596444158,0.0007857142857142855,-0.000586615655387716,0.002158044226816287,-0.001452689040637614,0.003024117612066185,0.26604761904761903,0.26312297334500495,0.2689722647502331,0.263123027086056,0.26897221100918206,2.3809523809523336e-05,-0.0011981842850409426,0.0012458033326599894,-0.0019693809798646965,0.002017000027483743,0.03283333333333333,0.031155504962678365,0.034511161703988304,0.031155535793168404,0.03451113087349826,-0.0007619047619047621,-0.0025182042456960816,0.0009943947218865575,-0.0025181719732809225,0.000994362449471398
koharu-midori,48,actual_promote,free_bridge_share,1000,0.5344047619047619,0.5301662507039484,0.5386432731055755,0.5301663285875864,0.5386431952219375,-0.0005476190476190492,-0.0022659582265876317,0.0011707201313495336,-0.003350397023092937,0.002255158927854839,0.5009285714285714,0.49668273644417615,0.5051744064129666,0.4966828144623903,0.5051743283947525,0.0002857142857142845,-0.0012457296765312782,0.0018171582479598472,-0.0022122194520421573,0.0027836480234707263,-0.03347619047619048,-0.0352276350362425,-0.031724745916138455,-0.03522760285303771,-0.03172477809934325,0.0008333333333333336,-0.0009808457344917198,0.0026475124011583868,-0.0009808123985256215,0.0026474790651922885
koharu-midori,48,actual_promote,source_contact_share,1000,0.5106666666666667,0.5066385069512489,0.5146948263820845,0.5066385809696289,0.5146947523637045,0.031380952380952384,0.029685342184479494,0.03307656257742527,0.028615247581905808,0.034146657179998964,0.5097619047619047,0.505674487718196,0.5138493218056135,0.5056745628254434,0.5138492466983661,0.0285952380952381,0.02697340739392782,0.030217068796548383,0.02594987481352075,0.031240601376955453,-0.0009047619047619064,-0.0021667370247328384,0.0003572132152090255,-0.0021667138356438655,0.0003571900261200527,-0.0027857142857142863,-0.004351961526512558,-0.0012194670449160148,-0.004351932746351962,-0.0012194958250766102
koharu-midori,48,actual_promote,unformed_bridge_contacts,1000,10.623,10.423240916789936,10.822759083210062,10.423244587409966,10.822755412590032,0.408,0.32864601236892405,0.4873539876310759,0.27856594441854754,0.5374340555814524,10.273,10.082608351092876,10.463391648907123,10.082611849584103,10.463388150415897,0.333,0.2555447113533276,0.4104552886466724,0.20666290674162927,0.4593370932583708,-0.35,-0.4185922918592352,-0.28140770814076477,-0.41859103145977594,-0.281408968540224,-0.075,-0.1451410490851596,-0.004858950914840399,-0.14513976022692288,-0.004860239773077105
koharu-midori,48,actual_promote,selection_total_variation,1000,0.03585022761745197,0.035242750308018087,0.03645770492688585,0.0352427614705562,0.03645769376434774,0.03585022761745197,0.035242750308018087,0.03645770492688585,0.034859373166642435,0.036841082068261505,0.03490948712409814,0.03430775299658096,0.035511221251615314,0.03430776405358676,0.03551121019460952,0.03490948712409814,0.03430775299658096,0.035511221251615314,0.033928000360403165,0.03589097388779311,-0.0009407404933538303,-0.0009893570003564063,-0.0008921239863512541,-0.0009893561070166816,-0.000892124879690979,-0.0009407404933538303,-0.0009893570003564063,-0.0008921239863512541,-0.0009893561070166816,-0.000892124879690979
koharu-midori,48,actual_promote,expected_source_shift,1000,0.011950075872483989,0.011747583436006029,0.012152568308961949,0.011747587156852066,0.012152564588115911,0.011950075872483989,0.011747583436006029,0.012152568308961949,0.011619791055547477,0.0122803606894205,0.011636495708032714,0.011435917665526988,0.01183707375053844,0.011435921351195588,0.01183707006486984,0.011636495708032714,0.011435917665526988,0.01183707375053844,0.011309333453467725,0.011963657962597704,-0.00031358016445127464,-0.00032978566678546666,-0.0002973746621170826,-0.0003297853690055584,-0.0002973749598969909,-0.00031358016445127464,-0.00032978566678546666,-0.0002973746621170826,-0.0003297853690055584,-0.0002973749598969909
koharu-midori,48,actual_promote,permutation_unchanged_fraction,1000,0.4815,0.4659157232416104,0.49708427675838956,0.46591600960635293,0.49708399039364703,0.0,0.0,0.0,0.0,0.0,0.4815,0.4659157232416104,0.49708427675838956,0.46591600960635293,0.49708399039364703,0.0,0.0,0.0,0.0,0.0,0.0,0.0,0.0,0.0,0.0,0.0,0.0,0.0,0.0,0.0
koharu-midori,48,actual_promote,information_transfers,1000,5.801,5.774155398475093,5.827844601524907,5.7741558917509455,5.827844108249055,0,0.0,0.0,0.0,0.0,5.801,5.774155398475093,5.827844601524907,5.7741558917509455,5.827844108249055,0,0.0,0.0,0.0,0.0,0,0.0,0.0,0.0,0.0,0,0.0,0.0,0.0,0.0
koharu-midori,48,actual_suppress,bridge_count,1000,3.194,3.1490955107416245,3.2389044892583754,3.1490963358721524,3.2389036641278475,0.077,0.05670872874141964,0.09729127125858036,0.043902967194141385,0.11009703280585861,3.117,3.0698829335001045,3.1641170664998954,3.0698837992872585,3.1641162007127415,0.091,0.06963349729511548,0.11236650270488452,0.05614916034790095,0.12585083965209903,-0.077,-0.09550723294475084,-0.058492767055249154,-0.09550689287000247,-0.058493107129997536,0.014,-0.00539329642805334,0.03339329642805334,-0.005392940071680516,0.03339294007168052
koharu-midori,48,actual_suppress,bridge_rate,1000,0.7985,0.7872738776854061,0.8097261223145938,0.7872740839680381,0.8097259160319619,0.01925,0.01417718218535491,0.02432281781464509,0.010975741798535346,0.027524258201464653,0.77925,0.7674707333750261,0.7910292666249739,0.7674709498218146,0.7910290501781854,0.02275,0.01740837432377887,0.02809162567622113,0.014037290086975237,0.03146270991302476,-0.01925,-0.02387680823618771,-0.014623191763812288,-0.023876723217500617,-0.014623276782499384,0.0035,-0.001348324107013335,0.008348324107013335,-0.001348235017920129,0.00834823501792013
koharu-midori,48,actual_suppress,unformed_turns,1000,25.072,24.666068386029345,25.477931613970654,24.66607584511801,25.47792415488199,-0.765,-0.9137814577229373,-0.6162185422770627,-1.007676997631544,-0.5223230023684561,25.86775,25.45822558226081,26.277274417739193,25.458233107368088,26.277266892631914,-0.84575,-1.0031151233696753,-0.6883848766303247,-1.1024277893948733,-0.5890722106051267,0.79575,0.6529652919113396,0.9385347080886604,0.6529679156138575,0.9385320843861424,-0.08075,-0.225646001871889,0.064146001871889,-0.22564333937385234,0.06414333937385235
koharu-midori,48,actual_suppress,all_formed,1000,0.368,0.33809417581941736,0.3979058241805826,0.3380947253459546,0.3979052746540454,0.042,0.02678046479514398,0.05721953520485602,0.01717546093855325,0.06682453906144675,0.334,0.3047528417334835,0.36324715826651655,0.30475337915687994,0.3632466208431201,0.045,0.030198167199489978,0.05980183280051002,0.02085677410043214,0.06914322589956785,-0.034,-0.046221803585514004,-0.021778196414486,-0.046221579007005076,-0.021778420992994933,0.003,-0.010153343150546786,0.016153343150546787,-0.010153101454779746,0.016153101454779745
koharu-midori,48,actual_suppress,free_known_share,1000,0.23123809523809524,0.22835801515912846,0.23411817531706203,0.2283580680812758,0.2341181223949147,-0.0011904761904761906,-0.002536817475990121,0.00015586509503773944,-0.003386489497217326,0.0010055371162649446,0.26395238095238094,0.26108689015211384,0.26681787175264804,0.2610869428061797,0.26681781909858215,-0.0020714285714285717,-0.0033981408440571293,-0.0007447162988000141,-0.004235425053046487,9.256791018934316e-05,0.03271428571428572,0.031078052719272622,0.03435051870929881,0.031078082785437874,0.03435048864313356,-0.000880952380952381,-0.0026326875456386158,0.0008707827837338536,-0.002632655357093891,0.000870750595189129
koharu-midori,48,actual_suppress,free_bridge_share,1000,0.5376904761904762,0.533587299912679,0.5417936524682734,0.533587375309506,0.5417935770714464,0.002738095238095236,0.0010769703172451106,0.004399220158945362,2.8639270581234076e-05,0.005447551205609238,0.5041428571428571,0.5000650984523312,0.5082206158333831,0.500065173382104,0.5082205409036102,0.0034999999999999983,0.0017810773446442969,0.005218922655355699,0.0006962703179090226,0.006303729682090974,-0.03354761904761905,-0.03524248533357875,-0.031852752761659345,-0.03524245419001302,-0.03185278390522508,0.0007619047619047624,-0.0010637740320275577,0.002587583555837082,-0.0010637404847512934,0.0025875500085608184
koharu-midori,48,actual_suppress,source_contact_share,1000,0.4488333333333333,0.4447761886860036,0.452890477980663,0.4447762632369886,0.452890403429678,-0.030452380952380956,-0.03216097979972115,-0.02874378210504076,-0.033239271501614445,-0.02766549040314747,0.45054761904761903,0.4464828860361588,0.45461235205907924,0.4464829607265818,0.4546122773686563,-0.030619047619047626,-0.0323674026906986,-0.028870692547396652,-0.03347078442869934,-0.027767310809395908,0.0017142857142857142,0.0004469153111083472,0.002981656117463081,0.00044693859933691497,0.002981632829234513,-0.00016666666666666593,-0.0017270851914988044,0.0013937518581654726,-0.0017270565184422325,0.0013937231851089008
koharu-midori,48,actual_suppress,unformed_bridge_contacts,1000,9.925,9.731792388915496,10.118207611084506,9.73179593915069,10.118204060849312,-0.29,-0.3619949714627064,-0.21800502853729353,-0.40743078597652926,-0.1725692140234707,9.624,9.439744764116863,9.808255235883138,9.439748149850061,9.80825185014994,-0.316,-0.38906183697678576,-0.24293816302321422,-0.43517094717534976,-0.1968290528246502,-0.301,-0.3668725799949812,-0.2351274200050188,-0.3668713695708657,-0.2351286304291343,-0.026,-0.09514574905959883,0.04314574905959884,-0.09514447849023368,0.04314447849023369
koharu-midori,48,actual_suppress,selection_total_variation,1000,0.035960333404537616,0.03535370084275952,0.036566965966315715,0.035353711989775195,0.036566954819300036,0.035960333404537616,0.03535370084275952,0.036566965966315715,0.034970856819142214,0.03694980998993302,0.03502006946838689,0.03441862704220441,0.03562151189456938,0.034418638093850124,0.03562150084292366,0.03502006946838689,0.03441862704220441,0.03562151189456938,0.03403905849788008,0.036001080438893704,-0.0009402639361507231,-0.0009897133872822982,-0.0008908144850191481,-0.0009897124786370295,-0.0008908153936644167,-0.0009402639361507231,-0.0009897133872822982,-0.0008908144850191481,-0.0009897124786370295,-0.0008908153936644167
koharu-midori,48,actual_suppress,expected_source_shift,1000,-0.01198677780151254,-0.012188988655438573,-0.011784566947586506,-0.012188984939766681,-0.011784570663258397,-0.01198677780151254,-0.012188988655438573,-0.011784566947586506,-0.012316603329977673,-0.011656952273047406,-0.011673356489462296,-0.011873837298189792,-0.0114728756807348,-0.011873833614307886,-0.011472879364616707,-0.011673356489462296,-0.011873837298189792,-0.0114728756807348,-0.0120003601462979,-0.011346352832626692,0.000313421312050243,0.00029693816167305137,0.0003299044624274346,0.0002969384645548076,0.0003299041595456784,0.000313421312050243,0.00029693816167305137,0.0003299044624274346,0.0002969384645548076,0.0003299041595456784
koharu-midori,48,actual_suppress,permutation_unchanged_fraction,1000,0.4815,0.4659157232416104,0.49708427675838956,0.46591600960635293,0.49708399039364703,0.0,0.0,0.0,0.0,0.0,0.4815,0.4659157232416104,0.49708427675838956,0.46591600960635293,0.49708399039364703,0.0,0.0,0.0,0.0,0.0,0.0,0.0,0.0,0.0,0.0,0.0,0.0,0.0,0.0,0.0
koharu-midori,48,actual_suppress,information_transfers,1000,5.801,5.774155398475093,5.827844601524907,5.7741558917509455,5.827844108249055,0,0.0,0.0,0.0,0.0,5.801,5.774155398475093,5.827844601524907,5.7741558917509455,5.827844108249055,0,0.0,0.0,0.0,0.0,0,0.0,0.0,0.0,0.0,0,0.0,0.0,0.0,0.0
koharu-midori,48,permuted_promote,bridge_count,1000,3.1,3.053018240926018,3.146981759073982,3.053019104226866,3.146980895773134,-0.017,-0.03744608079363426,0.0034460807936342597,-0.05034954218267611,0.016349542182676105,3.016,2.9678163449392327,3.0641836550607673,2.9678172303252013,3.0641827696747987,-0.01,-0.03182775047252215,0.011827750472522146,-0.045603179527831376,0.025603179527831373,-0.084,-0.10290531886749021,-0.0650946811325098,-0.10290497147781959,-0.06509502852218042,0.007,-0.012897046365077759,0.026897046365077757,-0.01289668075218163,0.02689668075218163
koharu-midori,48,permuted_promote,bridge_rate,1000,0.775,0.7632545602315045,0.7867454397684955,0.7632547760567165,0.7867452239432835,-0.00425,-0.009361520198408566,0.0008615201984085649,-0.012587385545669027,0.004087385545669026,0.754,0.7419540862348082,0.7660459137651918,0.7419543075813003,0.7660456924186997,-0.0025,-0.007956937618130537,0.0029569376181305365,-0.011400794881957844,0.006400794881957843,-0.021,-0.025726329716872554,-0.01627367028312745,-0.025726242869454897,-0.016273757130545106,0.00175,-0.0032242615912694396,0.006724261591269439,-0.0032241701880454075,0.006724170188045407
koharu-midori,48,permuted_promote,unformed_turns,1000,25.94175,25.521596231124125,26.361903768875873,25.521603951548226,26.361896048451772,0.10475,-0.05629195296417179,0.2657919529641718,-0.15792505532069057,0.3674250553206906,26.7255,26.30125336431801,27.14974663568199,26.301261159949497,27.149738840050503,0.012,-0.1498282168887162,0.17382821688871622,-0.25195752809300176,0.2759575280930018,0.78375,0.6392691840288695,0.9282308159711304,0.6392718388977677,0.9282281611022322,-0.09275,-0.23371007675628988,0.04821007675628988,-0.23370748658180088,0.04820748658180088
koharu-midori,48,permuted_promote,all_formed,1000,0.321,0.2920491892368479,0.3499508107631521,0.29204972121478945,0.34995027878521057,-0.005,-0.019801832800510018,0.00980183280051002,-0.02914322589956786,0.019143225899567858,0.282,0.25409640861802885,0.3099035913819711,0.25409692135306855,0.3099030786469314,-0.007,-0.022558747900658208,0.00855874790065821,-0.03237782789081871,0.01837782789081871,-0.039,-0.05193043396497281,-0.02606956603502719,-0.051930196365214364,-0.026069803634785636,-0.002,-0.015585506968810534,0.011585506968810534,-0.01558525733193192,0.01158525733193192
koharu-midori,48,permuted_promote,free_known_share,1000,0.23238095238095238,0.22942491743747973,0.23533698732442504,0.22942497175531548,0.23533693300658928,-4.761904761904753e-05,-0.0014498719340849827,0.0013546338388468874,-0.002334829602051309,0.0022395915068132138,0.26457142857142857,0.26165359906682983,0.2674892580760273,0.2616536526826317,0.26748920446022545,-0.0014523809523809533,-0.0028017781946198007,-0.000102983710142106,-0.003653378821138384,0.0007486169163764774,0.03219047619047619,0.030585197610503444,0.03379575477044894,0.030585227107874056,0.03379572527307833,-0.0014047619047619056,-0.003065718837824604,0.00025619502830079256,-0.0030656883173511874,0.0002561645078273764
koharu-midori,48,permuted_promote,free_bridge_share,1000,0.536,0.531785503385332,0.540214496614668,0.5317855808276963,0.5402144191723037,0.001047619047619047,-0.0008443719986092107,0.0029396100938473045,-0.0020384019772552945,0.004133640072493388,0.503,0.4987689146500225,0.5072310853499775,0.4987689923972087,0.5072310076027913,0.002357142857142857,0.000502897145136536,0.004211388569149178,-0.0006673118642164552,0.00538159757850217,-0.033,-0.03467889668289911,-0.03132110331710089,-0.03467886583277858,-0.031321134167221425,0.0013095238095238103,-0.0004097691237521441,0.0030288167427997646,-0.00040973753134103483,0.0030287851503886555
koharu-midori,48,permuted_promote,source_contact_share,1000,0.4804285714285714,0.47629859828225435,0.4845585445748885,0.47629867417148003,0.4845584686856628,0.0011428571428571423,-0.0006176079072782773,0.002903322192992562,-0.0017286322170448948,0.004014346502759179,0.4801190476190476,0.47599449919801345,0.48424359604008177,0.4759945749875586,0.48424352025053663,-0.0010476190476190468,-0.0026891327631845003,0.0005938946679464069,-0.0037250872359349,0.0016298491406968063,-0.00030952380952380907,-0.001588890780534543,0.0009698431614869249,-0.001588867271866226,0.000969819652818608,-0.0021904761904761893,-0.0036442806831981697,-0.000736671697754209,-0.003644253969199457,-0.000736698411752922
koharu-midori,48,permuted_promote,unformed_bridge_contacts,1000,10.253,10.054863385656402,10.451136614343598,10.054867026463187,10.451132973536813,0.038,-0.037403623494073786,0.11340362349407379,-0.08499062826872752,0.1609906282687275,9.944,9.754454560022626,10.133545439977375,9.754458042964567,10.133541957035435,0.004,-0.07051685511410216,0.07851685511410217,-0.11754422297508639,0.12554422297508638,-0.309,-0.37611938917185406,-0.24188061082814594,-0.3761181558373274,-0.2418818441626726,-0.034,-0.10144302834594894,0.033443028345948936,-0.10144178906447647,0.033441789064476465
koharu-midori,48,permuted_promote,selection_total_variation,1000,0.03602332502597151,0.03541668893391037,0.036629961118032656,0.03541670008099092,0.036629949970952105,0.03602332502597151,0.03541668893391037,0.036629961118032656,0.03503384268234184,0.037012807369601185,0.03502860763426464,0.03443176390116076,0.03562545136736851,0.03443177486830441,0.03562544040022486,0.03502860763426464,0.03443176390116076,0.03562545136736851,0.03405509757849832,0.036002117690030956,-0.0009947173917068768,-0.0010448444223768985,-0.0009445903610368552,-0.0010448435012809468,-0.0009445912821328069,-0.0009947173917068768,-0.0010448444223768985,-0.0009445903610368552,-0.0010448435012809468,-0.0009445912821328069
koharu-midori,48,permuted_promote,expected_source_shift,1000,-0.00014527016372015738,-0.0004531974602353365,0.00016265713279502172,-0.00045319180199900283,0.00016265147455868804,-0.00014527016372015738,-0.0004531974602353365,0.00016265713279502172,-0.0006475294704293254,0.00035698914298901055,-0.0001321046722471049,-0.0004345836569495487,0.00017037431245533888,-0.00043457809882722307,0.00017036875433301327,-0.0001321046722471049,-0.0004345836569495487,0.00017037431245533888,-0.0006254772536000981,0.00036126790910588825,1.3165491473052471e-05,-4.426786457551502e-06,3.0757769403656445e-05,-4.426463195316207e-06,3.0757446141421147e-05,1.3165491473052471e-05,-4.426786457551502e-06,3.0757769403656445e-05,-4.426463195316207e-06,3.0757446141421147e-05
koharu-midori,48,permuted_promote,permutation_unchanged_fraction,1000,0.4815,0.4659157232416104,0.49708427675838956,0.46591600960635293,0.49708399039364703,0.0,0.0,0.0,0.0,0.0,0.4815,0.4659157232416104,0.49708427675838956,0.46591600960635293,0.49708399039364703,0.0,0.0,0.0,0.0,0.0,0.0,0.0,0.0,0.0,0.0,0.0,0.0,0.0,0.0,0.0
koharu-midori,48,permuted_promote,information_transfers,1000,5.801,5.774155398475093,5.827844601524907,5.7741558917509455,5.827844108249055,0,0.0,0.0,0.0,0.0,5.801,5.774155398475093,5.827844601524907,5.7741558917509455,5.827844108249055,0,0.0,0.0,0.0,0.0,0,0.0,0.0,0.0,0.0,0,0.0,0.0,0.0,0.0
koharu-midori,48,permuted_suppress,bridge_count,1000,3.108,3.0610863893473925,3.1549136106526077,3.061087251395997,3.154912748604003,-0.009,-0.03227866677296461,0.014278666772964613,-0.04696976483352006,0.02896976483352006,3.035,2.9865762816741994,3.083423718325801,2.986577171471387,3.0834228285286134,0.009,-0.016637076473149007,0.034637076473149,-0.032816559951576105,0.05081655995157611,-0.073,-0.09115056904773944,-0.05484943095226056,-0.09115023552677384,-0.05484976447322615,0.018,-0.0025366276363641242,0.03853662763636412,-0.00253625027101205,0.03853625027101205
koharu-midori,48,permuted_suppress,bridge_rate,1000,0.777,0.7652715973368481,0.7887284026631519,0.7652718128489993,0.7887281871510008,-0.00225,-0.008069666693241153,0.0035696666932411533,-0.011742441208380016,0.007242441208380015,0.75875,0.7466440704185499,0.7708559295814502,0.7466442928678467,0.7708557071321533,0.00225,-0.004159269118287252,0.00865926911828725,-0.008204139987894026,0.012704139987894027,-0.01825,-0.02278764226193486,-0.01371235773806514,-0.02278755888169346,-0.013712441118306537,0.0045,-0.0006341569090910311,0.00963415690909103,-0.0006340625677530125,0.009634062567753012
koharu-midori,48,permuted_suppress,unformed_turns,1000,25.909,25.500222081691174,26.317777918308824,25.50022959308135,26.317770406918648,0.072,-0.09442582522223196,0.23842582522223194,-0.1994566735089655,0.3434566735089655,26.6435,26.23120568787308,27.05579431212692,26.231213263877812,27.055786736122187,-0.07,-0.25097260025219853,0.11097260025219852,-0.3651838754299718,0.2251838754299718,0.7345,0.5950684123907957,0.8739315876092044,0.595070974478938,0.8739290255210621,-0.142,-0.29168091579808747,0.007680915798087495,-0.29167816537613456,0.00767816537613461
koharu-midori,48,permuted_suppress,all_formed,1000,0.331,0.30181898572712057,0.36018101427287946,0.30181952193510564,0.3601804780648944,0.005,-0.011048324171349128,0.02104832417134913,-0.021176374304473073,0.031176374304473075,0.299,0.27060983409840794,0.32739016590159203,0.2706103557743686,0.3273896442256314,0.01,-0.005919009229686844,0.025919009229686846,-0.015965449083872388,0.03596544908387239,-0.032,-0.04392431091471498,-0.020075689085285023,-0.04392409180270369,-0.020075908197296315,0.005,-0.007855271993155884,0.017855271993155883,-0.007855035774516309,0.017855035774516307
koharu-midori,48,permuted_suppress,free_known_share,1000,0.23223809523809524,0.22928682665443167,0.2351893638217588,0.22928688088468446,0.23518930959150602,-0.00019047619047619067,-0.0017119805768714591,0.0013310281959190776,-0.002672197515328517,0.002291245134376136,0.2655952380952381,0.2626664022872247,0.2685240739032515,0.26266645610527,0.2685240200852062,-0.0004285714285714291,-0.0018149394952897938,0.0009577966381469357,-0.002689872300283434,0.0018327294431405754,0.033357142857142856,0.03171156049241696,0.03500272522186875,0.031711590730379074,0.03500269498390664,-0.00023809523809523845,-0.0020427112252468837,0.0015665207490564066,-0.0020426780650046367,0.0015664875888141596
koharu-midori,48,permuted_suppress,free_bridge_share,1000,0.5350476190476191,0.5307305680226978,0.5393646700725404,0.5307306473495235,0.5393645907457147,9.523809523809284e-05,-0.0018489871576727625,0.002039463348148948,-0.0030759819903619728,0.003266458180838158,0.5009523809523809,0.49667510643470947,0.5052296554700524,0.49667518503063246,0.5052295768741294,0.0003095238095238081,-0.001570195072758791,0.0021892426918064074,-0.0027564801248719565,0.0033755277439195728,-0.034095238095238095,-0.03581541899014423,-0.03237505720033196,-0.035815387381416625,-0.032375088809059566,0.00021428571428571525,-0.0016608396817362051,0.0020894111103076356,-0.001660805225867024,0.0020893766544384544
koharu-midori,48,permuted_suppress,source_contact_share,1000,0.4801666666666667,0.4760555288316211,0.48427780450171226,0.4760556043747436,0.4842777289585898,0.0008809523809523802,-0.0008620498218291094,0.00262395458373387,-0.001962053380046886,0.0037239581419516465,0.4800952380952381,0.4760219243287089,0.48416855186176727,0.4760219991768052,0.48416847701367094,-0.0010714285714285713,-0.0027580792009015095,0.000615222058044367,-0.0038225194471213685,0.001679662304264226,-7.142857142857131e-05,-0.0014254318343297576,0.0012825746914726151,-0.0014254069542020626,0.00128254981134492,-0.0019523809523809515,-0.003431265422870392,-0.00047349648189151097,-0.003431238248021202,-0.0004735236567407009
koharu-midori,48,permuted_suppress,unformed_bridge_contacts,1000,10.245,10.049088553537944,10.440911446462055,10.049092153456746,10.440907846543253,0.03,-0.05252677400958085,0.11252677400958085,-0.10460917810173093,0.16460917810173092,9.893,9.704668743476333,10.081331256523669,9.704672204107366,10.081327795892635,-0.047,-0.12555657987617486,0.031556579876174856,-0.17513340614025757,0.08113340614025756,-0.352,-0.41518181332579124,-0.2888181866742087,-0.41518065234514473,-0.28881934765485523,-0.077,-0.14580418860774372,-0.00819581139225628,-0.145802924314632,-0.008197075685367997
koharu-midori,48,permuted_suppress,selection_total_variation,1000,0.03589255084292206,0.03528763694618697,0.03649746473965715,0.035287648061621775,0.03649745362422235,0.03589255084292206,0.03528763694618697,0.03649746473965715,0.03490587756701802,0.036879224118826104,0.03492267098412,0.034327609357536225,0.03551773261070377,0.03432762029193325,0.03551772167630674,0.03492267098412,0.034327609357536225,0.03551773261070377,0.03395206771705152,0.035893274251188476,-0.0009698798588020644,-0.0010192561770381275,-0.0009205035405660013,-0.001019255269736693,-0.0009205044478674358,-0.0009698798588020644,-0.0010192561770381275,-0.0009205035405660013,-0.001019255269736693,-0.0009205044478674358
koharu-midori,48,permuted_suppress,expected_source_shift,1000,0.0001028754542431638,-0.00020549303657749267,0.00041124394506382027,-0.00020548737023411005,0.00041123827872043765,0.0001028754542431638,-0.00020549303657749267,0.00041124394506382027,-0.00040010348319865076,0.0006058543916849784,8.874988846478125e-05,-0.00021358795742161692,0.0003910877343511794,-0.00021358240189275023,0.0003910821788223127,8.874988846478125e-05,-0.00021358795742161692,0.0003910877343511794,-0.0004043924817809178,0.0005818922587104803,-1.4125565778382551e-05,-3.1545330330816917e-05,3.2941987740518153e-06,-3.154501023855543e-05,3.2938786817903283e-06,-1.4125565778382551e-05,-3.1545330330816917e-05,3.2941987740518153e-06,-3.154501023855543e-05,3.2938786817903283e-06
koharu-midori,48,permuted_suppress,permutation_unchanged_fraction,1000,0.4815,0.4659157232416104,0.49708427675838956,0.46591600960635293,0.49708399039364703,0.0,0.0,0.0,0.0,0.0,0.4815,0.4659157232416104,0.49708427675838956,0.46591600960635293,0.49708399039364703,0.0,0.0,0.0,0.0,0.0,0.0,0.0,0.0,0.0,0.0,0.0,0.0,0.0,0.0,0.0
koharu-midori,48,permuted_suppress,information_transfers,1000,5.801,5.774155398475093,5.827844601524907,5.7741558917509455,5.827844108249055,0,0.0,0.0,0.0,0.0,5.801,5.774155398475093,5.827844601524907,5.7741558917509455,5.827844108249055,0,0.0,0.0,0.0,0.0,0,0.0,0.0,0.0,0.0,0,0.0,0.0,0.0,0.0
koharu-kurumi,12,neutral,bridge_count,1000,2.205,2.160933529596599,2.249066470403401,2.1609343393283336,2.2490656606716666,0,0.0,0.0,0.0,0.0,2.076,2.0313591877255743,2.120640812274426,2.0313600080109757,2.1206399919890244,0,0.0,0.0,0.0,0.0,-0.129,-0.15239730258316475,-0.10560269741683526,-0.15239687265223922,-0.10560312734776078,0,0.0,0.0,0.0,0.0
koharu-kurumi,12,neutral,bridge_rate,1000,0.55125,0.5402333823991498,0.5622666176008503,0.5402335848320834,0.5622664151679166,0.0,0.0,0.0,0.0,0.0,0.519,0.5078397969313936,0.5301602030686065,0.5078400020027439,0.5301599979972561,0.0,0.0,0.0,0.0,0.0,-0.03225,-0.03809932564579119,-0.026400674354208814,-0.038099218163059806,-0.026400781836940196,0.0,0.0,0.0,0.0,0.0
koharu-kurumi,12,neutral,unformed_turns,1000,9.6945,9.643881820343756,9.745118179656243,9.643882750464686,9.745117249535314,0.0,0.0,0.0,0.0,0.0,9.868,9.816509746477534,9.919490253522467,9.816510692623027,9.919489307376974,0.0,0.0,0.0,0.0,0.0,0.1735,0.14683515027961697,0.200164849720383,0.1468356402524879,0.20016435974751207,0.0,0.0,0.0,0.0,0.0
koharu-kurumi,12,neutral,all_formed,1000,0.025,0.015318433353390956,0.03468156664660905,0.015318611254450026,0.034681388745549976,0,0.0,0.0,0.0,0.0,0.017,0.008983689200209437,0.025016310799790567,0.008983836501801543,0.02501616349819846,0,0.0,0.0,0.0,0.0,-0.008,-0.014181289990442606,-0.001818710009557395,-0.014181176407788489,-0.0018188235922115114,0,0.0,0.0,0.0,0.0
koharu-kurumi,12,neutral,free_known_share,1000,0.12316666666666666,0.11566465869314745,0.13066867464018586,0.11566479654430444,0.1306685367890289,0.0,0.0,0.0,0.0,0.0,0.2055,0.19722718777360174,0.21377281222639824,0.19722733978846774,0.21377266021153224,0.0,0.0,0.0,0.0,0.0,0.08233333333333333,0.07618437395513215,0.0884822927115345,0.0761844869437037,0.08848217972296296,0.0,0.0,0.0,0.0,0.0
koharu-kurumi,12,neutral,free_bridge_share,1000,0.7543333333333333,0.7441368410950645,0.7645298255716021,0.7441370284580021,0.7645296382086645,0.0,0.0,0.0,0.0,0.0,0.6711666666666667,0.66040471597275,0.6819286173605834,0.6604049137261194,0.681928419607214,0.0,0.0,0.0,0.0,0.0,-0.08316666666666667,-0.08938502525190488,-0.07694830808142845,-0.08938491098810664,-0.0769484223452267,0.0,0.0,0.0,0.0,0.0
koharu-kurumi,12,neutral,source_contact_share,1000,0.44566666666666666,0.43587416859264894,0.4554591647406844,0.435874348532099,0.4554589848012343,0.0,0.0,0.0,0.0,0.0,0.4433333333333333,0.43346111582882935,0.45320555083783726,0.4334612972331427,0.4532053694335239,0.0,0.0,0.0,0.0,0.0,-0.0023333333333333335,-0.007394495912775377,0.0027278292461087096,-0.007394402912725294,0.0027277362460586267,0.0,0.0,0.0,0.0,0.0
koharu-kurumi,12,neutral,unformed_bridge_contacts,1000,3.172,3.1189296149310053,3.225070385068995,3.118930590111785,3.2250694098882153,0,0.0,0.0,0.0,0.0,2.925,2.87218532410409,2.9778146758959094,2.8721862945861534,2.9778137054138463,0,0.0,0.0,0.0,0.0,-0.247,-0.2780052697513238,-0.21599473024867621,-0.27800470002221617,-0.2159952999777838,0,0.0,0.0,0.0,0.0
koharu-kurumi,12,neutral,selection_total_variation,1000,0.0,0.0,0.0,0.0,0.0,0.0,0.0,0.0,0.0,0.0,0.0,0.0,0.0,0.0,0.0,0.0,0.0,0.0,0.0,0.0,0.0,0.0,0.0,0.0,0.0,0.0,0.0,0.0,0.0,0.0
koharu-kurumi,12,neutral,expected_source_shift,1000,0.0,0.0,0.0,0.0,0.0,0.0,0.0,0.0,0.0,0.0,0.0,0.0,0.0,0.0,0.0,0.0,0.0,0.0,0.0,0.0,0.0,0.0,0.0,0.0,0.0,0.0,0.0,0.0,0.0,0.0
koharu-kurumi,12,neutral,permutation_unchanged_fraction,1000,0.4815,0.4659157232416104,0.49708427675838956,0.46591600960635293,0.49708399039364703,0.0,0.0,0.0,0.0,0.0,0.4815,0.4659157232416104,0.49708427675838956,0.46591600960635293,0.49708399039364703,0.0,0.0,0.0,0.0,0.0,0.0,0.0,0.0,0.0,0.0,0.0,0.0,0.0,0.0,0.0
koharu-kurumi,12,neutral,information_transfers,1000,5.801,5.774155398475093,5.827844601524907,5.7741558917509455,5.827844108249055,0,0.0,0.0,0.0,0.0,5.801,5.774155398475093,5.827844601524907,5.7741558917509455,5.827844108249055,0,0.0,0.0,0.0,0.0,0,0.0,0.0,0.0,0.0,0,0.0,0.0,0.0,0.0
koharu-kurumi,12,actual_promote,bridge_count,1000,2.18,2.1354723493582735,2.224527650641727,2.135473167564303,2.2245268324356973,-0.025,-0.04145062987314538,-0.008549370126854621,-0.051832573950155905,0.001832573950155899,2.053,2.008017350184939,2.097982649815061,2.0080181767516856,2.0979818232483143,-0.023,-0.041023002586201396,-0.0049769974137986,-0.05239726645285191,0.006397266452851907,-0.127,-0.14977364864646578,-0.10422635135353422,-0.14977323017532768,-0.10422676982467231,0.002,-0.014170185790785108,0.01817018579078511,-0.0141698886598266,0.018169888659826598
koharu-kurumi,12,actual_promote,bridge_rate,1000,0.545,0.5338680873395684,0.5561319126604317,0.5338682918910758,0.5561317081089243,-0.00625,-0.010362657468286345,-0.0021373425317136553,-0.012958143487538976,0.00045814348753897473,0.51325,0.5020043375462347,0.5244956624537652,0.5020045441879214,0.5244954558120786,-0.00575,-0.010255750646550349,-0.00124424935344965,-0.013099316613212977,0.0015993166132129769,-0.03175,-0.037443412161616445,-0.026056587838383556,-0.03744330754383192,-0.02605669245616808,0.0005,-0.003542546447696277,0.004542546447696277,-0.00354247216495665,0.0045424721649566496
koharu-kurumi,12,actual_promote,unformed_turns,1000,9.728,9.677198069901806,9.778801930098194,9.677199003399194,9.778800996600806,0.0335,0.015674722865971907,0.0513252771340281,0.004425242950020811,0.0625747570499792,9.8965,9.844950528922515,9.948049471077484,9.844951476156144,9.948048523843855,0.0285,0.009230158610222368,0.047769841389777634,-0.0029309815542716937,0.05993098155427169,0.1685,0.14218280928885216,0.19481719071114786,0.14218329287340722,0.1948167071265928,-0.005,-0.02264610282597676,0.012646102825976759,-0.022645778574696383,0.01264577857469638
koharu-kurumi,12,actual_promote,all_formed,1000,0.023,0.013704248034472703,0.032295751965527295,0.01370441884609647,0.03229558115390353,-0.002,-0.00592,0.0019199999999999998,-0.008393900458262507,0.004393900458262507,0.018,0.009755480990761576,0.026244519009238423,0.009755632485733082,0.026244367514266915,0.001,-0.0009599999999999999,0.00296,-0.0021969502291312535,0.0041969502291312535,-0.005,-0.010178994302177015,0.00017899430217701434,-0.010178899136941377,0.0001788991369413755,0.003,-0.0003914196625200081,0.006391419662520008,-0.0003913573443878565,0.006391357344387857
koharu-kurumi,12,actual_promote,free_known_share,1000,0.12316666666666666,0.1156362353808168,0.13069709795251652,0.11563637375425881,0.1306969595790745,2.7755575615628914e-20,-0.003300822437226127,0.003300822437226127,-0.005383961758679412,0.005383961758679412,0.2053333333333333,0.19703818136020054,0.21362848530646608,0.19703833378556465,0.21362833288110197,-0.00016666666666666658,-0.0033855534771907074,0.0030522201438573744,-0.005416983465877076,0.005083650132543743,0.08216666666666667,0.0758464869712392,0.08848684636209413,0.07584660310602424,0.08848673022730909,-0.00016666666666666647,-0.004914137173109321,0.004580803839775988,-0.004914049937224693,0.00458071660389136
koharu-kurumi,12,actual_promote,free_bridge_share,1000,0.7525,0.7421349238989596,0.7628650761010403,0.7421351143596653,0.7628648856403346,-0.0018333333333333322,-0.006488557777518259,0.002821891110851594,-0.009426456217769255,0.005759789551102592,0.6696666666666666,0.6588285343120975,0.6805047990212357,0.6588287334653229,0.6805045998680104,-0.001499999999999999,-0.006132682968304452,0.0031326829683044543,-0.009056355549496619,0.006056355549496621,-0.08283333333333334,-0.08928763662372012,-0.07637903004294656,-0.08928751802438255,-0.07637914864228414,0.0003333333333333335,-0.00453628194666543,0.005202948613332096,-0.004536192466341923,0.005202859133008591
koharu-kurumi,12,actual_promote,source_contact_share,1000,0.47783333333333333,0.467859331512985,0.4878073351536817,0.467859514787609,0.48780715187905765,0.03216666666666666,0.027664577279138052,0.03666875605419527,0.024823321922264125,0.039510011411069204,0.4765,0.4665270263577037,0.48647297364229625,0.4665272096134347,0.48647279038656527,0.03316666666666667,0.02866875504656167,0.03766457828677167,0.02583013626640809,0.04050319706692525,-0.0013333333333333324,-0.0065209418161180106,0.003854275149451346,-0.006520846492594781,0.003854179825928117,0.001000000000000001,-0.003504615529896341,0.005504615529896343,-0.0035045327565288963,0.005504532756528898
koharu-kurumi,12,actual_promote,unformed_bridge_contacts,1000,3.194,3.140354935592029,3.247645064407971,3.1403559213326764,3.2476440786673235,0.022,-0.0016553131334049245,0.04565531313340492,-0.01658411160306654,0.06058411160306654,2.934,2.8806683897575645,2.987331610242436,2.880669369738418,2.9873306302615825,0.009,-0.013092082076854835,0.031092082076854835,-0.02703433002938138,0.045034330029381384,-0.26,-0.2917654668608048,-0.22823453313919526,-0.2917648831628969,-0.22823511683710312,-0.013,-0.037868993474534436,0.011868993474534439,-0.03786853650094342,0.011868536500943423
koharu-kurumi,12,actual_promote,selection_total_variation,1000,0.03410705160699054,0.03347721583232014,0.03473688738166094,0.033477227405700305,0.034736875808280776,0.03410705160699054,0.03347721583232014,0.03473688738166094,0.03307972832936422,0.03513437488461686,0.0346192972093297,0.033974177760017904,0.035264416658641495,0.033974189614239175,0.035264404804420224,0.0346192972093297,0.033974177760017904,0.035264416658641495,0.03356704477499584,0.03567154964366356,0.000512245602339161,0.00033787466528466086,0.0006866165393936612,0.0003378778693915482,0.0006866133352867738,0.000512245602339161,0.00033787466528466086,0.0006866165393936612,0.0003378778693915482,0.0006866133352867738
koharu-kurumi,12,actual_promote,expected_source_shift,1000,0.01136901720233018,0.011159071944106714,0.011578962460553647,0.011159075801900101,0.01157895860276026,0.01136901720233018,0.011159071944106714,0.011578962460553647,0.011026576109788072,0.011711458294872289,0.011539765736443235,0.011324725920005971,0.011754805552880498,0.01132472987141306,0.01175480160147341,0.011539765736443235,0.011324725920005971,0.011754805552880498,0.011189014924998615,0.011890516547887855,0.0001707485341130545,0.00011262488842822122,0.00022887217979788781,0.00011262595646385035,0.00022887111176225867,0.0001707485341130545,0.00011262488842822122,0.00022887217979788781,0.00011262595646385035,0.00022887111176225867
koharu-kurumi,12,actual_promote,permutation_unchanged_fraction,1000,0.4815,0.4659157232416104,0.49708427675838956,0.46591600960635293,0.49708399039364703,0.0,0.0,0.0,0.0,0.0,0.4815,0.4659157232416104,0.49708427675838956,0.46591600960635293,0.49708399039364703,0.0,0.0,0.0,0.0,0.0,0.0,0.0,0.0,0.0,0.0,0.0,0.0,0.0,0.0,0.0
koharu-kurumi,12,actual_promote,information_transfers,1000,5.801,5.774155398475093,5.827844601524907,5.7741558917509455,5.827844108249055,0,0.0,0.0,0.0,0.0,5.801,5.774155398475093,5.827844601524907,5.7741558917509455,5.827844108249055,0,0.0,0.0,0.0,0.0,0,0.0,0.0,0.0,0.0,0,0.0,0.0,0.0,0.0
koharu-kurumi,12,actual_suppress,bridge_count,1000,2.235,2.19081152796191,2.27918847203809,2.1908123399354533,2.2791876600645464,0.03,0.01393670677011126,0.04606329322988874,0.003799209708216674,0.05620079029178332,2.103,2.058438206734704,2.1475617932652966,2.058439025568112,2.1475609744318884,0.027,0.009874114050082851,0.04412588594991715,-0.000933982148807827,0.054933982148807826,-0.132,-0.15590273838919932,-0.10809726161080069,-0.15590229917077225,-0.10809770082922776,-0.003,-0.01856369024537735,0.01256369024537735,-0.018563404258916814,0.012563404258916815
koharu-kurumi,12,actual_suppress,bridge_rate,1000,0.55875,0.5477028819904775,0.5697971180095225,0.5477030849838633,0.5697969150161366,0.0075,0.003484176692527815,0.011515823307472185,0.0009498024270541685,0.01405019757294583,0.52575,0.514609551683676,0.5368904483163242,0.514609756392028,0.5368902436079721,0.00675,0.0024685285125207127,0.011031471487479287,-0.00023349553720195676,0.013733495537201957,-0.033,-0.03897568459729983,-0.027024315402700172,-0.03897557479269306,-0.02702442520730694,-0.00075,-0.004640922561344338,0.0031409225613443373,-0.004640851064729203,0.003140851064729204
koharu-kurumi,12,actual_suppress,unformed_turns,1000,9.6635,9.612987414343456,9.714012585656546,9.612988342524071,9.71401165747593,-0.031,-0.048734574636498544,-0.013265425363501455,-0.059926812473315993,-0.0020731875266840095,9.82925,9.777761391863171,9.880738608136829,9.777762337978428,9.880737662021572,-0.03875,-0.05757806398686528,-0.019921936013134717,-0.06946039973311574,-0.008039600266884252,0.16575,0.1395806817758598,0.1919193182241402,0.13958116264322323,0.19191883735677678,-0.00775,-0.02548061021054939,0.009980610210549391,-0.025480284406425992,0.009980284406425993
koharu-kurumi,12,actual_suppress,all_formed,1000,0.028,0.017769768172556245,0.038230231827443756,0.017769956155466768,0.03823004384453323,0.003,-0.0003914196625200081,0.006391419662520008,-0.0025317346261089684,0.00853173462610897,0.018,0.009755480990761576,0.026244519009238423,0.009755632485733082,0.026244367514266915,0.001,-0.0009599999999999999,0.00296,-0.0021969502291312535,0.0041969502291312535,-0.01,-0.016764673000286178,-0.0032353269997138223,-0.016764548697832355,-0.0032354513021676454,-0.002,-0.00592,0.0019199999999999998,-0.005919927969080107,0.001919927969080107
koharu-kurumi,12,actual_suppress,free_known_share,1000,0.12366666666666666,0.11611812185356114,0.13121521147977216,0.11611826055984348,0.13121507277348984,0.0004999999999999999,-0.0027844557344701595,0.0037844557344701595,-0.004857266078002978,0.005857266078002977,0.20299999999999999,0.194806557208875,0.21119344279112498,0.194806707765309,0.21119329223469097,-0.0025,-0.005648020547375768,0.0006480205473757684,-0.007634727046042273,0.0026347270460422736,0.07933333333333333,0.07322393499659624,0.08544273167007041,0.07322404725822436,0.08544261940844229,-0.003,-0.00757183826079408,0.0015718382607940798,-0.00757175425219318,0.0015717542521931803
koharu-kurumi,12,actual_suppress,free_bridge_share,1000,0.7506666666666667,0.7403418139270289,0.7609915194063045,0.7403420036486209,0.7609913296847125,-0.0036666666666666666,-0.008236635398968259,0.0009033020656349258,-0.01112072921046985,0.0037873958771365165,0.6705,0.6597073240622011,0.6812926759377989,0.6597075223801542,0.6812924776198458,-0.0006666666666666653,-0.005099813388412202,0.003766480055078871,-0.007897559231899755,0.006564225898566424,-0.08016666666666668,-0.08636472226355116,-0.0739686110697822,-0.08636460837282509,-0.07396872496050827,0.0030000000000000014,-0.0016643593895820075,0.00766435938958201,-0.0016642736808836554,0.007664273680883658
koharu-kurumi,12,actual_suppress,source_contact_share,1000,0.41583333333333333,0.40592021958089847,0.4257464470857682,0.40592040173669,0.4257462649299767,-0.029833333333333333,-0.03413160300715041,-0.02553506365951626,-0.036844228342811605,-0.022822438323855065,0.41283333333333333,0.40277316981350914,0.4228934968531575,0.4027733546713746,0.42289331199529206,-0.0305,-0.0348051231905354,-0.026194876809464602,-0.03752207376041858,-0.02347792623958142,-0.0029999999999999996,-0.008143562714009473,0.0021435627140094734,-0.008143468199837581,0.0021434681998375817,-0.0006666666666666659,-0.0051238435438618595,0.0037905102105285273,-0.005123761642190791,0.003790428308857459
koharu-kurumi,12,actual_suppress,unformed_bridge_contacts,1000,3.167,3.113256569015609,3.2207434309843905,3.1132575565637652,3.2207424434362344,-0.005,-0.027442308642767064,0.017442308642767062,-0.041605583549861457,0.03160558354986146,2.914,2.861140601191061,2.966859398808939,2.861141572494919,2.9668584275050813,-0.011,-0.03256,0.01056,-0.04616645252044378,0.024166452520443787,-0.253,-0.28455844992013013,-0.22144155007986988,-0.28455787002620714,-0.22144212997379287,-0.006,-0.03095643656706875,0.018956436567068753,-0.03095597798669039,0.018955977986690388
koharu-kurumi,12,actual_suppress,selection_total_variation,1000,0.033748014344291456,0.03312378173533983,0.034372246953243084,0.033123793205760504,0.03437223548282241,0.033748014344291456,0.03312378173533983,0.034372246953243084,0.03272983037377151,0.034766198314811404,0.03422407817069195,0.033583564618354295,0.03486459172302961,0.03358357638794112,0.03486457995344278,0.03422407817069195,0.033583564618354295,0.03486459172302961,0.033179338401351365,0.03526881794003254,0.0004760638264004986,0.00030999409192397165,0.0006421335608770255,0.00030999714349431366,0.0006421305093066835,0.0004760638264004986,0.00030999409192397165,0.0006421335608770255,0.00030999714349431366,0.0006421305093066835
koharu-kurumi,12,actual_suppress,expected_source_shift,1000,-0.011249338114763821,-0.01145741565108103,-0.011041260578446612,-0.011457411827607471,-0.011041264401920171,-0.011249338114763821,-0.01145741565108103,-0.011041260578446612,-0.011588732771603804,-0.010909943457923838,-0.01140802605689732,-0.011621530574343206,-0.011194521539451434,-0.011621526651147596,-0.011194525462647044,-0.01140802605689732,-0.011621530574343206,-0.011194521539451434,-0.011756272646677517,-0.011059779467117123,-0.00015868794213349843,-0.00021404452029234072,-0.00010333136397465615,-0.00021404350310222673,-0.00010333238116477014,-0.00015868794213349843,-0.00021404452029234072,-0.00010333136397465615,-0.00021404350310222673,-0.00010333238116477014
koharu-kurumi,12,actual_suppress,permutation_unchanged_fraction,1000,0.4815,0.4659157232416104,0.49708427675838956,0.46591600960635293,0.49708399039364703,0.0,0.0,0.0,0.0,0.0,0.4815,0.4659157232416104,0.49708427675838956,0.46591600960635293,0.49708399039364703,0.0,0.0,0.0,0.0,0.0,0.0,0.0,0.0,0.0,0.0,0.0,0.0,0.0,0.0,0.0
koharu-kurumi,12,actual_suppress,information_transfers,1000,5.801,5.774155398475093,5.827844601524907,5.7741558917509455,5.827844108249055,0,0.0,0.0,0.0,0.0,5.801,5.774155398475093,5.827844601524907,5.7741558917509455,5.827844108249055,0,0.0,0.0,0.0,0.0,0,0.0,0.0,0.0,0.0,0,0.0,0.0,0.0,0.0
koharu-kurumi,12,permuted_promote,bridge_count,1000,2.214,2.169446276017366,2.258553723982634,2.1694470947024995,2.2585529052975004,0.009,-0.007279565554849878,0.025279565554849878,-0.017553551444252337,0.03555355144425233,2.078,2.032943677715799,2.1230563222842007,2.0329445056362943,2.1230554943637054,0.002,-0.014868538205226356,0.018868538205226354,-0.025514223000156988,0.02951422300015699,-0.136,-0.1601371159579343,-0.11186288404206571,-0.16013667243276442,-0.1118633275672356,-0.007,-0.024202060122917618,0.01020206012291762,-0.02420174403102611,0.010201744031026111
koharu-kurumi,12,permuted_promote,bridge_rate,1000,0.5535,0.5423615690043415,0.5646384309956585,0.5423617736756249,0.5646382263243751,0.00225,-0.0018198913887124695,0.0063198913887124696,-0.004388387861063084,0.008888387861063083,0.5195,0.5082359194289497,0.5307640805710502,0.5082361264090736,0.5307638735909264,0.0005,-0.003717134551306589,0.0047171345513065885,-0.006378555750039247,0.007378555750039248,-0.034,-0.04003427898948358,-0.027965721010516427,-0.040034168108191104,-0.0279658318918089,-0.00175,-0.0060505150307294045,0.002550515030729405,-0.006050436007756527,0.0025504360077565277
koharu-kurumi,12,permuted_promote,unformed_turns,1000,9.699,9.648093793696248,9.749906206303752,9.648094729109733,9.749905270890267,0.0045,-0.01382806387825854,0.02282806387825854,-0.025394851028128003,0.034394851028128004,9.8735,9.821710140510463,9.925289859489537,9.821711092161285,9.925288907838715,0.0055,-0.013647925073872488,0.024647925073872486,-0.02573212421035955,0.03673212421035955,0.1745,0.14682481914719914,0.20217518085280084,0.14682532768514173,0.20217467231485825,0.001,-0.016716676862183807,0.01871667686218381,-0.01671635131408895,0.018716351314088952
koharu-kurumi,12,permuted_promote,all_formed,1000,0.027,0.016948945463420403,0.0370510545365796,0.01694913015390616,0.03705086984609384,0.002,-0.0028018007966689844,0.0068018007966689845,-0.00583220314140487,0.00983220314140487,0.018,0.009755480990761576,0.026244519009238423,0.009755632485733082,0.026244367514266915,0.001,-0.0009599999999999999,0.00296,-0.0021969502291312535,0.0041969502291312535,-0.009,-0.015479847129278499,-0.0025201528707214996,-0.015479728060566897,-0.0025202719394331026,-0.001,-0.006187896748459117,0.004187896748459117,-0.006187801419638939,0.004187801419638939
koharu-kurumi,12,permuted_promote,free_known_share,1000,0.12116666666666666,0.11368182157397322,0.1286515117593601,0.11368195910975823,0.1286513742235751,-0.002,-0.005298491621986276,0.0012984916219862751,-0.007380159972804358,0.0033801599728043577,0.20516666666666666,0.19679803474872717,0.21353529858460615,0.1967981885243025,0.21353514480903082,-0.00033333333333333327,-0.003502001516980535,0.002835334850313869,-0.005501738678104677,0.004835072011438011,0.08399999999999999,0.07749629407083658,0.0905037059291634,0.07749641357795924,0.09050358642204075,0.0016666666666666668,-0.0029310793199060934,0.006264412653239427,-0.002930994835244654,0.006264328168577988
koharu-kurumi,12,permuted_promote,free_bridge_share,1000,0.7555,0.7452534143515616,0.7657465856484383,0.7452536026349773,0.7657463973650226,0.0011666666666666665,-0.0035577076930627402,0.005891041026396073,-0.006539246441414326,0.00887257977474766,0.671,0.6599973038480789,0.6820026961519212,0.6599975060252027,0.6820024939747974,-0.00016666666666666547,-0.004800271841812835,0.0044669385084795035,-0.007724526425027536,0.007391193091694205,-0.0845,-0.09106880577073932,-0.07793119422926069,-0.09106868506739181,-0.0779313149326082,-0.001333333333333332,-0.00606883000749257,0.0034021633408259054,-0.00606874299162992,0.0034020763249632555
koharu-kurumi,12,permuted_promote,source_contact_share,1000,0.4518333333333333,0.44198777456669,0.46167889209997665,0.4419879554811427,0.4616787111855239,0.006166666666666666,0.0020373261829322005,0.010296007150401132,-0.0005686884382495889,0.01290202177158292,0.44716666666666666,0.43718624113329585,0.45714709220003746,0.4371864245259571,0.45714690880737624,0.003833333333333333,-0.00022871938872250043,0.007895386055389166,-0.0027922689016256614,0.010458935568292327,-0.004666666666666666,-0.009989243473845005,0.0006559101405116726,-0.009989145670247144,0.0006558123369138106,-0.0023333333333333327,-0.006490684435948149,0.0018240177692814843,-0.006490608043646049,0.001823941376979383
koharu-kurumi,12,permuted_promote,unformed_bridge_contacts,1000,3.202,3.1486845435967066,3.2553154564032933,3.1486855232807294,3.2553144767192705,0.03,0.0060551484465675605,0.05394485155343244,-0.009056376867479433,0.06905637686747942,2.938,2.8844341322128373,2.991565867787163,2.8844351164982283,2.991564883501772,0.013,-0.009084421914356084,0.03508442191435608,-0.023021835560883656,0.04902183556088365,-0.264,-0.2961208405057339,-0.23187915949426613,-0.2961202502777519,-0.23187974972224812,-0.017,-0.04123307284310885,0.007233072843108847,-0.04123262755470866,0.007232627554708663
koharu-kurumi,12,permuted_promote,selection_total_variation,1000,0.03501027242909141,0.03437164070843961,0.03564890414974321,0.03437165244344734,0.035648892414735484,0.03501027242909141,0.03437164070843961,0.03564890414974321,0.0339686021098729,0.03605194274830992,0.03558742825235693,0.03492800482934413,0.036246851675369736,0.03492801694640427,0.036246839558309596,0.03558742825235693,0.03492800482934413,0.036246851675369736,0.03451184464863483,0.03666301185607903,0.0005771558232655214,0.0004055440481176832,0.0007487675984133596,0.0004055472015243231,0.0007487644450067197,0.0005771558232655214,0.0004055440481176832,0.0007487675984133596,0.0004055472015243231,0.0007487644450067197
koharu-kurumi,12,permuted_promote,expected_source_shift,1000,-3.947530340695948e-05,-0.0003567973161727917,0.00027784670935887274,-0.0003567914853063423,0.00027784087849242335,-3.947530340695948e-05,-0.0003567973161727917,0.00027784670935887274,-0.0005570583041315094,0.00047810769731759047,-7.050921099642584e-05,-0.0003952201557837392,0.0002542017337908875,-0.00039521418914392997,0.00025419576715107826,-7.050921099642584e-05,-0.0003952201557837392,0.0002542017337908875,-0.0006001442769858274,0.0004591258549929758,-3.103390758946636e-05,-8.767579729770665e-05,2.560798211877392e-05,-8.76747564896913e-05,2.560694131075858e-05,-3.103390758946636e-05,-8.767579729770665e-05,2.560798211877392e-05,-8.76747564896913e-05,2.560694131075858e-05
koharu-kurumi,12,permuted_promote,permutation_unchanged_fraction,1000,0.4815,0.4659157232416104,0.49708427675838956,0.46591600960635293,0.49708399039364703,0.0,0.0,0.0,0.0,0.0,0.4815,0.4659157232416104,0.49708427675838956,0.46591600960635293,0.49708399039364703,0.0,0.0,0.0,0.0,0.0,0.0,0.0,0.0,0.0,0.0,0.0,0.0,0.0,0.0,0.0
koharu-kurumi,12,permuted_promote,information_transfers,1000,5.801,5.774155398475093,5.827844601524907,5.7741558917509455,5.827844108249055,0,0.0,0.0,0.0,0.0,5.801,5.774155398475093,5.827844601524907,5.7741558917509455,5.827844108249055,0,0.0,0.0,0.0,0.0,0,0.0,0.0,0.0,0.0,0,0.0,0.0,0.0,0.0
koharu-kurumi,12,permuted_suppress,bridge_count,1000,2.202,2.157749740802578,2.246250259197422,2.1577505539114745,2.2462494460885254,-0.003,-0.01928806700399795,0.013288067003997952,-0.02956741813292676,0.023567418132926763,2.08,2.0356454073416304,2.12435459265837,2.0356462223676792,2.124353777632321,0.004,-0.013970973548761631,0.02197097354876163,-0.025312402043074077,0.03331240204307408,-0.122,-0.14496240618266512,-0.09903759381733487,-0.144961984243063,-0.09903801575693698,0.007,-0.00928334452466412,0.02328334452466412,-0.009283045314387325,0.023283045314387324
koharu-kurumi,12,permuted_suppress,bridge_rate,1000,0.5505,0.5394374352006445,0.5615625647993555,0.5394376384778686,0.5615623615221313,-0.00075,-0.004822016750999488,0.003322016750999488,-0.00739185453323169,0.005891854533231691,0.52,0.5089113518354076,0.5310886481645924,0.5089115555919198,0.5310884444080802,0.001,-0.0034927433871904078,0.005492743387190408,-0.006328100510768519,0.00832810051076852,-0.0305,-0.03624060154566628,-0.02475939845433372,-0.03624049606076575,-0.024759503939234245,0.00175,-0.00232083613116603,0.00582083613116603,-0.0023207613285968313,0.005820761328596831
koharu-kurumi,12,permuted_suppress,unformed_turns,1000,9.692,9.641649704967996,9.742350295032004,9.641650630166483,9.742349369833518,-0.0025,-0.02064503326622005,0.015645033266220052,-0.03209631033573286,0.027096310335732864,9.85625,9.804892575779906,9.907607424220092,9.80489351948463,9.90760648051537,-0.01175,-0.03147462369425283,0.007974623694252825,-0.04392277563207618,0.020422775632076184,0.16425,0.1382099450930003,0.1902900549069997,0.13821042358511995,0.19028957641488006,-0.00925,-0.027525239738167256,0.009025239738167256,-0.02752490392634848,0.00902490392634848
koharu-kurumi,12,permuted_suppress,all_formed,1000,0.025,0.015318433353390956,0.03468156664660905,0.015318611254450026,0.034681388745549976,0,-0.0027732455518563247,0.0027732455518563247,-0.004523432654308319,0.004523432654308319,0.018,0.009755480990761576,0.026244519009238423,0.009755632485733082,0.026244367514266915,0.001,-0.0009599999999999999,0.00296,-0.0021969502291312535,0.0041969502291312535,-0.007,-0.012866905673537132,-0.0011330943264628683,-0.012866797867768613,-0.0011332021322313863,0.001,-0.002395952133186051,0.004395952133186051,-0.0023958897317686873,0.004395889731768687
koharu-kurumi,12,permuted_suppress,free_known_share,1000,0.12316666666666666,0.11559380043748056,0.13073953289585277,0.11559393959067461,0.1307393937426587,8.326672684688674e-20,-0.003235453143832379,0.003235453143832379,-0.005277338096693039,0.005277338096693039,0.2045,0.1962093884654149,0.21279061153458506,0.19620954080734737,0.2127904591926526,-0.0009999999999999998,-0.004332449425682299,0.0023324494256822996,-0.006435548446430275,0.004435548446430275,0.08133333333333333,0.07513340811824624,0.08753325854842041,0.07513352204332698,0.08753314462333968,-0.0009999999999999998,-0.005667655951197068,0.003667655951197068,-0.005667570181923622,0.003667570181923622
koharu-kurumi,12,permuted_suppress,free_bridge_share,1000,0.7521666666666667,0.7417294143754289,0.7626039189579044,0.741729606162389,0.7626037271709443,-0.002166666666666666,-0.006705147477989042,0.0023718141446557096,-0.00956936935527119,0.005236036021937857,0.6701666666666667,0.6593044981500831,0.6810288351832503,0.6593046977449786,0.6810286355883548,-0.0009999999999999983,-0.005621659914206669,0.0036216599142066723,-0.008538375878413133,0.006538375878413136,-0.082,-0.08825208170781836,-0.07574791829218165,-0.08825196682434981,-0.0757480331756502,0.001166666666666668,-0.0036027132518373353,0.005936046585170672,-0.003602625613362119,0.005935958946695455
koharu-kurumi,12,permuted_suppress,source_contact_share,1000,0.445,0.4351891062660897,0.4548108937339103,0.43518928654356437,0.45481071345643564,-0.0006666666666666668,-0.0047223111265914585,0.0033889777932581246,-0.007281816404131698,0.005948483070798364,0.44316666666666665,0.4331424133084997,0.45319092002483363,0.43314259750650747,0.45319073582682584,-0.00016666666666666636,-0.004313663140927926,0.003980329807594593,-0.006930820405746275,0.006597487072412942,-0.0018333333333333333,-0.007192540172258925,0.003525873505592258,-0.0071924416955756335,0.0035257750289089665,0.0005000000000000003,-0.003672572476564463,0.004672572476564464,-0.0036724958045660427,0.004672495804566044
koharu-kurumi,12,permuted_suppress,unformed_bridge_contacts,1000,3.159,3.105882428643745,3.2121175713562544,3.1058834046915837,3.212116595308416,-0.013,-0.03542996819153057,0.009429968191530568,-0.049585455076183865,0.02358545507618387,2.917,2.8641585367553297,2.96984146324467,2.864159507729617,2.9698404922703827,-0.008,-0.030006363116553757,0.014006363116553757,-0.04389451408561841,0.02789451408561841,-0.242,-0.2732181727830428,-0.21078182721695723,-0.273217599141792,-0.21078240085820799,0.005,-0.019725082197834847,0.02972508219783485,-0.019724627868647315,0.029724627868647317
koharu-kurumi,12,permuted_suppress,selection_total_variation,1000,0.034916251293066566,0.03427859177945782,0.03555391080667531,0.03427860349660102,0.03555389908953211,0.034916251293066566,0.03427859177945782,0.03555391080667531,0.03387616673789351,0.03595633584823962,0.035570156389075284,0.03491234904445609,0.03622796373369448,0.03491236113182041,0.03622795164633016,0.035570156389075284,0.03491234904445609,0.03622796373369448,0.034497208766062756,0.03664310401208781,0.0006539050960087197,0.0004791579082618986,0.0008286522837555408,0.0004791611192824808,0.0008286490727349587,0.0006539050960087197,0.0004791579082618986,0.0008286522837555408,0.0004791611192824808,0.0008286490727349587
koharu-kurumi,12,permuted_suppress,expected_source_shift,1000,0.00013099701429621156,-0.00018549220056378253,0.00044748622915620565,-0.0001854863850001901,0.0004474804135926132,0.00013099701429621156,-0.00018549220056378253,0.00044748622915620565,-0.00038522761221615,0.0006472216408085731,0.00017621795685342223,-0.00014762585813015826,0.0005000617718370027,-0.00014761990742406263,0.0005000558211309071,0.00017621795685342223,-0.00014762585813015826,0.0005000617718370027,-0.000352002736266219,0.0007044386499730635,4.5220942557210664e-05,-1.192358975624576e-05,0.00010236547487066708,-1.1922539712054594e-05,0.00010236442482647592,4.5220942557210664e-05,-1.192358975624576e-05,0.00010236547487066708,-1.1922539712054594e-05,0.00010236442482647592
koharu-kurumi,12,permuted_suppress,permutation_unchanged_fraction,1000,0.4815,0.4659157232416104,0.49708427675838956,0.46591600960635293,0.49708399039364703,0.0,0.0,0.0,0.0,0.0,0.4815,0.4659157232416104,0.49708427675838956,0.46591600960635293,0.49708399039364703,0.0,0.0,0.0,0.0,0.0,0.0,0.0,0.0,0.0,0.0,0.0,0.0,0.0,0.0,0.0
koharu-kurumi,12,permuted_suppress,information_transfers,1000,5.801,5.774155398475093,5.827844601524907,5.7741558917509455,5.827844108249055,0,0.0,0.0,0.0,0.0,5.801,5.774155398475093,5.827844601524907,5.7741558917509455,5.827844108249055,0,0.0,0.0,0.0,0.0,0,0.0,0.0,0.0,0.0,0,0.0,0.0,0.0,0.0
koharu-kurumi,24,neutral,bridge_count,1000,3.114,3.0746333910998636,3.153366608900136,3.0746341144705402,3.1533658855294595,0,0.0,0.0,0.0,0.0,3.049,3.0095555658960382,3.0884444341039616,3.009556290696771,3.088443709303229,0,0.0,0.0,0.0,0.0,-0.065,-0.08195709831260004,-0.04804290168739996,-0.08195678672193929,-0.048043213278060715,0,0.0,0.0,0.0,0.0
koharu-kurumi,24,neutral,bridge_rate,1000,0.7785,0.7686583477749659,0.788341652225034,0.7686585286176351,0.7883414713823649,0.0,0.0,0.0,0.0,0.0,0.76225,0.7523888914740096,0.7721111085259904,0.7523890726741927,0.7721109273258072,0.0,0.0,0.0,0.0,0.0,-0.01625,-0.02048927457815001,-0.01201072542184999,-0.020489196680484822,-0.012010803319515179,0.0,0.0,0.0,0.0,0.0
koharu-kurumi,24,neutral,unformed_turns,1000,13.19725,13.059446204355636,13.335053795644365,13.059448736532717,13.335051263467284,0.0,0.0,0.0,0.0,0.0,13.62675,13.488889122094928,13.76461087790507,13.488891655320911,13.764608344679088,0.0,0.0,0.0,0.0,0.0,0.4295,0.3679894152227469,0.49101058477725307,0.36799054549417665,0.49100945450582334,0.0,0.0,0.0,0.0,0.0
koharu-kurumi,24,neutral,all_formed,1000,0.265,0.2376321970805723,0.29236780291942777,0.23763269997037323,0.2923673000296268,0,0.0,0.0,0.0,0.0,0.228,0.20198346822642332,0.2540165317735767,0.20198394628629987,0.2540160537137002,0,0.0,0.0,0.0,0.0,-0.037,-0.0496526574022748,-0.024347342597725197,-0.049652424906725875,-0.024347575093274117,0,0.0,0.0,0.0,0.0
koharu-kurumi,24,neutral,free_known_share,1000,0.12638888888888888,0.1219483604311102,0.13082941734666756,0.12194844202686266,0.13082933575091513,0.0,0.0,0.0,0.0,0.0,0.20083333333333334,0.19648817905824525,0.20517848760842142,0.19648825890147473,0.20517840776519194,0.0,0.0,0.0,0.0,0.0,0.07444444444444444,0.07097463645714841,0.07791425243174047,0.07097470021568443,0.07791418867320445,0.0,0.0,0.0,0.0,0.0
koharu-kurumi,24,neutral,free_bridge_share,1000,0.7505,0.744580935938528,0.7564190640614719,0.7445810447027191,0.7564189552972808,0.0,0.0,0.0,0.0,0.0,0.6755555555555556,0.669680284736073,0.6814308263750382,0.669680392695553,0.6814307184155581,0.0,0.0,0.0,0.0,0.0,-0.07494444444444444,-0.07844286538360914,-0.07144602350527973,-0.07844280109930343,-0.07144608778958544,0.0,0.0,0.0,0.0,0.0
koharu-kurumi,24,neutral,source_contact_share,1000,0.47144444444444444,0.46607429411286905,0.47681459477601984,0.46607439279064156,0.47681449609824733,0.0,0.0,0.0,0.0,0.0,0.47294444444444445,0.467417426993581,0.47847146189530787,0.4674175285538237,0.4784713603350652,0.0,0.0,0.0,0.0,0.0,0.0015000000000000002,-0.0015078454745209447,0.004507845474520945,-0.0015077902046545099,0.004507790204654511,0.0,0.0,0.0,0.0,0.0
koharu-kurumi,24,neutral,unformed_bridge_contacts,1000,5.38,5.295073458345006,5.464926541654994,5.295075018890138,5.464924981109862,0,0.0,0.0,0.0,0.0,5.105,5.021296323465063,5.188703676534938,5.021297861539762,5.188702138460239,0,0.0,0.0,0.0,0.0,-0.275,-0.31154875663564513,-0.23845124336435491,-0.31154808504366516,-0.2384519149563349,0,0.0,0.0,0.0,0.0
koharu-kurumi,24,neutral,selection_total_variation,1000,0.0,0.0,0.0,0.0,0.0,0.0,0.0,0.0,0.0,0.0,0.0,0.0,0.0,0.0,0.0,0.0,0.0,0.0,0.0,0.0,0.0,0.0,0.0,0.0,0.0,0.0,0.0,0.0,0.0,0.0
koharu-kurumi,24,neutral,expected_source_shift,1000,0.0,0.0,0.0,0.0,0.0,0.0,0.0,0.0,0.0,0.0,0.0,0.0,0.0,0.0,0.0,0.0,0.0,0.0,0.0,0.0,0.0,0.0,0.0,0.0,0.0,0.0,0.0,0.0,0.0,0.0
koharu-kurumi,24,neutral,permutation_unchanged_fraction,1000,0.4815,0.4659157232416104,0.49708427675838956,0.46591600960635293,0.49708399039364703,0.0,0.0,0.0,0.0,0.0,0.4815,0.4659157232416104,0.49708427675838956,0.46591600960635293,0.49708399039364703,0.0,0.0,0.0,0.0,0.0,0.0,0.0,0.0,0.0,0.0,0.0,0.0,0.0,0.0,0.0
koharu-kurumi,24,neutral,information_transfers,1000,5.801,5.774155398475093,5.827844601524907,5.7741558917509455,5.827844108249055,0,0.0,0.0,0.0,0.0,5.801,5.774155398475093,5.827844601524907,5.7741558917509455,5.827844108249055,0,0.0,0.0,0.0,0.0,0,0.0,0.0,0.0,0.0,0,0.0,0.0,0.0,0.0
koharu-kurumi,24,actual_promote,bridge_count,1000,3.078,3.038784503563505,3.117215496436495,3.0387852241574542,3.1172147758425455,-0.036,-0.05023623393867763,-0.021763766061322368,-0.05922067926133753,-0.012779320738662461,3.004,2.964488111615316,3.043511888384684,2.964488837655537,3.043511162344463,-0.045,-0.060312610359962666,-0.02968738964003733,-0.06997635367289809,-0.020023646327101907,-0.074,-0.0915968931646768,-0.056403106835323194,-0.09159656981763549,-0.0564034301823645,-0.009,-0.02214281415694386,0.004142814156943862,-0.02214257265464955,0.004142572654649549
koharu-kurumi,24,actual_promote,bridge_rate,1000,0.7695,0.7596961258908762,0.7793038741091237,0.7596963060393636,0.7793036939606364,-0.009,-0.012559058484669407,-0.005440941515330592,-0.014805169815334383,-0.0031948301846656153,0.751,0.741122027903829,0.760877972096171,0.7411222094138843,0.7608777905861157,-0.01125,-0.015078152589990667,-0.0074218474100093326,-0.017494088418224522,-0.005005911581775477,-0.0185,-0.0228992232911692,-0.014100776708830799,-0.022899142454408872,-0.014100857545591126,-0.00225,-0.005535703539235965,0.0010357035392359656,-0.005535643163662387,0.0010356431636623872
koharu-kurumi,24,actual_promote,unformed_turns,1000,13.3375,13.201025479136783,13.473974520863218,13.20102798688813,13.47397201311187,0.14025,0.09470656806857776,0.18579343193142228,0.06596424227113062,0.2145357577288694,13.77175,13.634541389534455,13.908958610465547,13.634543910774871,13.90895608922513,0.145,0.09391654593433134,0.19608345406566863,0.06167792847956363,0.22832207152043635,0.43425,0.37150277027678485,0.4969972297232152,0.37150392327185566,0.4969960767281444,0.00475,-0.03710970208396804,0.04660970208396804,-0.03710893290211918,0.04660893290211918
koharu-kurumi,24,actual_promote,all_formed,1000,0.242,0.21544076185711022,0.26855923814288973,0.21544124988934366,0.26855875011065633,-0.023,-0.034174321413806705,-0.011825678586193296,-0.04122640275727327,-0.0047735972427267286,0.204,0.17901122625631233,0.22898877374368765,0.1790116854308939,0.22898831456910607,-0.024,-0.034992692012317896,-0.013007307987682104,-0.0419301475752801,-0.006069852424719899,-0.038,-0.05017641140051512,-0.02582358859948488,-0.05017618765609824,-0.02582381234390176,-0.001,-0.010804707578030603,0.008804707578030601,-0.010804527414228018,0.00880452741422802
koharu-kurumi,24,actual_promote,free_known_share,1000,0.1267222222222222,0.12232917065666858,0.13111527378777582,0.122329251380022,0.1311151930644224,0.0003333333333333332,-0.0016275384558791298,0.002294205122545796,-0.0028650388686155413,0.0035317055352822074,0.20083333333333334,0.1965293461225195,0.20513732054414718,0.1965294252092945,0.20513724145737217,-1.6653345369377348e-19,-0.001770120311874621,0.0017701203118746206,-0.0028872380288966605,0.0028872380288966605,0.07411111111111111,0.07053344653044498,0.07768877569177725,0.07053351227087121,0.07768870995135102,-0.0003333333333333334,-0.0030502945937926204,0.0023836279271259534,-0.00305024466899188,0.002383578002325213
koharu-kurumi,24,actual_promote,free_bridge_share,1000,0.749,0.7430771704469187,0.7549228295530813,0.7430772792803017,0.7549227207196983,-0.0015000000000000005,-0.004200106090290667,0.0012001060902906658,-0.005904135093894612,0.0029041350938946112,0.6745,0.6686625063825128,0.6803374936174872,0.6686626136478279,0.6803373863521721,-0.0010555555555555542,-0.0037608610619302213,0.0016497499508191127,-0.00546817140171603,0.0033570602906049215,-0.0745,-0.07811442363678185,-0.07088557636321814,-0.07811435722089934,-0.07088564277910066,0.0004444444444444463,-0.0023286641536325974,0.0032175530425214904,-0.0023286131971113526,0.003217502086000245
koharu-kurumi,24,actual_promote,source_contact_share,1000,0.5029444444444444,0.49749271182952703,0.5083961770593618,0.49749281200639317,0.5083960768824957,0.0315,0.028927664907842515,0.034072335092157485,0.027304271804961613,0.035695728195038384,0.5025000000000001,0.49691408850571045,0.5080859114942897,0.496914191148145,0.5080858088518552,0.029555555555555557,0.027021653514556234,0.032089457596554884,0.025422515397102018,0.0336885957140091,-0.00044444444444444463,-0.00336350891983473,0.0024746200309458404,-0.003363455281339988,0.0024745663924510986,-0.0019444444444444448,-0.0044942198393451375,0.0006053309504562483,-0.00449417298662391,0.0006052840977350199
koharu-kurumi,24,actual_promote,unformed_bridge_contacts,1000,5.449,5.362374377942801,5.535625622057199,5.362375969708934,5.535624030291066,0.069,0.037365606102261466,0.10063439389773854,0.017401233255202278,0.12059876674479773,5.154,5.069284633579806,5.238715366420194,5.069286190244544,5.238713809755456,0.049,0.019092697126535045,0.07890730287346495,0.00021828633978490664,0.0977817136602151,-0.295,-0.33451145042534774,-0.2554885495746522,-0.3345107243931742,-0.25548927560682577,-0.02,-0.05073176534794904,0.010731765347949042,-0.05073120064454906,0.010731200644549056
koharu-kurumi,24,actual_promote,selection_total_variation,1000,0.035314832575452024,0.03470986891751918,0.03591979623338487,0.03470988003386836,0.03591978511703569,0.035314832575452024,0.03470986891751918,0.03591979623338487,0.03432807813420483,0.036301587016699215,0.03560578219727253,0.03499052884786466,0.036221035546680394,0.03499054015328933,0.03622102424125572,0.03560578219727253,0.03499052884786466,0.036221035546680394,0.03460224427055658,0.03660932012398847,0.00029094962182050224,0.00015216289709002722,0.00042973634655097727,0.00015216544732866272,0.00042973379631234176,0.00029094962182050224,0.00015216289709002722,0.00042973634655097727,0.00015216544732866272,0.00042973379631234176
koharu-kurumi,24,actual_promote,expected_source_shift,1000,0.011771610858484006,0.011569956305839724,0.011973265411128288,0.01156996001128945,0.011973261705678563,0.011771610858484006,0.011569956305839724,0.011973265411128288,0.011442692711401609,0.012100529005566404,0.01186859406575751,0.011663509615954889,0.012073678515560132,0.01166351338442978,0.01207367474708524,0.01186859406575751,0.011663509615954889,0.012073678515560132,0.011534081423518862,0.012203106707996158,9.698320727350412e-05,5.072096569667919e-05,0.00014324544885032904,5.0721815776224354e-05,0.00014324459877078388,9.698320727350412e-05,5.072096569667919e-05,0.00014324544885032904,5.0721815776224354e-05,0.00014324459877078388
koharu-kurumi,24,actual_promote,permutation_unchanged_fraction,1000,0.4815,0.4659157232416104,0.49708427675838956,0.46591600960635293,0.49708399039364703,0.0,0.0,0.0,0.0,0.0,0.4815,0.4659157232416104,0.49708427675838956,0.46591600960635293,0.49708399039364703,0.0,0.0,0.0,0.0,0.0,0.0,0.0,0.0,0.0,0.0,0.0,0.0,0.0,0.0,0.0
koharu-kurumi,24,actual_promote,information_transfers,1000,5.801,5.774155398475093,5.827844601524907,5.7741558917509455,5.827844108249055,0,0.0,0.0,0.0,0.0,5.801,5.774155398475093,5.827844601524907,5.7741558917509455,5.827844108249055,0,0.0,0.0,0.0,0.0,0,0.0,0.0,0.0,0.0,0,0.0,0.0,0.0,0.0
koharu-kurumi,24,actual_suppress,bridge_count,1000,3.15,3.1109031386865316,3.1890968613134683,3.110903857100533,3.1890961428994666,0.036,0.02203649521553181,0.049963504784468184,0.013224168459091367,0.058775831540908624,3.086,3.046167272594353,3.1258327274056468,3.0461680045300663,3.1258319954699334,0.037,0.02237379148324571,0.051626208516754285,0.013143234352571885,0.06085676564742811,-0.064,-0.08152901802363363,-0.046470981976366364,-0.08152869592381398,-0.04647130407618602,0.001,-0.010928018948510941,0.01292801894851094,-0.010927799768363656,0.012927799768363654
koharu-kurumi,24,actual_suppress,bridge_rate,1000,0.7875,0.7777257846716329,0.7972742153283671,0.7777259642751333,0.7972740357248667,0.009,0.005509123803882953,0.012490876196117046,0.0033060421147728418,0.014693957885227156,0.7715,0.7615418181485882,0.7814581818514117,0.7615420011325166,0.7814579988674833,0.00925,0.005593447870811428,0.012906552129188571,0.0032858085881429713,0.015214191411857028,-0.016,-0.020382254505908408,-0.011617745494091591,-0.020382173980953495,-0.011617826019046505,0.00025,-0.0027320047371277353,0.003232004737127735,-0.002731949942090914,0.0032319499420909135
koharu-kurumi,24,actual_suppress,unformed_turns,1000,13.066,12.927547344090739,13.204452655909263,12.927549888190782,13.20445011180922,-0.13125,-0.17725834168936114,-0.08524165831063887,-0.20629407066620004,-0.05620592933379999,13.501,13.36241228729605,13.63958771270395,13.362414833877793,13.639585166122206,-0.12575,-0.17132432454966456,-0.08017567545033544,-0.20008614658752666,-0.051413853412473356,0.435,0.3708726317446337,0.4991273682553663,0.3708738101000739,0.4991261898999261,0.0055,-0.034990560345308605,0.0459905603453086,-0.03498981632176048,0.045989816321760475
koharu-kurumi,24,actual_suppress,all_formed,1000,0.285,0.25700704292780685,0.3129929570721931,0.2570075573049621,0.31299244269503784,0.02,0.010078135084400544,0.029921864915599457,0.0038164753493188652,0.036183524650681136,0.252,0.22507694139432363,0.2789230586056764,0.22507743611184344,0.27892256388815656,0.024,0.013362876949720532,0.03463712305027947,0.006649819911791692,0.04135018008820831,-0.033,-0.04538852586763951,-0.020611474132360495,-0.045388298225569515,-0.020611701774430488,0.004,-0.0038399999999999997,0.01184,-0.003839855938160214,0.011839855938160214
koharu-kurumi,24,actual_suppress,free_known_share,1000,0.12744444444444444,0.12298233343043236,0.13190655545845653,0.12298241542276935,0.13190647346611956,0.0010555555555555557,-0.000978621754607212,0.0030897328657183234,-0.0022623850657803916,0.0043734961768915025,0.19877777777777778,0.19433652638557494,0.2032190291699806,0.1943366079946115,0.20321894756094405,-0.0020555555555555553,-0.0037973928364640063,-0.00031371827464710426,-0.004896661215917612,0.0007855501048065015,0.07133333333333333,0.06779084054555694,0.07487582612110973,0.06779090563969323,0.07487576102697344,-0.0031111111111111114,-0.005754787695934679,-0.00046743452628754357,-0.005754739117757051,-0.00046748310446517206
koharu-kurumi,24,actual_suppress,free_bridge_share,1000,0.7472777777777778,0.7413912062533702,0.7531643493021855,0.7413913144205033,0.7531642411350523,-0.0032222222222222214,-0.005909915100247319,-0.0005345293441971237,-0.007606110162138942,0.0011616657176944998,0.6754444444444444,0.6695463544008405,0.6813425344880483,0.6695464627796291,0.6813424261092597,-0.00011111111111110877,-0.0026937722892340166,0.002471550067011799,-0.004323682154564385,0.004101459932342168,-0.07183333333333333,-0.07543531004292812,-0.06823135662373854,-0.07543524385576084,-0.06823142281090583,0.0031111111111111127,0.0004229148644079102,0.005799307357814315,0.0004229642606447732,0.005799257961577452
koharu-kurumi,24,actual_suppress,source_contact_share,1000,0.4415,0.4361294220278756,0.4468705779721244,0.4361295207135061,0.4468704792864939,-0.029944444444444447,-0.032434650253586626,-0.027454238635302265,-0.034006211807771525,-0.02588267708111737,0.4425,0.4369859422063357,0.4480140577936643,0.4369860435284416,0.4480139564715584,-0.030444444444444448,-0.03284044585895444,-0.028048443029934454,-0.03435255529705492,-0.026536333591833973,0.0010000000000000013,-0.001806589386775569,0.0038065893867755716,-0.0018065378150369745,0.003806537815036977,-0.0004999999999999988,-0.003107638801840009,0.0021076388018400117,-0.0031075908858651,0.0021075908858651025
koharu-kurumi,24,actual_suppress,unformed_bridge_contacts,1000,5.333,5.248652499038095,5.417347500961905,5.248654048943219,5.417345951056781,-0.047,-0.07573964287656812,-0.018260357123431877,-0.09387714687724227,-0.00012285312275772675,5.051,4.9692386490026195,5.132761350997381,4.9692401513866304,5.13275984861337,-0.054,-0.08355061985024229,-0.02444938014975771,-0.10219992903122584,-0.0058000709687741625,-0.282,-0.3195401580319671,-0.24445984196803286,-0.3195394682227538,-0.2444605317772461,-0.007,-0.03806474496885464,0.02406474496885464,-0.03806417414687598,0.024064174146875984
koharu-kurumi,24,actual_suppress,selection_total_variation,1000,0.035320500379596505,0.03471583950410758,0.03592516125508543,0.034715850614893067,0.03592515014429994,0.035320500379596505,0.03471583950410758,0.03592516125508543,0.03433423980590211,0.0363067609532909,0.035574329502495734,0.03495977926173257,0.0361888797432589,0.03495979055423746,0.03618886845075401,0.035574329502495734,0.03495977926173257,0.0361888797432589,0.03457193841421999,0.03657672059077148,0.0002538291228992249,0.00011888267875235971,0.00038877556704609005,0.00011888515842493831,0.00038877308737351145,0.0002538291228992249,0.00011888267875235971,0.00038877556704609005,0.00011888515842493831,0.00038877308737351145
koharu-kurumi,24,actual_suppress,expected_source_shift,1000,-0.011773500126532171,-0.011975053751695145,-0.011571946501369198,-0.011975050048099985,-0.011571950204964357,-0.011773500126532171,-0.011975053751695145,-0.011571946501369198,-0.01210225365109697,-0.011444746601967372,-0.011858109834165244,-0.012062959914419632,-0.011653259753910856,-0.012062956150251335,-0.011653263518079153,-0.011858109834165244,-0.012062959914419632,-0.011653259753910856,-0.012192240196923826,-0.011523979471406662,-8.460970763307219e-05,-0.00012959185568202721,-3.9627559584117154e-05,-0.00012959102912450101,-3.962838614164335e-05,-8.460970763307219e-05,-0.00012959185568202721,-3.9627559584117154e-05,-0.00012959102912450101,-3.962838614164335e-05
koharu-kurumi,24,actual_suppress,permutation_unchanged_fraction,1000,0.4815,0.4659157232416104,0.49708427675838956,0.46591600960635293,0.49708399039364703,0.0,0.0,0.0,0.0,0.0,0.4815,0.4659157232416104,0.49708427675838956,0.46591600960635293,0.49708399039364703,0.0,0.0,0.0,0.0,0.0,0.0,0.0,0.0,0.0,0.0,0.0,0.0,0.0,0.0,0.0
koharu-kurumi,24,actual_suppress,information_transfers,1000,5.801,5.774155398475093,5.827844601524907,5.7741558917509455,5.827844108249055,0,0.0,0.0,0.0,0.0,5.801,5.774155398475093,5.827844601524907,5.7741558917509455,5.827844108249055,0,0.0,0.0,0.0,0.0,0,0.0,0.0,0.0,0.0,0,0.0,0.0,0.0,0.0
koharu-kurumi,24,permuted_promote,bridge_count,1000,3.108,3.0681802110353007,3.1478197889646995,3.0681809427332674,3.147819057266733,-0.006,-0.020135937433616746,0.008135937433616744,-0.02905708592723781,0.017057085927237814,3.04,3.0005652673631715,3.0794347326368285,3.000565991985638,3.079434008014362,-0.009,-0.023532309466097204,0.005532309466097205,-0.032703607182370274,0.014703607182370277,-0.068,-0.08479772023237098,-0.05120227976762903,-0.08479741157031984,-0.05120258842968017,-0.003,-0.014926729328381377,0.008926729328381375,-0.014926510171931164,0.008926510171931162
koharu-kurumi,24,permuted_promote,bridge_rate,1000,0.777,0.7670450527588252,0.7869549472411749,0.7670452356833168,0.7869547643166832,-0.0015,-0.0050339843584041866,0.002033984358404186,-0.007264271481809453,0.0042642714818094535,0.76,0.7501413168407929,0.7698586831592071,0.7501414979964095,0.7698585020035905,-0.00225,-0.005883077366524301,0.0013830773665243013,-0.008175901795592569,0.0036759017955925693,-0.017,-0.021199430058092744,-0.012800569941907258,-0.02119935289257996,-0.012800647107420042,-0.00075,-0.0037316823320953443,0.002231682332095344,-0.003731627542982791,0.0022316275429827906
koharu-kurumi,24,permuted_promote,unformed_turns,1000,13.214,13.07520149816907,13.35279850183093,13.075204048624114,13.352795951375887,0.01675,-0.02847630993360182,0.06197630993360182,-0.05701850097193337,0.09051850097193337,13.649,13.51101815761765,13.786981842382348,13.511020693066385,13.786979306933613,0.02225,-0.023595340691973957,0.06809534069197395,-0.052528200219289035,0.09702820021928904,0.435,0.3712259035706865,0.4987740964293135,0.37122707543467404,0.49877292456532596,0.0055,-0.0379234266909647,0.048923426690964694,-0.03792262877530923,0.04892262877530923
koharu-kurumi,24,permuted_promote,all_formed,1000,0.265,0.2376321970805723,0.29236780291942777,0.23763269997037323,0.2923673000296268,0,-0.010376534704441193,0.010376534704441193,-0.01692513520456718,0.01692513520456718,0.222,0.1962285049802004,0.24777149501979961,0.1962289785374691,0.2477710214625309,-0.006,-0.016369861929477963,0.0043698619294779625,-0.02291425126097145,0.010914251260971447,-0.043,-0.05617671079242871,-0.029823289207571282,-0.05617646866727576,-0.02982353133272423,-0.006,-0.015599596588120497,0.003599596588120497,-0.015599420193280486,0.003599420193280486
koharu-kurumi,24,permuted_promote,free_known_share,1000,0.1267222222222222,0.12228347955608247,0.13116096488836196,0.12228356111902058,0.13116088332542383,0.0003333333333333332,-0.0015970375082167804,0.0022637041748834468,-0.0028152888626880577,0.003481955529354724,0.19983333333333334,0.19534598894360597,0.2043206777230607,0.19534607139961216,0.2043205952670545,-0.001,-0.0027890479104146684,0.0007890479104146685,-0.003918110779146411,0.0019181107791464108,0.07311111111111111,0.06948451725218709,0.07673770497003514,0.06948458389170029,0.07673763833052194,-0.001333333333333333,-0.003882291682386612,0.0012156250157199459,-0.003882244844678793,0.0012155781780121269
koharu-kurumi,24,permuted_promote,free_bridge_share,1000,0.7496666666666667,0.7437797271925068,0.7555536061408266,0.7437798353664011,0.7555534979669323,-0.0008333333333333351,-0.0036925002491912896,0.002025833582524619,-0.005496912071484655,0.003830245404817984,0.6757777777777778,0.6698096055830424,0.6817459499725133,0.669809715249607,0.6817458403059486,0.00022222222222222315,-0.00250785613136135,0.002952300575805796,-0.00423080054208149,0.004675244986525937,-0.07388888888888888,-0.07757223843162542,-0.07020553934615234,-0.0775721707492132,-0.07020560702856456,0.0010555555555555583,-0.001560535331919786,0.0036716464430309025,-0.0015604872606358195,0.003671598371746936
koharu-kurumi,24,permuted_promote,source_contact_share,1000,0.4742222222222222,0.468835631686496,0.4796088127579484,0.4688357306663612,0.47960871377808323,0.002777777777777779,0.0002614452360964292,0.005294110319459129,-0.0013266048220684562,0.0068821603776240145,0.473,0.46738143202375954,0.4786185679762404,0.4673815352662646,0.47861846473373537,5.555555555555575e-05,-0.002402316583409546,0.0025134276945206575,-0.003953472453546386,0.004064583564657498,-0.001222222222222223,-0.0040912124215821445,0.0016467679771376988,-0.004091159703213975,0.0016467152587695297,-0.0027222222222222235,-0.005085562856634222,-0.0003588815878102251,-0.005085519429695468,-0.00035892501474897934
koharu-kurumi,24,permuted_promote,unformed_bridge_contacts,1000,5.391,5.303959864800567,5.478040135199433,5.303961464183477,5.478038535816523,0.011,-0.019561052736192585,0.04156105273619258,-0.038848043136460814,0.06084804313646082,5.105,5.0205189334193125,5.189481066580688,5.020520485778736,5.189479514221265,0,-0.028820413186077264,0.028820413186077264,-0.047008891091268934,0.047008891091268934,-0.286,-0.32473639367048246,-0.2472636063295175,-0.3247356818801586,-0.24726431811984134,-0.011,-0.040667182341909525,0.018667182341909522,-0.040666637200472096,0.018666637200472097
koharu-kurumi,24,permuted_promote,selection_total_variation,1000,0.03561500078293053,0.03501018770917119,0.03621981385668986,0.03501019882275335,0.0362198027431077,0.03561500078293053,0.03501018770917119,0.03621981385668986,0.034628491959085385,0.03660150960677567,0.035978931464392246,0.035356148750220154,0.03660171417856434,0.035356160193998676,0.036601702734785815,0.035978931464392246,0.035356148750220154,0.03660171417856434,0.03496311241297824,0.03699475051580625,0.00036393068146172125,0.0002280250325397603,0.0004998363303836822,0.00022802752983795176,0.0004998338330854908,0.00036393068146172125,0.0002280250325397603,0.0004998363303836822,0.00022802752983795176,0.0004998338330854908
koharu-kurumi,24,permuted_promote,expected_source_shift,1000,-0.0001290455513476629,-0.0004350581706823398,0.000176967067987014,-0.0004350525476286486,0.00017696144493332283,-0.0001290455513476629,-0.0004350581706823398,0.000176967067987014,-0.0006281818337451376,0.00037009073104981183,-0.0001481760882892171,-0.00045901348525808543,0.0001626613086796512,-0.00045900777354797296,0.00016265559696953874,-0.0001481760882892171,-0.00045901348525808543,0.0001626613086796512,-0.0006551820512801282,0.000358829874701694,-1.9130536941554202e-05,-6.46876285974441e-05,2.6426554714335698e-05,-6.468679147519419e-05,2.6425717592085795e-05,-1.9130536941554202e-05,-6.46876285974441e-05,2.6426554714335698e-05,-6.468679147519419e-05,2.6425717592085795e-05
koharu-kurumi,24,permuted_promote,permutation_unchanged_fraction,1000,0.4815,0.4659157232416104,0.49708427675838956,0.46591600960635293,0.49708399039364703,0.0,0.0,0.0,0.0,0.0,0.4815,0.4659157232416104,0.49708427675838956,0.46591600960635293,0.49708399039364703,0.0,0.0,0.0,0.0,0.0,0.0,0.0,0.0,0.0,0.0,0.0,0.0,0.0,0.0,0.0
koharu-kurumi,24,permuted_promote,information_transfers,1000,5.801,5.774155398475093,5.827844601524907,5.7741558917509455,5.827844108249055,0,0.0,0.0,0.0,0.0,5.801,5.774155398475093,5.827844601524907,5.7741558917509455,5.827844108249055,0,0.0,0.0,0.0,0.0,0,0.0,0.0,0.0,0.0,0,0.0,0.0,0.0,0.0
koharu-kurumi,24,permuted_suppress,bridge_count,1000,3.114,3.0753232154896497,3.15267678451035,3.0753239261846415,3.1526760738153583,0,-0.015189691462525719,0.015189691462525719,-0.02477586102120135,0.02477586102120135,3.038,2.998169589618092,3.0778304103819076,2.9981703215112296,3.07782967848877,-0.011,-0.026795209876891636,0.004795209876891637,-0.03676352032403314,0.01476352032403314,-0.076,-0.09356408310773481,-0.05843591689226518,-0.093563760363586,-0.05843623963641399,-0.011,-0.02578935737249903,0.0037893573724990318,-0.025789085614586746,0.0037890856145867454
koharu-kurumi,24,permuted_suppress,bridge_rate,1000,0.7785,0.7688308038724124,0.7881691961275875,0.7688309815461604,0.7881690184538396,0.0,-0.0037974228656314298,0.0037974228656314298,-0.006193965255300337,0.006193965255300337,0.7595,0.749542397404523,0.7694576025954769,0.7495425803778074,0.7694574196221925,-0.00275,-0.006698802469222909,0.0011988024692229093,-0.009190880081008285,0.003690880081008285,-0.019,-0.023391020776933703,-0.014608979223066296,-0.0233909400908965,-0.014609059909103498,-0.00275,-0.006447339343124758,0.0009473393431247579,-0.0064472714036466865,0.0009472714036466864
koharu-kurumi,24,permuted_suppress,unformed_turns,1000,13.20125,13.064700236413843,13.337799763586156,13.064702745547793,13.337797254452207,0.004,-0.04408339159155629,0.0520833915915563,-0.074428678452058,0.08242867845205801,13.6415,13.503298114029926,13.779701885970075,13.503300653522011,13.77969934647799,0.01475,-0.03735805658879884,0.06685805658879884,-0.07024329767915548,0.09974329767915548,0.44025,0.3773802285986655,0.5031197714013345,0.37738138384546843,0.5031186161545316,0.01075,-0.03356542860350459,0.05506542860350458,-0.03356461429710465,0.055064614297104644
koharu-kurumi,24,permuted_suppress,all_formed,1000,0.258,0.23086779230703308,0.28513220769296693,0.23086829086771643,0.2851317091322836,-0.007,-0.017909646281249542,0.003909646281249541,-0.02479469192784778,0.01079469192784778,0.225,0.19910502848911493,0.2508949715108851,0.1991055043152931,0.2508944956847069,-0.003,-0.013916693629474074,0.007916693629474073,-0.020806186836787158,0.01480618683678716,-0.033,-0.044751331473130665,-0.021248668526869335,-0.0447511155396572,-0.021248884460342798,0.004,-0.005996001923491935,0.013996001923491935,-0.005995818244610863,0.013995818244610863
koharu-kurumi,24,permuted_suppress,free_known_share,1000,0.12694444444444444,0.1224055766122928,0.1314833122765961,0.12240566001505433,0.13148322887383454,0.0005555555555555557,-0.0015283691667943812,0.0026394802779054925,-0.002843527923326543,0.003954639034437654,0.1993888888888889,0.19493674358685945,0.20384103419091834,0.19493682539607413,0.20384095238170366,-0.001444444444444444,-0.003316635616896114,0.00042774672800722623,-0.004498169953498972,0.0016092810646100848,0.07244444444444445,0.06892845168434956,0.07596043720453934,0.06892851629154162,0.07596037259734728,-0.0019999999999999996,-0.004696659917474389,0.0006966599174743899,-0.00469661036571559,0.0006966103657155905
koharu-kurumi,24,permuted_suppress,free_bridge_share,1000,0.7477777777777778,0.7416862939834308,0.7538692615721247,0.741686405915875,0.7538691496396805,-0.0027222222222222214,-0.005488180570132127,4.373612568768417e-05,-0.007233768739629403,0.00178932429518496,0.6750555555555555,0.6690684267457286,0.6810426843653824,0.6690685367606255,0.6810425743504855,-0.0004999999999999971,-0.003205919641689328,0.0022059196416893342,-0.004913617560464011,0.003913617560464017,-0.07272222222222222,-0.07627838327552007,-0.06916606116892436,-0.07627831793022621,-0.06916612651421822,0.0022222222222222244,-0.0005131027120997443,0.004957547156544193,-0.000513052449862187,0.004957496894306636
koharu-kurumi,24,permuted_suppress,source_contact_share,1000,0.4711666666666667,0.46569380542408517,0.4766395279092482,0.4656939059891948,0.47663942734413856,-0.0002777777777777786,-0.0026818867833099435,0.002126331227754386,-0.004199112898233168,0.0036435573426776106,0.47333333333333333,0.4677787167515782,0.47888794991508843,0.46777881881896144,0.4788878478477052,0.00038888888888888865,-0.0019903481053694994,0.002768125883147277,-0.0034918775672090237,0.004269655344986801,0.0021666666666666674,-0.0007392413638340647,0.0050725746971674,-0.0007391879670920849,0.00507252130042542,0.0006666666666666672,-0.0016593598417455554,0.00299269317507889,-0.0016593171004626228,0.002992650433795957
koharu-kurumi,24,permuted_suppress,unformed_bridge_contacts,1000,5.394,5.309047109666734,5.478952890333266,5.309048670696029,5.478951329303971,0.014,-0.01949800535498737,0.04749800535498737,-0.04063849790564634,0.06863849790564634,5.087,5.003171089618105,5.1708289103818945,5.003172629994005,5.170827370005995,-0.018,-0.05032205495999344,0.014322054959993443,-0.07072040867874693,0.03472040867874694,-0.307,-0.34516367786138946,-0.26883632213861053,-0.345162976594853,-0.268837023405147,-0.032,-0.06355753602041325,-0.0004424639795867491,-0.06355695614328338,-0.00044304385671662533
koharu-kurumi,24,permuted_suppress,selection_total_variation,1000,0.03548433292433887,0.034881445170793404,0.036087220677884335,0.03488145624899735,0.03608720959968039,0.03548433292433887,0.034881445170793404,0.036087220677884335,0.0345009644846258,0.03646770136405194,0.035925753036728694,0.035303997573344584,0.036547508500112805,0.03530400899824713,0.03654749707521026,0.035925753036728694,0.035303997573344584,0.036547508500112805,0.03491160953105041,0.03693989654240698,0.0004414201123898233,0.0002978198042286777,0.000585020420550969,0.0002978224429180383,0.0005850177818616083,0.0004414201123898233,0.0002978198042286777,0.000585020420550969,0.0002978224429180383,0.0005850177818616083
koharu-kurumi,24,permuted_suppress,expected_source_shift,1000,0.00011439248721927282,-0.00019175967851640043,0.0004205446529549461,-0.00019175405289851137,0.00042053902733705704,0.00011439248721927282,-0.00019175967851640043,0.0004205446529549461,-0.00038497140890199767,0.0006137563833405433,0.00015729918657647886,-0.00015334679937598796,0.00046794517252894566,-0.00015334109118309786,0.0004679394643360556,0.00015729918657647886,-0.00015334679937598796,0.00046794517252894566,-0.00034939456646915527,0.0006639929396221129,4.290669935720605e-05,-2.513867151460224e-06,8.832726586587232e-05,-2.5130325378919444e-06,8.832643125230404e-05,4.290669935720605e-05,-2.513867151460224e-06,8.832726586587232e-05,-2.5130325378919444e-06,8.832643125230404e-05
koharu-kurumi,24,permuted_suppress,permutation_unchanged_fraction,1000,0.4815,0.4659157232416104,0.49708427675838956,0.46591600960635293,0.49708399039364703,0.0,0.0,0.0,0.0,0.0,0.4815,0.4659157232416104,0.49708427675838956,0.46591600960635293,0.49708399039364703,0.0,0.0,0.0,0.0,0.0,0.0,0.0,0.0,0.0,0.0,0.0,0.0,0.0,0.0,0.0
koharu-kurumi,24,permuted_suppress,information_transfers,1000,5.801,5.774155398475093,5.827844601524907,5.7741558917509455,5.827844108249055,0,0.0,0.0,0.0,0.0,5.801,5.774155398475093,5.827844601524907,5.7741558917509455,5.827844108249055,0,0.0,0.0,0.0,0.0,0,0.0,0.0,0.0,0.0,0,0.0,0.0,0.0,0.0
koharu-kurumi,48,neutral,bridge_count,1000,3.566,3.5335610870485232,3.5984389129514764,3.533561683121161,3.5984383168788385,0,0.0,0.0,0.0,0.0,3.5,3.466376184616243,3.533623815383757,3.4663768024617414,3.5336231975382586,0,0.0,0.0,0.0,0.0,-0.066,-0.08188805906398956,-0.05011194093601044,-0.08188776711717587,-0.05011223288282414,0,0.0,0.0,0.0,0.0
koharu-kurumi,48,neutral,bridge_rate,1000,0.8915,0.8833902717621308,0.8996097282378691,0.8833904207802903,0.8996095792197096,0.0,0.0,0.0,0.0,0.0,0.875,0.8665940461540608,0.8834059538459392,0.8665942006154354,0.8834057993845646,0.0,0.0,0.0,0.0,0.0,-0.0165,-0.02047201476599739,-0.01252798523400261,-0.020471941779293967,-0.012528058220706035,0.0,0.0,0.0,0.0,0.0
koharu-kurumi,48,neutral,unformed_turns,1000,16.84025,16.54404992959216,17.136450070407843,16.54405537233796,17.13644462766204,0.0,0.0,0.0,0.0,0.0,17.66975,17.36943172279476,17.97006827720524,17.36943724121358,17.970062758786423,0.0,0.0,0.0,0.0,0.0,0.8295,0.6963346834602602,0.9626653165397399,0.696337130404201,0.962662869595799,0.0,0.0,0.0,0.0,0.0
koharu-kurumi,48,neutral,all_formed,1000,0.58,0.549393619774457,0.6106063802255429,0.5493941821738759,0.610605817826124,0,0.0,0.0,0.0,0.0,0.522,0.49102420032080263,0.5529757996791974,0.4910247695083907,0.5529752304916093,0,0.0,0.0,0.0,0.0,-0.058,-0.07275773181245168,-0.043242268187548324,-0.07275746063566647,-0.043242539364333525,0,0.0,0.0,0.0,0.0
koharu-kurumi,48,neutral,free_known_share,1000,0.13192857142857142,0.12898957705045136,0.1348675658066915,0.12898963105516276,0.1348675118019801,0.0,0.0,0.0,0.0,0.0,0.19473809523809524,0.19207268853708867,0.1974035019391018,0.1920727375145623,0.19740345296162817,0.0,0.0,0.0,0.0,0.0,0.0628095238095238,0.06063106745878549,0.06498798016026211,0.060631107488432145,0.06498794013061546,0.0,0.0,0.0,0.0,0.0
koharu-kurumi,48,neutral,free_bridge_share,1000,0.7389285714285714,0.7347598626864041,0.7430972801707386,0.7347599392874056,0.7430972035697372,0.0,0.0,0.0,0.0,0.0,0.6757142857142857,0.671770816873017,0.6796577545555544,0.6717708893351823,0.6796576820933892,0.0,0.0,0.0,0.0,0.0,-0.06321428571428571,-0.06542404833244322,-0.06100452309612819,-0.06542400772753657,-0.06100456370103485,0.0,0.0,0.0,0.0,0.0
koharu-kurumi,48,neutral,source_contact_share,1000,0.4792857142857143,0.47528475844396256,0.48328667012746607,0.475284831962465,0.4832865966089636,0.0,0.0,0.0,0.0,0.0,0.4794047619047619,0.4752159686032661,0.4835935552062577,0.475216045573326,0.4835934782361978,0.0,0.0,0.0,0.0,0.0,0.00011904761904761768,-0.001838024490598183,0.002076119728693418,-0.0018379885289389092,0.0020760837670341444,0.0,0.0,0.0,0.0,0.0
koharu-kurumi,48,neutral,unformed_bridge_contacts,1000,7.206,7.069580502340239,7.342419497659762,7.069583009080521,7.34241699091948,0,0.0,0.0,0.0,0.0,6.951,6.821506967121918,7.080493032878081,6.821509346586785,7.080490653413214,0,0.0,0.0,0.0,0.0,-0.255,-0.3140243800258625,-0.19597561997413748,-0.3140232954390285,-0.19597670456097152,0,0.0,0.0,0.0,0.0
koharu-kurumi,48,neutral,selection_total_variation,1000,0.0,0.0,0.0,0.0,0.0,0.0,0.0,0.0,0.0,0.0,0.0,0.0,0.0,0.0,0.0,0.0,0.0,0.0,0.0,0.0,0.0,0.0,0.0,0.0,0.0,0.0,0.0,0.0,0.0,0.0
koharu-kurumi,48,neutral,expected_source_shift,1000,0.0,0.0,0.0,0.0,0.0,0.0,0.0,0.0,0.0,0.0,0.0,0.0,0.0,0.0,0.0,0.0,0.0,0.0,0.0,0.0,0.0,0.0,0.0,0.0,0.0,0.0,0.0,0.0,0.0,0.0
koharu-kurumi,48,neutral,permutation_unchanged_fraction,1000,0.4815,0.4659157232416104,0.49708427675838956,0.46591600960635293,0.49708399039364703,0.0,0.0,0.0,0.0,0.0,0.4815,0.4659157232416104,0.49708427675838956,0.46591600960635293,0.49708399039364703,0.0,0.0,0.0,0.0,0.0,0.0,0.0,0.0,0.0,0.0,0.0,0.0,0.0,0.0,0.0
koharu-kurumi,48,neutral,information_transfers,1000,5.801,5.774155398475093,5.827844601524907,5.7741558917509455,5.827844108249055,0,0.0,0.0,0.0,0.0,5.801,5.774155398475093,5.827844601524907,5.7741558917509455,5.827844108249055,0,0.0,0.0,0.0,0.0,0,0.0,0.0,0.0,0.0,0,0.0,0.0,0.0,0.0
koharu-kurumi,48,actual_promote,bridge_count,1000,3.527,3.4937631987315485,3.5602368012684518,3.4937638094655714,3.560236190534429,-0.039,-0.05162953806089643,-0.026370461939103567,-0.059600002345716704,-0.0183999976542833,3.465,3.430990973935529,3.4990090260644706,3.4309915988593636,3.499008401140636,-0.035,-0.0473674003975206,-0.02263259960247941,-0.055172430374801754,-0.014827569625198257,-0.062,-0.07770695381027136,-0.04629304618972864,-0.0777066651913092,-0.0462933348086908,0.004,-0.008706186744321902,0.0167061867443219,-0.008705953265158758,0.01670595326515876
koharu-kurumi,48,actual_promote,bridge_rate,1000,0.88175,0.8734407996828871,0.8900592003171129,0.8734409523663929,0.8900590476336072,-0.00975,-0.012907384515224107,-0.006592615484775892,-0.014900000586429176,-0.004599999413570825,0.86625,0.8577477434838823,0.8747522565161177,0.8577478997148409,0.874752100285159,-0.00875,-0.01184185009938015,-0.0056581499006198525,-0.013793107593700438,-0.003706892406299564,-0.0155,-0.01942673845256784,-0.01157326154743216,-0.0194266662978273,-0.0115733337021727,0.001,-0.0021765466860804755,0.004176546686080475,-0.0021764883162896896,0.00417648831628969
koharu-kurumi,48,actual_promote,unformed_turns,1000,17.236,16.940375705379328,17.531624294620674,16.940381137545117,17.531618862454884,0.39575,0.2942549064973823,0.4972450935026177,0.23020165182199406,0.561298348178006,18.0675,17.767859071560647,18.36714092843935,17.767864577533025,18.367135422466973,0.39775,0.2911673607434546,0.5043326392565454,0.22390337092212934,0.5715966290778707,0.8315,0.6983339182158695,0.9646660817841305,0.6983363651738719,0.9646636348261282,0.002,-0.08850294700736003,0.09250294700736003,-0.08850128399447076,0.09250128399447076
koharu-kurumi,48,actual_promote,all_formed,1000,0.546,0.5151256676380072,0.5768743323619929,0.5151262349611095,0.5768737650388905,-0.034,-0.04590300768679883,-0.022096992313201176,-0.053414960791664585,-0.01458503920833542,0.491,0.4599991954897896,0.5220008045102104,0.4599997651368473,0.5220002348631526,-0.031,-0.04244094041228769,-0.019559059587712313,-0.04966128422068374,-0.012338715779316257,-0.055,-0.06967136015537785,-0.04032863984462215,-0.06967109056569212,-0.04032890943430788,0.003,-0.009244907650258673,0.015244907650258672,-0.009244682647207129,0.015244682647207127
koharu-kurumi,48,actual_promote,free_known_share,1000,0.1321904761904762,0.12924963658174693,0.13513131579920545,0.12924969062036484,0.13513126176058754,0.00026190476190476197,-0.0010610624662347622,0.0015848719900442862,-0.0018959831886737027,0.0024197927124832265,0.19464285714285715,0.1919711537330039,0.19731456055271038,0.19197120282618105,0.19731451145953324,-9.523809523809535e-05,-0.00123889003616427,0.0010484138456880795,-0.001960645408804594,0.0017701692183284031,0.062452380952380954,0.060275969469062024,0.06462879243569988,0.06027600946113376,0.06462875244362815,-0.0003571428571428573,-0.0020731359836407364,0.0013588502693550218,-0.0020731044518643507,0.001358818737578636
koharu-kurumi,48,actual_promote,free_bridge_share,1000,0.7386904761904762,0.7345111653787414,0.7428697870022111,0.7345112421745583,0.7428697102063941,-0.00023809523809523837,-0.002075037419765914,0.0015988469435754373,-0.0032343262220712234,0.002758135745880747,0.6757142857142857,0.6717088373061442,0.6797197341224273,0.6717089109071986,0.6797196605213728,-1.1102230246251566e-19,-0.001743232940058651,0.0017432329400586507,-0.0028433821158926798,0.0028433821158926798,-0.06297619047619048,-0.06520608488978105,-0.06074629606259991,-0.06520604391494791,-0.06074633703743304,0.00023809523809523826,-0.0015125625183946292,0.0019887529945851056,-0.001512530349647533,0.0019887208258380093
koharu-kurumi,48,actual_promote,source_contact_share,1000,0.5106666666666667,0.5066385069512489,0.5146948263820845,0.5066385809696289,0.5146947523637045,0.031380952380952384,0.029685342184479494,0.03307656257742527,0.028615247581905808,0.034146657179998964,0.5101904761904762,0.5059473794645718,0.5144335729163806,0.5059474574324698,0.5144334949484826,0.03078571428571429,0.02912237561304885,0.03244905295837973,0.028072647474132323,0.03349878109729626,-0.00047619047619047836,-0.0023667614754252575,0.001414380523044301,-0.002366726735739493,0.0014143457833585363,-0.000595238095238096,-0.002212880443461821,0.0010224042529856292,-0.002212850718904066,0.0010223745284278739
koharu-kurumi,48,actual_promote,unformed_bridge_contacts,1000,7.401,7.261974915743767,7.540025084256232,7.261977470362315,7.540022529637684,0.195,0.14527550618371984,0.24472449381628017,0.1138945245411263,0.2761054754588737,7.116,6.983862139245995,7.248137860754004,6.983864567310195,7.248135432689804,0.165,0.11705512382797145,0.21294487617202856,0.08679725364089988,0.24320274635910014,-0.285,-0.3466938065430053,-0.22330619345699465,-0.34669267290483263,-0.22330732709516735,-0.03,-0.07467852650581408,0.014678526505814075,-0.07467770552740496,0.014677705527404973
koharu-kurumi,48,actual_promote,selection_total_variation,1000,0.03585022761745197,0.035242750308018087,0.03645770492688585,0.0352427614705562,0.03645769376434774,0.03585022761745197,0.035242750308018087,0.03645770492688585,0.034859373166642435,0.036841082068261505,0.03602752496388153,0.035412002005363194,0.03664304792239986,0.035412013315742,0.036643036612021056,0.03602752496388153,0.035412002005363194,0.03664304792239986,0.03502354727853932,0.03703150264922374,0.00017729734642955947,5.6846208254780965e-05,0.00029774848460433796,5.684842157271076e-05,0.00029774627128640815,0.00017729734642955947,5.6846208254780965e-05,0.00029774848460433796,5.684842157271076e-05,0.00029774627128640815
koharu-kurumi,48,actual_promote,expected_source_shift,1000,0.011950075872483989,0.011747583436006029,0.012152568308961949,0.011747587156852066,0.012152564588115911,0.011950075872483989,0.011747583436006029,0.012152568308961949,0.011619791055547477,0.0122803606894205,0.012009174987960513,0.011804000668454401,0.012214349307466624,0.01180400443858067,0.012214345537340356,0.012009174987960513,0.011804000668454401,0.012214349307466624,0.011674515759513109,0.012343834216407917,5.9099115476524066e-05,1.8948736084931298e-05,9.924949486811683e-05,1.894947385757457e-05,9.924875709547356e-05,5.9099115476524066e-05,1.8948736084931298e-05,9.924949486811683e-05,1.894947385757457e-05,9.924875709547356e-05
koharu-kurumi,48,actual_promote,permutation_unchanged_fraction,1000,0.4815,0.4659157232416104,0.49708427675838956,0.46591600960635293,0.49708399039364703,0.0,0.0,0.0,0.0,0.0,0.4815,0.4659157232416104,0.49708427675838956,0.46591600960635293,0.49708399039364703,0.0,0.0,0.0,0.0,0.0,0.0,0.0,0.0,0.0,0.0,0.0,0.0,0.0,0.0,0.0
koharu-kurumi,48,actual_promote,information_transfers,1000,5.801,5.774155398475093,5.827844601524907,5.7741558917509455,5.827844108249055,0,0.0,0.0,0.0,0.0,5.801,5.774155398475093,5.827844601524907,5.7741558917509455,5.827844108249055,0,0.0,0.0,0.0,0.0,0,0.0,0.0,0.0,0.0,0,0.0,0.0,0.0,0.0
koharu-kurumi,48,actual_suppress,bridge_count,1000,3.601,3.5696366280591594,3.6323633719408406,3.5696372043684788,3.632362795631521,0.035,0.021732548652236738,0.048267451347763266,0.013359499170296163,0.056640500829703844,3.542,3.5091726904871896,3.57482730951281,3.5091732936967053,3.5748267063032944,0.042,0.028380568789170876,0.05561943121082913,0.019785385851991067,0.06421461414800894,-0.059,-0.07462878271808937,-0.043371217281910616,-0.07462849553553938,-0.043371504464460614,0.007,-0.005548897817594835,0.019548897817594835,-0.005548667228652631,0.01954866722865263
koharu-kurumi,48,actual_suppress,bridge_rate,1000,0.90025,0.8924091570147898,0.9080908429852101,0.8924093010921197,0.9080906989078803,0.00875,0.005433137163059184,0.012066862836940816,0.0033398747925740407,0.014160125207425961,0.8855,0.8772931726217974,0.8937068273782025,0.8772933234241763,0.8937066765758236,0.0105,0.007095142197292719,0.013904857802707282,0.004946346462997767,0.016053653537002235,-0.01475,-0.018657195679522343,-0.010842804320477654,-0.018657123883884845,-0.010842876116115154,0.00175,-0.0013872244543987088,0.004887224454398709,-0.0013871668071631577,0.004887166807163158
koharu-kurumi,48,actual_suppress,unformed_turns,1000,16.52075,16.22690204599798,16.814597954002018,16.226907445523093,16.814592554476906,-0.3195,-0.41997600578914024,-0.21902399421085977,-0.483386117209074,-0.15561388279092603,17.3075,17.009910633689742,17.60508936631026,17.009916101964183,17.60508389803582,-0.36225,-0.4625280903053868,-0.26197190969461326,-0.5258132978462503,-0.1986867021537497,0.78675,0.6531985456085555,0.9203014543914444,0.6532009996478699,0.92029900035213,-0.04275,-0.13497834381741497,0.049478343817414956,-0.1349766490999544,0.049476649099954396
koharu-kurumi,48,actual_suppress,all_formed,1000,0.609,0.5787399004624237,0.6392600995375762,0.5787404564988538,0.6392595435011462,0.029,0.016573043669359598,0.041426956330640405,0.008730428118038307,0.049269571881961696,0.558,0.5272034858647463,0.5887965141352538,0.5272040517579205,0.5887959482420796,0.036,0.02348900437969018,0.04851099562030982,0.01559335188009715,0.05640664811990284,-0.051,-0.06546334632050227,-0.03653665367949772,-0.06546308055311957,-0.03653691944688042,0.007,-0.0049202791349303,0.0189202791349303,-0.0049200600970039044,0.018920060097003904
koharu-kurumi,48,actual_suppress,free_known_share,1000,0.13314285714285715,0.13017316060996065,0.13611255367575364,0.13017321517883132,0.13611249910688297,0.0012142857142857142,-0.00013924090199031393,0.002567812330561742,-0.0009934475643055603,0.0034220189928769887,0.19342857142857142,0.19066768524167754,0.1961894576154653,0.19066773597360911,0.19618940688353373,-0.0013095238095238093,-0.002460766531215761,-0.00015828108783185737,-0.0031873124232476733,0.0005682648042000548,0.06028571428571428,0.05807743143803431,0.062493997133394256,0.058077472015749844,0.06249395655567872,-0.0025238095238095237,-0.004286173079685796,-0.0007614459679332515,-0.004286140695841888,-0.0007614783517771585
koharu-kurumi,48,actual_suppress,free_bridge_share,1000,0.7367142857142858,0.7326043344995051,0.7408242369290664,0.7326044100208232,0.7408241614077483,-0.0022142857142857133,-0.004032411422866755,-0.000396160005704672,-0.005179825204406929,0.0007512537758355021,0.6760238095238095,0.671952249653495,0.680095369394124,0.671952324469363,0.6800952945782559,0.00030952380952380826,-0.0014077747676875573,0.002026822386735174,-0.0024915568434877486,0.003110604462535365,-0.06069047619047619,-0.06294207729408047,-0.05843887508687192,-0.0629420359203818,-0.058438916460570575,0.0025238095238095215,0.000710237977698375,0.004337381069920668,0.0007102713025011192,0.004337347745117924
koharu-kurumi,48,actual_suppress,source_contact_share,1000,0.4488333333333333,0.4447761886860036,0.452890477980663,0.4447762632369886,0.452890403429678,-0.030452380952380956,-0.03216097979972115,-0.02874378210504076,-0.033239271501614445,-0.02766549040314747,0.4488095238095238,0.44464193298775373,0.4529771146312939,0.4446420095682131,0.45297703805083456,-0.0305952380952381,-0.03226029537625951,-0.028930180814216687,-0.03331110812384935,-0.02787936806662684,-2.3809523809523085e-05,-0.001934680274809451,0.0018870612271904047,-0.001934645162110984,0.0018870261144919376,-0.00014285714285714078,-0.0018327287814865173,0.0015470144957722357,-0.0018326977296986011,0.0015469834439843196
koharu-kurumi,48,actual_suppress,unformed_bridge_contacts,1000,7.078,6.943334496981212,7.212665503018789,6.943336971491432,7.212663028508569,-0.128,-0.1752110337453789,-0.08078896625462109,-0.2050057781376594,-0.05099422186234058,6.815,6.688539166607276,6.941460833392725,6.6885414903547655,6.941458509645235,-0.136,-0.18017667874959983,-0.09182332125040019,-0.20805645063815864,-0.06394354936184136,-0.263,-0.3207018706410414,-0.2052981293589586,-0.3207008103556277,-0.20529918964437233,-0.008,-0.05398639892931916,0.03798639892931916,-0.05398555391844737,0.03798555391844737
koharu-kurumi,48,actual_suppress,selection_total_variation,1000,0.035960333404537616,0.03535370084275952,0.036566965966315715,0.035353711989775195,0.036566954819300036,0.035960333404537616,0.03535370084275952,0.036566965966315715,0.034970856819142214,0.03694980998993302,0.03610494595310062,0.0354907365130943,0.03671915539310694,0.03549074779933689,0.036719144106864346,0.03610494595310062,0.0354907365130943,0.03671915539310694,0.035103110743935934,0.037106781162265304,0.00014461254856300464,3.034239129887663e-05,0.00025888270582713263,3.034449103983174e-05,0.0002588806060861775,0.00014461254856300464,3.034239129887663e-05,0.00025888270582713263,3.034449103983174e-05,0.0002588806060861775
koharu-kurumi,48,actual_suppress,expected_source_shift,1000,-0.01198677780151254,-0.012188988655438573,-0.011784566947586506,-0.012188984939766681,-0.011784570663258397,-0.01198677780151254,-0.012188988655438573,-0.011784566947586506,-0.012316603329977673,-0.011656952273047406,-0.012034981984366871,-0.012239718464368977,-0.011830245504364765,-0.012239714702288112,-0.01183024926644563,-0.012034981984366871,-0.012239718464368977,-0.011830245504364765,-0.012368927054088432,-0.01170103691464531,-4.820418285433152e-05,-8.62942352757075e-05,-1.0114130432955545e-05,-8.629353536205579e-05,-1.0114830346607246e-05,-4.820418285433152e-05,-8.62942352757075e-05,-1.0114130432955545e-05,-8.629353536205579e-05,-1.0114830346607246e-05
koharu-kurumi,48,actual_suppress,permutation_unchanged_fraction,1000,0.4815,0.4659157232416104,0.49708427675838956,0.46591600960635293,0.49708399039364703,0.0,0.0,0.0,0.0,0.0,0.4815,0.4659157232416104,0.49708427675838956,0.46591600960635293,0.49708399039364703,0.0,0.0,0.0,0.0,0.0,0.0,0.0,0.0,0.0,0.0,0.0,0.0,0.0,0.0,0.0
koharu-kurumi,48,actual_suppress,information_transfers,1000,5.801,5.774155398475093,5.827844601524907,5.7741558917509455,5.827844108249055,0,0.0,0.0,0.0,0.0,5.801,5.774155398475093,5.827844601524907,5.7741558917509455,5.827844108249055,0,0.0,0.0,0.0,0.0,0,0.0,0.0,0.0,0.0,0,0.0,0.0,0.0,0.0
koharu-kurumi,48,permuted_promote,bridge_count,1000,3.554,3.5214758472068075,3.586524152793192,3.5214764448457476,3.586523555154252,-0.012,-0.024986371912718942,0.0009863719127189436,-0.033182032990791074,0.00918203299079107,3.495,3.461377614230623,3.5286223857693773,3.461378232049851,3.528621767950149,-0.005,-0.017855271993155883,0.007855271993155884,-0.025968196297991984,0.015968196297991982,-0.059,-0.07438076585734138,-0.043619234142658614,-0.0743804832321594,-0.043619516767840594,0.007,-0.004593194717754194,0.018593194717754193,-0.00459298169008072,0.01859298169008072
koharu-kurumi,48,permuted_promote,bridge_rate,1000,0.8885,0.8803689618017019,0.896631038198298,0.8803691112114369,0.896630888788563,-0.003,-0.006246592978179736,0.0002465929781797359,-0.008295508247697769,0.0022955082476977676,0.87375,0.8653444035576557,0.8821555964423443,0.8653445580124628,0.8821554419875373,-0.00125,-0.004463817998288971,0.001963817998288971,-0.006492049074497996,0.0039920490744979956,-0.01475,-0.018595191464335345,-0.010904808535664653,-0.01859512080803985,-0.010904879191960148,0.00175,-0.0011482986794385485,0.004648298679438548,-0.00114824542252018,0.00464824542252018
koharu-kurumi,48,permuted_promote,unformed_turns,1000,16.92475,16.62852570181578,17.22097429818422,16.62853114500677,17.220968854993227,0.0845,-0.016976911557157554,0.18597691155715756,-0.08101869166029936,0.2500186916602994,17.72575,17.42926813361321,18.022231866386793,17.42927358153708,18.022226418462925,0.056,-0.04147601097252141,0.15347601097252142,-0.10299283449663413,0.21499283449663412,0.801,0.670754868833447,0.931245131166553,0.6707572621182964,0.9312427378817036,-0.0285,-0.11830858780118327,0.06130858780118327,-0.11830693754730735,0.06130693754730736
koharu-kurumi,48,permuted_promote,all_formed,1000,0.568,0.5372822523348207,0.5987177476651792,0.5372828167806425,0.5987171832193574,-0.012,-0.024065371224408424,6.537122440842223e-05,-0.031679791479809254,0.007679791479809253,0.517,0.4860120986895268,0.5479879013104733,0.4860126680994852,0.5479873319005149,-0.005,-0.016597174416833373,0.0065971744168333716,-0.023916117045495185,0.013916117045495183,-0.051,-0.06519498136299924,-0.03680501863700075,-0.0651947205268856,-0.036805279473114384,0.007,-0.0042566101857030155,0.018256610185703015,-0.004256403342849304,0.018256403342849305
koharu-kurumi,48,permuted_promote,free_known_share,1000,0.13292857142857142,0.12992327495841408,0.13593386789872877,0.12992333018144195,0.1359338126757009,0.001,-0.0003224373610524016,0.0023224373610524016,-0.0011570236859327577,0.0031570236859327578,0.1942142857142857,0.1914440481081999,0.1969845233203715,0.191444099011966,0.1969844724166054,-0.0005238095238095238,-0.001726488548668957,0.0006788695010499094,-0.00248549574018489,0.0014378766925658424,0.061285714285714284,0.05905506284492513,0.06351636572650345,0.05905510383366881,0.06351632473775976,-0.0015238095238095239,-0.003153220228915078,0.00010560118129603036,-0.0031531902881110035,0.00010557124049195583
koharu-kurumi,48,permuted_promote,free_bridge_share,1000,0.7375238095238095,0.7333099419347845,0.7417376771128344,0.7333100193655903,0.7417375996820287,-0.0014047619047619034,-0.003374349732085904,0.0005648259225620972,-0.004617350810811695,0.0018078270012878875,0.6756904761904762,0.6715618114984958,0.6798191408824565,0.6715618873636784,0.679819065017274,-2.380952380952417e-05,-0.0018755847094097287,0.0018279656617906802,-0.003044234576821842,0.0029966155292027938,-0.06183333333333333,-0.06409603727287268,-0.059570629393793983,-0.06409599569515681,-0.05957067097150985,0.0013809523809523794,-0.0003003006274746719,0.0030622053893794307,-0.00030026973405610836,0.003062174495960867
koharu-kurumi,48,permuted_promote,source_contact_share,1000,0.4804285714285714,0.47629859828225435,0.4845585445748885,0.47629867417148003,0.4845584686856628,0.0011428571428571423,-0.0006176079072782773,0.002903322192992562,-0.0017286322170448948,0.004014346502759179,0.47964285714285715,0.47528690746098934,0.48399880682472496,0.4752869875025869,0.4839987267831274,0.00023809523809523988,-0.0014607414362340044,0.0019369319124244843,-0.002532872259483053,0.003009062735673533,-0.0007857142857142848,-0.0027310195606294104,0.0011595909892008409,-0.002730983815188486,0.0011595552437599164,-0.0009047619047619025,-0.0024466328423602586,0.0006371090328364536,-0.0024466045101199548,0.0006370807005961497
koharu-kurumi,48,permuted_promote,unformed_bridge_contacts,1000,7.249,7.1109352716019485,7.387064728398051,7.110937808573732,7.387062191426267,0.043,-0.005478323294328458,0.09147832329432845,-0.03607285038964404,0.12207285038964404,6.97,6.841184311352841,7.098815688647158,6.841186678371349,7.098813321628651,0.019,-0.02539960931931393,0.06339960931931393,-0.0534200720340402,0.0914200720340402,-0.279,-0.337997792788832,-0.22000220721116806,-0.3379967086905447,-0.22000329130945534,-0.024,-0.06773576174316912,0.019735761743169114,-0.06773495808828375,0.01973495808828376
koharu-kurumi,48,permuted_promote,selection_total_variation,1000,0.03602332502597151,0.03541668893391037,0.036629961118032656,0.03541670008099092,0.036629949970952105,0.03602332502597151,0.03541668893391037,0.036629961118032656,0.03503384268234184,0.037012807369601185,0.03628304641708132,0.03566142208365987,0.03690467075050277,0.03566143350615287,0.03690465932800977,0.03628304641708132,0.03566142208365987,0.03690467075050277,0.035269116797099036,0.037296976037063605,0.0002597213911098086,0.00014152118875898693,0.0003779215934606302,0.00014152336071544277,0.0003779194215041744,0.0002597213911098086,0.00014152118875898693,0.0003779215934606302,0.00014152336071544277,0.0003779194215041744
koharu-kurumi,48,permuted_promote,expected_source_shift,1000,-0.00014527016372015738,-0.0004531974602353365,0.00016265713279502172,-0.00045319180199900283,0.00016265147455868804,-0.00014527016372015738,-0.0004531974602353365,0.00016265713279502172,-0.0006475294704293254,0.00035698914298901055,-0.00016587007819897278,-0.00047745104184823857,0.00014571088545029301,-0.00047744531647491394,0.00014570516007696838,-0.00016587007819897278,-0.00047745104184823857,0.00014571088545029301,-0.0006740888706129814,0.00034234871421503593,-2.059991447881541e-05,-5.942151100198027e-05,1.8221682044349452e-05,-5.942079764603403e-05,1.8220968688403212e-05,-2.059991447881541e-05,-5.942151100198027e-05,1.8221682044349452e-05,-5.942079764603403e-05,1.8220968688403212e-05
koharu-kurumi,48,permuted_promote,permutation_unchanged_fraction,1000,0.4815,0.4659157232416104,0.49708427675838956,0.46591600960635293,0.49708399039364703,0.0,0.0,0.0,0.0,0.0,0.4815,0.4659157232416104,0.49708427675838956,0.46591600960635293,0.49708399039364703,0.0,0.0,0.0,0.0,0.0,0.0,0.0,0.0,0.0,0.0,0.0,0.0,0.0,0.0,0.0
koharu-kurumi,48,permuted_promote,information_transfers,1000,5.801,5.774155398475093,5.827844601524907,5.7741558917509455,5.827844108249055,0,0.0,0.0,0.0,0.0,5.801,5.774155398475093,5.827844601524907,5.7741558917509455,5.827844108249055,0,0.0,0.0,0.0,0.0,0,0.0,0.0,0.0,0.0,0,0.0,0.0,0.0,0.0
koharu-kurumi,48,permuted_suppress,bridge_count,1000,3.564,3.5317835273888107,3.5962164726111894,3.531784119374055,3.596215880625945,-0.002,-0.016409672871799424,0.012409672871799424,-0.025503574994492642,0.02150357499449264,3.505,3.4717224978077956,3.538277502192204,3.471723109289708,3.538276890710292,0.005,-0.009000770749554524,0.019000770749554526,-0.017836615946838004,0.027836615946838006,-0.059,-0.07412868359995235,-0.04387131640004764,-0.074128405606841,-0.043871594393158984,0.007,-0.006719999999999999,0.02072,-0.006719747891780376,0.020719747891780375
koharu-kurumi,48,permuted_suppress,bridge_rate,1000,0.891,0.8829458818472027,0.8990541181527973,0.8829460298435138,0.8990539701564862,-0.0005,-0.004102418217949856,0.003102418217949856,-0.0063758937486231605,0.00537589374862316,0.87625,0.8679306244519489,0.884569375548051,0.867930777322427,0.884569222677573,0.00125,-0.002250192687388631,0.0047501926873886316,-0.004459153986709501,0.0069591539867095015,-0.01475,-0.018532170899988088,-0.01096782910001191,-0.01853210140171025,-0.010967898598289746,0.00175,-0.0016799999999999999,0.00518,-0.001679936972945094,0.005179936972945094
koharu-kurumi,48,permuted_suppress,unformed_turns,1000,16.908,16.613455823738835,17.202544176261167,16.613461236057194,17.20253876394281,0.06775,-0.04385973904525424,0.17935973904525426,-0.11429631674183924,0.24979631674183925,17.72525,17.425636304307453,18.024863695692545,17.425641809779417,18.02485819022058,0.0555,-0.06314613696794943,0.17414613696794942,-0.1380233646761347,0.2490233646761347,0.81725,0.6853160681011656,0.9491839318988344,0.6853184924181247,0.9491815075818754,-0.01225,-0.11631439842193352,0.09181439842193352,-0.11631248621419209,0.0918124862141921
koharu-kurumi,48,permuted_suppress,all_formed,1000,0.576,0.5453544445560458,0.6066455554439542,0.5453550076753185,0.6066449923246814,-0.004,-0.017583808532744202,0.009583808532744204,-0.02615651010266921,0.01815651010266921,0.524,0.4930299114501624,0.5549700885498376,0.4930304805328071,0.5549695194671929,0.002,-0.011299440165236607,0.015299440165236607,-0.019692677695699268,0.023692677695699264,-0.052,-0.06604478442588456,-0.037955215574115436,-0.06604452634967489,-0.0379554736503251,0.006,-0.00729481306579579,0.01929481306579579,-0.007294568770485859,0.01929456877048586
koharu-kurumi,48,permuted_suppress,free_known_share,1000,0.13178571428571428,0.12876245903772135,0.13480896953370722,0.128762514590746,0.13480891398068257,-0.00014285714285714281,-0.0015954825623987353,0.0013097682766844494,-0.002512230187676213,0.002226515901961927,0.19323809523809524,0.19044271433004573,0.19603347614614475,0.19044276569582588,0.1960334247803646,-0.0014999999999999998,-0.0028048427376989463,-0.00019515726230105333,-0.0036283251475851524,0.0006283251475851525,0.06145238095238095,0.05924683278709958,0.06365792911766233,0.059246873314564685,0.06365788859019722,-0.001357142857142857,-0.0031531925889385906,0.000438906874652877,-0.003153159586103296,0.00043887387181758253
koharu-kurumi,48,permuted_suppress,free_bridge_share,1000,0.7392619047619048,0.7350024547892411,0.7435213547345685,0.7350025330576339,0.7435212764661757,0.0003333333333333327,-0.0016780279682225333,0.0023446946348891985,-0.0029473921635415454,0.0036140588302082106,0.677404761904762,0.6732945553056753,0.6815149685038486,0.6732946308316861,0.6815148929778378,0.0016904761904761902,-0.00026602998260228565,0.003646982363554666,-0.001500775267850312,0.004881727648802693,-0.061857142857142854,-0.06411106494696966,-0.05960322076731605,-0.06411102353062234,-0.059603262183663366,0.0013571428571428573,-0.00047376735030678655,0.003188053064592501,-0.00047373370690207144,0.0031880194211877863
koharu-kurumi,48,permuted_suppress,source_contact_share,1000,0.4801666666666667,0.4760555288316211,0.48427780450171226,0.4760556043747436,0.4842777289585898,0.0008809523809523802,-0.0008620498218291094,0.00262395458373387,-0.001962053380046886,0.0037239581419516465,0.4805,0.47627455625244486,0.4847254437475551,0.4762746338959653,0.48472536610403466,0.0010952380952380949,-0.0006616248130132864,0.002852101003489476,-0.0017703758216427489,0.003960852012118939,0.0003333333333333324,-0.0016397295759299727,0.0023063962425966377,-0.0016396933204360033,0.002306359987102668,0.0002142857142857147,-0.0014184762812164404,0.0018470477097878696,-0.0014184462788316182,0.0018470177074030479
koharu-kurumi,48,permuted_suppress,unformed_bridge_contacts,1000,7.24,7.102445902388298,7.377554097611703,7.1024484299771204,7.37755157002288,0.034,-0.020019378037918978,0.08801937803791898,-0.05411084846727188,0.12211084846727188,6.96,6.830866775655412,7.089133224344588,6.830869148508713,7.089130851491287,0.009,-0.038426512674921656,0.05642651267492166,-0.0683572451851975,0.08635724518519748,-0.28,-0.3402375491062039,-0.21976245089379615,-0.3402364422271033,-0.21976355777289672,-0.025,-0.07423487252621533,0.02423487252621532,-0.07423396782387888,0.024233967823878877
koharu-kurumi,48,permuted_suppress,selection_total_variation,1000,0.03589255084292206,0.03528763694618697,0.03649746473965715,0.035287648061621775,0.03649745362422235,0.03589255084292206,0.03528763694618697,0.03649746473965715,0.03490587756701802,0.036879224118826104,0.036230621445021094,0.03561082890166215,0.036850413988380036,0.03561084029049558,0.03685040259954661,0.036230621445021094,0.03561082890166215,0.036850413988380036,0.03521967965241639,0.0372415632376258,0.00033807060209903095,0.00021398939634491795,0.0004621518078531439,0.00021399167636619137,0.0004621495278318705,0.00033807060209903095,0.00021398939634491795,0.0004621518078531439,0.00021399167636619137,0.0004621495278318705
koharu-kurumi,48,permuted_suppress,expected_source_shift,1000,0.0001028754542431638,-0.00020549303657749267,0.00041124394506382027,-0.00020548737023411005,0.00041123827872043765,0.0001028754542431638,-0.00020549303657749267,0.00041124394506382027,-0.00040010348319865076,0.0006058543916849784,0.00015290014959192332,-0.00015879661505187415,0.00046459691423572083,-0.00015879088755067905,0.0004645911867345257,0.00015290014959192332,-0.00015879661505187415,0.00046459691423572083,-0.00035550752548331075,0.0006613078246671575,5.002469534875953e-05,1.137035141837361e-05,8.867903927914546e-05,1.1371061701014208e-05,8.867832899650485e-05,5.002469534875953e-05,1.137035141837361e-05,8.867903927914546e-05,1.1371061701014208e-05,8.867832899650485e-05
koharu-kurumi,48,permuted_suppress,permutation_unchanged_fraction,1000,0.4815,0.4659157232416104,0.49708427675838956,0.46591600960635293,0.49708399039364703,0.0,0.0,0.0,0.0,0.0,0.4815,0.4659157232416104,0.49708427675838956,0.46591600960635293,0.49708399039364703,0.0,0.0,0.0,0.0,0.0,0.0,0.0,0.0,0.0,0.0,0.0,0.0,0.0,0.0,0.0
koharu-kurumi,48,permuted_suppress,information_transfers,1000,5.801,5.774155398475093,5.827844601524907,5.7741558917509455,5.827844108249055,0,0.0,0.0,0.0,0.0,5.801,5.774155398475093,5.827844601524907,5.7741558917509455,5.827844108249055,0,0.0,0.0,0.0,0.0,0,0.0,0.0,0.0,0.0,0,0.0,0.0,0.0,0.0
kurumi-midori,12,neutral,bridge_count,1000,2.107,2.063346657219224,2.1506533427807764,2.0633474593596417,2.1506525406403587,0,0.0,0.0,0.0,0.0,1.979,1.9348644701017492,2.023135529898251,1.9348652811024682,2.023134718897532,0,0.0,0.0,0.0,0.0,-0.128,-0.15556667457542073,-0.10043332542457928,-0.15556616803130643,-0.10043383196869358,0,0.0,0.0,0.0,0.0
kurumi-midori,12,neutral,bridge_rate,1000,0.52675,0.515836664304806,0.5376633356951941,0.5158368648399104,0.5376631351600897,0.0,0.0,0.0,0.0,0.0,0.49475,0.4837161175254373,0.5057838824745627,0.48371632027561706,0.505783679724383,0.0,0.0,0.0,0.0,0.0,-0.032,-0.03889166864385518,-0.02510833135614482,-0.03889154200782661,-0.025108457992173396,0.0,0.0,0.0,0.0,0.0
kurumi-midori,12,neutral,unformed_turns,1000,9.79525,9.744415004370211,9.846084995629788,9.744415938475184,9.846084061524815,0.0,0.0,0.0,0.0,0.0,9.98525,9.9343505573197,10.036149442680301,9.934351492608904,10.036148507391097,0.0,0.0,0.0,0.0,0.0,0.19,0.15992914207248993,0.22007085792751008,0.15992969463156095,0.22007030536843905,0.0,0.0,0.0,0.0,0.0
kurumi-midori,12,neutral,all_formed,1000,0.018,0.009755480990761576,0.026244519009238423,0.009755632485733082,0.026244367514266915,0,0.0,0.0,0.0,0.0,0.012,0.005247844699564353,0.018752155300435648,0.005247968772002503,0.018752031227997498,0,0.0,0.0,0.0,0.0,-0.006,-0.012782839325040016,0.0007828393250400162,-0.012782714688775714,0.000782714688775713,0,0.0,0.0,0.0,0.0
kurumi-midori,12,neutral,free_known_share,1000,0.12883333333333333,0.12142739592864407,0.13623927073802258,0.12142753201448181,0.13623913465218485,0.0,0.0,0.0,0.0,0.0,0.21716666666666665,0.20900774688421622,0.22532558644911707,0.20900789680628185,0.22532543652705145,0.0,0.0,0.0,0.0,0.0,0.08833333333333333,0.08185335432829918,0.09481331233836748,0.08185347339943402,0.09481319326723264,0.0,0.0,0.0,0.0,0.0
kurumi-midori,12,neutral,free_bridge_share,1000,0.742,0.7317181092643754,0.7522818907356246,0.7317182981965306,0.7522817018034694,0.0,0.0,0.0,0.0,0.0,0.6525,0.6417703358174056,0.6632296641825943,0.6417705329775029,0.6632294670224971,0.0,0.0,0.0,0.0,0.0,-0.08950000000000001,-0.09609056001440894,-0.08290943998559108,-0.09609043891132209,-0.08290956108867793,0.0,0.0,0.0,0.0,0.0
kurumi-midori,12,neutral,source_contact_share,1000,0.44566666666666666,0.43587416859264894,0.4554591647406844,0.435874348532099,0.4554589848012343,0.0,0.0,0.0,0.0,0.0,0.449,0.43900966329648133,0.4589903367035187,0.4390098468712627,0.4589901531287373,0.0,0.0,0.0,0.0,0.0,0.0033333333333333322,-0.002618206406071434,0.0092848730727381,-0.0026180970451320958,0.00928476371179876,0.0,0.0,0.0,0.0,0.0
kurumi-midori,12,neutral,unformed_bridge_contacts,1000,3.157,3.102927009608402,3.211072990391598,3.102928003212289,3.211071996787711,0,0.0,0.0,0.0,0.0,2.919,2.8647818437156807,2.9732181562843194,2.8647828399870257,2.9732171600129744,0,0.0,0.0,0.0,0.0,-0.238,-0.27689253191344887,-0.1991074680865511,-0.27689181725404816,-0.1991081827459518,0,0.0,0.0,0.0,0.0
kurumi-midori,12,neutral,selection_total_variation,1000,0.0,0.0,0.0,0.0,0.0,0.0,0.0,0.0,0.0,0.0,0.0,0.0,0.0,0.0,0.0,0.0,0.0,0.0,0.0,0.0,0.0,0.0,0.0,0.0,0.0,0.0,0.0,0.0,0.0,0.0
kurumi-midori,12,neutral,expected_source_shift,1000,0.0,0.0,0.0,0.0,0.0,0.0,0.0,0.0,0.0,0.0,0.0,0.0,0.0,0.0,0.0,0.0,0.0,0.0,0.0,0.0,0.0,0.0,0.0,0.0,0.0,0.0,0.0,0.0,0.0,0.0
kurumi-midori,12,neutral,permutation_unchanged_fraction,1000,0.4815,0.4659157232416104,0.49708427675838956,0.46591600960635293,0.49708399039364703,0.0,0.0,0.0,0.0,0.0,0.4815,0.4659157232416104,0.49708427675838956,0.46591600960635293,0.49708399039364703,0.0,0.0,0.0,0.0,0.0,0.0,0.0,0.0,0.0,0.0,0.0,0.0,0.0,0.0,0.0
kurumi-midori,12,neutral,information_transfers,1000,5.801,5.774155398475093,5.827844601524907,5.7741558917509455,5.827844108249055,0,0.0,0.0,0.0,0.0,5.801,5.774155398475093,5.827844601524907,5.7741558917509455,5.827844108249055,0,0.0,0.0,0.0,0.0,0,0.0,0.0,0.0,0.0,0,0.0,0.0,0.0,0.0
kurumi-midori,12,actual_promote,bridge_count,1000,2.075,2.0324248094913617,2.1175751905086386,2.0324255918204783,2.117574408179522,-0.032,-0.049426930294790866,-0.014573069705209139,-0.060425014693360216,-0.0035749853066397823,1.937,1.8936347831594074,1.9803652168405927,1.8936355800054432,1.980364419994557,-0.042,-0.05978297083312155,-0.024217029166878457,-0.07100575136713383,-0.012994248632866169,-0.138,-0.1664819203950399,-0.10951807960496013,-0.16648139703306888,-0.10951860296693114,-0.01,-0.029795223941418064,0.009795223941418062,-0.029794860199532862,0.009794860199532863
kurumi-midori,12,actual_promote,bridge_rate,1000,0.51875,0.5081062023728404,0.5293937976271597,0.5081063979551196,0.5293936020448805,-0.008,-0.012356732573697717,-0.0036432674263022847,-0.015106253673340054,-0.0008937463266599456,0.48425,0.47340869578985184,0.4950913042101482,0.4734088950013608,0.49509110499863923,-0.0105,-0.014945742708280387,-0.006054257291719614,-0.017751437841783457,-0.0032485621582165423,-0.0345,-0.041620480098759974,-0.027379519901240032,-0.04162034925826722,-0.027379650741732785,-0.0025,-0.007448805985354516,0.0024488059853545155,-0.0074487150498832155,0.002448715049883216
kurumi-midori,12,actual_promote,unformed_turns,1000,9.82725,9.776520829292599,9.8779791707074,9.776521761453015,9.877978238546984,0.032,0.014545508862735045,0.04945449113726495,0.0035300308976282495,0.06046996910237175,10.0195,9.968134290935804,10.070865709064197,9.968135234792761,10.07086476520724,0.03425,0.015034946490280563,0.053465053509719446,0.002908382795578139,0.06559161720442186,0.19225,0.16125332408438256,0.22324667591561745,0.1612538936555764,0.2232461063444236,0.00225,-0.01710642330140109,0.021606423301401088,-0.01710606762258062,0.02160606762258062
kurumi-midori,12,actual_promote,all_formed,1000,0.014,0.00671422420541718,0.02128577579458282,0.006714358083257133,0.021285641916742867,-0.004,-0.008796993386022701,0.000796993386022701,-0.011824361788054277,0.0038243617880542764,0.006,0.0012110296893135114,0.010788970310686489,0.0012111176877667813,0.010788882312233218,-0.006,-0.010788970310686489,-0.0012110296893135114,-0.013811275373495887,0.0018112753734958863,-0.008,-0.013524260588988816,-0.0024757394110111845,-0.013524159079404133,-0.002475840920595866,-0.002,-0.008199925215087087,0.004199925215087088,-0.008199811290006347,0.004199811290006346
kurumi-midori,12,actual_promote,free_known_share,1000,0.13183333333333333,0.12434243968401196,0.1393242269826547,0.12434257733094063,0.13932408933572604,0.0029999999999999996,1.033496351786952e-05,0.00598966503648213,-0.0018764338384730833,0.007876433838473083,0.21883333333333332,0.21063627357253767,0.22703039309412898,0.21063642419543435,0.2270302424712323,0.0016666666666666666,-0.0013624685407067172,0.00469580187404005,-0.0032741468513342955,0.006607480184667629,0.087,0.08054962850310127,0.09345037149689872,0.0805497470301912,0.09345025296980879,-0.0013333333333333335,-0.005543433079563408,0.0028767664128967418,-0.005543355717992603,0.0028766890513259352
kurumi-midori,12,actual_promote,free_bridge_share,1000,0.7393333333333333,0.729144281733413,0.7495223849332536,0.7291444689596271,0.7495221977070394,-0.0026666666666666666,-0.006502488458370055,0.0011691551250367221,-0.00892326429722422,0.0035899309638908867,0.6506666666666666,0.6399319811677034,0.6614013521656298,0.6399321784200686,0.6614011549132647,-0.0018333333333333337,-0.005572347071586505,0.0019056804049198378,-0.007932027632942202,0.004265360966275535,-0.08866666666666667,-0.09530844662864113,-0.08202488670469221,-0.09530832458437573,-0.08202500874895761,0.0008333333333333327,-0.003514551553813609,0.005181218220480274,-0.0035144716604085047,0.00518113832707517
kurumi-midori,12,actual_promote,source_contact_share,1000,0.47783333333333333,0.467859331512985,0.4878073351536817,0.467859514787609,0.48780715187905765,0.03216666666666666,0.027664577279138052,0.03666875605419527,0.024823321922264125,0.039510011411069204,0.48166666666666663,0.47150913558574536,0.4918241977475879,0.4715093222327626,0.49182401110057067,0.03266666666666667,0.02826252919982633,0.03707080413350701,0.025483091011696896,0.03985024232163645,0.003833333333333333,-0.002250194811786919,0.009916861478453585,-0.0022500830255296517,0.009916749692196318,0.0005000000000000007,-0.004552575944925003,0.005552575944925004,-0.004552483102656345,0.005552483102656346
kurumi-midori,12,actual_promote,unformed_bridge_contacts,1000,3.16,3.1058542004620158,3.2141457995379845,3.1058551954037883,3.214144804596212,0.003,-0.02172632639145607,0.027726326391456068,-0.03733103817486716,0.043331038174867165,2.911,2.857043480538563,2.964956519461437,2.8570444720022703,2.9649555279977298,-0.008,-0.03279970086034835,0.016799700860348352,-0.048450719055039386,0.032450719055039386,-0.249,-0.2880722151457579,-0.20992778485424207,-0.2880714971846357,-0.2099285028153643,-0.011,-0.038654626100252096,0.0166546261002521,-0.03865411794000789,0.016654117940007894
kurumi-midori,12,actual_promote,selection_total_variation,1000,0.03410705160699054,0.03347721583232014,0.03473688738166094,0.033477227405700305,0.034736875808280776,0.03410705160699054,0.03347721583232014,0.03473688738166094,0.03307972832936422,0.03513437488461686,0.03451164045797369,0.03386207315226621,0.03516120776368117,0.03386208508821789,0.03516119582772949,0.03451164045797369,0.03386207315226621,0.03516120776368117,0.03345213313816875,0.03557114777777863,0.0004045888509831524,0.00020741548141904755,0.0006017622205472571,0.00020741910452598327,0.0006017585974403215,0.0004045888509831524,0.00020741548141904755,0.0006017622205472571,0.00020741910452598327,0.0006017585974403215
kurumi-midori,12,actual_promote,expected_source_shift,1000,0.01136901720233018,0.011159071944106714,0.011578962460553647,0.011159075801900101,0.01157895860276026,0.01136901720233018,0.011159071944106714,0.011578962460553647,0.011026576109788072,0.011711458294872289,0.0115038801526579,0.011287357717422074,0.011720402587893725,0.011287361696072633,0.011720398609243166,0.0115038801526579,0.011287357717422074,0.011720402587893725,0.011150711046056253,0.011857049259259546,0.00013486295032771853,6.913849380635036e-05,0.0002005874068490867,6.913970150866227e-05,0.0002005861991467748,0.00013486295032771853,6.913849380635036e-05,0.0002005874068490867,6.913970150866227e-05,0.0002005861991467748
kurumi-midori,12,actual_promote,permutation_unchanged_fraction,1000,0.4815,0.4659157232416104,0.49708427675838956,0.46591600960635293,0.49708399039364703,0.0,0.0,0.0,0.0,0.0,0.4815,0.4659157232416104,0.49708427675838956,0.46591600960635293,0.49708399039364703,0.0,0.0,0.0,0.0,0.0,0.0,0.0,0.0,0.0,0.0,0.0,0.0,0.0,0.0,0.0
kurumi-midori,12,actual_promote,information_transfers,1000,5.801,5.774155398475093,5.827844601524907,5.7741558917509455,5.827844108249055,0,0.0,0.0,0.0,0.0,5.801,5.774155398475093,5.827844601524907,5.7741558917509455,5.827844108249055,0,0.0,0.0,0.0,0.0,0,0.0,0.0,0.0,0.0,0,0.0,0.0,0.0,0.0
kurumi-midori,12,actual_suppress,bridge_count,1000,2.16,2.115697456558846,2.2043025434411545,2.115698270628478,2.2043017293715224,0.053,0.03565989547826125,0.07034010452173875,0.024716606569422143,0.08128339343057786,2.014,1.9696365650477696,2.05836343495223,1.9696373802362974,2.058362619763702,0.035,0.016419772206324682,0.05358022779367533,0.004693845151887144,0.06530615484811286,-0.146,-0.1736410651546369,-0.11835893484536308,-0.17364055724357824,-0.11835944275642173,-0.018,-0.03483202419908665,-0.0011679758009133477,-0.03483171490669208,-0.0011682850933079185
kurumi-midori,12,actual_suppress,bridge_rate,1000,0.54,0.5289243641397114,0.5510756358602886,0.5289245676571195,0.5510754323428806,0.01325,0.008914973869565312,0.017585026130434687,0.006179151642355536,0.020320848357644465,0.5035,0.4924091412619424,0.5145908587380575,0.49240934505907435,0.5145906549409255,0.00875,0.0041049430515811705,0.013395056948418832,0.001173461287971786,0.016326538712028216,-0.0365,-0.043410266288659224,-0.02958973371134077,-0.04341013931089456,-0.02958986068910543,-0.0045,-0.008708006049771663,-0.00029199395022833693,-0.00870792872667302,-0.0002920712733269796
kurumi-midori,12,actual_suppress,unformed_turns,1000,9.747,9.6961328249743,9.797867175025699,9.696133759670579,9.797866240329421,-0.04825,-0.06581522565332573,-0.030684774346674274,-0.07690058784548054,-0.019599412154519467,9.94925,9.89836880588061,10.000131194119389,9.898369740834491,10.000130259165507,-0.036,-0.05523401241638451,-0.016765987583615485,-0.06737254102126217,-0.004627458978737835,0.20225,0.1724113445802721,0.23208865541972792,0.17241189287256758,0.23208810712743244,0.01225,-0.0059921214472137205,0.03049212144721372,-0.005991786243951313,0.030491786243951314
kurumi-midori,12,actual_suppress,all_formed,1000,0.023,0.013704248034472703,0.032295751965527295,0.01370441884609647,0.03229558115390353,0.005,0.000626089725304018,0.009373910274695982,-0.0021342721708616655,0.012134272170861667,0.014,0.00671422420541718,0.02128577579458282,0.006714358083257133,0.021285641916742867,0.002,-0.0007704709182933338,0.004770470918293334,-0.0025189069576731365,0.006518906957673137,-0.009,-0.016574311889577864,-0.0014256881104221346,-0.016574172709819455,-0.001425827290180543,-0.003,-0.007380938052314621,0.0013809380523146205,-0.007380857551549849,0.0013808575515498493
kurumi-midori,12,actual_suppress,free_known_share,1000,0.12716666666666665,0.11985245240817599,0.1344808809251573,0.1198525868085794,0.1344807465247539,-0.0016666666666666666,-0.004319834871614473,0.0009865015382811405,-0.005994241513978732,0.0026609081806453984,0.21616666666666665,0.20803660066886046,0.22429673266447284,0.20803675006073102,0.22429658327260227,-0.001,-0.003733753753973672,0.001733753753973672,-0.005459017699058446,0.0034590176990584457,0.089,0.08250566259161649,0.0954943374083835,0.08250578192659036,0.09549421807340963,0.0006666666666666666,-0.0030017594225702987,0.004335092755903632,-0.0030016920143800525,0.004335025347713386
kurumi-midori,12,actual_suppress,free_bridge_share,1000,0.7446666666666667,0.7343989146082883,0.7549344187250451,0.734399103280642,0.7549342300526914,0.002666666666666667,-0.0007882230077893302,0.006121556341122664,-0.0029685937090350176,0.008301927042368352,0.655,0.6443336146600329,0.6656663853399671,0.6443338106573666,0.6656661893426334,0.0025,-0.0010619235704523427,0.006061923570452343,-0.0033098430483191987,0.008309843048319198,-0.08966666666666667,-0.09622412030681443,-0.08310921302651891,-0.09622399981206498,-0.08310933352126837,-0.00016666666666666715,-0.003878728900553711,0.0035453955672203772,-0.003878660690539067,0.003545327357205733
kurumi-midori,12,actual_suppress,source_contact_share,1000,0.41583333333333333,0.40592021958089847,0.4257464470857682,0.40592040173669,0.4257462649299767,-0.029833333333333333,-0.03413160300715041,-0.02553506365951626,-0.036844228342811605,-0.022822438323855065,0.42083333333333334,0.4107630666346558,0.4309036000320109,0.41076325167816957,0.4309034149884971,-0.028166666666666666,-0.032254513288191525,-0.024078820045141804,-0.034834341255104075,-0.021498992078229254,0.005,-0.0009828662045339677,0.010982866204533967,-0.0009827562679634808,0.010982756267963481,0.0016666666666666674,-0.002618423997718627,0.005951757331051962,-0.0026183452581721015,0.005951678591505437
kurumi-midori,12,actual_suppress,unformed_bridge_contacts,1000,3.182,3.1271319132049555,3.2368680867950443,3.127132921418926,3.236867078581074,0.025,0.0011134354088335255,0.04888656459116648,-0.013961305174942928,0.06396130517494293,2.937,2.882619242775074,2.991380757224926,2.882620242034249,2.991379757965751,0.018,-0.0050092491652193455,0.04100924916521934,-0.01953031856677862,0.05553031856677862,-0.245,-0.28436519247226383,-0.20563480752773614,-0.2843644691276145,-0.2056355308723855,-0.007,-0.031878269431170045,0.017878269431170046,-0.03187781228713115,0.017877812287131152
kurumi-midori,12,actual_suppress,selection_total_variation,1000,0.033748014344291456,0.03312378173533983,0.034372246953243084,0.033123793205760504,0.03437223548282241,0.033748014344291456,0.03312378173533983,0.034372246953243084,0.03272983037377151,0.034766198314811404,0.034083024145373536,0.03344229116538769,0.034723757125359384,0.03344230293900655,0.03472374535174052,0.034083024145373536,0.03344229116538769,0.034723757125359384,0.03303792646824206,0.035128121822505014,0.00033500980108208163,0.00014447510318660304,0.0005255444989775602,0.000144478604306389,0.0005255409978577743,0.00033500980108208163,0.00014447510318660304,0.0005255444989775602,0.000144478604306389,0.0005255409978577743
kurumi-midori,12,actual_suppress,expected_source_shift,1000,-0.011249338114763821,-0.01145741565108103,-0.011041260578446612,-0.011457411827607471,-0.011041264401920171,-0.011249338114763821,-0.01145741565108103,-0.011041260578446612,-0.011588732771603804,-0.010909943457923838,-0.011361008048457848,-0.01157458570845313,-0.011147430388462566,-0.011574581783913507,-0.011147434313002188,-0.011361008048457848,-0.01157458570845313,-0.011147430388462566,-0.011709373940835007,-0.011012642156080688,-0.00011166993369402611,-0.0001751814996591856,-4.81583677288666e-05,-0.000175180332619257,-4.815953476879524e-05,-0.00011166993369402611,-0.0001751814996591856,-4.81583677288666e-05,-0.000175180332619257,-4.815953476879524e-05
kurumi-midori,12,actual_suppress,permutation_unchanged_fraction,1000,0.4815,0.4659157232416104,0.49708427675838956,0.46591600960635293,0.49708399039364703,0.0,0.0,0.0,0.0,0.0,0.4815,0.4659157232416104,0.49708427675838956,0.46591600960635293,0.49708399039364703,0.0,0.0,0.0,0.0,0.0,0.0,0.0,0.0,0.0,0.0,0.0,0.0,0.0,0.0,0.0
kurumi-midori,12,actual_suppress,information_transfers,1000,5.801,5.774155398475093,5.827844601524907,5.7741558917509455,5.827844108249055,0,0.0,0.0,0.0,0.0,5.801,5.774155398475093,5.827844601524907,5.7741558917509455,5.827844108249055,0,0.0,0.0,0.0,0.0,0,0.0,0.0,0.0,0.0,0,0.0,0.0,0.0,0.0
kurumi-midori,12,permuted_promote,bridge_count,1000,2.116,2.0727451920729174,2.159254807927083,2.0727459868901636,2.1592540131098366,0.009,-0.007973418257007847,0.025973418257007844,-0.01868529254381726,0.03668529254381726,1.981,1.9378299544216684,2.0241700455783316,1.9378307476813865,2.0241692523186137,0.002,-0.016808657559730288,0.020808657559730284,-0.028678745966954605,0.0326787459669546,-0.135,-0.16278613519921958,-0.10721386480078043,-0.16278562462246482,-0.1072143753775352,-0.007,-0.025494761902166187,0.011494761902166188,-0.025494422056576132,0.011494422056576133
kurumi-midori,12,permuted_promote,bridge_rate,1000,0.529,0.5181862980182294,0.5398137019817707,0.5181864967225409,0.5398135032774591,0.00225,-0.0019933545642519617,0.006493354564251961,-0.004671323135954315,0.009171323135954316,0.49525,0.4844574886054171,0.5060425113945829,0.48445768692034663,0.5060423130796534,0.0005,-0.004202164389932572,0.005202164389932571,-0.007169686491738651,0.00816968649173865,-0.03375,-0.040696533799804896,-0.02680346620019511,-0.040696406155616205,-0.0268035938443838,-0.00175,-0.006373690475541547,0.002873690475541547,-0.006373605514144033,0.0028736055141440333
kurumi-midori,12,permuted_promote,unformed_turns,1000,9.79,9.739093755926353,9.840906244073645,9.739094691340533,9.840905308659465,-0.00525,-0.024566898261844695,0.014066898261844693,-0.036757735879749745,0.026257735879749746,9.97975,9.929080275065628,10.03041972493437,9.929081206133713,10.030418793866286,-0.0055,-0.027112618927304877,0.016112618927304874,-0.04075227909784376,0.029752279097843767,0.18975,0.15988558077853454,0.21961441922146546,0.15988612954424591,0.2196138704557541,-0.00025,-0.02130772275407736,0.02080772275407736,-0.021307335813480214,0.020807335813480213
kurumi-midori,12,permuted_promote,all_formed,1000,0.018,0.009755480990761576,0.026244519009238423,0.009755632485733082,0.026244367514266915,0,-0.004803402197679544,0.004803402197679544,-0.007834815181878155,0.007834815181878155,0.009,0.003143590867440361,0.014856409132559638,0.0031436984803324746,0.014856301519667523,-0.003,-0.007380938052314621,0.0013809380523146205,-0.010145735158243394,0.004145735158243394,-0.009,-0.015479847129278499,-0.0025201528707214996,-0.015479728060566897,-0.0025202719394331026,-0.003,-0.008879999999999999,0.0028799999999999997,-0.008879891953620161,0.002879891953620161
kurumi-midori,12,permuted_promote,free_known_share,1000,0.131,0.12360320538840766,0.13839679461159235,0.12360334130624442,0.1383966586937556,0.0021666666666666666,-0.000544861476975337,0.00487819481030867,-0.002256098904819122,0.006589432238152455,0.21716666666666665,0.208981604435222,0.22535172889811128,0.20898175483766127,0.22535157849567203,-2.7755575615628914e-20,-0.002959572634907345,0.002959572634907345,-0.004827350210866135,0.004827350210866135,0.08616666666666667,0.07981479239243197,0.09251854094090137,0.07981490910961234,0.092518424223721,-0.0021666666666666666,-0.005933460041983706,0.0016001267086503726,-0.005933390826271494,0.001600057492938161
kurumi-midori,12,permuted_promote,free_bridge_share,1000,0.7405,0.7302751207896633,0.7507248792103368,0.7302753086742182,0.7507246913257819,-0.0014999999999999996,-0.005210911019403087,0.002210911019403088,-0.0075528560376359145,0.004552856037635915,0.6535,0.642785359054207,0.664214640945793,0.6427855559382487,0.6642144440617512,0.0009999999999999996,-0.002838883791168395,0.004838883791168394,-0.005261592048869416,0.0072615920488694145,-0.08700000000000001,-0.09345037149689873,-0.08054962850310128,-0.0934502529698088,-0.08054974703019122,0.002499999999999999,-0.0013777949869258565,0.006377794986925854,-0.001377723731532983,0.006377723731532982
kurumi-midori,12,permuted_promote,source_contact_share,1000,0.4518333333333333,0.44198777456669,0.46167889209997665,0.4419879554811427,0.4616787111855239,0.006166666666666666,0.0020373261829322005,0.010296007150401132,-0.0005686884382495889,0.01290202177158292,0.4528333333333333,0.44282938947528727,0.46283727719137935,0.44282957330010325,0.46283709336656337,0.0038333333333333336,-0.0004836831013775916,0.008150349768044258,-0.0032081394626424214,0.010874806129309088,0.0010000000000000002,-0.004846186094147446,0.006846186094147446,-0.0048460786691060615,0.006846078669106062,-0.0023333333333333322,-0.006906666666666666,0.0022400000000000015,-0.006906582630593457,0.002239915963926793
kurumi-midori,12,permuted_promote,unformed_bridge_contacts,1000,3.156,3.1022367885510427,3.2097632114489576,3.1022377764626694,3.209762223537331,-0.001,-0.025726948464789998,0.023726948464789996,-0.04133205283685055,0.039332052836850546,2.907,2.85314077964529,2.96085922035471,2.8531417693211027,2.9608582306788973,-0.012,-0.036005480055034775,0.012005480055034778,-0.051155267837933255,0.02715526783793325,-0.249,-0.28727676670343605,-0.21072323329656398,-0.2872760633588656,-0.21072393664113442,-0.011,-0.03633227369365984,0.014332273693659844,-0.03633180820718609,0.01433180820718609
kurumi-midori,12,permuted_promote,selection_total_variation,1000,0.03501027242909141,0.03437164070843961,0.03564890414974321,0.03437165244344734,0.035648892414735484,0.03501027242909141,0.03437164070843961,0.03564890414974321,0.0339686021098729,0.03605194274830992,0.0352681071880836,0.03461464530777305,0.035921569068394145,0.03461465731528845,0.035921557060878746,0.0352681071880836,0.03461464530777305,0.035921569068394145,0.03420224743911046,0.03633396693705673,0.0002578347589921878,7.679442596340266e-05,0.00043887509202097296,7.679775262200617e-05,0.0004388717653623695,0.0002578347589921878,7.679442596340266e-05,0.00043887509202097296,7.679775262200617e-05,0.0004388717653623695
kurumi-midori,12,permuted_promote,expected_source_shift,1000,-3.947530340695948e-05,-0.0003567973161727917,0.00027784670935887274,-0.0003567914853063423,0.00027784087849242335,-3.947530340695948e-05,-0.0003567973161727917,0.00027784670935887274,-0.0005570583041315094,0.00047810769731759047,1.3777523374083137e-05,-0.0003057470651630255,0.0003333021119111918,-0.0003057411938237294,0.0003332962405718957,1.3777523374083137e-05,-0.0003057470651630255,0.0003333021119111918,-0.0005073980922059062,0.0005349531389540723,5.325282678104261e-05,-6.251575345736695e-06,0.00011275722890782193,-6.2504819383839245e-06,0.00011275613550046915,5.325282678104261e-05,-6.251575345736695e-06,0.00011275722890782193,-6.2504819383839245e-06,0.00011275613550046915
kurumi-midori,12,permuted_promote,permutation_unchanged_fraction,1000,0.4815,0.4659157232416104,0.49708427675838956,0.46591600960635293,0.49708399039364703,0.0,0.0,0.0,0.0,0.0,0.4815,0.4659157232416104,0.49708427675838956,0.46591600960635293,0.49708399039364703,0.0,0.0,0.0,0.0,0.0,0.0,0.0,0.0,0.0,0.0,0.0,0.0,0.0,0.0,0.0
kurumi-midori,12,permuted_promote,information_transfers,1000,5.801,5.774155398475093,5.827844601524907,5.7741558917509455,5.827844108249055,0,0.0,0.0,0.0,0.0,5.801,5.774155398475093,5.827844601524907,5.7741558917509455,5.827844108249055,0,0.0,0.0,0.0,0.0,0,0.0,0.0,0.0,0.0,0,0.0,0.0,0.0,0.0
kurumi-midori,12,permuted_suppress,bridge_count,1000,2.106,2.0628243874864998,2.1491756125135,2.0628251808485114,2.1491748191514883,-0.001,-0.018865277118660283,0.01686527711866028,-0.03014000090713996,0.02814000090713996,1.976,1.9318268032658976,2.020173196734102,1.9318276149587537,2.0201723850412465,-0.003,-0.022112370557005958,0.01611237055700596,-0.03417413134258246,0.02817413134258246,-0.13,-0.15780861519527858,-0.10219138480472142,-0.15780810420544863,-0.10219189579455137,-0.002,-0.021213208503031995,0.017213208503032,-0.021212855455817053,0.017212855455817057
kurumi-midori,12,permuted_suppress,bridge_rate,1000,0.5265,0.5157060968716249,0.537293903128375,0.5157062952121279,0.5372937047878721,-0.00025,-0.004716319279665071,0.00421631927966507,-0.00753500022678499,0.00703500022678499,0.494,0.4829567008164744,0.5050432991835255,0.4829569037396884,0.5050430962603116,-0.00075,-0.0055280926392514895,0.00402809263925149,-0.008543532835645615,0.007043532835645615,-0.0325,-0.039452153798819646,-0.025547846201180356,-0.03945202605136216,-0.025547973948637843,-0.0005,-0.005303302125757999,0.004303302125758,-0.005303213863954263,0.004303213863954264
kurumi-midori,12,permuted_suppress,unformed_turns,1000,9.7925,9.742195253926916,9.842804746073085,9.742196178288431,9.84280382171157,-0.00275,-0.020741924779112915,0.015241924779112917,-0.032096575533212914,0.026596575533212912,9.9845,9.933293060956487,10.035706939043514,9.933294001896007,10.035705998103994,-0.00075,-0.01971806069229078,0.018218060692290778,-0.031688747947140064,0.030188747947140063,0.192,0.16132860629198614,0.22267139370801386,0.16132916988604307,0.22267083011395694,0.002,-0.017560328219128632,0.021560328219128636,-0.01755996879350745,0.021559968793507453
kurumi-midori,12,permuted_suppress,all_formed,1000,0.016,0.00821908147497398,0.02378091852502602,0.008219224451177797,0.023780775548822203,-0.002,-0.007545104307565529,0.003545104307565529,-0.011044603309504243,0.007044603309504243,0.011,0.004532032699448689,0.01746796730055131,0.004532151549865652,0.017467848450134348,-0.001,-0.004395952133186051,0.002395952133186051,-0.006539127525667303,0.004539127525667303,-0.005,-0.01149644239286117,0.0014964423928611704,-0.011496323019207704,0.001496323019207704,0.001,-0.004187896748459117,0.006187896748459117,-0.004187801419638939,0.006187801419638939
kurumi-midori,12,permuted_suppress,free_known_share,1000,0.12766666666666665,0.12040806469442156,0.13492526863891174,0.12040819807293615,0.13492513526039715,-0.0011666666666666668,-0.004070695302139978,0.0017373619688066443,-0.005903419223595301,0.003570085890261968,0.21766666666666665,0.20946092617470213,0.22587240715863116,0.2094610769571093,0.225872256376224,0.0005,-0.0025483107559977868,0.0035483107559977868,-0.00447209069890326,0.005472090698903259,0.09,0.08362555569426844,0.09637444430573155,0.08362567282617842,0.09637432717382158,0.0016666666666666666,-0.0024141316789220465,0.005747465012255379,-0.00241405669329482,0.005747390026628153
kurumi-midori,12,permuted_suppress,free_bridge_share,1000,0.7425,0.7323105762391193,0.7526894237608808,0.732310763472172,0.752689236527828,0.0005000000000000008,-0.0031539403072104975,0.004153940307210499,-0.0054599312767186345,0.006459931276718635,0.6521666666666667,0.6413494733695871,0.6629838599637462,0.6413496721380524,0.662983661195281,-0.0003333333333333333,-0.004227908875287208,0.0035612422086205415,-0.006685764032934566,0.0060190973662679,-0.09033333333333333,-0.09683910837794972,-0.08382755828871695,-0.09683898883280659,-0.08382767783386008,-0.0008333333333333343,-0.005056593176331308,0.003389926509664639,-0.005056515572940635,0.0033898489062739665
kurumi-midori,12,permuted_suppress,source_contact_share,1000,0.445,0.4351891062660897,0.4548108937339103,0.43518928654356437,0.45481071345643564,-0.0006666666666666668,-0.0047223111265914585,0.0033889777932581246,-0.007281816404131698,0.005948483070798364,0.448,0.4379335473332701,0.4580664526667299,0.43793373230670013,0.4580662676932999,-0.0010000000000000002,-0.004921471195398015,0.0029214711953980147,-0.007396300120744537,0.005396300120744537,0.002999999999999999,-0.003129053924801465,0.009129053924801463,-0.003128941301997313,0.00912894130199731,-0.00033333333333333343,-0.004742464292330964,0.004075797625664298,-0.0047423832735149175,0.004075716606848251
kurumi-midori,12,permuted_suppress,unformed_bridge_contacts,1000,3.153,3.098882935757358,3.207117064242642,3.098883930171113,3.207116069828887,-0.004,-0.0281753217265165,0.0201753217265165,-0.04343229608821872,0.03543229608821871,2.918,2.8637521695483708,2.9722478304516295,2.863753166364986,2.9722468336350145,-0.001,-0.02509685491546183,0.023096854915461828,-0.04030430910373891,0.03830430910373891,-0.235,-0.2744042476737564,-0.1955957523262436,-0.2744035236114585,-0.19559647638854147,0.003,-0.02410065443990368,0.030100654439903677,-0.02410015645901873,0.03010015645901873
kurumi-midori,12,permuted_suppress,selection_total_variation,1000,0.034916251293066566,0.03427859177945782,0.03555391080667531,0.03427860349660102,0.03555389908953211,0.034916251293066566,0.03427859177945782,0.03555391080667531,0.03387616673789351,0.03595633584823962,0.035219755008027744,0.034565915734483366,0.03587359428157212,0.03456592774893345,0.035873582267122034,0.035219755008027744,0.034565915734483366,0.03587359428157212,0.03415327969406208,0.03628623032199341,0.00030350371496117967,0.00011976345996786325,0.0004872439699544961,0.00011976683623816643,0.0004872405936841929,0.00030350371496117967,0.00011976345996786325,0.0004872439699544961,0.00011976683623816643,0.0004872405936841929
kurumi-midori,12,permuted_suppress,expected_source_shift,1000,0.00013099701429621156,-0.00018549220056378253,0.00044748622915620565,-0.0001854863850001901,0.0004474804135926132,0.00013099701429621156,-0.00018549220056378253,0.00044748622915620565,-0.00038522761221615,0.0006472216408085731,0.00010498051668800055,-0.00021400296588522442,0.00042396399926122554,-0.0002139971044888774,0.0004239581378648785,0.00010498051668800055,-0.00021400296588522442,0.00042396399926122554,-0.00041531250254748755,0.0006252735359234886,-2.6016497608211018e-05,-8.446790993036375e-05,3.2434914713941725e-05,-8.446683587194574e-05,3.2433840655523715e-05,-2.6016497608211018e-05,-8.446790993036375e-05,3.2434914713941725e-05,-8.446683587194574e-05,3.2433840655523715e-05
kurumi-midori,12,permuted_suppress,permutation_unchanged_fraction,1000,0.4815,0.4659157232416104,0.49708427675838956,0.46591600960635293,0.49708399039364703,0.0,0.0,0.0,0.0,0.0,0.4815,0.4659157232416104,0.49708427675838956,0.46591600960635293,0.49708399039364703,0.0,0.0,0.0,0.0,0.0,0.0,0.0,0.0,0.0,0.0,0.0,0.0,0.0,0.0,0.0
kurumi-midori,12,permuted_suppress,information_transfers,1000,5.801,5.774155398475093,5.827844601524907,5.7741558917509455,5.827844108249055,0,0.0,0.0,0.0,0.0,5.801,5.774155398475093,5.827844601524907,5.7741558917509455,5.827844108249055,0,0.0,0.0,0.0,0.0,0,0.0,0.0,0.0,0.0,0,0.0,0.0,0.0,0.0
kurumi-midori,24,neutral,bridge_count,1000,2.965,2.9216905073667196,3.00830949263328,2.92169130318881,3.0083086968111896,0,0.0,0.0,0.0,0.0,2.87,2.82770914192551,2.91229085807449,2.8277099190299513,2.912290080970049,0,0.0,0.0,0.0,0.0,-0.095,-0.12499563465069706,-0.06500436534930294,-0.12499508347387138,-0.06500491652612862,0,0.0,0.0,0.0,0.0
kurumi-midori,24,neutral,bridge_rate,1000,0.74125,0.7304226268416799,0.75207737315832,0.7304228257972025,0.7520771742027974,0.0,0.0,0.0,0.0,0.0,0.7175,0.7069272854813775,0.7280727145186225,0.7069274797574878,0.7280725202425122,0.0,0.0,0.0,0.0,0.0,-0.02375,-0.031248908662674265,-0.016251091337325736,-0.031248770868467845,-0.016251229131532156,0.0,0.0,0.0,0.0,0.0
kurumi-midori,24,neutral,unformed_turns,1000,13.74325,13.598699753923624,13.887800246076376,13.598702410068316,13.887797589931683,0.0,0.0,0.0,0.0,0.0,14.22575,14.07963588660491,14.37186411339509,14.079638571486031,14.371861428513968,0.0,0.0,0.0,0.0,0.0,0.4825,0.3885376328712583,0.5764623671287417,0.3885393594518041,0.5764606405481959,0.0,0.0,0.0,0.0,0.0
kurumi-midori,24,neutral,all_formed,1000,0.225,0.19910502848911493,0.2508949715108851,0.1991055043152931,0.2508944956847069,0,0.0,0.0,0.0,0.0,0.174,0.15049079326729203,0.19750920673270794,0.15049122525448258,0.1975087747455174,0,0.0,0.0,0.0,0.0,-0.051,-0.07005272171120452,-0.03194727828879546,-0.07005237161297205,-0.03194762838702794,0,0.0,0.0,0.0,0.0
kurumi-midori,24,neutral,free_known_share,1000,0.13127777777777777,0.12700359861376925,0.1355519569417863,0.1270036771528144,0.13555187840274113,0.0,0.0,0.0,0.0,0.0,0.207,0.20278496972977128,0.2112150302702287,0.20278504718194162,0.21121495281805835,0.0,0.0,0.0,0.0,0.0,0.07572222222222222,0.0723305453478475,0.07911389909659694,0.07233060767070597,0.07911383677373847,0.0,0.0,0.0,0.0,0.0
kurumi-midori,24,neutral,free_bridge_share,1000,0.7312222222222222,0.7251920750800674,0.737252369364377,0.7251921858854362,0.7372522585590082,0.0,0.0,0.0,0.0,0.0,0.6545,0.6485838240706926,0.6604161759293073,0.6485839327818137,0.6604160672181862,0.0,0.0,0.0,0.0,0.0,-0.07672222222222222,-0.08021153921219508,-0.07323290523224936,-0.08021147509517657,-0.07323296934926787,0.0,0.0,0.0,0.0,0.0
kurumi-midori,24,neutral,source_contact_share,1000,0.47144444444444444,0.46607429411286905,0.47681459477601984,0.46607439279064156,0.47681449609824733,0.0,0.0,0.0,0.0,0.0,0.472,0.46637490849719676,0.4776250915028032,0.46637501185957314,0.4776249881404268,0.0,0.0,0.0,0.0,0.0,0.0005555555555555561,-0.002748680999805105,0.003859792110916217,-0.0027486202836830066,0.0038597313947941188,0.0,0.0,0.0,0.0,0.0
kurumi-midori,24,neutral,unformed_bridge_contacts,1000,5.37,5.284139045757321,5.455860954242679,5.284140623472504,5.4558593765274965,0,0.0,0.0,0.0,0.0,5.096,5.014370799705371,5.177629200294629,5.0143722996610816,5.177627700338919,0,0.0,0.0,0.0,0.0,-0.274,-0.3310009574265867,-0.21699904257341335,-0.3309999100206178,-0.21700008997938225,0,0.0,0.0,0.0,0.0
kurumi-midori,24,neutral,selection_total_variation,1000,0.0,0.0,0.0,0.0,0.0,0.0,0.0,0.0,0.0,0.0,0.0,0.0,0.0,0.0,0.0,0.0,0.0,0.0,0.0,0.0,0.0,0.0,0.0,0.0,0.0,0.0,0.0,0.0,0.0,0.0
kurumi-midori,24,neutral,expected_source_shift,1000,0.0,0.0,0.0,0.0,0.0,0.0,0.0,0.0,0.0,0.0,0.0,0.0,0.0,0.0,0.0,0.0,0.0,0.0,0.0,0.0,0.0,0.0,0.0,0.0,0.0,0.0,0.0,0.0,0.0,0.0
kurumi-midori,24,neutral,permutation_unchanged_fraction,1000,0.4815,0.4659157232416104,0.49708427675838956,0.46591600960635293,0.49708399039364703,0.0,0.0,0.0,0.0,0.0,0.4815,0.4659157232416104,0.49708427675838956,0.46591600960635293,0.49708399039364703,0.0,0.0,0.0,0.0,0.0,0.0,0.0,0.0,0.0,0.0,0.0,0.0,0.0,0.0,0.0
kurumi-midori,24,neutral,information_transfers,1000,5.801,5.774155398475093,5.827844601524907,5.7741558917509455,5.827844108249055,0,0.0,0.0,0.0,0.0,5.801,5.774155398475093,5.827844601524907,5.7741558917509455,5.827844108249055,0,0.0,0.0,0.0,0.0,0,0.0,0.0,0.0,0.0,0,0.0,0.0,0.0,0.0
kurumi-midori,24,actual_promote,bridge_count,1000,2.918,2.8743587713459116,2.9616412286540887,2.8743595732637295,2.961640426736271,-0.047,-0.06649090559725229,-0.0275090944027477,-0.07879155873219967,-0.015208441267800327,2.825,2.7828332140442527,2.8671667859557477,2.7828339888688394,2.867166011131161,-0.045,-0.06470517327642297,-0.02529482672357703,-0.07714105011282217,-0.012858949887177826,-0.093,-0.1225028883674467,-0.0634971116325533,-0.12250234624494961,-0.06349765375505038,0.002,-0.01856656551826817,0.022566565518268168,-0.018566187602800488,0.02256618760280049
kurumi-midori,24,actual_promote,bridge_rate,1000,0.7295,0.7185896928364779,0.7404103071635222,0.7185898933159324,0.7404101066840677,-0.01175,-0.016622726399313073,-0.006877273600686925,-0.01969788968304992,-0.0038021103169500817,0.70625,0.6957083035110632,0.7167916964889369,0.6957084972172098,0.7167915027827902,-0.01125,-0.016176293319105743,-0.006323706680894258,-0.019285262528205543,-0.0032147374717944564,-0.02325,-0.030625722091861676,-0.015874277908138324,-0.030625586561237404,-0.015874413438762596,0.0005,-0.004641641379567043,0.005641641379567042,-0.004641546900700122,0.005641546900700123
kurumi-midori,24,actual_promote,unformed_turns,1000,13.89725,13.753424997308189,14.04107500269181,13.753427640126365,14.041072359873635,0.154,0.09866839962191223,0.20933160037808776,0.06374878953728234,0.24425121046271764,14.3935,14.249754858593139,14.53724514140686,14.249757499943845,14.537242500056154,0.16775,0.10862561984909924,0.22687438015090078,0.07131239761700739,0.26418760238299266,0.49625,0.398524107691321,0.5939758923086791,0.3985259034275252,0.5939740965724749,0.01375,-0.04867878302874766,0.07617878302874766,-0.04867763588520956,0.07617763588520957
kurumi-midori,24,actual_promote,all_formed,1000,0.207,0.18187563502662574,0.23212436497337424,0.18187609669272797,0.232123903307272,-0.018,-0.030959694258556998,-0.005040305741442999,-0.039138519147635095,0.003138519147635098,0.156,0.1334987393880003,0.1785012606119997,0.13349915285394434,0.17850084714605566,-0.018,-0.03065949384392537,-0.0053405061560746255,-0.038648863135215775,0.002648863135215774,-0.051,-0.06943728645793441,-0.03256271354206558,-0.06943694766846914,-0.03256305233153085,0,-0.01414083318489979,0.01414083318489979,-0.014140573343771638,0.014140573343771638
kurumi-midori,24,actual_promote,free_known_share,1000,0.13183333333333333,0.12756104282938807,0.1361056238372786,0.12756112133372866,0.136105545332938,0.0005555555555555556,-0.0010228079888764527,0.0021339190999875635,-0.0020189085745588964,0.0031300196856700077,0.20716666666666667,0.2028149836200822,0.21151834971325112,0.2028150635832794,0.21151826975005394,0.00016666666666666658,-0.0014455149159664149,0.001778848249299748,-0.002462957965986403,0.002796291299319736,0.07533333333333334,0.07187918576814901,0.07878748089851766,0.0718792492389211,0.07878741742774557,-0.000388888888888889,-0.002592000297251034,0.0018142225194732557,-0.0025919598145619084,0.0018141820367841303
kurumi-midori,24,actual_promote,free_bridge_share,1000,0.7315,0.7254842824161891,0.737515717583811,0.7254843929564114,0.7375156070435887,0.0002777777777777773,-0.0019361461957577105,0.0024917017513132653,-0.0033333470969535758,0.0038889026525091306,0.6548333333333334,0.6488686154444419,0.6607980512222249,0.6488687250475328,0.660797941619134,0.0003333333333333338,-0.0017507736319118104,0.002417440298578478,-0.003066047401398556,0.003732714068065224,-0.07666666666666666,-0.08023628738441971,-0.07309704594891361,-0.08023622179180136,-0.07309711154153196,5.555555555555653e-05,-0.0022374346258174707,0.0023485457369285838,-0.0022373924915847997,0.0023485036026959128
kurumi-midori,24,actual_promote,source_contact_share,1000,0.5029444444444444,0.49749271182952703,0.5083961770593618,0.49749281200639317,0.5083960768824957,0.0315,0.028927664907842515,0.034072335092157485,0.027304271804961613,0.035695728195038384,0.5018333333333334,0.4961662763939593,0.5075003902727073,0.4961663805274605,0.5075002861392063,0.029833333333333337,0.02730023940177441,0.032366427264892264,0.025701611279808693,0.033965055386857984,-0.0011111111111111105,-0.004396797040764859,0.002174574818542639,-0.004396736665514862,0.002174514443292641,-0.0016666666666666666,-0.004467803992992926,0.0011344706596595928,-0.004467752521437222,0.0011344191881038886
kurumi-midori,24,actual_promote,unformed_bridge_contacts,1000,5.467,5.38051850402111,5.55348149597889,5.380520093138893,5.5534799068611065,0.097,0.05551281194908032,0.1384871880509197,0.02933036972173518,0.1646696302782648,5.156,5.072718000060553,5.239281999939446,5.072719530386846,5.239280469613154,0.06,0.02076078038038528,0.09923921961961471,-0.004002975588703495,0.12400297558870349,-0.311,-0.3687833845142868,-0.25321661548571317,-0.36878232273103656,-0.25321767726896344,-0.037,-0.08003586568590593,0.006035865685905931,-0.08003507489177486,0.006035074891774871
kurumi-midori,24,actual_promote,selection_total_variation,1000,0.035314832575452024,0.03470986891751918,0.03591979623338487,0.03470988003386836,0.03591978511703569,0.035314832575452024,0.03470986891751918,0.03591979623338487,0.03432807813420483,0.036301587016699215,0.03555821855174325,0.03493585142515066,0.03618058567833584,0.03493586286129266,0.03618057424219384,0.03555821855174325,0.03493585142515066,0.03618058567833584,0.034543077364006546,0.036573359739479956,0.00024338597629122808,8.612404930891712e-05,0.00040064790327353904,8.612693903372953e-05,0.00040064501354872663,0.00024338597629122808,8.612404930891712e-05,0.00040064790327353904,8.612693903372953e-05,0.00040064501354872663
kurumi-midori,24,actual_promote,expected_source_shift,1000,0.011771610858484006,0.011569956305839724,0.011973265411128288,0.01156996001128945,0.011973261705678563,0.011771610858484006,0.011569956305839724,0.011973265411128288,0.011442692711401609,0.012100529005566404,0.011852739517247753,0.011645283808383556,0.01206019522611195,0.01164528762043089,0.012060191414064616,0.011852739517247753,0.011645283808383556,0.01206019522611195,0.011514359121335518,0.012191119913159987,8.112865876374647e-05,2.8708016436309552e-05,0.0001335493010911834,2.8708979677913687e-05,0.00013354833784957925,8.112865876374647e-05,2.8708016436309552e-05,0.0001335493010911834,2.8708979677913687e-05,0.00013354833784957925
kurumi-midori,24,actual_promote,permutation_unchanged_fraction,1000,0.4815,0.4659157232416104,0.49708427675838956,0.46591600960635293,0.49708399039364703,0.0,0.0,0.0,0.0,0.0,0.4815,0.4659157232416104,0.49708427675838956,0.46591600960635293,0.49708399039364703,0.0,0.0,0.0,0.0,0.0,0.0,0.0,0.0,0.0,0.0,0.0,0.0,0.0,0.0,0.0
kurumi-midori,24,actual_promote,information_transfers,1000,5.801,5.774155398475093,5.827844601524907,5.7741558917509455,5.827844108249055,0,0.0,0.0,0.0,0.0,5.801,5.774155398475093,5.827844601524907,5.7741558917509455,5.827844108249055,0,0.0,0.0,0.0,0.0,0,0.0,0.0,0.0,0.0,0,0.0,0.0,0.0,0.0
kurumi-midori,24,actual_suppress,bridge_count,1000,3.013,2.969999890942243,3.0560001090577567,2.9700006810793376,3.0559993189206622,0.048,0.03027551097743263,0.06572448902256738,0.01908963814187187,0.07691036185812813,2.92,2.8776864158998627,2.962313584100137,2.8776871934219,2.9623128065780997,0.05,0.03004997234078099,0.06995002765921901,0.017459568624329055,0.08254043137567095,-0.093,-0.1211693363981673,-0.0648306636018327,-0.12116881878000059,-0.06483118121999941,0.002,-0.016808657559730288,0.020808657559730284,-0.01680831194623387,0.020808311946233865
kurumi-midori,24,actual_suppress,bridge_rate,1000,0.75325,0.7424999727355608,0.7640000272644392,0.7425001702698344,0.7639998297301656,0.012,0.0075688777443581575,0.016431122255641844,0.004772409535467968,0.019227590464532034,0.73,0.7194216039749657,0.7405783960250343,0.719421798355475,0.7405782016445249,0.0125,0.007512493085195248,0.017487506914804753,0.004364892156082264,0.020635107843917738,-0.02325,-0.030292334099541823,-0.016207665900458176,-0.030292204695000147,-0.016207795304999852,0.0005,-0.004202164389932572,0.005202164389932571,-0.004202077986558467,0.005202077986558466
kurumi-midori,24,actual_suppress,unformed_turns,1000,13.535,13.388079808117526,13.681920191882474,13.38808250781053,13.68191749218947,-0.20825,-0.2650319719932607,-0.15146802800673928,-0.30086690733386695,-0.11563309266613304,14.06525,13.918945789637243,14.211554210362758,13.918948478011442,14.211551521988559,-0.1605,-0.22145196112649015,-0.09954803887350985,-0.2599185643312918,-0.06108143566870822,0.53025,0.43825047985121,0.62224952014879,0.438252170363982,0.622247829636018,0.04775,-0.010949606947199875,0.10644960694719988,-0.010948528328147383,0.10644852832814738
kurumi-midori,24,actual_suppress,all_formed,1000,0.245,0.2183295805943875,0.2716704194056125,0.21833007066960275,0.27166992933039724,0.02,0.007975493825160686,0.03202450617483932,0.00038686338222310504,0.03961313661777689,0.195,0.17043093817829427,0.21956906182170574,0.17043138964057078,0.21956861035942923,0.021,0.009143118452137593,0.03285688154786241,0.0016602754177444633,0.04033972458225554,-0.05,-0.068757885228838,-0.031242114771162018,-0.06875754054829505,-0.031242459451704944,0.001,-0.01124616376368236,0.013246163763682362,-0.011245938737549439,0.01324593873754944
kurumi-midori,24,actual_suppress,free_known_share,1000,0.13133333333333333,0.12712594078588252,0.13554072588078414,0.1271260180977079,0.13554064856895875,5.5555555555555606e-05,-0.0015269346132586626,0.0016380457243697739,-0.002525639499438613,0.0026367506105497243,0.20633333333333334,0.2020996474725765,0.21056701919409018,0.2020997252675477,0.210566941399119,-0.0006666666666666665,-0.0021438681184217543,0.0008105347850884213,-0.0030761256052694464,0.0017427922719361133,0.075,0.07162891103884904,0.07837108896115096,0.07162897298339978,0.07837102701660022,-0.0007222222222222222,-0.002870454626539033,0.0014260101820945887,-0.0028704151522644856,0.0014259707078200412
kurumi-midori,24,actual_suppress,free_bridge_share,1000,0.7307777777777777,0.7247117895710603,0.7368437659844952,0.724711901035017,0.7368436545205385,-0.00044444444444444295,-0.0026012371207292163,0.0017123482318403302,-0.003962382628443022,0.0030734937395541363,0.6548888888888889,0.6489446764230009,0.6608331013547768,0.6489447856492999,0.6608329921284778,0.00038888888888888935,-0.001669394284286999,0.002447172062064778,-0.002968370734632365,0.0037461485124101433,-0.07588888888888888,-0.07934093982106738,-0.07243683795671038,-0.07934087638882141,-0.07243690138895635,0.0008333333333333323,-0.0013693039481339907,0.003035970614800655,-0.0013692634741570586,0.003035930140823723
kurumi-midori,24,actual_suppress,source_contact_share,1000,0.4415,0.4361294220278756,0.4468705779721244,0.4361295207135061,0.4468704792864939,-0.029944444444444447,-0.032434650253586626,-0.027454238635302265,-0.034006211807771525,-0.02588267708111737,0.44355555555555554,0.43784278273716787,0.4492683283739432,0.437842887710709,0.44926822340040207,-0.028444444444444446,-0.030889867708295476,-0.025999021180593416,-0.03243316713000131,-0.024455721758887584,0.0020555555555555566,-0.001204803126214829,0.005315914237325942,-0.001204743216358954,0.005315854327470067,0.0015000000000000005,-0.0010369330827799815,0.004036933082779982,-0.0010368864660392522,0.004036886466039253
kurumi-midori,24,actual_suppress,unformed_bridge_contacts,1000,5.343,5.256775897816229,5.429224102183771,5.25677748220434,5.42922251779566,-0.027,-0.06390975214497388,0.009909752144973877,-0.08720338804951633,0.03320338804951632,5.094,5.01189216530124,5.176107834698761,5.01189367405197,5.17610632594803,-0.002,-0.03707887057418983,0.033078870574189824,-0.05921704251011314,0.05521704251011313,-0.249,-0.30566518420954353,-0.19233481579045647,-0.30566414297348626,-0.19233585702651373,0.025,-0.013942875440156544,0.06394287544015655,-0.013942159855681736,0.06394215985568175
kurumi-midori,24,actual_suppress,selection_total_variation,1000,0.035320500379596505,0.03471583950410758,0.03592516125508543,0.034715850614893067,0.03592515014429994,0.035320500379596505,0.03471583950410758,0.03592516125508543,0.03433423980590211,0.0363067609532909,0.03553466807698306,0.034914688434260856,0.03615464771970526,0.03491469982653228,0.036154636327433834,0.03553466807698306,0.034914688434260856,0.03615464771970526,0.03452342110715783,0.036545915046808285,0.00021416769738655258,6.193007745844439e-05,0.00036640531731466075,6.193287486043564e-05,0.0003664025199126695,0.00021416769738655258,6.193007745844439e-05,0.00036640531731466075,6.193287486043564e-05,0.0003664025199126695
kurumi-midori,24,actual_suppress,expected_source_shift,1000,-0.011773500126532171,-0.011975053751695145,-0.011571946501369198,-0.011975050048099985,-0.011571950204964357,-0.011773500126532171,-0.011975053751695145,-0.011571946501369198,-0.01210225365109697,-0.011444746601967372,-0.011844889358994352,-0.012051549239901753,-0.011638229478086952,-0.012051545442477945,-0.01163823327551076,-0.011844889358994352,-0.012051549239901753,-0.011638229478086952,-0.012181971682269428,-0.011507807035719277,-7.138923246218159e-05,-0.00012213510577155096,-2.0643359152812205e-05,-0.00012213417330422056,-2.064429162014262e-05,-7.138923246218159e-05,-0.00012213510577155096,-2.0643359152812205e-05,-0.00012213417330422056,-2.064429162014262e-05
kurumi-midori,24,actual_suppress,permutation_unchanged_fraction,1000,0.4815,0.4659157232416104,0.49708427675838956,0.46591600960635293,0.49708399039364703,0.0,0.0,0.0,0.0,0.0,0.4815,0.4659157232416104,0.49708427675838956,0.46591600960635293,0.49708399039364703,0.0,0.0,0.0,0.0,0.0,0.0,0.0,0.0,0.0,0.0,0.0,0.0,0.0,0.0,0.0
kurumi-midori,24,actual_suppress,information_transfers,1000,5.801,5.774155398475093,5.827844601524907,5.7741558917509455,5.827844108249055,0,0.0,0.0,0.0,0.0,5.801,5.774155398475093,5.827844601524907,5.7741558917509455,5.827844108249055,0,0.0,0.0,0.0,0.0,0,0.0,0.0,0.0,0.0,0,0.0,0.0,0.0,0.0
kurumi-midori,24,permuted_promote,bridge_count,1000,2.963,2.9191673209425506,3.0068326790574496,2.9191681263783145,3.0068318736216857,-0.002,-0.02060308330111727,0.016603083301117275,-0.03234343439900748,0.02834343439900748,2.878,2.835346257287697,2.9206537427123034,2.8353470410602286,2.9206529589397716,0.008,-0.012183436494034128,0.02818343649403413,-0.0249211438389074,0.0409211438389074,-0.085,-0.1128552464493631,-0.05714475355063692,-0.1128547346026729,-0.057145265397327116,0.01,-0.009203599095435685,0.029203599095435684,-0.009203246224795862,0.029203246224795865
kurumi-midori,24,permuted_promote,bridge_rate,1000,0.74075,0.7297918302356377,0.7517081697643624,0.7297920315945786,0.7517079684054214,-0.0005,-0.005150770825279318,0.004150770825279319,-0.00808585859975187,0.00708585859975187,0.7195,0.7088365643219242,0.7301634356780758,0.7088367602650572,0.7301632397349429,0.002,-0.003045859123508532,0.007045859123508532,-0.00623028595972685,0.01023028595972685,-0.02125,-0.028213811612340774,-0.01428618838765923,-0.028213683650668224,-0.014286316349331779,0.0025,-0.0023008997738589213,0.007300899773858921,-0.0023008115561989656,0.007300811556198966
kurumi-midori,24,permuted_promote,unformed_turns,1000,13.7355,13.589427800074104,13.881572199925897,13.589430484185055,13.881569515814945,-0.00775,-0.06320632847807606,0.04770632847807605,-0.09820465409936902,0.08270465409936903,14.21275,14.067443114647547,14.358056885352452,14.067445784695664,14.358054215304335,-0.013,-0.0719218750292025,0.0459218750292025,-0.10910729687523062,0.08310729687523062,0.47725,0.38855122038378764,0.5659487796162124,0.3885528502446778,0.5659471497553222,-0.00525,-0.061353756089475395,0.0508537560894754,-0.061352725169791573,0.05085272516979158
kurumi-midori,24,permuted_promote,all_formed,1000,0.23,0.20390347938156528,0.25609652061843474,0.20390395891125562,0.2560960410887444,0.005,-0.00724239503676614,0.01724239503676614,-0.014968534498931034,0.024968534498931036,0.182,0.15807314195018207,0.20592685804981792,0.1580735816118136,0.2059264183881864,0.008,-0.004998211072724242,0.020998211072724243,-0.01320134380981743,0.02920134380981743,-0.048,-0.0671831631215331,-0.028816836878466905,-0.0671828106264091,-0.028817189373590908,0.003,-0.008926729328381375,0.014926729328381377,-0.008926510171931162,0.014926510171931164
kurumi-midori,24,permuted_promote,free_known_share,1000,0.132,0.12766325449742014,0.13633674550257988,0.12766333418613643,0.13633666581386358,0.0007222222222222224,-0.0008596378220668533,0.002304082266511298,-0.001857945038514275,0.00330238948295872,0.20638888888888887,0.2020124354358852,0.21076534234189254,0.2020125158542444,0.21076526192353334,-0.0006111111111111111,-0.0022302273772149923,0.00100800515499277,-0.00325204688555547,0.0020298246633332472,0.0743888888888889,0.07095746831775149,0.0778203094600263,0.07095753137090972,0.07782024640686806,-0.0013333333333333335,-0.003466577019582333,0.0007999103529156659,-0.003466537820728997,0.0007998711540623299
kurumi-midori,24,permuted_promote,free_bridge_share,1000,0.7315555555555555,0.7254549444909544,0.7376561666201567,0.7254550565911142,0.7376560545199968,0.0003333333333333333,-0.0020132877275204956,0.0026799543941871625,-0.0034942333698201734,0.00416090003648684,0.6562222222222223,0.6501715421344482,0.6622729023099964,0.6501716533171147,0.6622727911273298,0.0017222222222222216,-0.0006746285716938696,0.004119073016138313,-0.002187274050636694,0.005631718495081137,-0.07533333333333334,-0.07883864290105141,-0.07182802376561526,-0.07883857849016553,-0.07182808817650115,0.0013888888888888883,-0.0008447824019647441,0.0036225601797425207,-0.0008447413577306068,0.0036225191355083834
kurumi-midori,24,permuted_promote,source_contact_share,1000,0.4742222222222222,0.468835631686496,0.4796088127579484,0.4688357306663612,0.47960871377808323,0.002777777777777779,0.0002614452360964292,0.005294110319459129,-0.0013266048220684562,0.0068821603776240145,0.4716111111111111,0.46592109660759395,0.47730112561462823,0.4659212011629457,0.47730102105927646,-0.00038888888888888903,-0.002955311313171831,0.0021775335353940526,-0.004574972948765898,0.00379719517098812,-0.002611111111111112,-0.005818547254593279,0.000596325032371055,-0.005818488317201464,0.0005962660949792404,-0.003166666666666668,-0.00578527879527552,-0.0005480545380578158,-0.005785230677663156,-0.0005481026556701796
kurumi-midori,24,permuted_promote,unformed_bridge_contacts,1000,5.37,5.284723262950076,5.455276737049924,5.284724829930131,5.45527517006987,0,-0.04169102231106046,0.04169102231106046,-0.06800210373982701,0.06800210373982701,5.098,5.014793482237278,5.181206517762722,5.014795011176568,5.181204988823432,0.002,-0.038378874267209165,0.04237887426720917,-0.06386186292888593,0.06786186292888594,-0.272,-0.3301064766461384,-0.2138935233538616,-0.3301054089259944,-0.21389459107400563,0.002,-0.040783368851111404,0.04478336885111141,-0.04078258269666894,0.044782582696668946
kurumi-midori,24,permuted_promote,selection_total_variation,1000,0.03561500078293053,0.03501018770917119,0.03621981385668986,0.03501019882275335,0.0362198027431077,0.03561500078293053,0.03501018770917119,0.03621981385668986,0.034628491959085385,0.03660150960677567,0.035756190224862656,0.03514415274941653,0.036368227700308786,0.03514416399574876,0.03636821645397655,0.035756190224862656,0.03514415274941653,0.036368227700308786,0.034757897700697135,0.03675448274902818,0.00014118944193213,-8.77246818469074e-06,0.0002911513520489508,-8.769712599401304e-06,0.0002911485964636613,0.00014118944193213,-8.77246818469074e-06,0.0002911513520489508,-8.769712599401304e-06,0.0002911485964636613
kurumi-midori,24,permuted_promote,expected_source_shift,1000,-0.0001290455513476629,-0.0004350581706823398,0.000176967067987014,-0.0004350525476286486,0.00017696144493332283,-0.0001290455513476629,-0.0004350581706823398,0.000176967067987014,-0.0006281818337451376,0.00037009073104981183,-9.36159331387679e-05,-0.00040134503977256263,0.0002141131734950268,-0.0004013393851780145,0.00021410751890047866,-9.36159331387679e-05,-0.00040134503977256263,0.0002141131734950268,-0.0005955519729159443,0.0004083201066384085,3.542961820889499e-05,-1.4041376146521953e-05,8.490061256431193e-05,-1.4040467105391483e-05,8.489970352318146e-05,3.542961820889499e-05,-1.4041376146521953e-05,8.490061256431193e-05,-1.4040467105391483e-05,8.489970352318146e-05
kurumi-midori,24,permuted_promote,permutation_unchanged_fraction,1000,0.4815,0.4659157232416104,0.49708427675838956,0.46591600960635293,0.49708399039364703,0.0,0.0,0.0,0.0,0.0,0.4815,0.4659157232416104,0.49708427675838956,0.46591600960635293,0.49708399039364703,0.0,0.0,0.0,0.0,0.0,0.0,0.0,0.0,0.0,0.0,0.0,0.0,0.0,0.0,0.0
kurumi-midori,24,permuted_promote,information_transfers,1000,5.801,5.774155398475093,5.827844601524907,5.7741558917509455,5.827844108249055,0,0.0,0.0,0.0,0.0,5.801,5.774155398475093,5.827844601524907,5.7741558917509455,5.827844108249055,0,0.0,0.0,0.0,0.0,0,0.0,0.0,0.0,0.0,0,0.0,0.0,0.0,0.0
kurumi-midori,24,permuted_suppress,bridge_count,1000,2.966,2.9232684344179027,3.0087315655820976,2.923269219620448,3.0087307803795524,0.001,-0.017499751328036793,0.019499751328036795,-0.029174889921958387,0.03117488992195839,2.883,2.8404276998702405,2.9255723001297596,2.8404284821462453,2.9255715178537547,0.013,-0.006885446955012116,0.03288544695501212,-0.019435093979185393,0.04543509397918539,-0.083,-0.11142481992885775,-0.05457518007114227,-0.11142429761612119,-0.054575702383878814,0.012,-0.007984308398895922,0.03198430839889592,-0.007983941182539447,0.031983941182539444
kurumi-midori,24,permuted_suppress,bridge_rate,1000,0.7415,0.7308171086044757,0.7521828913955244,0.730817304905112,0.7521826950948881,0.00025,-0.004374937832009198,0.004874937832009199,-0.007293722480489597,0.007793722480489597,0.72075,0.7101069249675601,0.7313930750324399,0.7101071205365613,0.7313928794634387,0.00325,-0.001721361738753029,0.00822136173875303,-0.004858773494796348,0.011358773494796347,-0.02075,-0.027856204982214437,-0.013643795017785567,-0.027856074404030297,-0.013643925595969704,0.003,-0.0019960770997239806,0.00799607709972398,-0.0019959852956348617,0.007995985295634861
kurumi-midori,24,permuted_suppress,unformed_turns,1000,13.7405,13.597025949737597,13.883974050262404,13.597028586106939,13.883971413893063,-0.00275,-0.05913646363429064,0.053636463634290636,-0.09472179481405436,0.08922179481405436,14.2015,14.054859835876611,14.348140164123388,14.054862530424039,14.34813746957596,-0.02425,-0.08501982286028544,0.036519822860285434,-0.12337147914155877,0.07487147914155878,0.461,0.366539454156134,0.5554605458438661,0.36654118989083057,0.5554588101091694,-0.0215,-0.08455819341018386,0.04155819341018387,-0.0845570347010823,0.04155703470108232
kurumi-midori,24,permuted_suppress,all_formed,1000,0.218,0.19239616908043333,0.24360383091956667,0.19239663955683484,0.24360336044316516,-0.007,-0.0198516818871044,0.0058516818871044,-0.027962340486581833,0.013962340486581834,0.182,0.15807314195018207,0.20592685804981792,0.1580735816118136,0.2059264183881864,0.008,-0.004698921221907007,0.02069892122190701,-0.012713173015354767,0.028713173015354768,-0.036,-0.0538334999402843,-0.018166500059715696,-0.05383317224553797,-0.018166827754462024,0.015,0.0010267221994088842,0.028973277800591113,0.00102697896166753,0.02897302103833247
kurumi-midori,24,permuted_suppress,free_known_share,1000,0.13066666666666665,0.1264838993486984,0.13484943398463492,0.12648397620802942,0.13484935712530388,-0.0006111111111111113,-0.002208084977668965,0.000985862755446742,-0.0032159304828502707,0.001993708260628048,0.2071111111111111,0.20289735940547277,0.21132486281674945,0.20289743683414918,0.21132478538807303,0.00011111111111111127,-0.0015553878179040872,0.0017776100401263098,-0.0026071103852981373,0.00282933260752036,0.07644444444444444,0.07312457676741303,0.07976431212147585,0.07312463777076066,0.07976425111812822,0.0007222222222222225,-0.0014697634080848305,0.0029142078525292757,-0.0014697231298344878,0.002914167574278933
kurumi-midori,24,permuted_suppress,free_bridge_share,1000,0.7308888888888889,0.7249340954775286,0.7368436823002492,0.724934204898255,0.7368435728795228,-0.00033333333333333213,-0.0026132555414151194,0.001946588874748455,-0.004052107734113181,0.0033854410674465166,0.6540555555555556,0.6480533085144566,0.6600578025966546,0.6480534188071545,0.6600576923039567,-0.0004444444444444442,-0.002826136973665669,0.0019372480847767804,-0.004329216116390356,0.0034403272275014677,-0.07683333333333334,-0.08023388693631948,-0.07343277973034719,-0.08023382445034903,-0.07343284221631764,-0.00011111111111111205,-0.0024118445468318773,0.002189622324609653,-0.002411802270315091,0.0021895800480928665
kurumi-midori,24,permuted_suppress,source_contact_share,1000,0.4711666666666667,0.46569380542408517,0.4766395279092482,0.4656939059891948,0.47663942734413856,-0.0002777777777777786,-0.0026818867833099435,0.002126331227754386,-0.004199112898233168,0.0036435573426776106,0.4726111111111111,0.46690643926983755,0.47831578295238464,0.46690654409452137,0.4783156781277008,0.0006111111111111113,-0.0017976931642093713,0.003019915386431594,-0.003317882450071623,0.004540104672293845,0.001444444444444446,-0.001890938400807868,0.00477982728969676,-0.0018908771123653837,0.004779766001254276,0.0008888888888888899,-0.0016839836738007448,0.003461761451578525,-0.0016839363966636382,0.003461714174441418
kurumi-midori,24,permuted_suppress,unformed_bridge_contacts,1000,5.402,5.315174912211565,5.4888250877884355,5.315176507642928,5.4888234923570725,0.032,-0.0077540663000326,0.0717540663000326,-0.03284274049325932,0.09684274049325932,5.132,5.049485435134062,5.2145145648659375,5.0494869513585545,5.214513048641445,0.036,-0.002462426400899942,0.07446242640089994,-0.02673595045678625,0.09873595045678624,-0.27,-0.3282084356599796,-0.21179156434002044,-0.3282073660663148,-0.21179263393368525,0.004,-0.03796608734307842,0.04596608734307843,-0.03796531620637546,0.045965316206375464
kurumi-midori,24,permuted_suppress,selection_total_variation,1000,0.03548433292433887,0.034881445170793404,0.036087220677884335,0.03488145624899735,0.03608720959968039,0.03548433292433887,0.034881445170793404,0.036087220677884335,0.0345009644846258,0.03646770136405194,0.03566923827989897,0.035058202564634086,0.036280273995163856,0.035058213792558746,0.036280262767239196,0.03566923827989897,0.035058202564634086,0.036280273995163856,0.03467257972381558,0.03666589683598236,0.00018490535556009823,3.535822066126615e-05,0.0003344524904589303,3.536096862496362e-05,0.00033444974249523284,0.00018490535556009823,3.535822066126615e-05,0.0003344524904589303,3.536096862496362e-05,0.00033444974249523284
kurumi-midori,24,permuted_suppress,expected_source_shift,1000,0.00011439248721927282,-0.00019175967851640043,0.0004205446529549461,-0.00019175405289851137,0.00042053902733705704,0.00011439248721927282,-0.00019175967851640043,0.0004205446529549461,-0.00038497140890199767,0.0006137563833405433,9.928953239243315e-05,-0.00020863934077741572,0.00040721840556228204,-0.00020863368251211064,0.00040721274729697696,9.928953239243315e-05,-0.00020863934077741572,0.00040721840556228204,-0.0004029723459935245,0.0006015514107783908,-1.5102954826839658e-05,-6.40321441938656e-05,3.382623454018629e-05,-6.403124510852894e-05,3.3825335454849624e-05,-1.5102954826839658e-05,-6.40321441938656e-05,3.382623454018629e-05,-6.403124510852894e-05,3.3825335454849624e-05
kurumi-midori,24,permuted_suppress,permutation_unchanged_fraction,1000,0.4815,0.4659157232416104,0.49708427675838956,0.46591600960635293,0.49708399039364703,0.0,0.0,0.0,0.0,0.0,0.4815,0.4659157232416104,0.49708427675838956,0.46591600960635293,0.49708399039364703,0.0,0.0,0.0,0.0,0.0,0.0,0.0,0.0,0.0,0.0,0.0,0.0,0.0,0.0,0.0
kurumi-midori,24,permuted_suppress,information_transfers,1000,5.801,5.774155398475093,5.827844601524907,5.7741558917509455,5.827844108249055,0,0.0,0.0,0.0,0.0,5.801,5.774155398475093,5.827844601524907,5.7741558917509455,5.827844108249055,0,0.0,0.0,0.0,0.0,0,0.0,0.0,0.0,0.0,0,0.0,0.0,0.0,0.0
kurumi-midori,48,neutral,bridge_count,1000,3.551,3.5143449213178695,3.587655078682131,3.514345594863542,3.5876544051364583,0,0.0,0.0,0.0,0.0,3.445,3.4060275120782,3.4839724879217995,3.4060282282068113,3.4839717717931884,0,0.0,0.0,0.0,0.0,-0.106,-0.13132354367509144,-0.08067645632490855,-0.13132307834903384,-0.08067692165096617,0,0.0,0.0,0.0,0.0
kurumi-midori,48,neutral,bridge_rate,1000,0.88775,0.8785862303294674,0.8969137696705327,0.8785863987158855,0.8969136012841146,0.0,0.0,0.0,0.0,0.0,0.86125,0.85150687801955,0.8709931219804499,0.8515070570517028,0.8709929429482971,0.0,0.0,0.0,0.0,0.0,-0.0265,-0.03283088591877286,-0.020169114081227138,-0.03283076958725846,-0.020169230412741542,0.0,0.0,0.0,0.0,0.0
kurumi-midori,48,neutral,unformed_turns,1000,17.81575,17.488107795091143,18.14339220490886,17.488113815593547,18.143386184406456,0.0,0.0,0.0,0.0,0.0,18.89025,18.555223357120155,19.225276642879848,18.55522951331334,19.225270486686664,0.0,0.0,0.0,0.0,0.0,1.0745,0.855903858147421,1.293096141852579,0.8559078749028247,1.2930921250971752,0.0,0.0,0.0,0.0,0.0
kurumi-midori,48,neutral,all_formed,1000,0.602,0.5716461971583963,0.6323538028416037,0.5716467549166465,0.6323532450833534,0,0.0,0.0,0.0,0.0,0.519,0.4880165664337286,0.5499834335662714,0.4880171357615911,0.5499828642384089,0,0.0,0.0,0.0,0.0,-0.083,-0.1046695913387583,-0.0613304086612417,-0.10466919315493232,-0.061330806845067684,0,0.0,0.0,0.0,0.0
kurumi-midori,48,neutral,free_known_share,1000,0.1316904761904762,0.1287143623993482,0.1346665899816042,0.1287144170861375,0.13466653529481487,0.0,0.0,0.0,0.0,0.0,0.20026190476190475,0.19752901116380592,0.2029947983600036,0.19752906138136708,0.20299474814244242,0.0,0.0,0.0,0.0,0.0,0.06857142857142857,0.06635987862277319,0.07078297852008396,0.06635991926052248,0.07078293788233467,0.0,0.0,0.0,0.0,0.0
kurumi-midori,48,neutral,free_bridge_share,1000,0.7261190476190477,0.7220348075462155,0.7302032876918798,0.7220348825950853,0.73020321264301,0.0,0.0,0.0,0.0,0.0,0.6568571428571429,0.6529939125085222,0.6607203732057636,0.6529939834962865,0.6607203022179994,0.0,0.0,0.0,0.0,0.0,-0.06926190476190476,-0.07153524310513006,-0.06698856641867947,-0.07153520133200453,-0.066988608191805,0.0,0.0,0.0,0.0,0.0
kurumi-midori,48,neutral,source_contact_share,1000,0.4792857142857143,0.47528475844396256,0.48328667012746607,0.475284831962465,0.4832865966089636,0.0,0.0,0.0,0.0,0.0,0.4799761904761905,0.4757996597111352,0.4841527212412458,0.4757997364558681,0.4841526444965129,0.0,0.0,0.0,0.0,0.0,0.0006904761904761891,-0.0015458533153318076,0.002926805696284186,-0.0015458122222523467,0.002926764603204725,0.0,0.0,0.0,0.0,0.0
kurumi-midori,48,neutral,unformed_bridge_contacts,1000,7.393,7.25152980194211,7.53447019805789,7.251532401490198,7.534467598509802,0,0.0,0.0,0.0,0.0,7.18,7.047150248715263,7.312849751284737,7.047152689860618,7.312847310139381,0,0.0,0.0,0.0,0.0,-0.213,-0.30654579020172135,-0.11945420979827866,-0.30654407127587435,-0.11945592872412567,0,0.0,0.0,0.0,0.0
kurumi-midori,48,neutral,selection_total_variation,1000,0.0,0.0,0.0,0.0,0.0,0.0,0.0,0.0,0.0,0.0,0.0,0.0,0.0,0.0,0.0,0.0,0.0,0.0,0.0,0.0,0.0,0.0,0.0,0.0,0.0,0.0,0.0,0.0,0.0,0.0
kurumi-midori,48,neutral,expected_source_shift,1000,0.0,0.0,0.0,0.0,0.0,0.0,0.0,0.0,0.0,0.0,0.0,0.0,0.0,0.0,0.0,0.0,0.0,0.0,0.0,0.0,0.0,0.0,0.0,0.0,0.0,0.0,0.0,0.0,0.0,0.0
kurumi-midori,48,neutral,permutation_unchanged_fraction,1000,0.4815,0.4659157232416104,0.49708427675838956,0.46591600960635293,0.49708399039364703,0.0,0.0,0.0,0.0,0.0,0.4815,0.4659157232416104,0.49708427675838956,0.46591600960635293,0.49708399039364703,0.0,0.0,0.0,0.0,0.0,0.0,0.0,0.0,0.0,0.0,0.0,0.0,0.0,0.0,0.0
kurumi-midori,48,neutral,information_transfers,1000,5.801,5.774155398475093,5.827844601524907,5.7741558917509455,5.827844108249055,0,0.0,0.0,0.0,0.0,5.801,5.774155398475093,5.827844601524907,5.7741558917509455,5.827844108249055,0,0.0,0.0,0.0,0.0,0,0.0,0.0,0.0,0.0,0,0.0,0.0,0.0,0.0
kurumi-midori,48,actual_promote,bridge_count,1000,3.491,3.452979268728674,3.529020731271326,3.4529799673685333,3.529020032631467,-0.06,-0.07884991138332377,-0.041150088616676225,-0.09074603495715344,-0.02925396504284655,3.393,3.353363393407329,3.432636606592671,3.353364121739276,3.4326358782607236,-0.052,-0.0709410844008013,-0.0330589155991987,-0.08289474699751842,-0.02110525300248157,-0.098,-0.12491591611184988,-0.07108408388815013,-0.12491542152557507,-0.07108457847442494,0.008,-0.01179872033559055,0.02779872033559055,-0.01179835652945829,0.02779835652945829
kurumi-midori,48,actual_promote,bridge_rate,1000,0.87275,0.8632448171821685,0.8822551828178316,0.8632449918421333,0.8822550081578667,-0.015,-0.019712477845830943,-0.010287522154169056,-0.02268650873928836,-0.007313491260711637,0.84825,0.8383408483518322,0.8581591516481677,0.838341030434819,0.8581589695651809,-0.013,-0.017735271100200324,-0.008264728899799675,-0.020723686749379605,-0.005276313250620393,-0.0245,-0.03122897902796247,-0.017771020972037532,-0.031228855381393767,-0.017771144618606235,0.002,-0.0029496800838976376,0.006949680083897638,-0.0029495891323645723,0.006949589132364572
kurumi-midori,48,actual_promote,unformed_turns,1000,18.28825,17.953013478235704,18.6234865217643,17.95301963828546,18.62348036171454,0.4725,0.33489742495629427,0.6101025750437057,0.24805684499233394,0.696943155007666,19.36375,19.028043365657094,19.699456634342905,19.02804953434528,19.69945046565472,0.4735,0.32453743462774853,0.6224625653722514,0.2305275982148987,0.7164724017851012,1.0755,0.8500869938469766,1.3009130061530232,0.8500911358638614,1.3009088641361384,0.001,-0.14483618738828832,0.14683618738828833,-0.1448335076141222,0.1468335076141222
kurumi-midori,48,actual_promote,all_formed,1000,0.554,0.5231755285131693,0.5848244714868308,0.5231760949200663,0.5848239050799338,-0.048,-0.06528513029541083,-0.03071486970458917,-0.07619372513187614,-0.019806274868123867,0.478,0.4470242003208026,0.5089757996791974,0.44702476950839065,0.5089752304916093,-0.041,-0.057326739810287686,-0.024673260189712314,-0.06763049723340081,-0.014369502766599197,-0.076,-0.0982053686480724,-0.053794631351927594,-0.09820496061921263,-0.05379503938078736,0.007,-0.00997704278081379,0.02397704278081379,-0.009976730823668747,0.023976730823668746
kurumi-midori,48,actual_promote,free_known_share,1000,0.13133333333333333,0.1283147798278832,0.13435188683878346,0.1283148352945122,0.13435183137215445,-0.0003571428571428571,-0.0014568637547888853,0.0007425780405031712,-0.0021508943753621923,0.0014366086610764783,0.20052380952380952,0.19771777598441193,0.20332984306320712,0.1977178275459367,0.20332979150168234,0.00026190476190476164,-0.0007746546376098322,0.0012984641614193554,-0.0014288242226801033,0.0019526337464896265,0.06919047619047619,0.0669178835326293,0.07146306884832308,0.06691792529205269,0.07146302708889969,0.0006190476190476187,-0.0008315955214513227,0.00206969075954656,-0.0008315688655431987,0.002069664103638436
kurumi-midori,48,actual_promote,free_bridge_share,1000,0.7269047619047619,0.7227798633458329,0.731029660463691,0.7227799391418119,0.731029584667712,0.0007857142857142865,-0.000680315833682189,0.0022517444051107617,-0.0016055231255703466,0.0031769516969989194,0.6568333333333334,0.6529621618006185,0.6607045048660483,0.6529622329343038,0.660704433732363,-2.3809523809523837e-05,-0.0013890427214377269,0.0013414236738186792,-0.0022506373727764002,0.002203018325157352,-0.07007142857142856,-0.07242256234214123,-0.0677202948007159,-0.07242251913950647,-0.06772033800335066,-0.0008095238095238103,-0.0023530113318281816,0.0007339637127805609,-0.0023529829698827544,0.0007339353508351337
kurumi-midori,48,actual_promote,source_contact_share,1000,0.5106666666666667,0.5066385069512489,0.5146948263820845,0.5066385809696289,0.5146947523637045,0.031380952380952384,0.029685342184479494,0.03307656257742527,0.028615247581905808,0.034146657179998964,0.5098095238095238,0.5055990636951926,0.5140199839238551,0.5055991410633852,0.5140199065556624,0.029833333333333337,0.028084487690257447,0.03158217897640923,0.026980796354074833,0.03268587031259184,-0.0008571428571428605,-0.0031552708617716262,0.001440985147485905,-0.003155228633130248,0.0014409429188445267,-0.0015476190476190494,-0.003355177111705494,0.00025993901646739477,-0.003355143897401893,0.0002599058021637939
kurumi-midori,48,actual_promote,unformed_bridge_contacts,1000,7.618,7.473284457815514,7.762715542184487,7.473287116997562,7.762712883002439,0.225,0.16042519914932063,0.2895748008506794,0.11967223246138545,0.3303277675386146,7.337,7.202113159317191,7.471886840682808,7.202115637894542,7.471884362105458,0.157,0.09667470561412284,0.21732529438587717,0.058603589944214135,0.25539641005578584,-0.281,-0.3760223967192908,-0.18597760328070928,-0.3760206506604525,-0.18597934933954757,-0.068,-0.1361952302659873,0.00019523026598729232,-0.13619397716262804,0.00019397716262802012
kurumi-midori,48,actual_promote,selection_total_variation,1000,0.03585022761745197,0.035242750308018087,0.03645770492688585,0.0352427614705562,0.03645769376434774,0.03585022761745197,0.035242750308018087,0.03645770492688585,0.034859373166642435,0.036841082068261505,0.036026461528307165,0.03540666076110102,0.03664626229551331,0.03540667215008557,0.03664625090652876,0.036026461528307165,0.03540666076110102,0.03664626229551331,0.03501550632180951,0.03703741673480482,0.00017623391085519382,3.521309114100612e-05,0.0003172547305693815,3.521568243166124e-05,0.00031725213927872643,0.00017623391085519382,3.521309114100612e-05,0.0003172547305693815,3.521568243166124e-05,0.00031725213927872643
kurumi-midori,48,actual_promote,expected_source_shift,1000,0.011950075872483989,0.011747583436006029,0.012152568308961949,0.011747587156852066,0.012152564588115911,0.011950075872483989,0.011747583436006029,0.012152568308961949,0.011619791055547477,0.0122803606894205,0.012008820509435724,0.011802220253700344,0.012215420765171105,0.011802224050028525,0.012215416968842924,0.012008820509435724,0.011802220253700344,0.012215420765171105,0.011671835440603172,0.012345805578268277,5.874463695173582e-05,1.1737697047006635e-05,0.000105751576856465,1.173856081055834e-05,0.0001057507130929133,5.874463695173582e-05,1.1737697047006635e-05,0.000105751576856465,1.173856081055834e-05,0.0001057507130929133
kurumi-midori,48,actual_promote,permutation_unchanged_fraction,1000,0.4815,0.4659157232416104,0.49708427675838956,0.46591600960635293,0.49708399039364703,0.0,0.0,0.0,0.0,0.0,0.4815,0.4659157232416104,0.49708427675838956,0.46591600960635293,0.49708399039364703,0.0,0.0,0.0,0.0,0.0,0.0,0.0,0.0,0.0,0.0,0.0,0.0,0.0,0.0,0.0
kurumi-midori,48,actual_promote,information_transfers,1000,5.801,5.774155398475093,5.827844601524907,5.7741558917509455,5.827844108249055,0,0.0,0.0,0.0,0.0,5.801,5.774155398475093,5.827844601524907,5.7741558917509455,5.827844108249055,0,0.0,0.0,0.0,0.0,0,0.0,0.0,0.0,0.0,0,0.0,0.0,0.0,0.0
kurumi-midori,48,actual_suppress,bridge_count,1000,3.593,3.558176659168502,3.627823340831498,3.558177299055562,3.627822700944438,0.042,0.02556562424957047,0.058434375750429535,0.015193938101548572,0.06880606189845143,3.491,3.453283911473567,3.528716088526433,3.4532846045155443,3.528715395484456,0.046,0.027408496068945406,0.06459150393105459,0.015675452677408375,0.07632454732259163,-0.102,-0.12549873579970172,-0.07850126420029825,-0.12549830400491704,-0.07850169599508294,0.004,-0.015212007589932804,0.023212007589932804,-0.015211654564784925,0.023211654564784925
kurumi-midori,48,actual_suppress,bridge_rate,1000,0.89825,0.8895441647921255,0.9069558352078745,0.8895443247638904,0.9069556752361095,0.0105,0.006391406062392618,0.014608593937607384,0.003798484525387143,0.017201515474612857,0.87275,0.8633209778683918,0.8821790221316083,0.8633211511288861,0.882178848871114,0.0115,0.0068521240172363515,0.016147875982763647,0.003918863169352094,0.019081136830647907,-0.0255,-0.03137468394992543,-0.019625316050074563,-0.03137457600122926,-0.019625423998770736,0.001,-0.003803001897483201,0.005803001897483201,-0.0038029136411962313,0.005802913641196231
kurumi-midori,48,actual_suppress,unformed_turns,1000,17.34525,17.022294184442046,17.668205815557954,17.022300118830945,17.668199881169055,-0.4705,-0.5984305830584762,-0.34256941694152376,-0.6791671973580053,-0.26183280264199466,18.47,18.138992057167478,18.80100794283252,18.138998139516104,18.801001860483893,-0.42025,-0.5630243793798709,-0.2774756206201291,-0.6531288698329341,-0.18737113016706597,1.12475,0.9231083959189066,1.3263916040810932,0.9231121011307001,1.3263878988692996,0.05025,-0.09249690433980907,0.1929969043398091,-0.09249428133194391,0.1929942813319439
kurumi-midori,48,actual_suppress,all_formed,1000,0.63,0.6000605054596219,0.6599394945403781,0.6000610556048598,0.6599389443951402,0.028,0.013966171800469628,0.042033828199530374,0.0051094641438381265,0.05089053585616188,0.551,0.520155886173246,0.581844113826754,0.5201564529410757,0.5818435470589244,0.032,0.01668726407589155,0.04731273592410845,0.007023441519793429,0.05697655848020657,-0.079,-0.09926168577168026,-0.05873831422831974,-0.09926131345844946,-0.05873868654155053,0.004,-0.012168758862793495,0.020168758862793495,-0.012168461758055124,0.020168461758055124
kurumi-midori,48,actual_suppress,free_known_share,1000,0.13214285714285715,0.1291930603191248,0.13509265396658948,0.12919311452233367,0.13509259976338062,0.0004523809523809523,-0.0006590366429870154,0.0015637985477489201,-0.0013604490150538084,0.002265210919815713,0.19959523809523808,0.19689031367351417,0.20230016251696198,0.1968903633771352,0.20230011281334095,-0.0006666666666666668,-0.001678037542669434,0.00034470420933610047,-0.002316310724714485,0.0009829773913811511,0.06745238095238094,0.06526685369933233,0.06963790820542956,0.06526689385890846,0.06963786804585342,-0.0011190476190476191,-0.002558729596189244,0.0003206343580940056,-0.0025587031416950687,0.0003206079035998305
kurumi-midori,48,actual_suppress,free_bridge_share,1000,0.7255952380952381,0.7214829699086375,0.7297075062818387,0.7214830454725304,0.7297074307179457,-0.0005238095238095235,-0.002023363218581981,0.0009757441709629338,-0.0029697271401857607,0.0019221080925667135,0.6573333333333333,0.6534554368770867,0.6612112297895799,0.6534555081343442,0.6612111585323225,0.00047619047619047624,-0.0009412187974665888,0.0018935997498475412,-0.0018357416167639714,0.002788122569144924,-0.06826190476190476,-0.07051723608208994,-0.06600657344171958,-0.07051719463984768,-0.06600661488396184,0.0009999999999999998,-0.0005044303239061549,0.0025044303239061547,-0.0005044026796459137,0.0025044026796459135
kurumi-midori,48,actual_suppress,source_contact_share,1000,0.4488333333333333,0.4447761886860036,0.452890477980663,0.4447762632369886,0.452890403429678,-0.030452380952380956,-0.03216097979972115,-0.02874378210504076,-0.033239271501614445,-0.02766549040314747,0.4504761904761905,0.4462856215966467,0.45466675935573425,0.44628569859933326,0.4546666823530477,-0.029500000000000002,-0.031153300706298667,-0.027846699293701337,-0.03219669391419612,-0.026803306085803887,0.001642857142857144,-0.0004815330102012109,0.003767247295915499,-0.0004814939740336252,0.0037672082597479135,0.000952380952380955,-0.0007429232322716764,0.002647685137033586,-0.0007428920806594524,0.0026476539854213624
kurumi-midori,48,actual_suppress,unformed_bridge_contacts,1000,7.237,7.095335855279116,7.378664144720884,7.095338458391019,7.378661541608981,-0.156,-0.2148837814862643,-0.0971162185137357,-0.2520451626095037,-0.059954837390496285,7.029,6.89753881463467,7.16046118536533,6.8975412302648005,7.160458769735199,-0.151,-0.21016181706978748,-0.09183818293021251,-0.24749866563116246,-0.05450133436883754,-0.208,-0.29719199195571894,-0.11880800804428106,-0.29719035303193636,-0.11880964696806362,0.005,-0.05735101610406368,0.06735101610406367,-0.05734987038951107,0.06734987038951107
kurumi-midori,48,actual_suppress,selection_total_variation,1000,0.035960333404537616,0.03535370084275952,0.036566965966315715,0.035353711989775195,0.036566954819300036,0.035960333404537616,0.03535370084275952,0.036566965966315715,0.034970856819142214,0.03694980998993302,0.03608867801596992,0.03546971737322799,0.03670763865871185,0.03546972874677505,0.03670762728516479,0.03608867801596992,0.03546971737322799,0.03670763865871185,0.035079093134012244,0.03709826289792759,0.00012834461143230747,-8.217331030202523e-06,0.00026490655389481746,-8.214821672463264e-06,0.0002649040445370782,0.00012834461143230747,-8.217331030202523e-06,0.00026490655389481746,-8.214821672463264e-06,0.0002649040445370782
kurumi-midori,48,actual_suppress,expected_source_shift,1000,-0.01198677780151254,-0.012188988655438573,-0.011784566947586506,-0.012188984939766681,-0.011784570663258397,-0.01198677780151254,-0.012188988655438573,-0.011784566947586506,-0.012316603329977673,-0.011656952273047406,-0.012029559338656638,-0.012235879552903948,-0.011823239124409328,-0.012235875761721594,-0.011823242915591682,-0.012029559338656638,-0.012235879552903948,-0.011823239124409328,-0.012366087632642528,-0.011693031044670748,-4.2781537144099086e-05,-8.830218463160239e-05,2.7391103434042224e-06,-8.830134817902264e-05,2.7382738908244625e-06,-4.2781537144099086e-05,-8.830218463160239e-05,2.7391103434042224e-06,-8.830134817902264e-05,2.7382738908244625e-06
kurumi-midori,48,actual_suppress,permutation_unchanged_fraction,1000,0.4815,0.4659157232416104,0.49708427675838956,0.46591600960635293,0.49708399039364703,0.0,0.0,0.0,0.0,0.0,0.4815,0.4659157232416104,0.49708427675838956,0.46591600960635293,0.49708399039364703,0.0,0.0,0.0,0.0,0.0,0.0,0.0,0.0,0.0,0.0,0.0,0.0,0.0,0.0,0.0
kurumi-midori,48,actual_suppress,information_transfers,1000,5.801,5.774155398475093,5.827844601524907,5.7741558917509455,5.827844108249055,0,0.0,0.0,0.0,0.0,5.801,5.774155398475093,5.827844601524907,5.7741558917509455,5.827844108249055,0,0.0,0.0,0.0,0.0,0,0.0,0.0,0.0,0.0,0,0.0,0.0,0.0,0.0
kurumi-midori,48,permuted_promote,bridge_count,1000,3.546,3.509424476171306,3.5825755238286936,3.5094251482551395,3.58257485174486,-0.005,-0.021751757560965996,0.011751757560965994,-0.03232374243514359,0.02232374243514359,3.457,3.4179695367865217,3.496030463213478,3.4179702539804424,3.4960297460195573,0.012,-0.007199193176240994,0.031199193176240994,-0.019315747461183082,0.04331574746118308,-0.089,-0.11419528306426996,-0.06380471693573003,-0.11419482009503117,-0.06380517990496883,0.017,-0.0018816072592534525,0.035881607259253455,-0.0018812603052891855,0.03588126030528919
kurumi-midori,48,permuted_promote,bridge_rate,1000,0.8865,0.8773561190428265,0.8956438809571734,0.8773562870637849,0.895643712936215,-0.00125,-0.005437939390241499,0.0029379393902414985,-0.008080935608785898,0.005580935608785897,0.86425,0.8544923841966304,0.8740076158033695,0.8544925634951106,0.8740074365048893,0.003,-0.0017997982940602484,0.0077997982940602485,-0.004828936865295771,0.01082893686529577,-0.02225,-0.02854882076606749,-0.015951179233932508,-0.02854870502375779,-0.015951294976242206,0.00425,-0.0004704018148133631,0.008970401814813364,-0.00047031507632229637,0.008970315076322297
kurumi-midori,48,permuted_promote,unformed_turns,1000,17.832,17.50092787155087,18.16307212844913,17.500933955078924,18.163066044921077,0.01625,-0.11653386058226782,0.1490338605822678,-0.20033336403745583,0.23283336403745586,18.8095,18.474706917060725,19.144293082939274,18.47471306896219,19.14428693103781,-0.08075,-0.2268419716181258,0.06534197161812579,-0.3190401847646958,0.15754018476469578,0.9775,0.7732271795485871,1.1817728204514129,0.7732309331095989,1.181769066890401,-0.097,-0.23679249739498873,0.04279249739498872,-0.23678992867504448,0.04278992867504447
kurumi-midori,48,permuted_promote,all_formed,1000,0.596,0.56557103787284,0.6264289621271599,0.5655715970121598,0.6264284029878402,-0.006,-0.021436294295639147,0.009436294295639145,-0.03117809417621481,0.019178094176214806,0.531,0.5000538227193037,0.5619461772806964,0.5000543913625732,0.5619456086374268,0.012,-0.003422836103436796,0.027422836103436796,-0.01315614255853879,0.03715614255853879,-0.065,-0.08637154142271405,-0.04362845857728595,-0.08637114871562523,-0.04362885128437477,0.018,0.0021080688689173108,0.033891931131082687,0.0021083608868811485,0.03389163911311885
kurumi-midori,48,permuted_promote,free_known_share,1000,0.13216666666666665,0.12911662577176514,0.13521670756156817,0.12911668181698233,0.13521665151635098,0.00047619047619047624,-0.00066518708743286,0.0016175680398138124,-0.0013855071072538586,0.002337888059634811,0.20009523809523808,0.19721526095769737,0.20297521523277878,0.1972153138779531,0.20297516231252305,-0.00016666666666666655,-0.001359732290746557,0.001026398957413224,-0.002112672493335456,0.001779339160002123,0.06792857142857142,0.06567320144552494,0.0701839414116179,0.06567324288847763,0.07018389996866521,-0.0006428571428571427,-0.0021121253031003576,0.0008264110173860724,-0.002112098304953125,0.0008263840192388398
kurumi-midori,48,permuted_promote,free_bridge_share,1000,0.7264761904761905,0.722268423513308,0.730683957439073,0.7222685008320134,0.7306838801203676,0.00035714285714285834,-0.0013006979717643588,0.0020149836860500754,-0.002346956437672486,0.0030612421519582026,0.6575952380952381,0.6535891804476682,0.661601295742808,0.6535892540599175,0.6616012221305587,0.0007380952380952379,-0.0009245145859412188,0.0024007050621316947,-0.0019737827506339576,0.003449973226824433,-0.06888095238095238,-0.07120494817862041,-0.06655695658328434,-0.07120490547465226,-0.06655699928725249,0.0003809523809523796,-0.001171618128331308,0.0019335228902360672,-0.0011715895994838634,0.0019334943613886226
kurumi-midori,48,permuted_promote,source_contact_share,1000,0.4804285714285714,0.47629859828225435,0.4845585445748885,0.47629867417148003,0.4845584686856628,0.0011428571428571423,-0.0006176079072782773,0.002903322192992562,-0.0017286322170448948,0.004014346502759179,0.4791666666666667,0.47492856694308244,0.48340476639025093,0.4749286448191594,0.48340468851417395,-0.0008095238095238088,-0.002550782301733466,0.0009317346826858484,-0.0036496854093434027,0.0020306377902957855,-0.001261904761904762,-0.003473745970133624,0.0009499364463240996,-0.0034737053270323774,0.0009498958032228535,-0.001952380952380951,-0.0036863830820243466,-0.00021837882273755558,-0.003686351219328302,-0.0002184106854335999
kurumi-midori,48,permuted_promote,unformed_bridge_contacts,1000,7.398,7.2566515618247776,7.539348438175222,7.256654159135499,7.539345840864501,0.005,-0.05648151540696388,0.06648151540696388,-0.09528231875899483,0.10528231875899484,7.138,7.005101686499296,7.2708983135007035,7.005104128536994,7.270895871463006,-0.042,-0.10301883902792905,0.019018839027929037,-0.14152764867941878,0.05752764867941878,-0.26,-0.34940007725843314,-0.17059992274156688,-0.3493984345110343,-0.1706015654889657,-0.047,-0.1120026218428645,0.018002621842864497,-0.1120014274044342,0.018001427404434195
kurumi-midori,48,permuted_promote,selection_total_variation,1000,0.03602332502597151,0.03541668893391037,0.036629961118032656,0.03541670008099092,0.036629949970952105,0.03602332502597151,0.03541668893391037,0.036629961118032656,0.03503384268234184,0.037012807369601185,0.03610032562733077,0.035491165978001254,0.03670948527666029,0.03549117717145276,0.036709474083208786,0.03610032562733077,0.035491165978001254,0.03670948527666029,0.035106727116870816,0.03709392413779073,7.700060135925929e-05,-5.576563390501159e-05,0.00020976683662353018,-5.57631942942828e-05,0.00020976439701280138,7.700060135925929e-05,-5.576563390501159e-05,0.00020976683662353018,-5.57631942942828e-05,0.00020976439701280138
kurumi-midori,48,permuted_promote,expected_source_shift,1000,-0.00014527016372015738,-0.0004531974602353365,0.00016265713279502172,-0.00045319180199900283,0.00016265147455868804,-0.00014527016372015738,-0.0004531974602353365,0.00016265713279502172,-0.0006475294704293254,0.00035698914298901055,-0.00010373039103866796,-0.0004123862001363957,0.0002049254180590598,-0.0004123805285134723,0.00020491974643613642,-0.00010373039103866796,-0.0004123862001363957,0.0002049254180590598,-0.0006071779724762563,0.00039971719039892043,4.153977268148941e-05,-2.4742330014263233e-06,8.555377836440514e-05,-2.4734242337432833e-06,8.555296959672211e-05,4.153977268148941e-05,-2.4742330014263233e-06,8.555377836440514e-05,-2.4734242337432833e-06,8.555296959672211e-05
kurumi-midori,48,permuted_promote,permutation_unchanged_fraction,1000,0.4815,0.4659157232416104,0.49708427675838956,0.46591600960635293,0.49708399039364703,0.0,0.0,0.0,0.0,0.0,0.4815,0.4659157232416104,0.49708427675838956,0.46591600960635293,0.49708399039364703,0.0,0.0,0.0,0.0,0.0,0.0,0.0,0.0,0.0,0.0,0.0,0.0,0.0,0.0,0.0
kurumi-midori,48,permuted_promote,information_transfers,1000,5.801,5.774155398475093,5.827844601524907,5.7741558917509455,5.827844108249055,0,0.0,0.0,0.0,0.0,5.801,5.774155398475093,5.827844601524907,5.7741558917509455,5.827844108249055,0,0.0,0.0,0.0,0.0,0,0.0,0.0,0.0,0.0,0,0.0,0.0,0.0,0.0
kurumi-midori,48,permuted_suppress,bridge_count,1000,3.544,3.507310055677142,3.580689944322858,3.507310729863479,3.580689270136521,-0.007,-0.026108346095109605,0.012108346095109607,-0.038167567054632624,0.024167567054632626,3.431,3.391915976367532,3.470084023632468,3.391916694545638,3.470083305454362,-0.014,-0.03436060904788461,0.006360609047884611,-0.04721012946984009,0.01921012946984009,-0.113,-0.1371949582683171,-0.08880504173168291,-0.13719451368028118,-0.08880548631971884,-0.007,-0.027840991063490923,0.013840991063490925,-0.027840608105389446,0.013840608105389448
kurumi-midori,48,permuted_suppress,bridge_rate,1000,0.886,0.8768275139192855,0.8951724860807145,0.8768276824658697,0.8951723175341303,-0.00175,-0.006527086523777401,0.0030270865237774017,-0.009541891763658156,0.006041891763658156,0.85775,0.847978994091883,0.867521005908117,0.8479791736364095,0.8675208263635905,-0.0035,-0.008590152261971153,0.0015901522619711527,-0.011802532367460022,0.0048025323674600225,-0.02825,-0.034298739567079274,-0.022201260432920727,-0.034298628420070296,-0.02220137157992971,-0.00175,-0.006960247765872731,0.003460247765872731,-0.006960152026347362,0.003460152026347362
kurumi-midori,48,permuted_suppress,unformed_turns,1000,17.8335,17.508103311311547,18.158896688688454,17.508109290552063,18.158890709447938,0.01775,-0.11932763725179439,0.15482763725179438,-0.20583693052086477,0.24133693052086475,18.907,18.56883755139986,19.24516244860014,18.568843765214208,19.245156234785792,0.01675,-0.13129472003496184,0.16479472003496182,-0.22472530695787934,0.2582253069578793,1.0735,0.8650797314925327,1.281920268507467,0.8650835612638758,1.281916438736124,-0.001,-0.15026978403825347,0.14826978403825347,-0.15026704117094314,0.14826704117094314
kurumi-midori,48,permuted_suppress,all_formed,1000,0.595,0.5645589714987121,0.6254410285012878,0.5645595308597544,0.6254404691402455,-0.007,-0.023517814619367774,0.009517814619367775,-0.0339421587919058,0.0199421587919058,0.507,0.4759972108587867,0.5380027891412134,0.47599778054231245,0.5380022194576876,-0.012,-0.02885257306226022,0.00485257306226022,-0.039488182302471427,0.015488182302471426,-0.088,-0.1084032483232975,-0.0675967516767025,-0.1084028734088216,-0.06759712659117839,-0.005,-0.022862693969159183,0.012862693969159181,-0.022862365737965722,0.01286236573796572
kurumi-midori,48,permuted_suppress,free_known_share,1000,0.13114285714285714,0.128144523241511,0.1341411910442033,0.12814457833660003,0.13414113594911425,-0.0005476190476190474,-0.0017727058535746787,0.0006774677583365838,-0.002545854529764726,0.0014506164345266315,0.20035714285714284,0.19758673842885952,0.20312754728542617,0.19758678933569102,0.20312749637859467,9.523809523809538e-05,-0.001038843112008138,0.0012293193024843286,-0.0017545584228023606,0.0019450346132785512,0.06921428571428571,0.06700138033015199,0.07142719109841944,0.06700142099280772,0.07142715043576371,0.0006428571428571428,-0.0008293754330786484,0.002115089718792934,-0.0008293483804595819,0.0021150626661738674
kurumi-midori,48,permuted_suppress,free_bridge_share,1000,0.7256904761904762,0.7215391168353243,0.7298418355456281,0.7215391931175267,0.7298417592634258,-0.00042857142857142736,-0.002128547208100159,0.0012714043509573039,-0.0032013969172867123,0.0023442540601438574,0.6558571428571429,0.6518893472612509,0.6598249384530349,0.6518894201704262,0.6598248655438597,-0.0010000000000000005,-0.0026731946098480738,0.0006731946098480729,-0.003729142801701519,0.001729142801701518,-0.06983333333333333,-0.07212186396216612,-0.06754480270450054,-0.07212182190987877,-0.06754484475678789,-0.0005714285714285731,-0.002132177459830613,0.0009893203169734667,-0.002132148780703533,0.000989291637846387
kurumi-midori,48,permuted_suppress,source_contact_share,1000,0.4801666666666667,0.4760555288316211,0.48427780450171226,0.4760556043747436,0.4842777289585898,0.0008809523809523802,-0.0008620498218291094,0.00262395458373387,-0.001962053380046886,0.0037239581419516465,0.4805952380952381,0.4763758513701977,0.48481462482027843,0.476375928902419,0.4848145472880572,0.0006190476190476205,-0.0011461339326220088,0.0023842291707172497,-0.0022601348126199726,0.003498230050715214,0.00042857142857142936,-0.0018356181146472817,0.0026927609717901403,-0.0018355765096330957,0.0026927193667759543,-0.00026190476190475964,-0.0019600862331256913,0.0014362767093161718,-0.0019600550286426512,0.0014362455048331317
kurumi-midori,48,permuted_suppress,unformed_bridge_contacts,1000,7.393,7.250473645653573,7.535526354346427,7.25047626460878,7.5355237353912194,0,-0.06468264562187175,0.06468264562187175,-0.10550367282737681,0.10550367282737681,7.154,7.021691422144389,7.2863085778556105,7.021693853345556,7.286306146654444,-0.026,-0.08780431418316727,0.03580431418316728,-0.12680883489243705,0.07480883489243705,-0.239,-0.3306405344482121,-0.14735946555178786,-0.3306388505318867,-0.1473611494681133,-0.026,-0.09458735819452521,0.04258735819452522,-0.09458609788572322,0.042586097885723234
kurumi-midori,48,permuted_suppress,selection_total_variation,1000,0.03589255084292206,0.03528763694618697,0.03649746473965715,0.035287648061621775,0.03649745362422235,0.03589255084292206,0.03528763694618697,0.03649746473965715,0.03490587756701802,0.036879224118826104,0.0359788614186378,0.035370099124378815,0.03658762371289678,0.03537011031052883,0.03658761252674677,0.0359788614186378,0.035370099124378815,0.03658762371289678,0.034985911032863456,0.03697181180441214,8.631057571573555e-05,-4.713076025657848e-05,0.00021975191168804956,-4.7128308240715775e-05,0.00021974945967218686,8.631057571573555e-05,-4.713076025657848e-05,0.00021975191168804956,-4.7128308240715775e-05,0.00021974945967218686
kurumi-midori,48,permuted_suppress,expected_source_shift,1000,0.0001028754542431638,-0.00020549303657749267,0.00041124394506382027,-0.00020548737023411005,0.00041123827872043765,0.0001028754542431638,-0.00020549303657749267,0.00041124394506382027,-0.00040010348319865076,0.0006058543916849784,8.335174105306168e-05,-0.000225164716544295,0.0003918681986504184,-0.00022515904748198818,0.0003918625295881116,8.335174105306168e-05,-0.000225164716544295,0.0003918681986504184,-0.00041986854456256686,0.0005865720266686902,-1.9523713190102118e-05,-6.369959316615702e-05,2.4652166785952793e-05,-6.369878142399588e-05,2.4651355043791633e-05,-1.9523713190102118e-05,-6.369959316615702e-05,2.4652166785952793e-05,-6.369878142399588e-05,2.4651355043791633e-05
kurumi-midori,48,permuted_suppress,permutation_unchanged_fraction,1000,0.4815,0.4659157232416104,0.49708427675838956,0.46591600960635293,0.49708399039364703,0.0,0.0,0.0,0.0,0.0,0.4815,0.4659157232416104,0.49708427675838956,0.46591600960635293,0.49708399039364703,0.0,0.0,0.0,0.0,0.0,0.0,0.0,0.0,0.0,0.0,0.0,0.0,0.0,0.0,0.0
kurumi-midori,48,permuted_suppress,information_transfers,1000,5.801,5.774155398475093,5.827844601524907,5.7741558917509455,5.827844108249055,0,0.0,0.0,0.0,0.0,5.801,5.774155398475093,5.827844601524907,5.7741558917509455,5.827844108249055,0,0.0,0.0,0.0,0.0,0,0.0,0.0,0.0,0.0,0,0.0,0.0,0.0,0.0
pooled,12,neutral,bridge_count,1000,1.762,1.7282227495852769,1.7957772504147231,1.7282233702501797,1.7957766297498203,0.0,0.0,0.0,0.0,0.0,1.657,1.626217814132375,1.687782185867625,1.626218379762264,1.687781620237736,0.0,0.0,0.0,0.0,0.0,-0.10499999999999997,-0.11615587599091526,-0.09384412400908468,-0.11615567099907602,-0.09384432900092392,2.1788126858268698e-17,1.646173384962481e-17,2.7114519866912587e-17,1.646183172334627e-17,2.7114421993191125e-17
pooled,12,neutral,bridge_rate,1000,0.4405,0.4320556873963192,0.4489443126036808,0.4320558425625449,0.4489441574374551,0.0,0.0,0.0,0.0,0.0,0.41425,0.4065544535330938,0.42194554646690624,0.406554594940566,0.421945405059434,0.0,0.0,0.0,0.0,0.0,-0.026249999999999992,-0.029038968997728815,-0.02346103100227117,-0.029038917749769005,-0.02346108225023098,5.4470317145671745e-18,4.115433462406202e-18,6.778629966728147e-18,4.115457930836568e-18,6.778605498297781e-18
pooled,12,neutral,unformed_turns,1000,10.196333333333333,10.16050953741562,10.232157129251046,10.160510195686276,10.23215647098039,0.0,0.0,0.0,0.0,0.0,10.33825,10.30536151859561,10.37113848140439,10.305362122929175,10.371137877070826,0.0,0.0,0.0,0.0,0.0,0.14191666666666672,0.1304103535382804,0.15342297979505304,0.13041056496948428,0.15342276836384916,3.9274139496114914e-17,1.2811558895871655e-18,7.726712310264267e-17,1.2818540195766159e-18,7.726642497265321e-17
pooled,12,neutral,all_formed,1000,0.014666666666666666,0.010427237758360774,0.01890609557497256,0.010427315658861815,0.018906017674471517,0.0,0.0,0.0,0.0,0.0,0.010333333333333333,0.007335105584094965,0.013331561082571702,0.0073351606772334415,0.013331505989433225,0.0,0.0,0.0,0.0,0.0,-0.004333333333333333,-0.007015013824126214,-0.0016516528425404528,-0.007014964547617894,-0.0016517021190487718,0.0,0.0,0.0,0.0,0.0
pooled,12,neutral,free_known_share,1000,0.16666666666666666,0.16666666666666666,0.16666666666666666,0.16666666666666666,0.16666666666666666,0.0,0.0,0.0,0.0,0.0,0.23394444444444443,0.231847520784178,0.23604136810471085,0.23184755931564233,0.23604132957324653,0.0,0.0,0.0,0.0,0.0,0.06727777777777778,0.06518085411751136,0.06937470143804421,0.0651808926489757,0.06937466290657987,4.4478309924045335e-18,3.59106088942166e-18,5.304601095387407e-18,3.591076632773357e-18,5.30458535203571e-18
pooled,12,neutral,free_bridge_share,1000,0.6666666666666666,0.6666666666666666,0.6666666666666666,0.6666666666666666,0.6666666666666666,0.0,0.0,0.0,0.0,0.0,0.5991388888888889,0.5970087471161721,0.6012690306616056,0.597008786258027,0.6012689915197508,0.0,0.0,0.0,0.0,0.0,-0.06752777777777776,-0.06965791955049457,-0.06539763600506095,-0.06965788040863961,-0.0653976751469159,2.5150020954711748e-17,2.1840215779745222e-17,2.8459826129678274e-17,2.1840276598192012e-17,2.8459765311231484e-17
pooled,12,neutral,source_contact_share,1000,0.44566666666666666,0.43587416859264894,0.4554591647406844,0.435874348532099,0.4554589848012343,0.0,0.0,0.0,0.0,0.0,0.44508333333333333,0.43625547905844,0.4539111876082267,0.43625564127233385,0.4539110253943328,0.0,0.0,0.0,0.0,0.0,-0.0005833333333333346,-0.003131629822941553,0.001964963156274884,-0.0031315829973955563,0.001964916330728887,-8.881784197001253e-19,-1.91256477061892e-18,1.362079312186696e-19,-1.912545947279333e-18,1.3618910787908234e-19
pooled,12,neutral,unformed_bridge_contacts,1000,3.018,2.980398430889129,3.0556015691108707,2.9803991218267853,3.0556008781732142,0.0,0.0,0.0,0.0,0.0,2.802,2.771172700908081,2.832827299091919,2.771173267366936,2.8328267326330643,0.0,0.0,0.0,0.0,0.0,-0.21600000000000003,-0.2309214470546401,-0.20107855294535995,-0.23092117286954889,-0.20107882713045117,-2.3647750424515834e-17,-3.4031993133136385e-17,-1.326350771589528e-17,-3.403180232023978e-17,-1.3263698528791885e-17
pooled,12,neutral,selection_total_variation,1000,0.0,0.0,0.0,0.0,0.0,0.0,0.0,0.0,0.0,0.0,0.0,0.0,0.0,0.0,0.0,0.0,0.0,0.0,0.0,0.0,0.0,0.0,0.0,0.0,0.0,0.0,0.0,0.0,0.0,0.0
pooled,12,neutral,expected_source_shift,1000,0.0,0.0,0.0,0.0,0.0,0.0,0.0,0.0,0.0,0.0,0.0,0.0,0.0,0.0,0.0,0.0,0.0,0.0,0.0,0.0,0.0,0.0,0.0,0.0,0.0,0.0,0.0,0.0,0.0,0.0
pooled,12,neutral,permutation_unchanged_fraction,1000,0.4815,0.4659157232416104,0.49708427675838956,0.46591600960635293,0.49708399039364703,0.0,0.0,0.0,0.0,0.0,0.4815,0.4659157232416104,0.49708427675838956,0.46591600960635293,0.49708399039364703,0.0,0.0,0.0,0.0,0.0,0.0,0.0,0.0,0.0,0.0,0.0,0.0,0.0,0.0,0.0
pooled,12,neutral,information_transfers,1000,5.801,5.774155398475093,5.827844601524907,5.7741558917509455,5.827844108249055,0,0.0,0.0,0.0,0.0,5.801,5.774155398475093,5.827844601524907,5.7741558917509455,5.827844108249055,0,0.0,0.0,0.0,0.0,0,0.0,0.0,0.0,0.0,0,0.0,0.0,0.0,0.0
pooled,12,actual_promote,bridge_count,1000,1.7286666666666666,1.6950466383053144,1.7622866950280187,1.6950472560812249,1.7622860772521083,-0.03333333333333333,-0.0462420888621454,-0.02042457780452127,-0.05438876646886143,-0.012277900197805242,1.6225,1.5921262873674331,1.652873712632567,1.5921268454915305,1.6528731545084696,-0.0345,-0.04220758704482857,-0.026792412955171437,-0.04707182253521111,-0.021928177464788895,-0.10616666666666665,-0.11718831174624801,-0.09514502158708528,-0.11718810922093327,-0.09514522411240002,-0.0011666666666666466,-0.009930048257202676,0.007596714923869382,-0.009929887228009478,0.007596553894676184
pooled,12,actual_promote,bridge_rate,1000,0.43216666666666664,0.4237616595763286,0.4405716737570047,0.4237618140203062,0.44057151931302707,-0.008333333333333333,-0.01156052221553635,-0.005106144451130317,-0.013597191617215357,-0.0030694750494513106,0.405625,0.3980315718418583,0.41321842815814175,0.3980317113728826,0.4132182886271174,-0.008625,-0.010551896761207142,-0.006698103238792859,-0.011767955633802778,-0.005482044366197224,-0.02654166666666666,-0.029297077936562003,-0.02378625539677132,-0.029297027305233318,-0.023786306028100005,-0.00029166666666666165,-0.002482512064300669,0.0018991787309673455,-0.0024824718070023694,0.001899138473669046
pooled,12,actual_promote,unformed_turns,1000,10.232833333333334,10.196981110167254,10.268685556499413,10.196981768960267,10.2686848977064,0.03649999999999999,0.024389459860462027,0.04861054013953796,0.016746533635714718,0.056253466364285264,10.370791666666667,10.338052651124176,10.403530682209158,10.33805325271127,10.403530080622065,0.03254166666666664,0.024796655133730625,0.04028667819960266,0.01990880115909317,0.04517453217424011,0.13795833333333335,0.12641867287787295,0.14949799378879375,0.1264188849218418,0.1494977817448249,-0.003958333333333307,-0.012333245616633662,0.004416578949967049,-0.012333091725655146,0.004416425058988533
pooled,12,actual_promote,all_formed,1000,0.013,0.00899828578606826,0.017001714213931738,0.00899835931850601,0.017001640681493988,-0.0016666666666666666,-0.0038321474642870564,0.0004988141309537233,-0.005198776019795154,0.0018654426864618203,0.009166666666666667,0.006280643794805497,0.012052689538527835,0.006280696826153021,0.012052636507180314,-0.0011666666666666665,-0.002589447947552772,0.00025611461421943876,-0.003487361024795489,0.001154027691462156,-0.003833333333333333,-0.006200788413090028,-0.0014658782535766387,-0.006200744910547375,-0.0014659217561192915,0.0005,-0.001433304465169398,0.002433304465169398,-0.0014332689402461688,0.002433268940246169
pooled,12,actual_promote,free_known_share,1000,0.16666666666666666,0.16666666666666666,0.16666666666666666,0.16666666666666666,0.16666666666666666,0.0,0.0,0.0,0.0,0.0,0.23383333333333334,0.23178990003026015,0.23587676663640653,0.23178993757882663,0.23587672908784005,-0.00011111111111111089,-0.001274287635349853,0.0010520654131276313,-0.0020083649150321016,0.0017861426928098797,0.06716666666666667,0.06512323336359349,0.06921009996973984,0.06512327091215996,0.06921006242117338,-0.00011111111111110643,-0.0012742876353498485,0.0010520654131276354,-0.001274266261708257,0.001052044039486044
pooled,12,actual_promote,free_bridge_share,1000,0.6666666666666666,0.6666666666666666,0.6666666666666666,0.6666666666666666,0.6666666666666666,1.6653345369377347e-18,-1.4017113290582905e-19,3.4708402067812986e-18,-1.2796204451562233e-18,4.610289519031693e-18,0.5988611111111111,0.5967694274065964,0.6009527948156257,0.5967694658417754,0.6009527563804468,-0.00027777777777777756,-0.0014809733790677774,0.0009254178235122222,-0.002240306580448074,0.0016847510248925188,-0.06780555555555554,-0.06989723926007017,-0.0657138718510409,-0.06989720082489126,-0.06571391028621981,-0.0002777777777777541,-0.0014809733790677542,0.0009254178235122459,-0.0014809512700662305,0.0009253957145107225
pooled,12,actual_promote,source_contact_share,1000,0.47783333333333333,0.467859331512985,0.4878073351536817,0.467859514787609,0.48780715187905765,0.03216666666666666,0.027664577279138052,0.03666875605419527,0.024823321922264125,0.039510011411069204,0.4766388888888889,0.4677709184718297,0.48550685930594806,0.46777108142286716,0.4855066963549106,0.03155555555555555,0.029002056723139262,0.03410905438797184,0.02739055112832104,0.035720559982790064,-0.001194444444444446,-0.0039055539945678916,0.0015166651056789996,-0.003905504177293702,0.0015166152884048096,-0.0006111111111111125,-0.0033947774124283947,0.0021725551902061695,-0.003394726261906875,0.0021725040396846497
pooled,12,actual_promote,unformed_bridge_contacts,1000,3.04,3.00278382078845,3.07721617921155,3.002784504644476,3.077215495355524,0.022000000000000002,0.00557186511248008,0.03842813488751992,-0.00479588244533467,0.04879588244533467,2.811166666666667,2.78040760917323,2.8419257241601037,2.7804081743781297,2.841925158955204,0.009166666666666668,-0.0006815823716259418,0.01901491570495928,-0.006896783343288028,0.025230116676621367,-0.22883333333333336,-0.24400849974091254,-0.21365816692575418,-0.24400822089366872,-0.213658445772998,-0.012833333333333358,-0.024748391527371814,-0.0009182751392949034,-0.02474817258538143,-0.0009184940812852847
pooled,12,actual_promote,selection_total_variation,1000,0.03410705160699054,0.03347721583232014,0.03473688738166094,0.033477227405700305,0.034736875808280776,0.03410705160699054,0.03347721583232014,0.03473688738166094,0.03307972832936422,0.03513437488461686,0.03392088254442471,0.03330257195749346,0.034539193131355964,0.033302583319095594,0.03453918176975383,0.03392088254442471,0.03330257195749346,0.034539193131355964,0.03291235796658587,0.034929407122263556,-0.00018616906256582665,-0.000222602943765645,-0.0001497351813660083,-0.00022260227428452816,-0.00014973585084712514,-0.00018616906256582665,-0.000222602943765645,-0.0001497351813660083,-0.00022260227428452816,-0.00014973585084712514
pooled,12,actual_promote,expected_source_shift,1000,0.01136901720233018,0.011159071944106714,0.011578962460553647,0.011159075801900101,0.01157895860276026,0.01136901720233018,0.011159071944106714,0.011578962460553647,0.011026576109788072,0.011711458294872289,0.011306960848141574,0.011100857319164492,0.011513064377118656,0.011100861106365201,0.011513060589917946,0.011306960848141574,0.011100857319164492,0.011513064377118656,0.01097078598886196,0.011643135707421188,-6.205635418860752e-05,-7.420098125521365e-05,-4.9911727122001393e-05,-7.420075809484137e-05,-4.991195028237368e-05,-6.205635418860752e-05,-7.420098125521365e-05,-4.9911727122001393e-05,-7.420075809484137e-05,-4.991195028237368e-05
pooled,12,actual_promote,permutation_unchanged_fraction,1000,0.4815,0.4659157232416104,0.49708427675838956,0.46591600960635293,0.49708399039364703,0.0,0.0,0.0,0.0,0.0,0.4815,0.4659157232416104,0.49708427675838956,0.46591600960635293,0.49708399039364703,0.0,0.0,0.0,0.0,0.0,0.0,0.0,0.0,0.0,0.0,0.0,0.0,0.0,0.0,0.0
pooled,12,actual_promote,information_transfers,1000,5.801,5.774155398475093,5.827844601524907,5.7741558917509455,5.827844108249055,0,0.0,0.0,0.0,0.0,5.801,5.774155398475093,5.827844601524907,5.7741558917509455,5.827844108249055,0,0.0,0.0,0.0,0.0,0,0.0,0.0,0.0,0.0,0,0.0,0.0,0.0,0.0
pooled,12,actual_suppress,bridge_count,1000,1.8086666666666666,1.7747611389926827,1.8425721943406506,1.77476176201471,1.8425715713186233,0.04666666666666667,0.03418877368071249,0.059144559652620846,0.02631401215619653,0.06701932117713681,1.6926666666666665,1.6615925908525926,1.7237407424807405,1.6615931618460278,1.7237401714873053,0.035666666666666666,0.0278077511026253,0.04352558223070803,0.022848012629327265,0.04848532070400607,-0.11599999999999998,-0.12691624351827713,-0.10508375648172281,-0.12691604292974082,-0.10508395707025914,-0.01099999999999998,-0.019343096700352932,-0.002656903299647028,-0.019342943393993218,-0.0026570566060067427
pooled,12,actual_suppress,bridge_rate,1000,0.45216666666666666,0.4436902847481707,0.46064304858516264,0.4436904405036775,0.4606428928296558,0.011666666666666667,0.008547193420178123,0.014786139913155211,0.006578503039049132,0.016754830294284203,0.42316666666666664,0.41539814771314815,0.4309351856201851,0.41539829046150695,0.4309350428718263,0.008916666666666666,0.006951937775656325,0.010881395557677007,0.005712003157331816,0.012121330176001517,-0.028999999999999995,-0.03172906087956928,-0.026270939120430704,-0.031729010732435205,-0.026270989267564784,-0.002749999999999995,-0.004835774175088233,-0.000664225824911757,-0.0048357358484983045,-0.0006642641515016857
pooled,12,actual_suppress,unformed_turns,1000,10.153,10.117201617683993,10.188798382316008,10.117202275487667,10.188797724512334,-0.04333333333333333,-0.05596775904871913,-0.030698907617947524,-0.06394130791789682,-0.022725358748769835,10.301083333333333,10.26812865686632,10.334038009800345,10.268129262416233,10.334037404250433,-0.03716666666666666,-0.04536203218996731,-0.02897130114336601,-0.050534103241937266,-0.023799230091396055,0.14808333333333337,0.1367147987394578,0.15945186792720895,0.13671500763894878,0.15945165902771796,0.006166666666666702,-0.0023191613613907976,0.014652494694724202,-0.0023190054323094424,0.014652338765642847
pooled,12,actual_suppress,all_formed,1000,0.017333333333333333,0.012743912180306169,0.021922754486360496,0.012743996511996838,0.021922670154669827,0.0026666666666666666,0.0008252464703370616,0.004508086862996271,-0.00033686839383478655,0.00567020172716812,0.011166666666666667,0.007922789201706817,0.014410544131626516,0.007922848808716465,0.014410484524616868,0.0008333333333333333,-0.00034393580721863164,0.0020106024738852984,-0.0010869068955629718,0.0027535735622296383,-0.006166666666666667,-0.009046316410874455,-0.0032870169224588778,-0.009046263496634649,-0.003287069836698685,-0.0018333333333333333,-0.003589691774184895,-7.697489248177192e-05,-0.003589659500686386,-7.700716598028098e-05
pooled,12,actual_suppress,free_known_share,1000,0.16666666666666666,0.16666666666666666,0.16666666666666666,0.16666666666666666,0.16666666666666666,0.0,0.0,0.0,0.0,0.0,0.23302777777777778,0.23092254819521463,0.23513300736034093,0.23092258687930223,0.23513296867625333,-0.000916666666666667,-0.0021247978485163434,0.0002914645151830097,-0.0028872458802559203,0.0010539125469225862,0.0663611111111111,0.06425588152854796,0.06846634069367426,0.06425592021263557,0.06846630200958664,-0.0009166666666666625,-0.002124797848516339,0.00029146451518301394,-0.0021247756488223645,0.00029144231548903956
pooled,12,actual_suppress,free_bridge_share,1000,0.6666666666666666,0.6666666666666666,0.6666666666666666,0.6666666666666666,0.6666666666666666,8.881784197001253e-19,-7.689562778528613e-19,2.545313117253112e-18,-1.8147691063424108e-18,3.591125945742661e-18,0.6001111111111112,0.5979935814623707,0.6022286407598516,0.5979936203724749,0.6022286018497474,0.0009722222222222215,-0.00026965459519348806,0.002214099039637931,-0.0010533993981808112,0.0029978438426252543,-0.06655555555555553,-0.06867308520429596,-0.0644380259068151,-0.06867304629419176,-0.06443806481691931,0.0009722222222222458,-0.000269654595193464,0.002214099039637956,-0.00026963177541551695,0.0022140762198600084
pooled,12,actual_suppress,source_contact_share,1000,0.41583333333333333,0.40592021958089847,0.4257464470857682,0.40592040173669,0.4257462649299767,-0.029833333333333333,-0.03413160300715041,-0.02553506365951626,-0.036844228342811605,-0.022822438323855065,0.4152222222222222,0.40629795497643284,0.4241464894680116,0.4062981189619377,0.42414632548250675,-0.029861111111111113,-0.03230529097743082,-0.027416931244791404,-0.033847805694615596,-0.02587441652760663,-0.0006111111111111128,-0.0031634546545504707,0.0019412324323282452,-0.0031634077546389104,0.001941185532416685,-2.7777777777779134e-05,-0.0026361691747414004,0.0025806136191858418,-0.002636121244937379,0.0025805656893818202
pooled,12,actual_suppress,unformed_bridge_contacts,1000,3.0246666666666666,2.987125142852669,3.062208190480664,2.9871258326869787,3.0622075006463545,0.0066666666666666645,-0.008347611785737742,0.021680945119071073,-0.01782307871019798,0.03115641204353131,2.8035,2.7728041277607547,2.8341958722392455,2.7728046918046103,2.83419530819539,0.0014999999999999979,-0.007841391533039999,0.010841391533039995,-0.01373671622548825,0.016736716225488245,-0.22116666666666668,-0.23646172628312104,-0.20587160705021232,-0.23646144523281135,-0.205871888100522,-0.005166666666666691,-0.016896357988391546,0.006563024655058165,-0.016896142452560943,0.006562809119227563
pooled,12,actual_suppress,selection_total_variation,1000,0.033748014344291456,0.03312378173533983,0.034372246953243084,0.033123793205760504,0.03437223548282241,0.033748014344291456,0.03312378173533983,0.034372246953243084,0.03272983037377151,0.034766198314811404,0.03353997530829131,0.032925865687385994,0.034154084929196624,0.03292587697179439,0.03415407364478823,0.03353997530829131,0.032925865687385994,0.034154084929196624,0.03253830291376837,0.034541647702814246,-0.00020803903600014607,-0.0002402923448253899,-0.00017578572717490224,-0.00024029175216327145,-0.00017578631983702068,-0.00020803903600014607,-0.0002402923448253899,-0.00017578572717490224,-0.00024029175216327145,-0.00017578631983702068
pooled,12,actual_suppress,expected_source_shift,1000,-0.011249338114763821,-0.01145741565108103,-0.011041260578446612,-0.011457411827607471,-0.011041264401920171,-0.011249338114763821,-0.01145741565108103,-0.011041260578446612,-0.011588732771603804,-0.010909943457923838,-0.011179991769430436,-0.011384694976398874,-0.010975288562461999,-0.01138469121492941,-0.010975292323931463,-0.011179991769430436,-0.011384694976398874,-0.010975288562461999,-0.011513882567604748,-0.010846100971256125,6.934634533338416e-05,5.859524239163626e-05,8.009744827513206e-05,5.859543994567573e-05,8.009725072109258e-05,6.934634533338416e-05,5.859524239163626e-05,8.009744827513206e-05,5.859543994567573e-05,8.009725072109258e-05
pooled,12,actual_suppress,permutation_unchanged_fraction,1000,0.4815,0.4659157232416104,0.49708427675838956,0.46591600960635293,0.49708399039364703,0.0,0.0,0.0,0.0,0.0,0.4815,0.4659157232416104,0.49708427675838956,0.46591600960635293,0.49708399039364703,0.0,0.0,0.0,0.0,0.0,0.0,0.0,0.0,0.0,0.0,0.0,0.0,0.0,0.0,0.0
pooled,12,actual_suppress,information_transfers,1000,5.801,5.774155398475093,5.827844601524907,5.7741558917509455,5.827844108249055,0,0.0,0.0,0.0,0.0,5.801,5.774155398475093,5.827844601524907,5.7741558917509455,5.827844108249055,0,0.0,0.0,0.0,0.0,0,0.0,0.0,0.0,0.0,0,0.0,0.0,0.0,0.0
pooled,12,permuted_promote,bridge_count,1000,1.7646666666666666,1.7308176422748986,1.7985156910584346,1.7308182642586651,1.798515069074668,0.002666666666666668,-0.010007196986006625,0.01534053031933996,-0.018005635021288508,0.023338968354621844,1.6595,1.6285335556044818,1.6904664443955182,1.6285341246201643,1.6904658753798356,0.002499999999999997,-0.005643089088294438,0.010643089088294432,-0.010782168636050565,0.01578216863605056,-0.10516666666666664,-0.11614757028156808,-0.09418576305176521,-0.1161473685048873,-0.09418596482844599,-0.00016666666666664931,-0.008363517924822192,0.008030184591488892,-0.008363367305756798,0.008030033972423498
pooled,12,permuted_promote,bridge_rate,1000,0.44116666666666665,0.43270441056872466,0.44962892276460864,0.4327045660646663,0.449628767268667,0.000666666666666667,-0.002501799246501656,0.00383513257983499,-0.004501408755322127,0.005834742088655461,0.414875,0.40713338890112044,0.42261661109887955,0.4071335311550411,0.4226164688449589,0.0006249999999999993,-0.0014107722720736095,0.002660772272073608,-0.002695542159012641,0.00394554215901264,-0.02629166666666666,-0.02903689257039202,-0.023546440762941302,-0.029036842126221825,-0.023546491207111497,-4.166666666666233e-05,-0.002090879481205548,0.002007546147872223,-0.0020908418264391996,0.0020075084931058746
pooled,12,permuted_promote,unformed_turns,1000,10.1975,10.161467405124679,10.23353259487532,10.161468067232065,10.233531932767935,0.0011666666666666624,-0.01231265316850211,0.014645986501835436,-0.020819412229035508,0.023152745562368834,10.336083333333333,10.302866268120987,10.369300398545679,10.302866878492354,10.369299788174311,-0.0021666666666666804,-0.010920169500178573,0.0065868361668452126,-0.01644447936528756,0.0121111460319542,0.13858333333333336,0.12691610334026016,0.15025056332640657,0.1269163177283492,0.15025034893831754,-0.0033333333333333036,-0.011875424841115652,0.0052087581744490455,-0.011875267878179652,0.005208601211513046
pooled,12,permuted_promote,all_formed,1000,0.015666666666666666,0.011291974970266832,0.0200413583630665,0.011292055356253345,0.020041277977079986,0.001,-0.0013559895722694568,0.003355989572269457,-0.0028428476545396346,0.004842847654539635,0.010499999999999999,0.007381708336532001,0.013618291663467997,0.007381765635873077,0.013618234364126921,0.00016666666666666666,-0.0012579153189816966,0.00159124865231503,-0.0021569648156980225,0.0024902981490313556,-0.005166666666666667,-0.007901885292671388,-0.0024314480406619457,-0.00790183503238727,-0.002431498300946063,-0.0008333333333333333,-0.0028737325061276896,0.0012070658394610233,-0.0028736950133140763,0.00120702834664741
pooled,12,permuted_promote,free_known_share,1000,0.16666666666666666,0.16666666666666666,0.16666666666666666,0.16666666666666666,0.16666666666666666,0.0,0.0,0.0,0.0,0.0,0.2328611111111111,0.23077810425247414,0.23494411796974807,0.23077814252821396,0.23494407969400824,-0.001083333333333333,-0.0022534975083712723,8.683084170460638e-05,-0.002991984673899009,0.000825318007232343,0.06619444444444444,0.06411143758580747,0.06827745130308142,0.0641114758615473,0.06827741302734158,-0.0010833333333333287,-0.002253497508371268,8.683084170461072e-05,-0.0022534760063299534,8.680933966329595e-05
pooled,12,permuted_promote,free_bridge_share,1000,0.6666666666666666,0.6666666666666666,0.6666666666666666,0.6666666666666666,0.6666666666666666,9.992007221626408e-19,-6.719331447900196e-19,2.670334589115301e-18,-1.7265808078696578e-18,3.72498225219494e-18,0.5999722222222222,0.5978581880462243,0.6020862563982202,0.5978582268920983,0.6020862175523461,0.0008333333333333335,-0.00039088678075041724,0.0020575534474170844,-0.00116348849025194,0.002830155156918607,-0.06669444444444443,-0.0688084786204424,-0.06458041026844646,-0.06880843977456833,-0.06458044911432054,0.0008333333333333577,-0.0003908867807503935,0.0020575534474171087,-0.0003908642854185139,0.0020575309520852294
pooled,12,permuted_promote,source_contact_share,1000,0.4518333333333333,0.44198777456669,0.46167889209997665,0.4419879554811427,0.4616787111855239,0.006166666666666666,0.0020373261829322005,0.010296007150401132,-0.0005686884382495889,0.01290202177158292,0.4484444444444444,0.4395171906735741,0.45737169821531476,0.43951735471395703,0.4573715341749318,0.003361111111111109,0.0008969917594479297,0.005825230462774288,-0.0006581067082288691,0.007380328930451087,-0.0033888888888888914,-0.005857073102250785,-0.0009207046755269977,-0.005857027748786664,-0.0009207500289911187,-0.0028055555555555577,-0.005257870061852786,-0.00035324104925832855,-0.005257824999998257,-0.0003532861111128576
pooled,12,permuted_promote,unformed_bridge_contacts,1000,3.03,2.99311652921587,3.0668834707841297,2.993117206958301,3.0668827930416986,0.011999999999999999,-0.004827200461945463,0.02882720046194546,-0.015446797128803104,0.0394467971288031,2.8133333333333335,2.782856358684239,2.843810307982428,2.7828569187058,2.843809747960867,0.011333333333333332,0.0008984096041806736,0.02176825706248599,-0.005687040037524701,0.028353706704191364,-0.21666666666666667,-0.23141391398695488,-0.20191941934637847,-0.2314136430028247,-0.20191969033050866,-0.0006666666666666902,-0.012175468642672835,0.010842135309339454,-0.012175257165735795,0.010841923832402414
pooled,12,permuted_promote,selection_total_variation,1000,0.03501027242909141,0.03437164070843961,0.03564890414974321,0.03437165244344734,0.035648892414735484,0.03501027242909141,0.03437164070843961,0.03564890414974321,0.0339686021098729,0.03605194274830992,0.03476827330053493,0.03413912426396897,0.035397422337100894,0.03413913582473015,0.03539741077633971,0.03476827330053493,0.03413912426396897,0.035397422337100894,0.03374207015940878,0.03579447644166109,-0.000241999128556476,-0.00027693751408644116,-0.00020706074302651083,-0.0002769368720854082,-0.0002070613850275438,-0.000241999128556476,-0.00027693751408644116,-0.00020706074302651083,-0.0002769368720854082,-0.0002070613850275438
pooled,12,permuted_promote,expected_source_shift,1000,-3.947530340695948e-05,-0.0003567973161727917,0.00027784670935887274,-0.0003567914853063423,0.00027784087849242335,-3.947530340695948e-05,-0.0003567973161727917,0.00027784670935887274,-0.0005570583041315094,0.00047810769731759047,-3.307979066801312e-05,-0.0003467745755575376,0.00028061499422151143,-0.00034676881134225164,0.00028060923000622535,-3.307979066801312e-05,-0.0003467745755575376,0.00028061499422151143,-0.00054474643068324,0.0004785868493472137,6.395512738946363e-06,-4.8958198759074255e-06,1.768684535380015e-05,-4.89561239502093e-06,1.7686637872913655e-05,6.395512738946363e-06,-4.8958198759074255e-06,1.768684535380015e-05,-4.89561239502093e-06,1.7686637872913655e-05
pooled,12,permuted_promote,permutation_unchanged_fraction,1000,0.4815,0.4659157232416104,0.49708427675838956,0.46591600960635293,0.49708399039364703,0.0,0.0,0.0,0.0,0.0,0.4815,0.4659157232416104,0.49708427675838956,0.46591600960635293,0.49708399039364703,0.0,0.0,0.0,0.0,0.0,0.0,0.0,0.0,0.0,0.0,0.0,0.0,0.0,0.0,0.0
pooled,12,permuted_promote,information_transfers,1000,5.801,5.774155398475093,5.827844601524907,5.7741558917509455,5.827844108249055,0,0.0,0.0,0.0,0.0,5.801,5.774155398475093,5.827844601524907,5.7741558917509455,5.827844108249055,0,0.0,0.0,0.0,0.0,0,0.0,0.0,0.0,0.0,0,0.0,0.0,0.0,0.0
pooled,12,permuted_suppress,bridge_count,1000,1.762,1.7284766980007564,1.7955233019992436,1.7284773139992975,1.7955226860007025,-1.7763568394002505e-18,-0.012809072527145452,0.012809072527145448,-0.020892840485008418,0.02089284048500841,1.6528333333333334,1.6223414473445068,1.68332521932216,1.6223420076400672,1.6833246590265996,-0.004166666666666665,-0.01234640262221711,0.00401306928888378,-0.017508609899998372,0.00917527656666504,-0.10916666666666663,-0.12021127641602522,-0.09812205691730805,-0.12021107346872928,-0.09812225986460399,-0.0041666666666666415,-0.012999398119773346,0.004666064786440063,-0.01299923581626015,0.0046659024829268664
pooled,12,permuted_suppress,bridge_rate,1000,0.4405,0.4321191745001891,0.4488808254998109,0.4321193284998244,0.44888067150017563,-4.440892098500626e-19,-0.003202268131786363,0.003202268131786362,-0.0052232101212521045,0.005223210121252103,0.41320833333333334,0.4055853618361267,0.42083130483054,0.4055855019100168,0.4208311647566499,-0.0010416666666666662,-0.0030866006555542776,0.001003267322220945,-0.004377152474999593,0.00229381914166626,-0.02729166666666666,-0.030052819104006305,-0.024530514229327012,-0.03005276836718232,-0.024530564966150997,-0.0010416666666666604,-0.0032498495299433366,0.0011665161966100158,-0.0032498089540650373,0.0011664756207317166
pooled,12,permuted_suppress,unformed_turns,1000,10.194333333333333,10.158989645221366,10.2296770214453,10.158990294669929,10.229676371996737,-0.002,-0.01434992392233872,0.01034992392233872,-0.022143924547588935,0.018143924547588938,10.338583333333334,10.306125781777533,10.371040884889135,10.30612637819266,10.371040288474008,0.0003333333333333215,-0.008020811572932829,0.00868747823959947,-0.013293087825994875,0.013959754492661517,0.14425000000000002,0.13314061312727843,0.1553593868727216,0.1331408172648692,0.15535918273513083,0.002333333333333361,-0.006305615899290004,0.010972282565956726,-0.006305457156570583,0.010972123823237305
pooled,12,permuted_suppress,all_formed,1000,0.014333333333333333,0.01014016527186417,0.018526501394802497,0.010140242322311296,0.01852642434435537,-0.0003333333333333333,-0.002294205122545796,0.0016275384558791294,-0.003531705535282207,0.00286503886861554,0.01,0.006927101542981063,0.013072898457018938,0.006927158008211316,0.013072841991788684,-0.0003333333333333333,-0.0016404903984660049,0.0009738237317993383,-0.002465433373581513,0.0017987667069148461,-0.004333333333333333,-0.0071698723665603314,-0.0014967943001063348,-0.007169820244489955,-0.0014968464221767112,0.0,-0.0020670551907498867,0.0020670551907498867,-0.002067017208125688,0.002067017208125688
pooled,12,permuted_suppress,free_known_share,1000,0.16666666666666666,0.16666666666666666,0.16666666666666666,0.16666666666666666,0.16666666666666666,0.0,0.0,0.0,0.0,0.0,0.23349999999999999,0.23139231592399073,0.23560768407600924,0.23139235465318023,0.23560764534681974,-0.00044444444444444474,-0.0017122944635047932,0.0008234055746159036,-0.0025124308775766103,0.0016235419886877207,0.06683333333333334,0.06472564925732407,0.06894101740934261,0.06472568798651357,0.06894097868015311,-0.0004444444444444403,-0.0017122944635047884,0.000823405574615908,-0.0017122711664631662,0.0008233822775742857
pooled,12,permuted_suppress,free_bridge_share,1000,0.6666666666666666,0.6666666666666666,0.6666666666666666,0.6666666666666666,0.6666666666666666,5.551115123125783e-19,-1.1998059730175294e-18,2.310028997642686e-18,-2.3073292309693254e-18,3.417552255594482e-18,0.5992777777777778,0.5971218244602065,0.6014337310953491,0.5971218640763546,0.601433691479201,0.00013888888888888894,-0.001180827556858525,0.0014586053346363028,-0.002013696720101151,0.002291474497878929,-0.06738888888888887,-0.06954484220646026,-0.06523293557131749,-0.06954480259031212,-0.06523297518746562,0.00013888888888891353,-0.0011808275568585005,0.0014586053346363277,-0.0011808033067591166,0.0014585810845369439
pooled,12,permuted_suppress,source_contact_share,1000,0.445,0.4351891062660897,0.4548108937339103,0.43518928654356437,0.45481071345643564,-0.0006666666666666668,-0.0047223111265914585,0.0033889777932581246,-0.007281816404131698,0.005948483070798364,0.4444444444444444,0.43562743162696105,0.4532614572619278,0.43562759364164066,0.4532612952472482,-0.0006388888888888893,-0.0030284960551044122,0.0017507182773266335,-0.004536570101932971,0.0032587923241551926,-0.0005555555555555571,-0.0032283342072642377,0.0021172230961531238,-0.003228285094329301,0.002117173983218187,2.777777777777659e-05,-0.0024926778647656,0.0025482334203211533,-0.0024926315508017015,0.002548187106357255
pooled,12,permuted_suppress,unformed_bridge_contacts,1000,3.0126666666666666,2.975193310500212,3.050140022833121,2.9751939990819256,3.0501393342514076,-0.005333333333333336,-0.020575591434810036,0.009908924768143364,-0.030194935644554582,0.01952826897788791,2.8005,2.7696146554405976,2.8313853445594024,2.769615222966052,2.831384777033948,-0.001499999999999999,-0.011089660299057419,0.00808966029905742,-0.017141666678756374,0.014141666678756376,-0.21216666666666667,-0.22722382299406724,-0.1971095103392661,-0.22722354631528632,-0.19710978701804702,0.003833333333333312,-0.0077701532907451815,0.015436819957411805,-0.007769940073955515,0.015436606740622139
pooled,12,permuted_suppress,selection_total_variation,1000,0.034916251293066566,0.03427859177945782,0.03555391080667531,0.03427860349660102,0.03555389908953211,0.034916251293066566,0.03427859177945782,0.03555391080667531,0.03387616673789351,0.03595633584823962,0.03469233686209457,0.03406515343466148,0.03531952028952765,0.03406516495930414,0.035319508764884995,0.03469233686209457,0.03406515343466148,0.03531952028952765,0.03366933982023767,0.035715333903951464,-0.00022391443097200027,-0.00025773045552462156,-0.00019009840641937898,-0.0002577298341472349,-0.00019009902779676565,-0.00022391443097200027,-0.00025773045552462156,-0.00019009840641937898,-0.0002577298341472349,-0.00019009902779676565
pooled,12,permuted_suppress,expected_source_shift,1000,0.00013099701429621156,-0.00018549220056378253,0.00044748622915620565,-0.0001854863850001901,0.0004474804135926132,0.00013099701429621156,-0.00018549220056378253,0.00044748622915620565,-0.00038522761221615,0.0006472216408085731,0.0001354851555309495,-0.00017772513666689142,0.0004486954477287904,-0.0001777193813542723,0.00044868969241617133,0.0001354851555309495,-0.00017772513666689142,0.0004486954477287904,-0.0003753912298813741,0.0006463615409432732,4.488141234737931e-06,-6.58067460561302e-06,1.555695707508888e-05,-6.580471213524474e-06,1.5556753683000336e-05,4.488141234737931e-06,-6.58067460561302e-06,1.555695707508888e-05,-6.580471213524474e-06,1.5556753683000336e-05
pooled,12,permuted_suppress,permutation_unchanged_fraction,1000,0.4815,0.4659157232416104,0.49708427675838956,0.46591600960635293,0.49708399039364703,0.0,0.0,0.0,0.0,0.0,0.4815,0.4659157232416104,0.49708427675838956,0.46591600960635293,0.49708399039364703,0.0,0.0,0.0,0.0,0.0,0.0,0.0,0.0,0.0,0.0,0.0,0.0,0.0,0.0,0.0
pooled,12,permuted_suppress,information_transfers,1000,5.801,5.774155398475093,5.827844601524907,5.7741558917509455,5.827844108249055,0,0.0,0.0,0.0,0.0,5.801,5.774155398475093,5.827844601524907,5.7741558917509455,5.827844108249055,0,0.0,0.0,0.0,0.0,0,0.0,0.0,0.0,0.0,0,0.0,0.0,0.0,0.0
pooled,24,neutral,bridge_count,1000,2.727333333333333,2.6904789739713557,2.7641876926953106,2.690479651178858,2.7641870154878085,0.0,0.0,0.0,0.0,0.0,2.6391666666666667,2.605129580652505,2.6732037526808283,2.605130206091948,2.6732031272413854,0.0,0.0,0.0,0.0,0.0,-0.08816666666666666,-0.09945607645618257,-0.07687725687715075,-0.09945586901062844,-0.07687746432270487,5.134781488891349e-18,-4.1778056315003e-18,1.4447368609282996e-17,-4.17763451052661e-18,1.4447197488309308e-17
pooled,24,neutral,bridge_rate,1000,0.6818333333333333,0.6726197434928389,0.6910469231738277,0.6726199127947144,0.6910467538719521,0.0,0.0,0.0,0.0,0.0,0.6597916666666667,0.6512823951631262,0.6683009381702071,0.651282551522987,0.6683007818103464,0.0,0.0,0.0,0.0,0.0,-0.022041666666666664,-0.024864019114045642,-0.019219314219287686,-0.02486396725265711,-0.019219366080676217,1.2836953722228372e-18,-1.044451407875075e-18,3.611842152320749e-18,-1.0444086276316525e-18,3.611799372077327e-18
pooled,24,neutral,unformed_turns,1000,15.028833333333333,14.911352077903278,15.146314588763389,14.911354236648915,15.146312430017751,0.0,0.0,0.0,0.0,0.0,15.443291666666667,15.334897682947636,15.551685650385698,15.334899674712524,15.55168365862081,0.0,0.0,0.0,0.0,0.0,0.4144583333333333,0.37946592632885,0.4494507403378166,0.37946656932254025,0.4494500973441264,-3.4861002973229916e-17,-9.196499896403427e-17,2.224299301757444e-17,-9.196394966470754e-17,2.2241943718247714e-17
pooled,24,neutral,all_formed,1000,0.17933333333333332,0.16419215758848874,0.1944745090781779,0.16419243581114618,0.19447423085552046,0.0,0.0,0.0,0.0,0.0,0.1485,0.13593883793091344,0.16106116206908655,0.13593906874521414,0.16106093125478585,0.0,0.0,0.0,0.0,0.0,-0.03083333333333333,-0.03756932515399569,-0.02409734151267097,-0.03756920137856528,-0.024097465288101385,2.498001805406602e-19,-3.3872643996416306e-19,8.383268010454834e-19,-3.3871562564940384e-19,8.383159867307243e-19
pooled,24,neutral,free_known_share,1000,0.16666666666666666,0.16666666666666666,0.16666666666666666,0.16666666666666666,0.16666666666666666,0.0,0.0,0.0,0.0,0.0,0.22574074074074074,0.224662623253293,0.22681885822818848,0.22466264306395484,0.22681883841752665,0.0,0.0,0.0,0.0,0.0,0.05907407407407408,0.057995956586626346,0.06015219156152181,0.05799597639728818,0.060152171750859976,3.2144426009850235e-18,2.5925307426379948e-18,3.836354459332052e-18,2.592542170414334e-18,3.836343031555713e-18
pooled,24,neutral,free_bridge_share,1000,0.6666666666666666,0.6666666666666666,0.6666666666666666,0.6666666666666666,0.6666666666666666,0.0,0.0,0.0,0.0,0.0,0.6071944444444445,0.6060878851952399,0.608301003693649,0.6060879055285258,0.6083009833603632,0.0,0.0,0.0,0.0,0.0,-0.0594722222222222,-0.0605787814714268,-0.058365662973017596,-0.060578761138140924,-0.05836568330630347,2.1609450340243087e-17,1.887224895372304e-17,2.4346651726763135e-17,1.887229925044085e-17,2.4346601430045326e-17
pooled,24,neutral,source_contact_share,1000,0.47144444444444444,0.46607429411286905,0.47681459477601984,0.46607439279064156,0.47681449609824733,0.0,0.0,0.0,0.0,0.0,0.4723611111111111,0.4674878388676204,0.47723438335460183,0.46748792841514153,0.4772342938070807,0.0,0.0,0.0,0.0,0.0,0.000916666666666668,-0.0005184666341081812,0.002351799967441517,-0.0005184402631970018,0.002351773596530338,1.0680114200430543e-18,-3.2052396701309425e-19,2.456546807099203e-18,-3.2049845234951425e-19,2.456521292435623e-18
pooled,24,neutral,unformed_bridge_contacts,1000,5.716,5.641671914406186,5.790328085593814,5.641673280202201,5.7903267197977994,0.0,0.0,0.0,0.0,0.0,5.458,5.393193207796609,5.522806792203391,5.393194398636624,5.522805601363376,0.0,0.0,0.0,0.0,0.0,-0.258,-0.28057186409827717,-0.23542813590172285,-0.2805714493349775,-0.23542855066502252,7.41073868937292e-18,-1.3885884714675716e-17,2.8707362093421554e-17,-1.3885493384223062e-17,2.8706970762968906e-17
pooled,24,neutral,selection_total_variation,1000,0.0,0.0,0.0,0.0,0.0,0.0,0.0,0.0,0.0,0.0,0.0,0.0,0.0,0.0,0.0,0.0,0.0,0.0,0.0,0.0,0.0,0.0,0.0,0.0,0.0,0.0,0.0,0.0,0.0,0.0
pooled,24,neutral,expected_source_shift,1000,0.0,0.0,0.0,0.0,0.0,0.0,0.0,0.0,0.0,0.0,0.0,0.0,0.0,0.0,0.0,0.0,0.0,0.0,0.0,0.0,0.0,0.0,0.0,0.0,0.0,0.0,0.0,0.0,0.0,0.0
pooled,24,neutral,permutation_unchanged_fraction,1000,0.4815,0.4659157232416104,0.49708427675838956,0.46591600960635293,0.49708399039364703,0.0,0.0,0.0,0.0,0.0,0.4815,0.4659157232416104,0.49708427675838956,0.46591600960635293,0.49708399039364703,0.0,0.0,0.0,0.0,0.0,0.0,0.0,0.0,0.0,0.0,0.0,0.0,0.0,0.0,0.0
pooled,24,neutral,information_transfers,1000,5.801,5.774155398475093,5.827844601524907,5.7741558917509455,5.827844108249055,0,0.0,0.0,0.0,0.0,5.801,5.774155398475093,5.827844601524907,5.7741558917509455,5.827844108249055,0,0.0,0.0,0.0,0.0,0,0.0,0.0,0.0,0.0,0,0.0,0.0,0.0,0.0
pooled,24,actual_promote,bridge_count,1000,2.671333333333333,2.633830070217381,2.7088365964492853,2.6338307593486414,2.708835907318025,-0.05600000000000001,-0.07095976839405402,-0.041040231605946005,-0.0804008341811844,-0.03159916581881561,2.5828333333333333,2.548523967022352,2.617142699644315,2.548524597465009,2.6171420692016576,-0.05633333333333334,-0.06535382103378,-0.04731284563288668,-0.07104662426232242,-0.041620042404344255,-0.0885,-0.09981719323942001,-0.07718280676057998,-0.09981698528333846,-0.07718301471666153,-0.0003333333333333263,-0.010224986164334949,0.009558319497668296,-0.010224804402892938,0.009558137736226286
pooled,24,actual_promote,bridge_rate,1000,0.6678333333333333,0.6584575175543452,0.6772091491123213,0.6584576898371604,0.6772089768295062,-0.014000000000000002,-0.017739942098513505,-0.010260057901486501,-0.0201002085452961,-0.007899791454703903,0.6457083333333333,0.637130991755588,0.6542856749110787,0.6371311493662523,0.6542855173004144,-0.014083333333333335,-0.016338455258445,-0.01182821140822167,-0.017761656065580604,-0.010405010601086064,-0.022125,-0.024954298309855003,-0.019295701690144995,-0.024954246320834615,-0.019295753679165382,-8.333333333333157e-05,-0.002556246541083737,0.002389579874417074,-0.0025562011007232346,0.0023895344340565715
pooled,24,actual_promote,unformed_turns,1000,15.2145,15.097322111143814,15.331677888856184,15.09732426431502,15.331675735684978,0.18566666666666667,0.14367821175249518,0.22765512158083817,0.11717942148364224,0.2541539118496911,15.623208333333334,15.515873769719427,15.730542896947242,15.515875742017222,15.730540924649446,0.1799166666666667,0.1538440412435911,0.2059892920897423,0.13738968410526117,0.22244364922807222,0.40870833333333334,0.3733122275184328,0.4441044391482339,0.3733128779301834,0.44410378873648326,-0.005750000000000017,-0.03367544848930605,0.022175448489306013,-0.03367493535263689,0.022174935352636857
pooled,24,actual_promote,all_formed,1000,0.16566666666666666,0.15050525717252794,0.18082807616080537,0.15050553576698525,0.18082779756634806,-0.013666666666666666,-0.020866401198778833,-0.006466932134554496,-0.025410132463666767,-0.0019232008696665644,0.13333333333333333,0.12123620298002197,0.1454304636866447,0.121236425267631,0.14543024139903565,-0.015166666666666667,-0.019437012089206344,-0.01089632124412699,-0.02213201451210433,-0.008201318821229002,-0.03233333333333333,-0.039097722097690045,-0.02556894456897662,-0.03909759780045913,-0.025569068866207537,-0.0015,-0.007036072017439004,0.004036072017439003,-0.007035970290816552,0.004035970290816553
pooled,24,actual_promote,free_known_share,1000,0.16666666666666666,0.16666666666666666,0.16666666666666666,0.16666666666666666,0.16666666666666666,-5.551115123125783e-20,-1.3240716629484934e-19,2.1384863832333673e-20,-1.8093601499494618e-19,6.991371253243052e-20,0.22560185185185186,0.22452707655331086,0.22667662715039286,0.22452709630255918,0.22667660740114454,-0.00013888888888888846,-0.0008135893847890672,0.0005358116070112903,-0.0012393908812169735,0.0009616131034391965,0.05893518518518519,0.0578604098866442,0.06000996048372618,0.057860429635892524,0.06000994073447785,-0.00013888888888888518,-0.0008135893847890639,0.0005358116070112936,-0.0008135769870091221,0.0005357992092313519
pooled,24,actual_promote,free_bridge_share,1000,0.6666666666666666,0.6666666666666666,0.6666666666666666,0.6666666666666666,0.6666666666666666,2.220446049250313e-19,-2.221734437014885e-18,2.665823646864948e-18,-3.76399619511373e-18,4.208085404963793e-18,0.6071018518518518,0.6059882479605172,0.6082154557431865,0.60598826842325,0.6082154352804536,-9.259259259259367e-05,-0.000822029750205982,0.0006368445650207947,-0.0012823753926788038,0.0010971902074936163,-0.05956481481481479,-0.06067841870614937,-0.05845121092348021,-0.060678398243416545,-0.05845123138621304,-9.259259259257227e-05,-0.0008220297502059608,0.0006368445650208162,-0.0008220163466270151,0.0006368311614418705
pooled,24,actual_promote,source_contact_share,1000,0.5029444444444444,0.49749271182952703,0.5083961770593618,0.49749281200639317,0.5083960768824957,0.0315,0.028927664907842515,0.034072335092157485,0.027304271804961613,0.035695728195038384,0.502287037037037,0.497350407647224,0.5072236664268501,0.49735049835894746,0.5072235757151266,0.02992592592592593,0.028446120002881575,0.03140573184897028,0.02751221884187163,0.03233963300998023,-0.0006574074074074059,-0.0020549195621048363,0.0007401047472900243,-0.002054893882491044,0.0007400790676762324,-0.0015740740740740728,-0.0031821014862141337,3.395333806598794e-05,-0.003182071938333085,3.3923790184939556e-05
pooled,24,actual_promote,unformed_bridge_contacts,1000,5.822666666666667,5.747780546323263,5.897552787010071,5.7477819223732975,5.897551410960036,0.10666666666666666,0.07599613666962898,0.13733719666370434,0.056640055492377585,0.15669327784095574,5.539166666666667,5.473753452654081,5.604579880679252,5.473754654637238,5.604578678696095,0.08116666666666665,0.06328385851704414,0.09904947481628916,0.051998070946541186,0.11033526238679212,-0.2835,-0.30609055623406156,-0.2609094437659384,-0.3060901411272895,-0.26090985887271045,-0.025499999999999995,-0.04629315484051313,-0.004706845159486862,-0.04629277276141348,-0.004707227238586513
pooled,24,actual_promote,selection_total_variation,1000,0.035314832575452024,0.03470986891751918,0.03591979623338487,0.03470988003386836,0.03591978511703569,0.035314832575452024,0.03470986891751918,0.03591979623338487,0.03432807813420483,0.036301587016699215,0.03509076124099152,0.0344928831447776,0.035688639337205445,0.034492894130927924,0.03568862835105512,0.03509076124099152,0.0344928831447776,0.035688639337205445,0.03411556403860191,0.03606595844338114,-0.0002240713344605014,-0.00025147335039072034,-0.00019666931853028246,-0.0002514728468722473,-0.00019666982204875552,-0.0002240713344605014,-0.00025147335039072034,-0.00019666931853028246,-0.0002514728468722473,-0.00019666982204875552
pooled,24,actual_promote,expected_source_shift,1000,0.011771610858484006,0.011569956305839724,0.011973265411128288,0.01156996001128945,0.011973261705678563,0.011771610858484006,0.011569956305839724,0.011973265411128288,0.011442692711401609,0.012100529005566404,0.01169692041366384,0.011497627714925867,0.011896213112401815,0.011497631376975974,0.011896209450351707,0.01169692041366384,0.011497627714925867,0.011896213112401815,0.011371854679533968,0.012021986147793713,-7.469044482016407e-05,-8.382445013023706e-05,-6.555643951009108e-05,-8.382428229074604e-05,-6.555660734958209e-05,-7.469044482016407e-05,-8.382445013023706e-05,-6.555643951009108e-05,-8.382428229074604e-05,-6.555660734958209e-05
pooled,24,actual_promote,permutation_unchanged_fraction,1000,0.4815,0.4659157232416104,0.49708427675838956,0.46591600960635293,0.49708399039364703,0.0,0.0,0.0,0.0,0.0,0.4815,0.4659157232416104,0.49708427675838956,0.46591600960635293,0.49708399039364703,0.0,0.0,0.0,0.0,0.0,0.0,0.0,0.0,0.0,0.0,0.0,0.0,0.0,0.0,0.0
pooled,24,actual_promote,information_transfers,1000,5.801,5.774155398475093,5.827844601524907,5.7741558917509455,5.827844108249055,0,0.0,0.0,0.0,0.0,5.801,5.774155398475093,5.827844601524907,5.7741558917509455,5.827844108249055,0,0.0,0.0,0.0,0.0,0,0.0,0.0,0.0,0.0,0,0.0,0.0,0.0,0.0
pooled,24,actual_suppress,bridge_count,1000,2.784666666666667,2.74820974289198,2.8211235904413536,2.7482104127965092,2.8211229205368245,0.05733333333333334,0.04333804158805415,0.07132862507861254,0.034505654174236886,0.0801610124924298,2.6988333333333334,2.664752377320946,2.732914289345721,2.664753003566511,2.732913663100156,0.05966666666666666,0.0506457053105676,0.06868762802276572,0.04495260315933754,0.07438073017399578,-0.08583333333333333,-0.0968382184984542,-0.07482844816821246,-0.09683801628110682,-0.07482865038555984,0.0023333333333333257,-0.007194221619016028,0.01186088828568268,-0.007194046547957982,0.011860713214624634
pooled,24,actual_suppress,bridge_rate,1000,0.6961666666666667,0.687052435722995,0.7052808976103384,0.6870526031991273,0.7052807301342061,0.014333333333333335,0.010834510397013537,0.017832156269653135,0.008626413543559221,0.02004025312310745,0.6747083333333334,0.6661880943302365,0.6832285723364302,0.6661882508916277,0.683228415775039,0.014916666666666665,0.0126614263276419,0.01717190700569143,0.011238150789834384,0.018595182543498946,-0.021458333333333333,-0.02420955462461355,-0.018707112042053116,-0.024209504070276704,-0.01870716259638996,0.0005833333333333314,-0.001798555404754007,0.00296522207142067,-0.0017985116369894955,0.0029651783036561585
pooled,24,actual_suppress,unformed_turns,1000,14.813666666666666,14.696665099872746,14.930668233460587,14.696667249803992,14.93066608352934,-0.21516666666666667,-0.2574912546141317,-0.17284207871920165,-0.28420217745061266,-0.1461311558827207,15.253541666666667,15.14477504676535,15.362308286567984,15.144777045377515,15.36230628795582,-0.18975,-0.21588428926137881,-0.1636157107386212,-0.2323775622665038,-0.1471224377334962,0.43987499999999996,0.4045820044900887,0.47516799550991123,0.40458265300716323,0.4751673469928367,0.025416666666666643,-0.0032392605017937497,0.05407259383512704,-0.003238733942407441,0.05407206727574072
pooled,24,actual_suppress,all_formed,1000,0.19566666666666666,0.1799457504703855,0.21138758286294781,0.17994603934590978,0.21138729398742354,0.01633333333333333,0.009397169554415767,0.023269497112250896,0.005019777015832104,0.02764688965083456,0.16483333333333333,0.1517157589114263,0.17795090775524036,0.15171599994993454,0.17795066671673213,0.01633333333333333,0.011823598705051015,0.020843067961615648,0.008977518459247465,0.0236891482074192,-0.03083333333333333,-0.03764815285393927,-0.02401851381272739,-0.03764802763003137,-0.024018639036635293,-1.1102230246251566e-19,-0.0053103609356238615,0.0053103609356238615,-0.005310263356495505,0.005310263356495505
pooled,24,actual_suppress,free_known_share,1000,0.16666666666666666,0.16666666666666666,0.16666666666666666,0.16666666666666666,0.16666666666666666,-5.551115123125783e-20,-1.3240716629484934e-19,2.1384863832333673e-20,-1.8093601499494618e-19,6.991371253243052e-20,0.22499074074074074,0.22390227596650344,0.22607920551497804,0.2239022959672991,0.22607918551418238,-0.0007500000000000004,-0.0014221704659962235,-7.782953400377736e-05,-0.0018463752680009631,0.00034637526800096225,0.05832407407407408,0.05723560929983679,0.059412538848311366,0.057235629300632446,0.05941251884751571,-0.0007499999999999972,-0.0014221704659962203,-7.78295340037741e-05,-0.0014221581147061718,-7.784188529382267e-05
pooled,24,actual_suppress,free_bridge_share,1000,0.6666666666666666,0.6666666666666666,0.6666666666666666,0.6666666666666666,0.6666666666666666,9.992007221626408e-19,-1.4341113263772224e-18,3.432512770702504e-18,-2.9697673957594792e-18,4.968168840084761e-18,0.6077685185185185,0.6066432567151157,0.6088937803219214,0.6066432773920654,0.6088937596449717,0.0005740740740740744,-0.00013386136043824672,0.0012820095085863954,-0.0005806373287699553,0.001728785476918104,-0.05889814814814812,-0.06002340995155102,-0.05777288634474523,-0.06002338927460132,-0.05777290702169493,0.000574074074074095,-0.00013386136043822623,0.0012820095085864162,-0.00013384835195848828,0.0012819965001066784
pooled,24,actual_suppress,source_contact_share,1000,0.4415,0.4361294220278756,0.4468705779721244,0.4361295207135061,0.4468704792864939,-0.029944444444444447,-0.032434650253586626,-0.027454238635302265,-0.034006211807771525,-0.02588267708111737,0.4424166666666667,0.4374906991421051,0.44734263419122827,0.4374907896579143,0.44734254367541904,-0.029944444444444447,-0.03138828601617092,-0.028500602872717978,-0.03229949018095474,-0.027589398707934157,0.0009166666666666697,-0.00048075583993352174,0.002314089173266861,-0.0004807301619670349,0.0023140634953003744,2.9010358929918802e-18,-0.0015297398111764368,0.0015297398111764424,-0.001529711701848428,0.0015297117018484335
pooled,24,actual_suppress,unformed_bridge_contacts,1000,5.668,5.593150952538123,5.742849047461878,5.593152327906934,5.742847672093066,-0.047999999999999994,-0.07563417008907752,-0.020365829910922457,-0.09307401346843289,-0.0029259865315671083,5.410833333333334,5.346113727204917,5.475552939461751,5.3461149164428665,5.475551750223801,-0.047166666666666676,-0.06405752755859753,-0.030275805774735813,-0.07471730013538223,-0.01961603319795112,-0.25716666666666665,-0.28018476948915044,-0.2341485638441829,-0.28018434652610946,-0.23414898680722382,0.0008333333333333286,-0.01797282237706413,0.019639489043730786,-0.017972476809539773,0.01963914347620643
pooled,24,actual_suppress,selection_total_variation,1000,0.035320500379596505,0.03471583950410758,0.03592516125508543,0.034715850614893067,0.03592515014429994,0.035320500379596505,0.03471583950410758,0.03592516125508543,0.03433423980590211,0.0363067609532909,0.035077939170346156,0.03448071378795915,0.03567516455273316,0.0344807247621157,0.03567515357857661,0.035077939170346156,0.03448071378795915,0.03567516455273316,0.034103806607557824,0.03605207173313449,-0.00024256120925035248,-0.0002692447558533368,-0.00021587766264736814,-0.00026924426553690624,-0.0002158781529637987,-0.00024256120925035248,-0.0002692447558533368,-0.00021587766264736814,-0.00026924426553690624,-0.0002158781529637987
pooled,24,actual_suppress,expected_source_shift,1000,-0.011773500126532171,-0.011975053751695145,-0.011571946501369198,-0.011975050048099985,-0.011571950204964357,-0.011773500126532171,-0.011975053751695145,-0.011571946501369198,-0.01210225365109697,-0.011444746601967372,-0.011692646390115385,-0.01189172151757772,-0.011493571262653051,-0.011891717859525537,-0.011493574920705234,-0.011692646390115385,-0.01189172151757772,-0.011493571262653051,-0.012017357244378163,-0.011367935535852608,8.085373641678704e-05,7.195922088245894e-05,8.974825195111514e-05,7.195938432126912e-05,8.974808851230496e-05,8.085373641678704e-05,7.195922088245894e-05,8.974825195111514e-05,7.195938432126912e-05,8.974808851230496e-05
pooled,24,actual_suppress,permutation_unchanged_fraction,1000,0.4815,0.4659157232416104,0.49708427675838956,0.46591600960635293,0.49708399039364703,0.0,0.0,0.0,0.0,0.0,0.4815,0.4659157232416104,0.49708427675838956,0.46591600960635293,0.49708399039364703,0.0,0.0,0.0,0.0,0.0,0.0,0.0,0.0,0.0,0.0,0.0,0.0,0.0,0.0,0.0
pooled,24,actual_suppress,information_transfers,1000,5.801,5.774155398475093,5.827844601524907,5.7741558917509455,5.827844108249055,0,0.0,0.0,0.0,0.0,5.801,5.774155398475093,5.827844601524907,5.7741558917509455,5.827844108249055,0,0.0,0.0,0.0,0.0,0,0.0,0.0,0.0,0.0,0,0.0,0.0,0.0,0.0
pooled,24,permuted_promote,bridge_count,1000,2.7226666666666666,2.685118018828621,2.760215314504712,2.685118708793836,2.760214624539497,-0.004666666666666669,-0.019626834914777704,0.010293501581444365,-0.029068153048626196,0.019734819715292857,2.6355,2.6010414537369013,2.6699585462630986,2.601042086920775,2.669957913079225,-0.0036666666666666705,-0.013000033166440909,0.005666699833107568,-0.01889029328402341,0.011556959950690072,-0.08716666666666666,-0.09828595869197262,-0.07604737464136069,-0.09828575437237233,-0.07604757896096098,0.0010000000000000037,-0.009041527750718875,0.011041527750718884,-0.009041343235290045,0.011041343235290053
pooled,24,permuted_promote,bridge_rate,1000,0.6806666666666666,0.6712795047071553,0.690053828626178,0.671279677198459,0.6900536561348742,-0.0011666666666666672,-0.004906708728694426,0.0025733753953610912,-0.007267038262156549,0.004933704928823214,0.658875,0.6502603634342253,0.6674896365657746,0.6502605217301938,0.6674894782698062,-0.0009166666666666676,-0.0032500082916102273,0.001416674958276892,-0.004722573321005853,0.002889239987672518,-0.021791666666666664,-0.024571489672993156,-0.019011843660340172,-0.024571438593093083,-0.019011894740240246,0.0002500000000000009,-0.0022603819376797187,0.002760381937679721,-0.002260335808822511,0.0027603358088225134
pooled,24,permuted_promote,unformed_turns,1000,15.039666666666667,14.921130758203471,15.158202575129863,14.921132936328606,15.158200397004729,0.010833333333333332,-0.03209076740249495,0.05375743406916162,-0.05918004099455404,0.08084670766122071,15.454041666666667,15.345136764716594,15.56294656861674,15.345138765869724,15.56294456746361,0.010750000000000011,-0.016444180662326044,0.03794418066232607,-0.03360634800992855,0.05510634800992857,0.414375,0.3795530204600812,0.4491969795399188,0.3795536603221268,0.4491963396778732,-8.333333333335585e-05,-0.027770252425407024,0.027603585758740314,-0.027769743671771513,0.027603077005104802
pooled,24,permuted_promote,all_formed,1000,0.18366666666666667,0.16787838329144247,0.19945495004189087,0.16787867340485446,0.19945465992847888,0.004333333333333334,-0.0026712393473116774,0.011337906013978345,-0.007091804542357781,0.01575847120902445,0.15116666666666667,0.1383061982752259,0.16402713505810745,0.13830643458935052,0.16402689874398282,0.002666666666666667,-0.0020666640537243645,0.0073999973870576986,-0.005053855134919103,0.010387188468252437,-0.0325,-0.039363238030148795,-0.025636761969851207,-0.03936311191653942,-0.025636888083460582,-0.0016666666666666666,-0.007075680510621721,0.0037423471772883876,-0.007075581118723024,0.00374224778538969
pooled,24,permuted_promote,free_known_share,1000,0.16666666666666666,0.16666666666666666,0.16666666666666666,0.16666666666666666,0.16666666666666666,-5.551115123125783e-20,-1.3240716629484934e-19,2.1384863832333673e-20,-1.8093601499494618e-19,6.991371253243052e-20,0.22532407407407407,0.22424853217940666,0.22639961596874147,0.22424855194274138,0.22639959620540676,-0.00041666666666666637,-0.0010845405448115816,0.00025120721147824896,-0.0015060337828738937,0.0006727004495405611,0.05865740740740741,0.057581865512740006,0.05973294930207481,0.05758188527607472,0.0597329295387401,-0.0004166666666666631,-0.0010845405448115784,0.0002512072114782522,-0.0010845282724723398,0.0002511949391390136
pooled,24,permuted_promote,free_bridge_share,1000,0.6666666666666666,0.6666666666666666,0.6666666666666666,0.6666666666666666,0.6666666666666666,-1.1102230246251566e-18,-3.591573629014664e-18,1.3711275797643514e-18,-5.157546689552714e-18,2.9371006403024003e-18,0.6073240740740741,0.6062107354771791,0.6084374126709691,0.606210755935037,0.6084373922131111,0.0001296296296296291,-0.0005874784019646266,0.0008467376612238847,-0.001040043169307676,0.0012993024285669341,-0.05934259259259257,-0.060455931189487576,-0.05822925399569757,-0.06045591073162959,-0.05822927445355555,0.00012962962962965183,-0.0005874784019646037,0.0008467376612239074,-0.000587465224936242,0.0008467244841955456
pooled,24,permuted_promote,source_contact_share,1000,0.4742222222222222,0.468835631686496,0.4796088127579484,0.4688357306663612,0.47960871377808323,0.002777777777777779,0.0002614452360964292,0.005294110319459129,-0.0013266048220684562,0.0068821603776240145,0.4728981481481481,0.4679241386854354,0.4778721576108608,0.4679242300840265,0.47787206621226974,0.0005370370370370382,-0.0010092763381645427,0.002083350412238619,-0.001985150156411643,0.003059224230485719,-0.001324074074074073,-0.0026492471896538416,1.099041505695864e-06,-0.0026492228392868693,1.074691138723289e-06,-0.0022407407407407398,-0.003743456973422821,-0.0007380245080586584,-0.0037434293606594085,-0.000738052120822071
pooled,24,permuted_promote,unformed_bridge_contacts,1000,5.723333333333334,5.647522551901878,5.799144114764789,5.647523944942777,5.79914272172389,0.007333333333333343,-0.023902572291447252,0.038569238958113934,-0.04361546036271998,0.05828212702938667,5.4638333333333335,5.39773610350525,5.529930563161417,5.3977373180573585,5.529929348609309,0.005833333333333322,-0.013748605570159073,0.025415272236825718,-0.02610670955664332,0.037773376223309965,-0.2595,-0.28223937107351565,-0.23676062892648433,-0.282238953232236,-0.236761046767764,-0.0015000000000000146,-0.021876276350864907,0.018876276350864876,-0.021875901932005327,0.018875901932005296
pooled,24,permuted_promote,selection_total_variation,1000,0.03561500078293053,0.03501018770917119,0.03621981385668986,0.03501019882275335,0.0362198027431077,0.03561500078293053,0.03501018770917119,0.03621981385668986,0.034628491959085385,0.03660150960677567,0.03536062604167523,0.03476240337116349,0.03595884871218697,0.034762414363645446,0.03595883771970502,0.03536062604167523,0.03476240337116349,0.03595884871218697,0.03438486680516298,0.036336385278187486,-0.0002543747412552933,-0.0002816553817590648,-0.0002270941007515218,-0.0002816548804708937,-0.0002270946020396929,-0.0002543747412552933,-0.0002816553817590648,-0.0002270941007515218,-0.0002816548804708937,-0.0002270946020396929
pooled,24,permuted_promote,expected_source_shift,1000,-0.0001290455513476629,-0.0004350581706823398,0.000176967067987014,-0.0004350525476286486,0.00017696144493332283,-0.0001290455513476629,-0.0004350581706823398,0.000176967067987014,-0.0006281818337451376,0.00037009073104981183,-0.00011907922794591855,-0.00042248126821612216,0.00018432281232428504,-0.00042247569313243395,0.00018431723724059683,-0.00011907922794591855,-0.00042248126821612216,0.00018432281232428504,-0.0006139574025177131,0.000375798946625876,9.96632340174435e-06,1.1150406320137994e-06,1.88176061714749e-05,1.115203276411793e-06,1.881744352707691e-05,9.96632340174435e-06,1.1150406320137994e-06,1.88176061714749e-05,1.115203276411793e-06,1.881744352707691e-05
pooled,24,permuted_promote,permutation_unchanged_fraction,1000,0.4815,0.4659157232416104,0.49708427675838956,0.46591600960635293,0.49708399039364703,0.0,0.0,0.0,0.0,0.0,0.4815,0.4659157232416104,0.49708427675838956,0.46591600960635293,0.49708399039364703,0.0,0.0,0.0,0.0,0.0,0.0,0.0,0.0,0.0,0.0,0.0,0.0,0.0,0.0,0.0
pooled,24,permuted_promote,information_transfers,1000,5.801,5.774155398475093,5.827844601524907,5.7741558917509455,5.827844108249055,0,0.0,0.0,0.0,0.0,5.801,5.774155398475093,5.827844601524907,5.7741558917509455,5.827844108249055,0,0.0,0.0,0.0,0.0,0,0.0,0.0,0.0,0.0,0,0.0,0.0,0.0,0.0
pooled,24,permuted_suppress,bridge_count,1000,2.7266666666666666,2.6904867049526233,2.76284662838071,2.69048736976791,2.762845963565423,-0.0006666666666666647,-0.015514915602214841,0.014181582268881512,-0.024885601787431273,0.02355226845409794,2.6373333333333333,2.603451555826467,2.6712151108402,2.6034521784120797,2.671214488254587,-0.0018333333333333355,-0.011794303723254525,0.008127637056587853,-0.018080642808041586,0.014413976141374914,-0.08933333333333333,-0.10012716224043619,-0.07853950442623048,-0.10012696390129706,-0.0785397027653696,-0.0011666666666666655,-0.010867252288465499,0.00853391895513217,-0.010867074037928297,0.008533740704594967
pooled,24,permuted_suppress,bridge_rate,1000,0.6816666666666666,0.6726216762381558,0.6907116570951775,0.6726218424419775,0.6907114908913558,-0.00016666666666666617,-0.0038787289005537103,0.003545395567220378,-0.006221400446857818,0.005888067113524485,0.6593333333333333,0.6508628889566167,0.66780377771005,0.6508630446030199,0.6678036220636467,-0.00045833333333333387,-0.002948575930813631,0.002031909264146963,-0.0045201607020103965,0.0036034940353437284,-0.022333333333333334,-0.025031790560109048,-0.01963487610655762,-0.025031740975324266,-0.0196349256913424,-0.00029166666666666637,-0.0027168130721163747,0.0021334797387830423,-0.002716768509482074,0.002133435176148742
pooled,24,permuted_suppress,unformed_turns,1000,15.026333333333334,14.91034637595213,15.142320290714537,14.91034850723969,15.142318159426978,-0.0025000000000000087,-0.04498637603768393,0.03998637603768391,-0.07179940286154601,0.06679940286154601,15.447916666666666,15.34061755157847,15.555215781754862,15.34061952322489,15.555213810108443,0.004624999999999988,-0.023751953521388525,0.0330019535213885,-0.04166056533788263,0.05091056533788261,0.4215833333333333,0.38723854925636914,0.4559281174102975,0.3872391803498361,0.4559274863168305,0.007124999999999961,-0.02139265582585879,0.03564265582585871,-0.021392131807240852,0.035642131807240775
pooled,24,permuted_suppress,all_formed,1000,0.17233333333333334,0.15786821461993433,0.18679845204673234,0.15786848041988516,0.18679818624678152,-0.007,-0.014468879968925224,0.0004688799689252232,-0.019182468126535367,0.005182468126535367,0.14633333333333332,0.13398661005871246,0.15868005660795417,0.13398683693264998,0.15867982973401665,-0.002166666666666667,-0.006610006023774134,0.0022766726904408,-0.009414184409428214,0.0050808510760948795,-0.026,-0.03228384777987965,-0.019716152220120343,-0.03228373231270209,-0.01971626768729791,0.004833333333333334,-0.0008666346033241491,0.010533301269990816,-0.0008665298650757216,0.010533196531742388
pooled,24,permuted_suppress,free_known_share,1000,0.16666666666666666,0.16666666666666666,0.16666666666666666,0.16666666666666666,0.16666666666666666,-2.7755575615628914e-20,-1.2201218183533065e-19,6.650103060407284e-20,-1.8149724849889922e-19,1.259860972676414e-19,0.22532407407407407,0.22425931474936608,0.22638883339878205,0.22425933431456854,0.2263888138335796,-0.00041666666666666675,-0.0010820677994028503,0.00024873446606951666,-0.0015020004951182672,0.0006686671617849337,0.05865740740740741,0.05759264808269942,0.059722166732115396,0.05759266764790187,0.059722147166912945,-0.00041666666666666355,-0.001082067799402847,0.00024873446606951997,-0.0010820555725008856,0.0002487222391675586
pooled,24,permuted_suppress,free_bridge_share,1000,0.6666666666666666,0.6666666666666666,0.6666666666666666,0.6666666666666666,0.6666666666666666,1.8873791418627663e-18,-5.63324048993133e-19,4.3380823327186655e-18,-2.1099556170859377e-18,5.88471390081147e-18,0.6074166666666667,0.606312235542439,0.6085210977908945,0.6063122558366201,0.6085210774967134,0.00022222222222222332,-0.0004860084040396296,0.0009304528484840762,-0.0009329706670153288,0.0013774151114597753,-0.059249999999999976,-0.06035443112422775,-0.0581455688757722,-0.060354410830046674,-0.05814558916995328,0.00022222222222224305,-0.0004860084040396098,0.0009304528484840959,-0.0004859953901356542,0.0009304398345801404
pooled,24,permuted_suppress,source_contact_share,1000,0.4711666666666667,0.46569380542408517,0.4766395279092482,0.4656939059891948,0.47663942734413856,-0.0002777777777777786,-0.0026818867833099435,0.002126331227754386,-0.004199112898233168,0.0036435573426776106,0.47225925925925927,0.46730090650632644,0.4772176120121921,0.4673009976172219,0.47721752090129665,-0.00010185185185185149,-0.0016178314055771686,0.0014141277018734656,-0.0025745616384031007,0.0023708579346993974,0.001092592592592595,-0.000297126655277513,0.002482311840462703,-0.0002971011188602128,0.002482286304045403,0.00017592592592592817,-0.0012471467113381832,0.0015989985631900394,-0.001247120562044526,0.0015989724138963822
pooled,24,permuted_suppress,unformed_bridge_contacts,1000,5.745333333333333,5.670437719440675,5.820228947225991,5.670439095665156,5.82022757100151,0.02933333333333333,-0.0012720417400648616,0.05993870840673152,-0.02058700383684437,0.07925367050351104,5.476166666666667,5.411039213292493,5.541294120040841,5.411040410024731,5.541292923308602,0.01816666666666666,-0.0006569297474019742,0.036990263080735296,-0.012536446021614443,0.04886977935494777,-0.26916666666666667,-0.2913593104201743,-0.24697402291315898,-0.29135890262513753,-0.24697443070819583,-0.011166666666666663,-0.03159946017736046,0.009266126844027134,-0.03159908471998481,0.009265751386651483
pooled,24,permuted_suppress,selection_total_variation,1000,0.03548433292433887,0.034881445170793404,0.036087220677884335,0.03488145624899735,0.03608720959968039,0.03548433292433887,0.034881445170793404,0.036087220677884335,0.0345009644846258,0.03646770136405194,0.03526234511636921,0.03466732072360913,0.035857369509129294,0.034667331657321984,0.03585735857541644,0.03526234511636921,0.03466732072360913,0.035857369509129294,0.034291802581280936,0.03623288765145749,-0.0002219878079696597,-0.00024988131417977695,-0.00019409430175954247,-0.00024988080163005467,-0.00019409481430926476,-0.0002219878079696597,-0.00024988131417977695,-0.00019409430175954247,-0.00024988080163005467,-0.00019409481430926476
pooled,24,permuted_suppress,expected_source_shift,1000,0.00011439248721927282,-0.00019175967851640043,0.0004205446529549461,-0.00019175405289851137,0.00042053902733705704,0.00011439248721927282,-0.00019175967851640043,0.0004205446529549461,-0.00038497140890199767,0.0006137563833405433,0.00012062192827346181,-0.0001826938824882822,0.0004239377390352058,-0.00018268830898908142,0.000423932165536005,0.00012062192827346181,-0.0001826938824882822,0.0004239377390352058,-0.0003741155976009716,0.0006153594541478952,6.229441054188995e-06,-2.432520441315253e-06,1.4891402549693242e-05,-2.4323612757401e-06,1.489124338411809e-05,6.229441054188995e-06,-2.432520441315253e-06,1.4891402549693242e-05,-2.4323612757401e-06,1.489124338411809e-05
pooled,24,permuted_suppress,permutation_unchanged_fraction,1000,0.4815,0.4659157232416104,0.49708427675838956,0.46591600960635293,0.49708399039364703,0.0,0.0,0.0,0.0,0.0,0.4815,0.4659157232416104,0.49708427675838956,0.46591600960635293,0.49708399039364703,0.0,0.0,0.0,0.0,0.0,0.0,0.0,0.0,0.0,0.0,0.0,0.0,0.0,0.0,0.0
pooled,24,permuted_suppress,information_transfers,1000,5.801,5.774155398475093,5.827844601524907,5.7741558917509455,5.827844108249055,0,0.0,0.0,0.0,0.0,5.801,5.774155398475093,5.827844601524907,5.7741558917509455,5.827844108249055,0,0.0,0.0,0.0,0.0,0,0.0,0.0,0.0,0.0,0,0.0,0.0,0.0,0.0
pooled,48,neutral,bridge_count,1000,3.4113333333333333,3.38047084947962,3.442195817187047,3.380471416585003,3.4421952500816637,0.0,0.0,0.0,0.0,0.0,3.3295,3.299921474849421,3.359078525150579,3.299922018361762,3.359077981638238,0.0,0.0,0.0,0.0,0.0,-0.08183333333333337,-0.09203294169017016,-0.07163372497649657,-0.09203275426997311,-0.07163391239669363,-3.574918139293004e-17,-4.4473838148170543e-17,-2.702452463768954e-17,-4.4473677830555284e-17,-2.70246849553048e-17
pooled,48,neutral,bridge_rate,1000,0.8528333333333333,0.845117712369905,0.8605489542967617,0.8451178541462507,0.8605488125204159,0.0,0.0,0.0,0.0,0.0,0.832375,0.8249803687123552,0.8397696312876447,0.8249805045904405,0.8397694954095595,0.0,0.0,0.0,0.0,0.0,-0.020458333333333342,-0.02300823542254254,-0.017908431244124143,-0.023008188567493277,-0.017908478099173408,-8.93729534823251e-18,-1.1118459537042636e-17,-6.756131159422385e-18,-1.1118419457638821e-17,-6.7561712388262e-18
pooled,48,neutral,unformed_turns,1000,20.16433333333333,19.894842166468656,20.433824500198007,19.894847118432086,20.433819548234577,0.0,0.0,0.0,0.0,0.0,21.116625,20.861933300376997,21.371316699623,20.861937980396743,21.371312019603256,0.0,0.0,0.0,0.0,0.0,0.9522916666666668,0.8701520661041013,1.0344312672292322,0.8701535754385371,1.0344297578947965,3.930883396563445e-17,-4.076243417395109e-17,1.1938010210522e-16,-4.0760962845608974e-17,1.1937863077687787e-16
pooled,48,neutral,all_formed,1000,0.5026666666666667,0.48011836303110944,0.525214970302224,0.48011877736148006,0.5252145559718534,0.0,0.0,0.0,0.0,0.0,0.44766666666666666,0.42731009767309414,0.4680232356602392,0.4273104717298264,0.4680228616035069,0.0,0.0,0.0,0.0,0.0,-0.05499999999999999,-0.06317140669915519,-0.04682859330084479,-0.06317125654763954,-0.04682874345236044,5.828670879282072e-19,-4.733181221721545e-19,1.6390522980285688e-18,-4.732987145210676e-19,1.639032890377482e-18
pooled,48,neutral,free_known_share,1000,0.16666666666666666,0.16666666666666666,0.16666666666666666,0.16666666666666666,0.16666666666666666,0.0,0.0,0.0,0.0,0.0,0.2200079365079365,0.21930972358625714,0.2207061494296159,0.21930973641608342,0.2207061365997896,0.0,0.0,0.0,0.0,0.0,0.05334126984126984,0.05264305691959047,0.05403948276294922,0.05264306974941675,0.05403946993312293,2.470246229790973e-18,1.9216000928168112e-18,3.018892366765135e-18,1.921610174318327e-18,3.0188822852636193e-18
pooled,48,neutral,free_bridge_share,1000,0.6666666666666666,0.6666666666666666,0.6666666666666666,0.6666666666666666,0.6666666666666666,0.0,0.0,0.0,0.0,0.0,0.612765873015873,0.6120420057731969,0.6134897402585492,0.6120420190744273,0.6134897269573187,0.0,0.0,0.0,0.0,0.0,-0.05390079365079362,-0.05462466089346978,-0.05317692640811746,-0.05462464759223933,-0.05317693970934791,2.6287999554952535e-17,2.362112377099916e-17,2.895487533890591e-17,2.3621172775467517e-17,2.895482633443755e-17
pooled,48,neutral,source_contact_share,1000,0.4792857142857143,0.47528475844396256,0.48328667012746607,0.475284831962465,0.4832865966089636,0.0,0.0,0.0,0.0,0.0,0.4797142857142857,0.47595457581067613,0.4834739956178953,0.47595464489622785,0.48347392653234356,0.0,0.0,0.0,0.0,0.0,0.00042857142857142736,-0.00046406225811214527,0.001321205115255,-0.0004640458557586812,0.001321188712901536,1.3501931054686147e-19,-1.344839930386997e-18,1.61487855148072e-18,-1.3448127376261714e-18,1.6148513587198943e-18
pooled,48,neutral,unformed_bridge_contacts,1000,8.271333333333333,8.138350170196247,8.404316496470418,8.138352613793076,8.40431405287359,0.0,0.0,0.0,0.0,0.0,8.054333333333334,7.9381206465968415,8.170546020069827,7.938122782032232,8.170543884634435,0.0,0.0,0.0,0.0,0.0,-0.21699999999999994,-0.25583203462867077,-0.1781679653713291,-0.2558313210809219,-0.17816867891907798,4.832245714680994e-17,1.501768107883155e-17,8.162723321478833e-17,1.5018293061907312e-17,8.162662123171258e-17
pooled,48,neutral,selection_total_variation,1000,0.0,0.0,0.0,0.0,0.0,0.0,0.0,0.0,0.0,0.0,0.0,0.0,0.0,0.0,0.0,0.0,0.0,0.0,0.0,0.0,0.0,0.0,0.0,0.0,0.0,0.0,0.0,0.0,0.0,0.0
pooled,48,neutral,expected_source_shift,1000,0.0,0.0,0.0,0.0,0.0,0.0,0.0,0.0,0.0,0.0,0.0,0.0,0.0,0.0,0.0,0.0,0.0,0.0,0.0,0.0,0.0,0.0,0.0,0.0,0.0,0.0,0.0,0.0,0.0,0.0
pooled,48,neutral,permutation_unchanged_fraction,1000,0.4815,0.4659157232416104,0.49708427675838956,0.46591600960635293,0.49708399039364703,0.0,0.0,0.0,0.0,0.0,0.4815,0.4659157232416104,0.49708427675838956,0.46591600960635293,0.49708399039364703,0.0,0.0,0.0,0.0,0.0,0.0,0.0,0.0,0.0,0.0,0.0,0.0,0.0,0.0,0.0
pooled,48,neutral,information_transfers,1000,5.801,5.774155398475093,5.827844601524907,5.7741558917509455,5.827844108249055,0,0.0,0.0,0.0,0.0,5.801,5.774155398475093,5.827844601524907,5.7741558917509455,5.827844108249055,0,0.0,0.0,0.0,0.0,0,0.0,0.0,0.0,0.0,0,0.0,0.0,0.0,0.0
pooled,48,actual_promote,bridge_count,1000,3.3453333333333335,3.313479858586401,3.377186808080266,3.3134804439014744,3.3771862227651925,-0.066,-0.08085975483730927,-0.05114024516269074,-0.09023770236325006,-0.04176229763674995,3.265833333333333,3.235741924027268,3.2959247426393983,3.2357424769639755,3.2959241897026907,-0.06366666666666666,-0.07265346100708424,-0.05467987232624909,-0.07832500045531637,-0.04900833287801696,-0.07950000000000003,-0.09034697428400128,-0.06865302571599878,-0.09034677496830339,-0.06865322503169667,0.002333333333333304,-0.007261254647321131,0.011927921313987738,-0.007261078344515457,0.011927745011182064
pooled,48,actual_promote,bridge_rate,1000,0.8363333333333334,0.8283699646466003,0.8442967020200665,0.8283701109753686,0.8442965556912981,-0.0165,-0.020214938709327317,-0.012785061290672684,-0.022559425590812515,-0.010440574409187487,0.8164583333333333,0.808935481006817,0.8239811856598496,0.8089356192409939,0.8239810474256727,-0.015916666666666666,-0.01816336525177106,-0.013669968081562272,-0.019581250113829093,-0.01225208321950424,-0.019875000000000007,-0.02258674357100032,-0.017163256428999695,-0.022586693742075847,-0.017163306257924168,0.000583333333333326,-0.0018153136618302827,0.0029819803284969345,-0.0018152695861288642,0.002981936252795516
pooled,48,actual_promote,unformed_turns,1000,20.733333333333334,20.458406833656294,21.008259833010374,20.45841188549524,21.008254781171427,0.569,0.4594272565539948,0.678572743446005,0.39027622078252744,0.7477237792174725,21.666541666666667,21.410840916244382,21.922242417088952,21.410845614805677,21.922237718527658,0.5499166666666666,0.4833876277295252,0.616445705603808,0.4414013471391277,0.6584319861942055,0.9332083333333333,0.848718898769826,1.0176977678968406,0.8487204512830129,1.0176962153836537,-0.019083333333333355,-0.08954395094156706,0.05137728427490035,-0.08954265621118376,0.05137598954451705
pooled,48,actual_promote,all_formed,1000,0.46099999999999997,0.438657523727677,0.4833424762723229,0.4386579342759216,0.48334206572407834,-0.04166666666666667,-0.053311638152955164,-0.03002169518037818,-0.060660745371420195,-0.022672587961913147,0.41,0.3902155712952147,0.4297844287047852,0.3902159348387349,0.42978406516126505,-0.03766666666666667,-0.044529507808941465,-0.03080382552439187,-0.04886062664742524,-0.026472706685908093,-0.051,-0.05956247517063345,-0.042437524829366545,-0.059562317833142864,-0.04243768216685713,0.004000000000000002,-0.003730233705093111,0.011730233705093115,-0.0037300916602347528,0.011730091660234757
pooled,48,actual_promote,free_known_share,1000,0.16666666666666666,0.16666666666666666,0.16666666666666666,0.16666666666666666,0.16666666666666666,0.0,0.0,0.0,0.0,0.0,0.2199047619047619,0.21920618880922937,0.22060333500029444,0.21920620164567395,0.22060332216384987,-0.0001031746031746028,-0.0005441504967913591,0.0003378012904421535,-0.000822449084878403,0.0006160998785291973,0.053238095238095244,0.05253952214256272,0.05393666833362777,0.05253953497900728,0.05393665549718321,-0.00010317460317460034,-0.0005441504967913566,0.000337801290442156,-0.0005441423937558292,0.0003377931874066285
pooled,48,actual_promote,free_bridge_share,1000,0.6666666666666666,0.6666666666666666,0.6666666666666666,0.6666666666666666,0.6666666666666666,-3.3306690738754697e-19,-3.584143675040134e-18,2.9180098602650403e-18,-5.635888650892768e-18,4.969754836117674e-18,0.6127619047619047,0.6120333748976091,0.6134904346262003,0.6120333882845164,0.6134904212392931,-3.968253968254842e-06,-0.0004899956007720128,0.00048205909283550313,-0.0007967260283194431,0.0007887895203829334,-0.05390476190476188,-0.054633291769057485,-0.05317623204046627,-0.05463327838215027,-0.05317624542737349,-3.968253968228222e-06,-0.0004899956007719862,0.00048205909283552975,-0.0004899866699054343,0.00048205016196897787
pooled,48,actual_promote,source_contact_share,1000,0.5106666666666667,0.5066385069512489,0.5146948263820845,0.5066385809696289,0.5146947523637045,0.031380952380952384,0.029685342184479494,0.03307656257742527,0.028615247581905808,0.034146657179998964,0.5103650793650794,0.5065718091136426,0.5141583496165161,0.5065718788158736,0.5141582799142851,0.030650793650793654,0.029626452074077544,0.03167513522750976,0.028979993121002207,0.032321594180585105,-0.0003015873015873034,-0.001150475223831278,0.0005473006206566713,-0.0011504596253165012,0.0005472850221418944,-0.0007301587301587305,-0.0017583450521800868,0.00029802759186262583,-0.0017583261590151389,0.00029800869869767773
pooled,48,actual_promote,unformed_bridge_contacts,1000,8.547333333333333,8.411819244442098,8.682847422224567,8.411821734545283,8.682844932121382,0.276,0.22256585967362175,0.3294341403263783,0.18884373104089464,0.3631562689591054,8.289333333333333,8.172421166846572,8.406245499820095,8.172423315135067,8.4062433515316,0.235,0.20419827660760326,0.2658017233923967,0.18475939966481622,0.2852406003351837,-0.258,-0.2979985808312365,-0.21800141916876353,-0.2979978458479274,-0.21800215415207264,-0.04099999999999998,-0.07666117139271585,-0.005338828607284116,-0.07666051611032301,-0.005339483889676942
pooled,48,actual_promote,selection_total_variation,1000,0.03585022761745197,0.035242750308018087,0.03645770492688585,0.0352427614705562,0.03645769376434774,0.03585022761745197,0.035242750308018087,0.03645770492688585,0.034859373166642435,0.036841082068261505,0.03562617967555643,0.03502480980288358,0.03622754954822928,0.035024820853196116,0.036227538497916746,0.03562617967555643,0.03502480980288358,0.03622754954822928,0.03464528704686557,0.03660707230424729,-0.00022404794189554136,-0.0002464704164187771,-0.0002016254673723056,-0.00024647000440054594,-0.00020162587939053677,-0.00022404794189554136,-0.0002464704164187771,-0.0002016254673723056,-0.00024647000440054594,-0.00020162587939053677
pooled,48,actual_promote,expected_source_shift,1000,0.011950075872483989,0.011747583436006029,0.012152568308961949,0.011747587156852066,0.012152564588115911,0.011950075872483989,0.011747583436006029,0.012152568308961949,0.011619791055547477,0.0122803606894205,0.011875393225185478,0.011674936600961196,0.01207584984940976,0.011674940284398706,0.01207584616597225,0.011875393225185478,0.011674936600961196,0.01207584984940976,0.011548429015621857,0.012202357434749098,-7.46826472985102e-05,-8.215680547292214e-05,-6.720848912409826e-05,-8.215666813351175e-05,-6.720862646350866e-05,-7.46826472985102e-05,-8.215680547292214e-05,-6.720848912409826e-05,-8.215666813351175e-05,-6.720862646350866e-05
pooled,48,actual_promote,permutation_unchanged_fraction,1000,0.4815,0.4659157232416104,0.49708427675838956,0.46591600960635293,0.49708399039364703,0.0,0.0,0.0,0.0,0.0,0.4815,0.4659157232416104,0.49708427675838956,0.46591600960635293,0.49708399039364703,0.0,0.0,0.0,0.0,0.0,0.0,0.0,0.0,0.0,0.0,0.0,0.0,0.0,0.0,0.0
pooled,48,actual_promote,information_transfers,1000,5.801,5.774155398475093,5.827844601524907,5.7741558917509455,5.827844108249055,0,0.0,0.0,0.0,0.0,5.801,5.774155398475093,5.827844601524907,5.7741558917509455,5.827844108249055,0,0.0,0.0,0.0,0.0,0,0.0,0.0,0.0,0.0,0,0.0,0.0,0.0,0.0
pooled,48,actual_suppress,bridge_count,1000,3.462666666666667,3.4327303404944165,3.492602992838917,3.432730890581435,3.4926024427518985,0.051333333333333335,0.03780581916094643,0.06486084750572024,0.029268644796094256,0.07339802187057241,3.387,3.358071719536652,3.415928280463348,3.358072251100594,3.415927748899406,0.05750000000000001,0.048430979385143604,0.06656902061485642,0.04270754717721366,0.07229245282278636,-0.07566666666666669,-0.08529503992112056,-0.06603829341221282,-0.08529486299750255,-0.06603847033583082,0.006166666666666638,-0.003075352994441274,0.01540868632777455,-0.0030751831701612085,0.015408516503494485
pooled,48,actual_suppress,bridge_rate,1000,0.8656666666666667,0.8581825851236041,0.8731507482097293,0.8581827226453588,0.8731506106879746,0.012833333333333334,0.009451454790236607,0.01621521187643006,0.007317161199023564,0.018349505467643103,0.84675,0.839517929884163,0.853982070115837,0.8395180627751485,0.8539819372248515,0.014375000000000002,0.012107744846285901,0.016642255153714106,0.010676886794303415,0.01807311320569659,-0.018916666666666672,-0.02132375998028014,-0.016509573353053204,-0.021323715749375638,-0.016509617583957706,0.0015416666666666595,-0.0007688382486103185,0.0038521715819436375,-0.0007687957925403021,0.003852129125873621
pooled,48,actual_suppress,unformed_turns,1000,19.646,19.379829294522462,19.91217070547754,19.379834185471637,19.912165814528365,-0.5183333333333333,-0.6184916495436404,-0.41817501712302624,-0.6817012680057526,-0.35496539866091403,20.570416666666667,20.317144699614307,20.823688633719026,20.317149353546135,20.823683979787198,-0.5462083333333334,-0.6107463762045077,-0.4816702904621591,-0.6514761450398046,-0.4409405216268623,0.9244166666666667,0.8462789983554795,1.0025543349778538,0.846280434153471,1.0025528991798625,-0.02787499999999998,-0.09753542308295918,0.04178542308295921,-0.09753414305633806,0.0417841430563381
pooled,48,actual_suppress,all_formed,1000,0.5356666666666666,0.5127181551457538,0.5586151781875794,0.5127185768300382,0.5586147565032951,0.033,0.02235518756134819,0.043644812438651814,0.015637277773057588,0.050362722226942415,0.483,0.46211456804955553,0.5038854319504444,0.46211495182426876,0.5038850481757312,0.035333333333333335,0.028346075260571504,0.04232059140609516,0.023936437263580714,0.04673022940308595,-0.05266666666666666,-0.060606311489671716,-0.044727021843661605,-0.060606165596834925,-0.044727167736498395,0.002333333333333334,-0.005161017496526961,0.009827684163193628,-0.005160879786071789,0.009827546452738457
pooled,48,actual_suppress,free_known_share,1000,0.16666666666666666,0.16666666666666666,0.16666666666666666,0.16666666666666666,0.16666666666666666,0.0,0.0,0.0,0.0,0.0,0.21905952380952382,0.21836569769485714,0.2197533499241905,0.21836571044407482,0.2197533371749728,-0.000948412698412698,-0.0013994729991498322,-0.0004973523976755639,-0.001684135826878817,-0.00021268956994657915,0.052392857142857144,0.05169903102819048,0.05308668325752381,0.05169904377740815,0.053086670508306136,-0.0009484126984126956,-0.0013994729991498296,-0.0004973523976755615,-0.0013994647108109548,-0.0004973606860144363
pooled,48,actual_suppress,free_bridge_share,1000,0.6666666666666666,0.6666666666666666,0.6666666666666666,0.6666666666666666,0.6666666666666666,1.1102230246251566e-18,-2.088744846174318e-18,4.309190895424631e-18,-4.1076040506482605e-18,6.328050099898574e-18,0.6136587301587302,0.6129339965700391,0.6143834637474213,0.6129340098871888,0.6143834504302715,0.0008928571428571408,0.00041238236689973546,0.0013733319188145461,0.0001091561504648885,0.0016765581352493931,-0.05300793650793648,-0.053732670096627556,-0.05228320291924541,-0.0537326567794778,-0.05228321623639517,0.0008928571428571659,0.0004123823668997605,0.0013733319188145713,0.00041239119573652005,0.0013733230899778117
pooled,48,actual_suppress,source_contact_share,1000,0.4488333333333333,0.4447761886860036,0.452890477980663,0.4447762632369886,0.452890403429678,-0.030452380952380956,-0.03216097979972115,-0.02874378210504076,-0.033239271501614445,-0.02766549040314747,0.44926190476190475,0.44545339790584937,0.45307041161796013,0.44545346788805656,0.45307034163575294,-0.030452380952380956,-0.031482320243234586,-0.029422441661527327,-0.03213231189722065,-0.028772450007541264,0.0004285714285714288,-0.00046528250599384423,0.0013224253631367018,-0.00046526608121803906,0.0013224089383608968,1.5973912007953098e-18,-0.0010392535538470624,0.0010392535538470654,-0.0010392344573191324,0.0010392344573191355
pooled,48,actual_suppress,unformed_bridge_contacts,1000,8.08,7.948332640642462,8.211667359357538,7.948335060061089,8.211664939938911,-0.19133333333333333,-0.24018989580811667,-0.14247677085854998,-0.27102312853655985,-0.11164353813010679,7.847333333333333,7.732669073644618,7.961997593022049,7.732671180627298,7.961995486039369,-0.20700000000000005,-0.23664879948140344,-0.17735120051859665,-0.25536006953854046,-0.15863993046145963,-0.23266666666666666,-0.27016133853609864,-0.19517199479723468,-0.2701606495627043,-0.19517268377062902,-0.01566666666666666,-0.04994982858865318,0.01861649525531987,-0.04994919862750777,0.018615865294174447
pooled,48,actual_suppress,selection_total_variation,1000,0.035960333404537616,0.03535370084275952,0.036566965966315715,0.035353711989775195,0.036566954819300036,0.035960333404537616,0.03535370084275952,0.036566965966315715,0.034970856819142214,0.03694980998993302,0.03570886264205016,0.035107740238041044,0.03630998504605927,0.035107751283806284,0.03630997400029403,0.03570886264205016,0.035107740238041044,0.03630998504605927,0.03472837365876809,0.036689351625332225,-0.000251470762487459,-0.00027185796997033796,-0.0002310835550045801,-0.00027185759535061627,-0.00023108392962430178,-0.000251470762487459,-0.00027185796997033796,-0.0002310835550045801,-0.00027185759535061627,-0.00023108392962430178
pooled,48,actual_suppress,expected_source_shift,1000,-0.01198677780151254,-0.012188988655438573,-0.011784566947586506,-0.012188984939766681,-0.011784570663258397,-0.01198677780151254,-0.012188988655438573,-0.011784566947586506,-0.012316603329977673,-0.011656952273047406,-0.011902954214016716,-0.01210332834868642,-0.011702580079347012,-0.012103324666764673,-0.011702583761268759,-0.011902954214016716,-0.01210332834868642,-0.011702580079347012,-0.012229783875110738,-0.011576124552922694,8.382358749582257e-05,7.702785166819626e-05,9.061932332344887e-05,7.702797654143682e-05,9.061919845020831e-05,8.382358749582257e-05,7.702785166819626e-05,9.061932332344887e-05,7.702797654143682e-05,9.061919845020831e-05
pooled,48,actual_suppress,permutation_unchanged_fraction,1000,0.4815,0.4659157232416104,0.49708427675838956,0.46591600960635293,0.49708399039364703,0.0,0.0,0.0,0.0,0.0,0.4815,0.4659157232416104,0.49708427675838956,0.46591600960635293,0.49708399039364703,0.0,0.0,0.0,0.0,0.0,0.0,0.0,0.0,0.0,0.0,0.0,0.0,0.0,0.0,0.0
pooled,48,actual_suppress,information_transfers,1000,5.801,5.774155398475093,5.827844601524907,5.7741558917509455,5.827844108249055,0,0.0,0.0,0.0,0.0,5.801,5.774155398475093,5.827844601524907,5.7741558917509455,5.827844108249055,0,0.0,0.0,0.0,0.0,0,0.0,0.0,0.0,0.0,0,0.0,0.0,0.0,0.0
pooled,48,permuted_promote,bridge_count,1000,3.4,3.368678827284012,3.431321172715988,3.368679402817911,3.431320597182089,-0.011333333333333334,-0.02496405386242284,0.002297387195756175,-0.033566361455117405,0.01089969478845074,3.3265000000000002,3.2968298023575975,3.356170197642403,3.2968303475544416,3.356169652445559,-0.0029999999999999975,-0.012090790288422016,0.006090790288422021,-0.017827961273242317,0.011827961273242323,-0.07350000000000002,-0.08358692752781521,-0.06341307247218483,-0.08358674217815483,-0.06341325782184522,0.008333333333333302,-0.0009310180192310825,0.017597684685897688,-0.0009308477846009452,0.01759751445126755
pooled,48,permuted_promote,bridge_rate,1000,0.85,0.842169706821003,0.857830293178997,0.8421698507044777,0.8578301492955223,-0.0028333333333333335,-0.00624101346560571,0.0005743467989390437,-0.008391590363779351,0.002724923697112685,0.8316250000000001,0.8242074505893994,0.8390425494106007,0.8242075868886104,0.8390424131113897,-0.0007499999999999994,-0.003022697572105504,0.0015226975721055053,-0.004456990318310579,0.0029569903183105806,-0.018375000000000006,-0.020896731881953803,-0.01585326811804621,-0.020896685544538707,-0.015853314455461304,0.0020833333333333255,-0.00023275450480777062,0.004399421171474422,-0.0002327119461502363,0.004399378612816887
pooled,48,permuted_promote,unformed_turns,1000,20.232833333333332,19.95783119849639,20.507835468170274,19.95783625172515,20.507830414941512,0.06849999999999996,-0.03892527738106234,0.17592527738106228,-0.1067210536417733,0.2437210536417732,21.131416666666667,20.87384844972113,21.388984883612203,20.87385318259756,21.388980150735772,0.014791666666666604,-0.05398438110765516,0.08356771444098837,-0.09738874235928237,0.12697207569261557,0.8985833333333334,0.8182145317375168,0.97895213492915,0.818216008533106,0.9789506581335607,-0.053708333333333316,-0.12302201576980079,0.015605349103134158,-0.12302074211462041,0.01560407544795378
pooled,48,permuted_promote,all_formed,1000,0.495,0.47230212447048064,0.5176978755295194,0.4723025415492699,0.5176974584507301,-0.007666666666666667,-0.018416764728622893,0.003083431395289559,-0.02520111996378626,0.009867786630452924,0.4463333333333333,0.42600587643403376,0.46666079023263285,0.4260062499558244,0.4666604167108422,-0.001333333333333334,-0.008265954174011807,0.005599287507345139,-0.012641110774704326,0.009974444108037658,-0.048666666666666664,-0.056796371344118794,-0.04053696198921453,-0.056796221958887574,-0.04053711137444575,0.006333333333333333,-0.0009788725779236772,0.013645539244590343,-0.0009787382144241276,0.013645404881090794
pooled,48,permuted_promote,free_known_share,1000,0.16666666666666666,0.16666666666666666,0.16666666666666666,0.16666666666666666,0.16666666666666666,0.0,0.0,0.0,0.0,0.0,0.21938095238095237,0.21869495753427318,0.22006694722763157,0.21869497013958947,0.22006693462231527,-0.0006269841269841273,-0.0010785245821038987,-0.000175443671864356,-0.0013634904338500372,0.00010952217988178256,0.052714285714285714,0.05202829086760652,0.05340028056096491,0.05202830347292281,0.05340026795564862,-0.0006269841269841248,-0.0010785245821038963,-0.0001754436718643535,-0.001078516284942072,-0.00017545196902617774
pooled,48,permuted_promote,free_bridge_share,1000,0.6666666666666666,0.6666666666666666,0.6666666666666666,0.6666666666666666,0.6666666666666666,2.886579864025407e-18,-4.814558149548082e-19,6.254615543005622e-18,-2.6070132153817534e-18,8.380172943432568e-18,0.6133174603174604,0.6126022717930211,0.6140326488418997,0.612602284934778,0.6140326357001428,0.0005515873015873008,5.9574111267585704e-05,0.001043600491907016,-0.0002509339644985218,0.0013541085676731235,-0.05334920634920633,-0.054064394873645644,-0.05263401782476701,-0.054064381731888676,-0.05263403096652398,0.0005515873015873241,5.9574111267609014e-05,0.0010436004919070392,5.958315212544016e-05,0.001043591451049208
pooled,48,permuted_promote,source_contact_share,1000,0.4804285714285714,0.47629859828225435,0.4845585445748885,0.47629867417148003,0.4845584686856628,0.0011428571428571423,-0.0006176079072782773,0.002903322192992562,-0.0017286322170448948,0.004014346502759179,0.479734126984127,0.47584475891555056,0.4836234950527034,0.47584483038360154,0.48362342358465243,1.984126984127041e-05,-0.0011491451348699157,0.0011888276745524566,-0.0018868890130121717,0.0019265715526947127,-0.0006944444444444446,-0.0015479618243751463,0.00015907293548625715,-0.001547946140792998,0.000159057251904109,-0.0011230158730158718,-0.0021218291921927257,-0.00012420255383901774,-0.0021218108387635977,-0.00012422090726814578
pooled,48,permuted_promote,unformed_bridge_contacts,1000,8.3,8.165596898786383,8.434403101213618,8.165599368474908,8.434400631525094,0.028666666666666677,-0.022421822393253046,0.0797551557265864,-0.05466361741806797,0.11199695075140131,8.064,7.947325516989231,8.180674483010769,7.9473276609102355,8.180672339089764,0.009666666666666645,-0.02253669327177235,0.04187002660510564,-0.042860138911899055,0.06219347224523234,-0.236,-0.2732628538599622,-0.1987371461400378,-0.27326216914627816,-0.19873783085372182,-0.018999999999999986,-0.05271740864962854,0.014717408649628564,-0.05271678908433225,0.014716789084332282
pooled,48,permuted_promote,selection_total_variation,1000,0.03602332502597151,0.03541668893391037,0.036629961118032656,0.03541670008099092,0.036629949970952105,0.03602332502597151,0.03541668893391037,0.036629961118032656,0.03503384268234184,0.037012807369601185,0.03577820328591405,0.035177342758489064,0.03637906381333904,0.03517735379944226,0.036379052772385845,0.03577820328591405,0.035177342758489064,0.03637906381333904,0.03479814144875729,0.03675826512307081,-0.0002451217400574579,-0.0002665931027994384,-0.00022365037731547738,-0.00026659270825810945,-0.00022365077185680638,-0.0002451217400574579,-0.0002665931027994384,-0.00022365037731547738,-0.00026659270825810945,-0.00022365077185680638
pooled,48,permuted_promote,expected_source_shift,1000,-0.00014527016372015738,-0.0004531974602353365,0.00016265713279502172,-0.00045319180199900283,0.00016265147455868804,-0.00014527016372015738,-0.0004531974602353365,0.00016265713279502172,-0.0006475294704293254,0.00035698914298901055,-0.00013756991768389744,-0.0004431889264223145,0.00016804909105451964,-0.0004431833106013104,0.0001680434752335155,-0.00013756991768389744,-0.0004431889264223145,0.00016804909105451964,-0.0006360641829967285,0.00036092434762893366,7.700246036259934e-06,6.513386154099928e-07,1.4749153457109876e-05,6.514681407379932e-07,1.4749023931781875e-05,7.700246036259934e-06,6.513386154099928e-07,1.4749153457109876e-05,6.514681407379932e-07,1.4749023931781875e-05
pooled,48,permuted_promote,permutation_unchanged_fraction,1000,0.4815,0.4659157232416104,0.49708427675838956,0.46591600960635293,0.49708399039364703,0.0,0.0,0.0,0.0,0.0,0.4815,0.4659157232416104,0.49708427675838956,0.46591600960635293,0.49708399039364703,0.0,0.0,0.0,0.0,0.0,0.0,0.0,0.0,0.0,0.0,0.0,0.0,0.0,0.0,0.0
pooled,48,permuted_promote,information_transfers,1000,5.801,5.774155398475093,5.827844601524907,5.7741558917509455,5.827844108249055,0,0.0,0.0,0.0,0.0,5.801,5.774155398475093,5.827844601524907,5.7741558917509455,5.827844108249055,0,0.0,0.0,0.0,0.0,0,0.0,0.0,0.0,0.0,0,0.0,0.0,0.0,0.0
pooled,48,permuted_suppress,bridge_count,1000,3.4053333333333335,3.3740575928982617,3.4366090737684054,3.374058167597332,3.4366084990693353,-0.006000000000000006,-0.021519111181976417,0.009519111181976403,-0.03131317655568005,0.019313176555680035,3.324333333333333,3.294505569359454,3.3541610973072125,3.294506117451616,3.35416054921505,-0.005166666666666667,-0.01528277965139047,0.004949446318057136,-0.021667028770967895,0.011333695437634562,-0.08100000000000003,-0.09091219241151259,-0.07108780758848747,-0.09091201027265097,-0.07108798972734909,0.0008333333333333035,-0.008900362399038249,0.010567029065704857,-0.008900183540094994,0.010566850206761602
pooled,48,permuted_suppress,bridge_rate,1000,0.8513333333333334,0.8435143982245654,0.8591522684421014,0.843514541899333,0.8591521247673338,-0.0015000000000000015,-0.005379777795494104,0.0023797777954941007,-0.007828294138920012,0.004828294138920009,0.8310833333333333,0.8236263923398635,0.8385402743268031,0.823626529362904,0.8385401373037625,-0.0012916666666666667,-0.0038206949128476173,0.001237361579514284,-0.005416757192741974,0.0028334238594086405,-0.020250000000000008,-0.022728048102878148,-0.017771951897121867,-0.022728002568162743,-0.017771997431837272,0.00020833333333332587,-0.002225090599759562,0.002641757266426214,-0.0022250458850237484,0.0026417125516904004
pooled,48,permuted_suppress,unformed_turns,1000,20.216833333333334,19.949612500237816,20.48405416642885,19.94961741048333,20.484049256183336,0.05250000000000001,-0.05723988756058892,0.16223988756058894,-0.12649640749064425,0.2314964074906443,21.155625,20.90321552280141,21.40803447719859,20.903220160884786,21.408029839115216,0.038999999999999965,-0.03437608775638161,0.11237608775638154,-0.08068352069669342,0.15868352069669334,0.9387916666666667,0.8599317062542853,1.017651627079048,0.8599331553245637,1.0176501780087697,-0.013500000000000005,-0.0862809582289569,0.0592809582289569,-0.08627962086177021,0.059279620861770195
pooled,48,permuted_suppress,all_formed,1000,0.5006666666666667,0.4777233224199576,0.5236100109133758,0.47772374400929213,0.5236095893240412,-0.001999999999999999,-0.013619056782930766,0.009619056782930766,-0.020951809308407936,0.01695180930840794,0.4445,0.4239223877112702,0.4650776122887298,0.4239227658297249,0.46507723417027513,-0.003166666666666666,-0.010552152464306101,0.0042188191309727695,-0.015213110805956978,0.008879777472623645,-0.05616666666666666,-0.06424823787348954,-0.048085095459843775,-0.06424808937272215,-0.048085243960611174,-0.0011666666666666657,-0.00889363167596505,0.00656029834263172,-0.008893489691169746,0.006560156357836414
pooled,48,permuted_suppress,free_known_share,1000,0.16666666666666666,0.16666666666666666,0.16666666666666666,0.16666666666666666,0.16666666666666666,0.0,0.0,0.0,0.0,0.0,0.21975,0.2190452165011338,0.2204547834988662,0.21904522945169597,0.22045477054830404,-0.000257936507936508,-0.0007064993074733601,0.00019062629160034408,-0.0009895859695482916,0.0004737129536752755,0.05308333333333334,0.052378549834467124,0.05378811683219955,0.0523785627850293,0.05378810388163737,-0.0002579365079365055,-0.0007064993074733576,0.00019062629160034657,-0.0007064910650266534,0.0001906180491536424
pooled,48,permuted_suppress,free_bridge_share,1000,0.6666666666666666,0.6666666666666666,0.6666666666666666,0.6666666666666666,0.6666666666666666,1.3322676295501879e-18,-2.1090792331013413e-18,4.7736144922017175e-18,-4.2809031056916104e-18,6.945438364791987e-18,0.6129166666666667,0.6121818868683806,0.6136514464649527,0.6121819003701319,0.6136514329632015,0.00015079365079364982,-0.000333458590880976,0.0006350458924682757,-0.00063906875480789,0.0009406560563951897,-0.05374999999999997,-0.054484779798286,-0.053015220201713946,-0.05448476629653477,-0.05301523370346517,0.00015079365079367476,-0.00033345859088095107,0.0006350458924683006,-0.00033344969263237256,0.000635036994219722
pooled,48,permuted_suppress,source_contact_share,1000,0.4801666666666667,0.4760555288316211,0.48427780450171226,0.4760556043747436,0.4842777289585898,0.0008809523809523802,-0.0008620498218291094,0.00262395458373387,-0.001962053380046886,0.0037239581419516465,0.48037698412698415,0.47655074443208845,0.48420322382187986,0.47655081474014077,0.48420315351382753,0.0006626984126984121,-0.0004980781658162439,0.001823474991213068,-0.0012306408468182317,0.002556037672215056,0.00021031746031745927,-0.0006921613469834418,0.0011127962676183603,-0.0006921447637235761,0.0011127796843584947,-0.00021825396825396793,-0.0012007178749296858,0.0007642099384217499,-0.0012006998219248493,0.0007641918854169134
pooled,48,permuted_suppress,unformed_bridge_contacts,1000,8.292666666666667,8.159395111064583,8.425938222268751,8.159397559960691,8.425935773372643,0.02133333333333334,-0.03396147096834168,0.07662813763500836,-0.06885785915748695,0.11152452582415363,8.0575,7.941029200887368,8.173970799112631,7.941031341065634,8.173968658934365,0.0031666666666666406,-0.030385018728880494,0.03671835206221377,-0.05155938859508548,0.05789272192841875,-0.23516666666666666,-0.27277923226413897,-0.19755410106919435,-0.2727785411244197,-0.19755479220891362,-0.01816666666666665,-0.05439489606654064,0.01806156273320734,-0.054394230364323864,0.018060897030990564
pooled,48,permuted_suppress,selection_total_variation,1000,0.03589255084292206,0.03528763694618697,0.03649746473965715,0.035287648061621775,0.03649745362422235,0.03589255084292206,0.03528763694618697,0.03649746473965715,0.03490587756701802,0.036879224118826104,0.035676727014585734,0.03507828414966063,0.036275169879510835,0.03507829514618871,0.03627515888298276,0.035676727014585734,0.03507828414966063,0.036275169879510835,0.03470060861961417,0.036652845409557294,-0.00021582382833632764,-0.0002381586204024322,-0.00019348903627022308,-0.00023815820999538678,-0.0001934894466772685,-0.00021582382833632764,-0.0002381586204024322,-0.00019348903627022308,-0.00023815820999538678,-0.0001934894466772685
pooled,48,permuted_suppress,expected_source_shift,1000,0.0001028754542431638,-0.00020549303657749267,0.00041124394506382027,-0.00020548737023411005,0.00041123827872043765,0.0001028754542431638,-0.00020549303657749267,0.00041124394506382027,-0.00040010348319865076,0.0006058543916849784,0.00011201895314037698,-0.00019368284482857752,0.0004177207511093315,-0.00019367722748630183,0.0004177151337670558,0.00011201895314037698,-0.00019368284482857752,0.0004177207511093315,-0.0003866103494426256,0.0006106482557233796,9.143498897213177e-06,2.050427984604539e-06,1.6236569809821816e-05,2.050558321447064e-06,1.623643947297929e-05,9.143498897213177e-06,2.050427984604539e-06,1.6236569809821816e-05,2.050558321447064e-06,1.623643947297929e-05
pooled,48,permuted_suppress,permutation_unchanged_fraction,1000,0.4815,0.4659157232416104,0.49708427675838956,0.46591600960635293,0.49708399039364703,0.0,0.0,0.0,0.0,0.0,0.4815,0.4659157232416104,0.49708427675838956,0.46591600960635293,0.49708399039364703,0.0,0.0,0.0,0.0,0.0,0.0,0.0,0.0,0.0,0.0,0.0,0.0,0.0,0.0,0.0
pooled,48,permuted_suppress,information_transfers,1000,5.801,5.774155398475093,5.827844601524907,5.7741558917509455,5.827844108249055,0,0.0,0.0,0.0,0.0,5.801,5.774155398475093,5.827844601524907,5.7741558917509455,5.827844108249055,0,0.0,0.0,0.0,0.0,0,0.0,0.0,0.0,0.0,0,0.0,0.0,0.0,0.0
