known_pair,case_id,metric,contrast,mean,ci_low,ci_high,simultaneous_low,simultaneous_high
akane-koharu,free,bridge_count,B_vs_free,0.0,0.0,0.0,0.0,0.0
akane-koharu,free,bridge_count,A_vs_free,0.0,0.0,0.0,0.0,0.0
akane-koharu,free,bridge_count,B_minus_A,-0.069,-0.09875519305791704,-0.039244806942082974,-0.1208231360267442,-0.01717686397325581
akane-koharu,free,bridge_count,island_change,0.0,0.0,0.0,0.0,0.0
akane-koharu,free,bridge_rate,B_vs_free,0.0,0.0,0.0,0.0,0.0
akane-koharu,free,bridge_rate,A_vs_free,0.0,0.0,0.0,0.0,0.0
akane-koharu,free,bridge_rate,B_minus_A,-0.01725,-0.02468879826447926,-0.009811201735520744,-0.03020578400668605,-0.0042942159933139525
akane-koharu,free,bridge_rate,island_change,0.0,0.0,0.0,0.0,0.0
akane-koharu,free,unformed_turns,B_vs_free,0.0,0.0,0.0,0.0,0.0
akane-koharu,free,unformed_turns,A_vs_free,0.0,0.0,0.0,0.0,0.0
akane-koharu,free,unformed_turns,B_minus_A,1.304,1.040929051359869,1.567070948640131,0.8458224466053419,1.7621775533946582
akane-koharu,free,unformed_turns,island_change,0.0,0.0,0.0,0.0,0.0
akane-koharu,free,known_share,B_vs_free,0.0,0.0,0.0,0.0,0.0
akane-koharu,free,known_share,A_vs_free,0.0,0.0,0.0,0.0,0.0
akane-koharu,free,known_share,B_minus_A,0.05525,0.05330230086206007,0.05719769913793993,0.0518577895321275,0.0586422104678725
akane-koharu,free,known_share,island_change,-1.2836953722228372e-19,-2.4534871512739926e-19,-1.1390359317168157e-20,-3.308009983625141e-19,7.406192391794666e-20
akane-koharu,free,bridge_share,B_vs_free,0.0,0.0,0.0,0.0,0.0
akane-koharu,free,bridge_share,A_vs_free,0.0,0.0,0.0,0.0,0.0
akane-koharu,free,bridge_share,B_minus_A,-0.0560625,-0.058113147008253256,-0.054011852991746746,-0.05963400964017249,-0.05249099035982751
akane-koharu,free,bridge_share,island_change,0.0,0.0,0.0,0.0,0.0
akane-koharu,free,all_formed,B_vs_free,0.0,0.0,0.0,0.0,0.0
akane-koharu,free,all_formed,A_vs_free,0.0,0.0,0.0,0.0,0.0
akane-koharu,free,all_formed,B_minus_A,-0.06,-0.08705869200114472,-0.032941307998855286,-0.1071267745953338,-0.012873225404666191
akane-koharu,free,all_formed,island_change,0.0,0.0,0.0,0.0,0.0
akane-koharu,shuffle_weak,bridge_count,B_vs_free,0.058,0.023216159309628087,0.09278384069037192,-0.0021931371131055297,0.11819313711310553
akane-koharu,shuffle_weak,bridge_count,A_vs_free,0.022,-0.009099695443149543,0.05309969544314954,-0.03181775545284986,0.07581775545284986
akane-koharu,shuffle_weak,bridge_count,B_minus_A,-0.033,-0.059593602939754464,-0.006406397060245535,-0.07931675216845648,0.013316752168456472
akane-koharu,shuffle_weak,bridge_count,island_change,0.036,0.00673575419590516,0.06526424580409483,-0.014641525640527814,0.08664152564052781
akane-koharu,shuffle_weak,bridge_rate,B_vs_free,0.0145,0.005804039827407022,0.02319596017259298,-0.0005482842782763824,0.029548284278276382
akane-koharu,shuffle_weak,bridge_rate,A_vs_free,0.0055,-0.0022749238607873857,0.013274923860787385,-0.007954438863212464,0.018954438863212464
akane-koharu,shuffle_weak,bridge_rate,B_minus_A,-0.00825,-0.014898400734938616,-0.0016015992650613839,-0.01982918804211412,0.003329188042114118
akane-koharu,shuffle_weak,bridge_rate,island_change,0.009,0.00168393854897629,0.016316061451023708,-0.0036603814101319535,0.021660381410131952
akane-koharu,shuffle_weak,unformed_turns,B_vs_free,-0.17475,-0.4443770066640629,0.09487700666406287,-0.6413372157705258,0.2918372157705258
akane-koharu,shuffle_weak,unformed_turns,A_vs_free,0.065,-0.18415087918889753,0.3141508791888975,-0.36615345330509413,0.49615345330509414
akane-koharu,shuffle_weak,unformed_turns,B_minus_A,1.06425,0.8266550343487833,1.3018449656512165,0.65044269583477,1.4780573041652298
akane-koharu,shuffle_weak,unformed_turns,island_change,-0.23975,-0.4779513109881145,-0.0015486890118854568,-0.6519553197189871,0.17245531971898712
akane-koharu,shuffle_weak,known_share,B_vs_free,-0.003,-0.0043813551590408395,-0.0016186448409591608,-0.005390423220661085,-0.0006095767793389151
akane-koharu,shuffle_weak,known_share,A_vs_free,0.002645833333333333,0.0012443223018513076,0.004047344364815358,0.00022053054878836634,0.0050711361178782995
akane-koharu,shuffle_weak,known_share,B_minus_A,0.049604166666666664,0.047768091458109826,0.0514402418752235,0.046406366030550254,0.052801967302783075
akane-koharu,shuffle_weak,known_share,island_change,-0.0056458333333333326,-0.00710263472589881,-0.004189031940767855,-0.008166815612139855,-0.0031248510545268094
akane-koharu,shuffle_weak,bridge_share,B_vs_free,-0.0003333333333333312,-0.0023304699750974814,0.0016638033084308188,-0.0037893611130543773,0.0031226944463877146
akane-koharu,shuffle_weak,bridge_share,A_vs_free,-0.006458333333333333,-0.008429458713876483,-0.0044872079527901836,-0.009869348849253567,-0.0030473178174131
akane-koharu,shuffle_weak,bridge_share,B_minus_A,-0.049937499999999996,-0.051843839741046074,-0.04803116025895392,-0.05325767686866034,-0.04661732313133965
akane-koharu,shuffle_weak,bridge_share,island_change,0.006125000000000003,0.004568496203680558,0.007681503796319448,0.003431483569111476,0.00881851643088853
akane-koharu,shuffle_weak,all_formed,B_vs_free,0.056,0.025819748344488743,0.08618025165551126,0.0037733341128410244,0.10822666588715898
akane-koharu,shuffle_weak,all_formed,A_vs_free,0.02,-0.0065711080646589475,0.046571108064658945,-0.02598107394810688,0.06598107394810689
akane-koharu,shuffle_weak,all_formed,B_minus_A,-0.024,-0.04860417451986154,0.0006041745198615417,-0.06685186389100838,0.018851863891008375
akane-koharu,shuffle_weak,all_formed,island_change,0.036,0.008497009237159295,0.0635029907628407,-0.011593688941496948,0.08359368894149694
akane-koharu,shuffle_medium,bridge_count,B_vs_free,0.175,0.13566412437594516,0.21433587562405482,0.10692960558958096,0.243070394410419
akane-koharu,shuffle_medium,bridge_count,A_vs_free,0.114,0.07633058599936612,0.15166941400063388,0.04881340309443995,0.17918659690556005
akane-koharu,shuffle_medium,bridge_count,B_minus_A,-0.008,-0.030180417230262116,0.014180417230262116,-0.04663052667870273,0.03063052667870273
akane-koharu,shuffle_medium,bridge_count,island_change,0.061,0.02882084985422853,0.09317915014577147,0.005314257469452507,0.11668574253054749
akane-koharu,shuffle_medium,bridge_rate,B_vs_free,0.04375,0.03391603109398629,0.053583968906013704,0.02673240139739524,0.06076759860260475
akane-koharu,shuffle_medium,bridge_rate,A_vs_free,0.0285,0.01908264649984153,0.03791735350015847,0.012203350773609987,0.04479664922639001
akane-koharu,shuffle_medium,bridge_rate,B_minus_A,-0.002,-0.007545104307565529,0.003545104307565529,-0.011657631669675683,0.007657631669675683
akane-koharu,shuffle_medium,bridge_rate,island_change,0.01525,0.007205212463557133,0.023294787536442867,0.0013285643673631269,0.029171435632636872
akane-koharu,shuffle_medium,unformed_turns,B_vs_free,-1.10075,-1.418600793338519,-0.7828992066614808,-1.6507880638021568,-0.5507119361978431
akane-koharu,shuffle_medium,unformed_turns,A_vs_free,-0.51875,-0.8298125490909296,-0.20768745090907054,-1.0570410655224212,0.019541065522420964
akane-koharu,shuffle_medium,unformed_turns,B_minus_A,0.722,0.5081364982448314,0.9358635017551685,0.3495246031493973,1.0944753968506027
akane-koharu,shuffle_medium,unformed_turns,island_change,-0.582,-0.8452988248222022,-0.3187011751777977,-1.037636351526566,-0.12636364847343373
akane-koharu,shuffle_medium,known_share,B_vs_free,-0.007416666666666667,-0.009089808672247037,-0.005743524661086297,-0.010312024515389576,-0.004521308817943758
akane-koharu,shuffle_medium,known_share,A_vs_free,0.0048125,0.0030535857434198536,0.006571414256580146,0.0017687140087126528,0.007856285991287347
akane-koharu,shuffle_medium,known_share,B_minus_A,0.043020833333333335,0.041349931811838596,0.04469173485482807,0.04011070747170072,0.04593095919496595
akane-koharu,shuffle_medium,known_share,island_change,-0.012229166666666666,-0.01398750769547486,-0.010470825637858472,-0.015271960692225405,-0.009186372641107927
akane-koharu,shuffle_medium,bridge_share,B_vs_free,-0.00027083333333333094,-0.0028053579332507346,0.002263691266584073,-0.004656806352166635,0.004115139685499972
akane-koharu,shuffle_medium,bridge_share,A_vs_free,-0.013229166666666667,-0.015844374112945144,-0.010613959220388188,-0.017754760657114878,-0.008703572676218456
akane-koharu,shuffle_medium,bridge_share,B_minus_A,-0.043104166666666666,-0.04483273915604786,-0.04137559417728547,-0.046114735177343984,-0.04009359815598935
akane-koharu,shuffle_medium,bridge_share,island_change,0.012958333333333336,0.011080341241773142,0.01483632542489353,0.009708484172889694,0.01620818249377698
akane-koharu,shuffle_medium,all_formed,B_vs_free,0.151,0.1163511295620965,0.18564887043790348,0.09104042774781193,0.21095957225218806
akane-koharu,shuffle_medium,all_formed,A_vs_free,0.095,0.06137761423062271,0.1286223857693773,0.03681675063714144,0.15318324936285857
akane-koharu,shuffle_medium,all_formed,B_minus_A,-0.004,-0.024936075411921253,0.016936075411921252,-0.0404633185819471,0.032463318581947107
akane-koharu,shuffle_medium,all_formed,island_change,0.056,0.026989147341521105,0.0850108526584789,0.005796969018338413,0.10620303098166159
akane-koharu,shuffle_strong,bridge_count,B_vs_free,0.28,0.2369655193301171,0.32303448066988294,0.20552920137221758,0.35447079862778247
akane-koharu,shuffle_strong,bridge_count,A_vs_free,0.216,0.17433924233611287,0.25766075766388713,0.143906417217684,0.288093582782316
akane-koharu,shuffle_strong,bridge_count,B_minus_A,-0.005,-0.01872336295121173,0.00872336295121173,-0.028901296946073747,0.018901296946073745
akane-koharu,shuffle_strong,bridge_count,island_change,0.064,0.031783527388810746,0.09621647261118926,0.008249671264085198,0.1197503287359148
akane-koharu,shuffle_strong,bridge_rate,B_vs_free,0.07,0.05924137983252928,0.08075862016747073,0.051382300343054396,0.08861769965694562
akane-koharu,shuffle_strong,bridge_rate,A_vs_free,0.054,0.043584810584028216,0.06441518941597178,0.035976604304421,0.072023395695579
akane-koharu,shuffle_strong,bridge_rate,B_minus_A,-0.00125,-0.004680840737802933,0.0021808407378029323,-0.007225324236518437,0.004725324236518436
akane-koharu,shuffle_strong,bridge_rate,island_change,0.016,0.007945881847202687,0.024054118152797316,0.0020624178160212996,0.0299375821839787
akane-koharu,shuffle_strong,unformed_turns,B_vs_free,-2.54275,-2.944549449394139,-2.1409505506058606,-3.238060491001824,-1.8474395089981757
akane-koharu,shuffle_strong,unformed_turns,A_vs_free,-1.85825,-2.2461072258173345,-1.4703927741826655,-2.5294335930295575,-1.1870664069704424
akane-koharu,shuffle_strong,unformed_turns,B_minus_A,0.6195,0.45603758428019936,0.7829624157198007,0.3348056614817189,0.9041943385182811
akane-koharu,shuffle_strong,unformed_turns,island_change,-0.6845,-0.9883790045808118,-0.3806209954191882,-1.2103600035386504,-0.15863999646134952
akane-koharu,shuffle_strong,known_share,B_vs_free,-0.0139375,-0.01622947961569321,-0.01164552038430679,-0.017903751009942435,-0.009971248990057566
akane-koharu,shuffle_strong,known_share,A_vs_free,0.010937500000000001,0.008605120288922831,0.013269879711077171,0.006901336972506777,0.014973663027493225
akane-koharu,shuffle_strong,known_share,B_minus_A,0.030375,0.028920103402223604,0.031829896597776394,0.027841079143070713,0.032908920856929286
akane-koharu,shuffle_strong,known_share,island_change,-0.024875,-0.026975044085289678,-0.022774955914710324,-0.028509108225558813,-0.02124089177444119
akane-koharu,shuffle_strong,bridge_share,B_vs_free,-0.003749999999999998,-0.006969836583648799,-0.0005301634163511976,-0.009321899511804406,0.0018218995118044088
akane-koharu,shuffle_strong,bridge_share,A_vs_free,-0.029166666666666667,-0.03243292456568277,-0.02590040876765056,-0.03481889786541007,-0.023514435467923263
akane-koharu,shuffle_strong,bridge_share,B_minus_A,-0.030645833333333334,-0.03211268207395616,-0.029178984592710514,-0.03320057064147286,-0.02809109602519381
akane-koharu,shuffle_strong,bridge_share,island_change,0.025416666666666667,0.02320769031528456,0.027625643018048776,0.02159405209164203,0.029239281241691305
akane-koharu,shuffle_strong,all_formed,B_vs_free,0.235,0.1974957628019472,0.2725042371980528,0.17009924013049843,0.29990075986950154
akane-koharu,shuffle_strong,all_formed,A_vs_free,0.18,0.14322965027880996,0.21677034972119003,0.11636922609649959,0.2436307739035004
akane-koharu,shuffle_strong,all_formed,B_minus_A,-0.005,-0.018151004102687707,0.008151004102687709,-0.02790444807987965,0.017904448079879648
akane-koharu,shuffle_strong,all_formed,island_change,0.055,0.02552162598557148,0.08447837401442852,0.003987927333365129,0.10601207266663487
akane-koharu,task_weak,bridge_count,B_vs_free,0.052,0.02153870317592824,0.08246129682407176,-0.0007130121338752224,0.10471301213387521
akane-koharu,task_weak,bridge_count,A_vs_free,0.027,-0.0024976742538523958,0.056497674253852395,-0.024045471564942234,0.07804547156494224
akane-koharu,task_weak,bridge_count,B_minus_A,-0.044,-0.07187518768526031,-0.01612481231473968,-0.09254882441436244,0.004548824414362433
akane-koharu,task_weak,bridge_count,island_change,0.025,-0.0010430497530615722,0.05104304975306158,-0.020067273582108372,0.07006727358210837
akane-koharu,task_weak,bridge_rate,B_vs_free,0.013,0.00538467579398206,0.02061532420601794,-0.0001782530334688056,0.026178253033468803
akane-koharu,task_weak,bridge_rate,A_vs_free,0.00675,-0.0006244185634630989,0.014124418563463099,-0.0060113678912355585,0.01951136789123556
akane-koharu,task_weak,bridge_rate,B_minus_A,-0.011,-0.01796879692131508,-0.00403120307868492,-0.02313720610359061,0.0011372061035906083
akane-koharu,task_weak,bridge_rate,island_change,0.00625,-0.00026076243826539305,0.012760762438265395,-0.005016818395527093,0.017516818395527094
akane-koharu,task_weak,unformed_turns,B_vs_free,-0.46925,-0.6768917668255364,-0.2616082331744636,-0.8285722914109248,-0.10992770858907519
akane-koharu,task_weak,unformed_turns,A_vs_free,-0.26675,-0.46902145035998216,-0.06447854964001781,-0.6167790049613536,0.08327900496135365
akane-koharu,task_weak,unformed_turns,B_minus_A,1.1015,0.8570297314833792,1.3459702685166206,0.6757183236663429,1.527281676333657
akane-koharu,task_weak,unformed_turns,island_change,-0.2025,-0.36927842856387105,-0.035721571436128974,-0.4911086360449585,0.0861086360449585
akane-koharu,task_weak,known_share,B_vs_free,-0.004875,-0.006065551902807148,-0.0036844480971928517,-0.006935239826988845,-0.002814760173011155
akane-koharu,task_weak,known_share,A_vs_free,0.0025,0.0013162273416759938,0.0036837726583240065,0.0004514915972759284,0.004548508402724072
akane-koharu,task_weak,known_share,B_minus_A,0.047875,0.046098356218310516,0.049651643781689486,0.04478070811655125,0.05096929188344875
akane-koharu,task_weak,known_share,island_change,-0.007375,-0.00844555886971046,-0.00630444113028954,-0.009227592915364,-0.0055224070846360005
akane-koharu,task_weak,bridge_share,B_vs_free,0.00029166666666666897,-0.0014045293224841688,0.0019878626558175066,-0.0026435859023205424,0.00322691923565388
akane-koharu,task_weak,bridge_share,A_vs_free,-0.007437500000000001,-0.009133571510575441,-0.005741428489424562,-0.010372537159883217,-0.004502462840116786
akane-koharu,task_weak,bridge_share,B_minus_A,-0.04833333333333333,-0.05018198314258016,-0.0464846835240865,-0.05155303452444769,-0.04511363214221897
akane-koharu,task_weak,bridge_share,island_change,0.007729166666666671,0.006566908276250034,0.008891425057083308,0.005717888519496145,0.009740444813837196
akane-koharu,task_weak,all_formed,B_vs_free,0.044,0.017251187664470754,0.07074881233552924,-0.0022885896602818506,0.09028858966028185
akane-koharu,task_weak,all_formed,A_vs_free,0.018,-0.00799139230734041,0.04399139230734041,-0.02697788081663186,0.06297788081663186
akane-koharu,task_weak,all_formed,B_minus_A,-0.034,-0.05948098096209781,-0.008519019037902198,-0.0783789539501013,0.010378953950101293
akane-koharu,task_weak,all_formed,island_change,0.026,0.0007860272304655823,0.05121397276953442,-0.01763256299361998,0.06963256299361997
akane-koharu,task_medium,bridge_count,B_vs_free,0.201,0.1607832061333961,0.2412167938666039,0.13140518414828026,0.27059481585171974
akane-koharu,task_medium,bridge_count,A_vs_free,0.132,0.09354397280493437,0.17045602719506564,0.06545217572771861,0.1985478242722814
akane-koharu,task_medium,bridge_count,B_minus_A,0.0,-0.021120408889784108,0.021120408889784108,-0.03678436300867879,0.03678436300867879
akane-koharu,task_medium,bridge_count,island_change,0.069,0.03559194347704973,0.10240805652295029,0.01118764555447875,0.12681235444552125
akane-koharu,task_medium,bridge_rate,B_vs_free,0.05025,0.04019580153334903,0.06030419846665098,0.032851296037070064,0.06764870396292993
akane-koharu,task_medium,bridge_rate,A_vs_free,0.033,0.023385993201233593,0.04261400679876641,0.016363043931929652,0.04963695606807035
akane-koharu,task_medium,bridge_rate,B_minus_A,0.0,-0.005280102222446027,0.005280102222446027,-0.009196090752169697,0.009196090752169697
akane-koharu,task_medium,bridge_rate,island_change,0.01725,0.008897985869262432,0.025602014130737573,0.0027969113886196877,0.03170308861138031
akane-koharu,task_medium,unformed_turns,B_vs_free,-0.95225,-1.2965628844151411,-0.607937115584859,-1.5480804847902019,-0.3564195152097983
akane-koharu,task_medium,unformed_turns,A_vs_free,-0.36025,-0.683863262948007,-0.03663673705199305,-0.9202599678941055,0.1997599678941055
akane-koharu,task_medium,unformed_turns,B_minus_A,0.712,0.5064060531032087,0.9175939468967912,0.35392727449056965,1.0700727255094302
akane-koharu,task_medium,unformed_turns,island_change,-0.592,-0.866576946951847,-0.317423053048153,-1.0671530448604325,-0.11684695513956733
akane-koharu,task_medium,known_share,B_vs_free,-0.007375,-0.009050843165156898,-0.005699156834843101,-0.010275032182135416,-0.004474967817864583
akane-koharu,task_medium,known_share,A_vs_free,0.0053124999999999995,0.003514017670925413,0.007110982329074586,0.0022002417996153287,0.00842475820038467
akane-koharu,task_medium,known_share,B_minus_A,0.042562499999999996,0.04083541896948368,0.04428958103051631,0.03955452908885706,0.045570470911142934
akane-koharu,task_medium,known_share,island_change,-0.012687499999999999,-0.014220533937481534,-0.011154466062518464,-0.015340402042051164,-0.010034597957948834
akane-koharu,task_medium,bridge_share,B_vs_free,-0.0006458333333333321,-0.0030350064487141724,0.0017433397820475083,-0.0047802768584519146,0.00348861019178525
akane-koharu,task_medium,bridge_share,A_vs_free,-0.014041666666666668,-0.016518538513760235,-0.0115647948195731,-0.018327872092652363,-0.009755461240680972
akane-koharu,task_medium,bridge_share,B_minus_A,-0.042666666666666665,-0.04445104390378514,-0.04088228942954819,-0.04577442752381266,-0.03955890580952067
akane-koharu,task_medium,bridge_share,island_change,0.013395833333333336,0.01174362756026648,0.015048039106400192,0.010536705454887019,0.016254961211779655
akane-koharu,task_medium,all_formed,B_vs_free,0.173,0.1377529872825298,0.20824701271747018,0.11200534767808662,0.23399465232191335
akane-koharu,task_medium,all_formed,A_vs_free,0.107,0.073173735977236,0.140826264022764,0.048463941073363645,0.16553605892663636
akane-koharu,task_medium,all_formed,B_minus_A,0.006,-0.013801439326458052,0.02580143932645805,-0.0284871794897436,0.0404871794897436
akane-koharu,task_medium,all_formed,island_change,0.066,0.03514061744149939,0.09685938255850061,0.012598103926925966,0.11940189607307404
akane-koharu,task_strong,bridge_count,B_vs_free,0.293,0.2501647558692641,0.33583524413073584,0.21887397848943047,0.3671260215105695
akane-koharu,task_strong,bridge_count,A_vs_free,0.228,0.1872410260242047,0.26875897397579535,0.1574669461330173,0.2985330538669827
akane-koharu,task_strong,bridge_count,B_minus_A,-0.004,-0.016399850430174175,0.008399850430174176,-0.025596201184223906,0.017596201184223906
akane-koharu,task_strong,bridge_count,island_change,0.065,0.033454712790257475,0.09654528720974254,0.010411151827925888,0.11958884817207412
akane-koharu,task_strong,bridge_rate,B_vs_free,0.07325,0.06254118896731603,0.08395881103268396,0.054718494622357616,0.09178150537764238
akane-koharu,task_strong,bridge_rate,A_vs_free,0.057,0.046810256506051175,0.06718974349394884,0.03936673653325432,0.07463326346674568
akane-koharu,task_strong,bridge_rate,B_minus_A,-0.001,-0.004099962607543544,0.002099962607543544,-0.0063990502960559765,0.0043990502960559764
akane-koharu,task_strong,bridge_rate,island_change,0.01625,0.008363678197564369,0.024136321802435634,0.002602787956981472,0.02989721204301853
akane-koharu,task_strong,unformed_turns,B_vs_free,-2.3335,-2.7347441781445494,-1.9322558218554504,-3.0278495988807084,-1.6391504011192914
akane-koharu,task_strong,unformed_turns,A_vs_free,-1.494,-1.8872180261871505,-1.1007819738128495,-2.1744604119573085,-0.8135395880426913
akane-koharu,task_strong,unformed_turns,B_minus_A,0.4645,0.3217217514750519,0.6072782485249482,0.21583024408322743,0.7131697559167727
akane-koharu,task_strong,unformed_turns,island_change,-0.8395,-1.1300751633384194,-0.5489248366615807,-1.342337820704885,-0.336662179295115
akane-koharu,task_strong,known_share,B_vs_free,-0.013979166666666666,-0.016116392265508227,-0.011841941067825103,-0.017677617181601272,-0.01028071615173206
akane-koharu,task_strong,known_share,A_vs_free,0.013104166666666667,0.010876471491880856,0.015331861841452478,0.009249159328756387,0.016959174004576947
akane-koharu,task_strong,known_share,B_minus_A,0.028166666666666666,0.026777580970900817,0.029555752362432516,0.0257473653761538,0.030585967957179532
akane-koharu,task_strong,known_share,island_change,-0.027083333333333334,-0.029065477867041223,-0.025101188799625446,-0.030513417399021248,-0.02365324926764542
akane-koharu,task_strong,bridge_share,B_vs_free,-0.003354166666666664,-0.006538423245758441,-0.0001699100875748867,-0.008864495286635122,0.0021561619533017927
akane-koharu,task_strong,bridge_share,A_vs_free,-0.03116666666666667,-0.034376739156130084,-0.027956594177203257,-0.03672166949747147,-0.025611663835861866
akane-koharu,task_strong,bridge_share,B_minus_A,-0.028249999999999997,-0.029658870988382664,-0.02684112901161733,-0.030703760348083572,-0.025796239651916422
akane-koharu,task_strong,bridge_share,island_change,0.027812500000000004,0.025739488402844055,0.029885511597155953,0.024225171262630154,0.03139982873736985
akane-koharu,task_strong,all_formed,B_vs_free,0.248,0.21035652427226115,0.28564347572773885,0.18285828905257046,0.31314171094742954
akane-koharu,task_strong,all_formed,A_vs_free,0.192,0.15610087459554475,0.22789912540445526,0.12987687228256334,0.25412312771743667
akane-koharu,task_strong,all_formed,B_minus_A,-0.004,-0.016085751933570366,0.008085751933570366,-0.025049151494994478,0.017049151494994478
akane-koharu,task_strong,all_formed,island_change,0.056,0.0271220035133827,0.0848779964866173,0.006026875480950537,0.10597312451904947
akane-koharu,host_weak,bridge_count,B_vs_free,0.02,-0.01207867206106265,0.05207867206106265,-0.035511866069245335,0.07551186606924533
akane-koharu,host_weak,bridge_count,A_vs_free,0.024,-0.0063429057660984445,0.054342905766098445,-0.028508137426421602,0.0765081374264216
akane-koharu,host_weak,bridge_count,B_minus_A,-0.073,-0.10435552395483899,-0.04164447604516099,-0.12761035255051406,-0.018389647449485937
akane-koharu,host_weak,bridge_count,island_change,-0.004,-0.03773707641045271,0.02973707641045271,-0.062381720530700416,0.05438172053070041
akane-koharu,host_weak,bridge_rate,B_vs_free,0.005,-0.0030196680152656625,0.013019668015265662,-0.008877966517311334,0.018877966517311332
akane-koharu,host_weak,bridge_rate,A_vs_free,0.006,-0.0015857264415246111,0.013585726441524611,-0.0071270343566054006,0.0191270343566054
akane-koharu,host_weak,bridge_rate,B_minus_A,-0.01825,-0.026088880988709748,-0.010411119011290248,-0.031902588137628515,-0.004597411862371484
akane-koharu,host_weak,bridge_rate,island_change,-0.001,-0.009434269102613177,0.007434269102613178,-0.015595430132675104,0.013595430132675102
akane-koharu,host_weak,unformed_turns,B_vs_free,0.075,-0.17007944657831903,0.32007944657831905,-0.3491078741938962,0.49910787419389624
akane-koharu,host_weak,unformed_turns,A_vs_free,0.05525,-0.18039131302533581,0.29089131302533583,-0.3525252652648376,0.4630252652648376
akane-koharu,host_weak,unformed_turns,B_minus_A,1.32375,1.050276675786181,1.597223324213819,0.8474551477759504,1.8000448522240495
akane-koharu,host_weak,unformed_turns,island_change,0.01975,-0.23422386274744667,0.27372386274744664,-0.4197495848671088,0.45924958486710876
akane-koharu,host_weak,known_share,B_vs_free,-0.0064375,-0.007913626878346723,-0.004961373121653276,-0.00899192486571815,-0.0038830751342818492
akane-koharu,host_weak,known_share,A_vs_free,0.00029166666666666685,-0.0012401065700407572,0.0018234399033740909,-0.0023590537435391216,0.002942387076872455
akane-koharu,host_weak,known_share,B_minus_A,0.04852083333333333,0.04670904414814115,0.050332622518525515,0.04536533045310529,0.05167633621356137
akane-koharu,host_weak,known_share,island_change,-0.006729166666666666,-0.008367739334069178,-0.005090593999264155,-0.009564702573029278,-0.0038936307603040544
akane-koharu,host_weak,bridge_share,B_vs_free,0.000750000000000003,-0.0015270996060667327,0.0030270996060667386,-0.0031905012812778032,0.00469050128127781
akane-koharu,host_weak,bridge_share,A_vs_free,-0.004083333333333333,-0.006370262747667353,-0.0017964039189993122,-0.008040845013264212,-0.0001258216534024536
akane-koharu,host_weak,bridge_share,B_minus_A,-0.051229166666666666,-0.05332123011001124,-0.04913710322332209,-0.05487280924663567,-0.04758552408669766
akane-koharu,host_weak,bridge_share,island_change,0.004833333333333336,0.0029257748264363624,0.0067408918402303095,0.0015323197454720377,0.008134346921194635
akane-koharu,host_weak,all_formed,B_vs_free,0.029,0.0012565230204483052,0.0567434769795517,-0.019009848270915213,0.07700984827091521
akane-koharu,host_weak,all_formed,A_vs_free,0.019,-0.00793326908088551,0.045933269080885505,-0.027607790471471747,0.06560779047147175
akane-koharu,host_weak,all_formed,B_minus_A,-0.05,-0.07797406206020406,-0.022025937939795945,-0.09872102898289926,-0.0012789710171007412
akane-koharu,host_weak,all_formed,island_change,0.01,-0.02011877455310193,0.040118774553101935,-0.042120280290249744,0.06212028029024975
akane-koharu,host_medium,bridge_count,B_vs_free,0.087,0.0477102938340001,0.12628970616599988,0.01900950143960732,0.15499049856039265
akane-koharu,host_medium,bridge_count,A_vs_free,0.041,0.0034166901992975646,0.07858330980070244,-0.024037594328224714,0.10603759432822471
akane-koharu,host_medium,bridge_count,B_minus_A,-0.023,-0.056764819807851134,0.010764819807851135,-0.0818065029998252,0.0358065029998252
akane-koharu,host_medium,bridge_count,island_change,0.046,0.0055313246067024355,0.08646867539329756,-0.024030694667043537,0.11603069466704354
akane-koharu,host_medium,bridge_rate,B_vs_free,0.02175,0.011927573458500025,0.03157242654149997,0.00475237535990183,0.03874762464009816
akane-koharu,host_medium,bridge_rate,A_vs_free,0.01025,0.0008541725498243911,0.01964582745017561,-0.006009398582056178,0.026509398582056178
akane-koharu,host_medium,bridge_rate,B_minus_A,-0.00575,-0.014191204951962784,0.0026912049519627838,-0.0204516257499563,0.0089516257499563
akane-koharu,host_medium,bridge_rate,island_change,0.0115,0.0013828311516756089,0.02161716884832439,-0.006007673666760884,0.029007673666760884
akane-koharu,host_medium,unformed_turns,B_vs_free,-0.6255,-0.9421816911871179,-0.30881830881288197,-1.173514942585471,-0.07748505741452894
akane-koharu,host_medium,unformed_turns,A_vs_free,-0.14175,-0.4441098890289411,0.16060988902894113,-0.6649811871431766,0.3814811871431765
akane-koharu,host_medium,unformed_turns,B_minus_A,0.82025,0.5404140127795504,1.1000859872204498,0.3328736148871151,1.307626385112885
akane-koharu,host_medium,unformed_turns,island_change,-0.48375,-0.7976994235032421,-0.16980057649675795,-1.0270367768607822,0.05953677686078229
akane-koharu,host_medium,known_share,B_vs_free,-0.0133125,-0.01526096293592508,-0.01136403706407492,-0.01668429835044514,-0.009940701649554861
akane-koharu,host_medium,known_share,A_vs_free,-0.000583333333333333,-0.002601036241351514,0.0014343695746848483,-0.004074950859901287,0.002908284193234621
akane-koharu,host_medium,known_share,B_minus_A,0.042520833333333334,0.040743192627789665,0.044298474038877,0.03942480515731867,0.045616861509347996
akane-koharu,host_medium,known_share,island_change,-0.012729166666666666,-0.014740433258573465,-0.010717900074759867,-0.016209646203567397,-0.009248687129765938
akane-koharu,host_medium,bridge_share,B_vs_free,0.0029375000000000017,0.00018202967224399203,0.005692970327756012,-0.0018308177003401186,0.007705817700340122
akane-koharu,host_medium,bridge_share,A_vs_free,-0.005708333333333334,-0.008608353339381557,-0.002808313327285113,-0.010726793008579257,-0.0006898736580874124
akane-koharu,host_medium,bridge_share,B_minus_A,-0.04741666666666666,-0.049640787074685784,-0.04519254625864754,-0.051290306277079645,-0.04354302705625368
akane-koharu,host_medium,bridge_share,island_change,0.008645833333333337,0.006242473645918104,0.01104919302074857,0.004486840067338453,0.01280482659932822
akane-koharu,host_medium,all_formed,B_vs_free,0.07,0.036199381043509844,0.10380061895649018,0.011508319639958298,0.12849168036004172
akane-koharu,host_medium,all_formed,A_vs_free,0.034,0.0014900383265681466,0.06650996167343186,-0.022258209033608763,0.09025820903360876
akane-koharu,host_medium,all_formed,B_minus_A,-0.024,-0.0538316671804773,0.005831667180477302,-0.0759563271926779,0.027956327192677904
akane-koharu,host_medium,all_formed,island_change,0.036,0.00033903828287028953,0.07166096171712971,-0.025710987505142134,0.09771098750514212
akane-koharu,host_strong,bridge_count,B_vs_free,0.099,0.05296082446346281,0.1450391755365372,0.01932960275107888,0.17867039724892114
akane-koharu,host_strong,bridge_count,A_vs_free,0.075,0.03188628765471253,0.11811371234528746,0.0003920916394603152,0.14960790836053967
akane-koharu,host_strong,bridge_count,B_minus_A,-0.045,-0.08056761751109308,-0.009432382488906918,-0.10694634586429458,0.016946345864294575
akane-koharu,host_strong,bridge_count,island_change,0.024,-0.021460253772642678,0.06946025377264267,-0.05466857811623665,0.10266857811623664
akane-koharu,host_strong,bridge_rate,B_vs_free,0.02475,0.013240206115865703,0.0362597938841343,0.00483240068776972,0.044667599312230286
akane-koharu,host_strong,bridge_rate,A_vs_free,0.01875,0.007971571913678133,0.029528428086321865,9.80229098650788e-05,0.037401977090134916
akane-koharu,host_strong,bridge_rate,B_minus_A,-0.01125,-0.02014190437777327,-0.0023580956222267295,-0.026736586466073645,0.004236586466073644
akane-koharu,host_strong,bridge_rate,island_change,0.006,-0.005365063443160669,0.017365063443160668,-0.013667144529059162,0.02566714452905916
akane-koharu,host_strong,unformed_turns,B_vs_free,-0.41725,-0.8256479078730143,-0.008852092126985733,-1.1239790666412879,0.28947906664128775
akane-koharu,host_strong,unformed_turns,A_vs_free,-0.1495,-0.5321659322376311,0.23316593223763113,-0.8117001041440429,0.512700104144043
akane-koharu,host_strong,unformed_turns,B_minus_A,1.03625,0.7399577285726007,1.3325422714273991,0.5202125252651608,1.552287474734839
akane-koharu,host_strong,unformed_turns,island_change,-0.26775,-0.6361424132308183,0.10064241323081835,-0.9052499022798648,0.3697499022798649
akane-koharu,host_strong,known_share,B_vs_free,-0.018354166666666664,-0.020892641929796608,-0.01581569140353672,-0.022746976274206687,-0.013961357059126642
akane-koharu,host_strong,known_share,A_vs_free,0.0023750000000000004,-0.00015694617807545264,0.004906946178075453,-0.0020065110820147248,0.0067565110820147255
akane-koharu,host_strong,known_share,B_minus_A,0.034520833333333334,0.03276966395287347,0.036272002713793196,0.031470908944242725,0.03757075772242394
akane-koharu,host_strong,known_share,island_change,-0.020729166666666667,-0.023129121102006715,-0.01832921223132662,-0.02488226717323654,-0.016576066160096794
akane-koharu,host_strong,bridge_share,B_vs_free,0.0022083333333333347,-0.0013892957267976208,0.00580596239346429,-0.004017332809350468,0.008433999476017136
akane-koharu,host_strong,bridge_share,A_vs_free,-0.012958333333333336,-0.016635879368675964,-0.009280787297990707,-0.01932229511419583,-0.006594371552470843
akane-koharu,host_strong,bridge_share,B_minus_A,-0.04089583333333333,-0.04320167681412467,-0.038589989852541993,-0.044911805944528885,-0.03687986072213778
akane-koharu,host_strong,bridge_share,island_change,0.01516666666666667,0.012284806037254828,0.018048527296078514,0.01017963163648775,0.02015370169684559
akane-koharu,host_strong,all_formed,B_vs_free,0.08,0.04060429234317802,0.11939570765682198,0.011826066771537067,0.14817393322846295
akane-koharu,host_strong,all_formed,A_vs_free,0.051,0.012854060358786397,0.08914593964121359,-0.01501122042763322,0.1170112204276332
akane-koharu,host_strong,all_formed,B_minus_A,-0.031,-0.06225528940060411,0.0002552894006041112,-0.08543577902553023,0.023435779025530235
akane-koharu,host_strong,all_formed,island_change,0.029,-0.011859940640548527,0.06985994064054853,-0.04170777581184906,0.09970777581184906
akane-koharu,topic_weak,bridge_count,B_vs_free,-0.336,-0.37189741147423516,-0.3001025885257649,-0.3981201617759336,-0.2738798382240664
akane-koharu,topic_weak,bridge_count,A_vs_free,-0.339,-0.37600381559743223,-0.3019961844025678,-0.4030347845941246,-0.27496521540587543
akane-koharu,topic_weak,bridge_count,B_minus_A,-0.066,-0.09832015133910395,-0.03367984866089606,-0.12229039596520747,-0.009709604034792534
akane-koharu,topic_weak,bridge_count,island_change,0.003,-0.025753020045931906,0.031753020045931904,-0.046756853863458334,0.05275685386345834
akane-koharu,topic_weak,bridge_rate,B_vs_free,-0.084,-0.09297435286855879,-0.07502564713144122,-0.0995300404439834,-0.0684699595560166
akane-koharu,topic_weak,bridge_rate,A_vs_free,-0.08475,-0.09400095389935806,-0.07549904610064195,-0.10075869614853115,-0.06874130385146886
akane-koharu,topic_weak,bridge_rate,B_minus_A,-0.0165,-0.024580037834775987,-0.008419962165224015,-0.030572598991301866,-0.0024274010086981334
akane-koharu,topic_weak,bridge_rate,island_change,0.00075,-0.006438255011482976,0.007938255011482976,-0.011689213465864583,0.013189213465864585
akane-koharu,topic_weak,unformed_turns,B_vs_free,2.18,1.941520231550012,2.418479768449988,1.7673128120384596,2.5926871879615407
akane-koharu,topic_weak,unformed_turns,A_vs_free,2.218,1.9693738497982076,2.466626150201792,1.7877545856935089,2.648245414306491
akane-koharu,topic_weak,unformed_turns,B_minus_A,1.266,0.9978596789324996,1.5341403210675004,0.7989933734293608,1.7330066265706392
akane-koharu,topic_weak,unformed_turns,island_change,-0.038,-0.23044911481062053,0.1544491148106205,-0.37103153778236814,0.2950315377823682
akane-koharu,topic_weak,known_share,B_vs_free,0.0017916666666666665,0.0013072367811510768,0.002276096552182256,0.0009533649167222692,0.0026299684166110637
akane-koharu,topic_weak,known_share,A_vs_free,0.002895833333333333,0.0020489878916716484,0.003742678774995018,0.0014303745808828087,0.004361292085783858
akane-koharu,topic_weak,known_share,B_minus_A,0.05414583333333333,0.0522382647644666,0.05605340190220006,0.05082351627653241,0.057468150390134254
akane-koharu,topic_weak,known_share,island_change,-0.0011041666666666667,-0.0020501682208240828,-0.00015816511250925087,-0.002741214218875871,0.0005328808855425374
akane-koharu,topic_weak,bridge_share,B_vs_free,-0.0038541666666666663,-0.0049138278168845365,-0.0027945055164487966,-0.005687901172188097,-0.002020432161145236
akane-koharu,topic_weak,bridge_share,A_vs_free,-0.005145833333333332,-0.006402371232623865,-0.0038892954340427996,-0.0073202613596422324,-0.002971405307024432
akane-koharu,topic_weak,bridge_share,B_minus_A,-0.05477083333333334,-0.05678030667068076,-0.05276135999598592,-0.05827063284398591,-0.051271033822680764
akane-koharu,topic_weak,bridge_share,island_change,0.0012916666666666656,0.0002309184949000917,0.0023524148384332392,-0.0005439489202945195,0.003127282253627851
akane-koharu,topic_weak,all_formed,B_vs_free,-0.207,-0.23460396457866986,-0.17939603542133012,-0.2547684232612387,-0.15923157673876126
akane-koharu,topic_weak,all_formed,A_vs_free,-0.233,-0.2618678078129935,-0.2041321921870065,-0.2829554931069838,-0.1830445068930162
akane-koharu,topic_weak,all_formed,B_minus_A,-0.034,-0.05932961705000492,-0.008670382949995083,-0.07811533097206645,0.010115330972066447
akane-koharu,topic_weak,all_formed,island_change,0.026,0.0004828253012876711,0.05151717469871232,-0.018157251323997935,0.07015725132399793
akane-koharu,topic_medium,bridge_count,B_vs_free,-0.496,-0.5395842692140516,-0.45241573078594843,-0.5714222029743277,-0.4205777970256723
akane-koharu,topic_medium,bridge_count,A_vs_free,-0.505,-0.5498878299461811,-0.4601121700538189,-0.5826780036083864,-0.4273219963916136
akane-koharu,topic_medium,bridge_count,B_minus_A,-0.06,-0.09260185763298037,-0.027398142367019616,-0.11678102977016153,-0.0032189702298384693
akane-koharu,topic_medium,bridge_count,island_change,0.009,-0.025466377261928207,0.04346637726192821,-0.050643769380921834,0.06864376938092183
akane-koharu,topic_medium,bridge_rate,B_vs_free,-0.124,-0.1348960673035129,-0.11310393269648711,-0.14285555074358192,-0.10514444925641807
akane-koharu,topic_medium,bridge_rate,A_vs_free,-0.12625,-0.13747195748654528,-0.11502804251345472,-0.1456695009020966,-0.1068304990979034
akane-koharu,topic_medium,bridge_rate,B_minus_A,-0.015,-0.023150464408245093,-0.006849535591754904,-0.02919525744254038,-0.0008047425574596173
akane-koharu,topic_medium,bridge_rate,island_change,0.00225,-0.006366594315482052,0.010866594315482052,-0.012660942345230458,0.017160942345230457
akane-koharu,topic_medium,unformed_turns,B_vs_free,3.3095,3.0174375452868802,3.6015624547131195,2.804088434364491,3.8149115656355086
akane-koharu,topic_medium,unformed_turns,A_vs_free,3.41575,3.1007395510208178,3.7307604489791824,2.8706271276797692,3.960872872320231
akane-koharu,topic_medium,unformed_turns,B_minus_A,1.19775,0.9375423207739092,1.4579576792260909,0.7445592601688162,1.650940739831184
akane-koharu,topic_medium,unformed_turns,island_change,-0.10625,-0.34238659421747536,0.1298865942174754,-0.5148823451075546,0.30238234510755463
akane-koharu,topic_medium,known_share,B_vs_free,0.0027916666666666663,0.0021203161058831414,0.003463017227450191,0.0016299002960143139,0.003953433037319019
akane-koharu,topic_medium,known_share,A_vs_free,0.005187499999999999,0.004095092163171053,0.006279907836828946,0.003297097634976612,0.007077902365023387
akane-koharu,topic_medium,known_share,B_minus_A,0.05285416666666667,0.05096222222222222,0.05474611111111111,0.04955906136828582,0.056149271965047515
akane-koharu,topic_medium,known_share,island_change,-0.002395833333333333,-0.003683715481910239,-0.0011079511847564272,-0.004624502313417193,-0.0001671643532494731
akane-koharu,topic_medium,bridge_share,B_vs_free,-0.007979166666666664,-0.009282850582410367,-0.006675482750922961,-0.010235180468909961,-0.005723152864423367
akane-koharu,topic_medium,bridge_share,A_vs_free,-0.010729166666666665,-0.012301784591514979,-0.00915654874181835,-0.013450568458364842,-0.008007764874968487
akane-koharu,topic_medium,bridge_share,B_minus_A,-0.0533125,-0.055280498006693296,-0.0513445019933067,-0.05674006399539112,-0.04988493600460888
akane-koharu,topic_medium,bridge_share,island_change,0.0027500000000000003,0.0013297360203137533,0.0041702639796862475,0.00029224539989562833,0.005207754600104373
akane-koharu,topic_medium,all_formed,B_vs_free,-0.302,-0.3343886112041831,-0.26961138879581686,-0.3580482130903991,-0.2459517869096009
akane-koharu,topic_medium,all_formed,A_vs_free,-0.329,-0.36312100844959916,-0.29487899155040087,-0.38804611162195946,-0.2699538883780406
akane-koharu,topic_medium,all_formed,B_minus_A,-0.033,-0.056524495733160776,-0.009475504266839227,-0.07397144118565152,0.007971441185651518
akane-koharu,topic_medium,all_formed,island_change,0.027,-0.0026277518093640907,0.056627751809364094,-0.024270569655861805,0.07827056965586181
akane-koharu,topic_strong,bridge_count,B_vs_free,-0.812,-0.8616347428450808,-0.7623652571549193,-0.8978924955482177,-0.7261075044517824
akane-koharu,topic_strong,bridge_count,A_vs_free,-0.826,-0.8764442617345317,-0.7755557382654682,-0.9132933610231407,-0.7387066389768592
akane-koharu,topic_strong,bridge_count,B_minus_A,-0.055,-0.08499563465069707,-0.02500436534930294,-0.10724190115943456,-0.002758098840565437
akane-koharu,topic_strong,bridge_count,island_change,0.014,-0.025013365518615403,0.0530133655186154,-0.05351229344710444,0.08151229344710444
akane-koharu,topic_strong,bridge_rate,B_vs_free,-0.203,-0.2154086857112702,-0.19059131428872983,-0.22447312388705443,-0.1815268761129456
akane-koharu,topic_strong,bridge_rate,A_vs_free,-0.2065,-0.21911106543363293,-0.19388893456636705,-0.22832334025578518,-0.1846766597442148
akane-koharu,topic_strong,bridge_rate,B_minus_A,-0.01375,-0.021248908662674267,-0.006251091337325735,-0.02681047528985864,-0.0006895247101413593
akane-koharu,topic_strong,bridge_rate,island_change,0.0035,-0.006253341379653851,0.01325334137965385,-0.01337807336177611,0.02037807336177611
akane-koharu,topic_strong,unformed_turns,B_vs_free,5.99325,5.60973213859441,6.37676786140559,5.329575639758878,6.656924360241121
akane-koharu,topic_strong,unformed_turns,A_vs_free,6.46325,6.060167264236025,6.866332735763976,5.765718792973671,7.1607812070263295
akane-koharu,topic_strong,unformed_turns,B_minus_A,0.834,0.5828580079505409,1.0851419920494592,0.3965985154701019,1.271401484529898
akane-koharu,topic_strong,unformed_turns,island_change,-0.47,-0.7767382276474524,-0.16326177235254763,-1.000807864461176,0.06080786446117614
akane-koharu,topic_strong,known_share,B_vs_free,0.005645833333333333,0.004762447764165592,0.006529218902501075,0.004117142204542287,0.00717452446212438
akane-koharu,topic_strong,known_share,A_vs_free,0.009895833333333333,0.008482166128726093,0.011309500537940572,0.007449494395759433,0.012342172270907233
akane-koharu,topic_strong,known_share,B_minus_A,0.051,0.04910335717982519,0.052896642820174804,0.04769671177489085,0.054303288225109145
akane-koharu,topic_strong,known_share,island_change,-0.00425,-0.005920706229038545,-0.002579293770961456,-0.007141142758369199,-0.0013588572416308024
akane-koharu,topic_strong,bridge_share,B_vs_free,-0.017979166666666664,-0.019779622742297148,-0.01617871059103618,-0.021094840418488657,-0.014863492914844671
akane-koharu,topic_strong,bridge_share,A_vs_free,-0.022520833333333334,-0.024632004378363985,-0.020409662288302682,-0.026174196667012678,-0.01886746999965399
akane-koharu,topic_strong,bridge_share,B_minus_A,-0.051520833333333335,-0.05347724290728761,-0.04956442375937906,-0.05492821433327212,-0.04811345233339455
akane-koharu,topic_strong,bridge_share,island_change,0.004541666666666669,0.0027457377451202726,0.006337595588213065,0.0014338271160457814,0.007649506217287556
akane-koharu,topic_strong,all_formed,B_vs_free,-0.469,-0.5024540669724474,-0.43554593302755257,-0.5268919751326061,-0.4111080248673939
akane-koharu,topic_strong,all_formed,A_vs_free,-0.505,-0.5396364380796127,-0.4703635619203873,-0.5649380581631057,-0.4450619418368943
akane-koharu,topic_strong,all_formed,B_minus_A,-0.024,-0.03833314611233268,-0.009666853887667318,-0.04896332587138032,0.0009633258713803161
akane-koharu,topic_strong,all_formed,island_change,0.036,0.007132658421499738,0.06486734157850026,-0.013954686292203679,0.08595468629220368
akane-midori,free,bridge_count,B_vs_free,0.0,0.0,0.0,0.0,0.0
akane-midori,free,bridge_count,A_vs_free,0.0,0.0,0.0,0.0,0.0
akane-midori,free,bridge_count,B_minus_A,-0.092,-0.11361851192051982,-0.07038148807948018,-0.12965188421974624,-0.054348115780253746
akane-midori,free,bridge_count,island_change,0.0,0.0,0.0,0.0,0.0
akane-midori,free,bridge_rate,B_vs_free,0.0,0.0,0.0,0.0,0.0
akane-midori,free,bridge_rate,A_vs_free,0.0,0.0,0.0,0.0,0.0
akane-midori,free,bridge_rate,B_minus_A,-0.023,-0.028404627980129955,-0.017595372019870045,-0.03241297105493656,-0.013587028945063436
akane-midori,free,bridge_rate,island_change,0.0,0.0,0.0,0.0,0.0
akane-midori,free,unformed_turns,B_vs_free,0.0,0.0,0.0,0.0,0.0
akane-midori,free,unformed_turns,A_vs_free,0.0,0.0,0.0,0.0,0.0
akane-midori,free,unformed_turns,B_minus_A,1.77075,1.5751427177736985,1.9663572822263016,1.4300705503689988,2.111429449631001
akane-midori,free,unformed_turns,island_change,0.0,0.0,0.0,0.0,0.0
akane-midori,free,known_share,B_vs_free,0.0,0.0,0.0,0.0,0.0
akane-midori,free,known_share,A_vs_free,0.0,0.0,0.0,0.0,0.0
akane-midori,free,known_share,B_minus_A,0.06495833333333333,0.06287997416036734,0.06703669250629932,0.0613385587977287,0.06857810786893796
akane-midori,free,known_share,island_change,-1.214306433183765e-19,-2.6731417053186782e-19,2.4452883895114784e-20,-3.7388083230902915e-19,1.3101954567227614e-19
akane-midori,free,bridge_share,B_vs_free,0.0,0.0,0.0,0.0,0.0
akane-midori,free,bridge_share,A_vs_free,0.0,0.0,0.0,0.0,0.0
akane-midori,free,bridge_share,B_minus_A,-0.06579166666666666,-0.06797305728225929,-0.06361027605107404,-0.06959088592830212,-0.061992447405031216
akane-midori,free,bridge_share,island_change,0.0,0.0,0.0,0.0,0.0
akane-midori,free,all_formed,B_vs_free,0.0,0.0,0.0,0.0,0.0
akane-midori,free,all_formed,A_vs_free,0.0,0.0,0.0,0.0,0.0
akane-midori,free,all_formed,B_minus_A,-0.067,-0.08502726934507943,-0.04897273065492058,-0.09839719610094191,-0.0356028038990581
akane-midori,free,all_formed,island_change,0.0,0.0,0.0,0.0,0.0
akane-midori,shuffle_weak,bridge_count,B_vs_free,0.046,0.01678967961118507,0.07521032038881492,-0.004548208173238373,0.09654820817323836
akane-midori,shuffle_weak,bridge_count,A_vs_free,0.021,-0.0063526236478408105,0.04835262364784081,-0.026333479942408592,0.0683334799424086
akane-midori,shuffle_weak,bridge_count,B_minus_A,-0.067,-0.08626467714199709,-0.04773532285800291,-0.10055232755834498,-0.03344767244165502
akane-midori,shuffle_weak,bridge_count,island_change,0.025,0.006775007534971372,0.04322499246502863,-0.006538192694070036,0.05653819269407004
akane-midori,shuffle_weak,bridge_rate,B_vs_free,0.0115,0.004197419902796267,0.01880258009720373,-0.0011370520433095933,0.02413705204330959
akane-midori,shuffle_weak,bridge_rate,A_vs_free,0.00525,-0.0015881559119602026,0.012088155911960203,-0.006583369985602148,0.01708336998560215
akane-midori,shuffle_weak,bridge_rate,B_minus_A,-0.01675,-0.021566169285499273,-0.011933830714500727,-0.025138081889586245,-0.008361918110413756
akane-midori,shuffle_weak,bridge_rate,island_change,0.00625,0.001693751883742843,0.010806248116257158,-0.001634548173517509,0.01413454817351751
akane-midori,shuffle_weak,unformed_turns,B_vs_free,-0.1535,-0.3837895137007339,0.07678951370073392,-0.5520140225684048,0.24501402256840485
akane-midori,shuffle_weak,unformed_turns,A_vs_free,0.12725,-0.10236585527330835,0.3568658552733084,-0.2700982624543802,0.5245982624543801
akane-midori,shuffle_weak,unformed_turns,B_minus_A,1.49,1.3090388213229474,1.6709611786770526,1.1748289386028485,1.8051710613971514
akane-midori,shuffle_weak,unformed_turns,island_change,-0.28075,-0.427810375972868,-0.13368962402713203,-0.535236715645806,-0.02626328435419406
akane-midori,shuffle_weak,known_share,B_vs_free,-0.0026041666666666665,-0.0040047866373491125,-0.0012035466959842203,-0.005027927478162636,-0.0001804058551706975
akane-midori,shuffle_weak,known_share,A_vs_free,0.004916666666666667,0.0032600457271087287,0.006573287606224606,0.0020498983805856486,0.007783434952747686
akane-midori,shuffle_weak,known_share,B_minus_A,0.057437499999999996,0.05545537609619601,0.05941962390380398,0.05398533363398934,0.060889666366010654
akane-midori,shuffle_weak,known_share,island_change,-0.007520833333333333,-0.009168551841192685,-0.00587311482547398,-0.01037219603793636,-0.004669470628730306
akane-midori,shuffle_weak,bridge_share,B_vs_free,-4.166666666666624e-05,-0.0021972578238961663,0.0021139244905628335,-0.003771898622415823,0.00368856528908249
akane-midori,shuffle_weak,bridge_share,A_vs_free,-0.007166666666666667,-0.009486233949861995,-0.0048470993834713386,-0.011180657897919551,-0.003152675435413783
akane-midori,shuffle_weak,bridge_share,B_minus_A,-0.058666666666666666,-0.060725689954325486,-0.056607643379007845,-0.06225276485500243,-0.0550805684783309
akane-midori,shuffle_weak,bridge_share,island_change,0.007125,0.0053970083889713,0.008852991611028701,0.004134725380850848,0.010115274619149153
akane-midori,shuffle_weak,all_formed,B_vs_free,0.032,0.005474083883382542,0.05852591611661746,-0.013902869670750509,0.07790286967075051
akane-midori,shuffle_weak,all_formed,A_vs_free,0.016,-0.00984807678481077,0.04184807678481077,-0.028729874537657303,0.060729874537657304
akane-midori,shuffle_weak,all_formed,B_minus_A,-0.051,-0.06768551481989107,-0.03431448518010892,-0.08006032915008764,-0.02193967084991236
akane-midori,shuffle_weak,all_formed,island_change,0.016,-0.0003767135636899739,0.03237671356368997,-0.012339761953719604,0.04433976195371961
akane-midori,shuffle_medium,bridge_count,B_vs_free,0.156,0.11996573171422942,0.19203426828577058,0.09364300868891119,0.21835699131108882
akane-midori,shuffle_medium,bridge_count,A_vs_free,0.094,0.06008217516937089,0.1279178248306291,0.03530549588293539,0.15269450411706462
akane-midori,shuffle_medium,bridge_count,B_minus_A,-0.03,-0.04401792646086654,-0.01598207353913346,-0.05441432352263277,-0.005585676477367223
akane-midori,shuffle_medium,bridge_count,island_change,0.062,0.039800520129820466,0.08419947987017953,0.023583991038826954,0.10041600896117304
akane-midori,shuffle_medium,bridge_rate,B_vs_free,0.039,0.029991432928557354,0.048008567071442645,0.023410752172227798,0.054589247827772205
akane-midori,shuffle_medium,bridge_rate,A_vs_free,0.0235,0.015020543792342722,0.03197945620765728,0.008826373970733848,0.038173626029266154
akane-midori,shuffle_medium,bridge_rate,B_minus_A,-0.0075,-0.011004481615216635,-0.003995518384783365,-0.013603580880658193,-0.0013964191193418058
akane-midori,shuffle_medium,bridge_rate,island_change,0.0155,0.009950130032455116,0.021049869967544883,0.0058959977597067385,0.02510400224029326
akane-midori,shuffle_medium,unformed_turns,B_vs_free,-0.97875,-1.2508019675550068,-0.7066980324449931,-1.4495335897334194,-0.5079664102665806
akane-midori,shuffle_medium,unformed_turns,A_vs_free,-0.42925,-0.7041665044436503,-0.15433349555634984,-0.9049906461792125,0.04649064617921256
akane-midori,shuffle_medium,unformed_turns,B_minus_A,1.22125,1.063333377578112,1.379166622421888,0.9462144931315262,1.4962855068684737
akane-midori,shuffle_medium,unformed_turns,island_change,-0.5495,-0.7248918835990777,-0.37410811640092223,-0.8530141458926757,-0.24598585410732426
akane-midori,shuffle_medium,known_share,B_vs_free,-0.005791666666666666,-0.007557719703650706,-0.004025613629682626,-0.008847806256037012,-0.00273552707729632
akane-midori,shuffle_medium,known_share,A_vs_free,0.009083333333333334,0.007109667677050726,0.011056998989615941,0.005667921892096764,0.012498744774569904
akane-midori,shuffle_medium,known_share,B_minus_A,0.050083333333333334,0.04817201272477732,0.051994653941889346,0.046754481536098465,0.0534121851305682
akane-midori,shuffle_medium,known_share,island_change,-0.014875,-0.016830954387479224,-0.012919045612520774,-0.01825976224292006,-0.011490237757079937
akane-midori,shuffle_medium,bridge_share,B_vs_free,-0.0002916666666666659,-0.0029668253751889188,0.002383492041855587,-0.004921005800742505,0.004337672467409174
akane-midori,shuffle_medium,bridge_share,A_vs_free,-0.015416666666666665,-0.018284705743832133,-0.012548627589501198,-0.020379783619572645,-0.010453549713760685
akane-midori,shuffle_medium,bridge_share,B_minus_A,-0.050666666666666665,-0.052651073292977774,-0.04868226004035556,-0.054122808736641596,-0.047210524596691734
akane-midori,shuffle_medium,bridge_share,island_change,0.015125,0.013087660775667465,0.017162339224332534,0.011599401996956561,0.018650598003043438
akane-midori,shuffle_medium,all_formed,B_vs_free,0.117,0.08446243046828741,0.1495375695317126,0.06069401580511208,0.17330598419488794
akane-midori,shuffle_medium,all_formed,A_vs_free,0.08,0.04792132793893735,0.11207867206106265,0.02448813393075467,0.13551186606924534
akane-midori,shuffle_medium,all_formed,B_minus_A,-0.03,-0.04374086501539737,-0.01625913498460263,-0.05393177941853748,-0.006068220581462513
akane-midori,shuffle_medium,all_formed,island_change,0.037,0.01782335291576253,0.05617664708423747,0.0038149771732754745,0.07018502282672452
akane-midori,shuffle_strong,bridge_count,B_vs_free,0.252,0.2106564984705127,0.2933435015294873,0.18045542622930782,0.3235445737706922
akane-midori,shuffle_strong,bridge_count,A_vs_free,0.171,0.1329873608501707,0.20901263914982932,0.10521945492609105,0.23678054507390897
akane-midori,shuffle_strong,bridge_count,B_minus_A,-0.011,-0.021166697011720578,-0.0008333029882794211,-0.02870682922996205,0.00670682922996205
akane-midori,shuffle_strong,bridge_count,island_change,0.081,0.05776101308333531,0.1042389869166647,0.040785133036454604,0.1212148669635454
akane-midori,shuffle_strong,bridge_rate,B_vs_free,0.063,0.05266412461762818,0.07333587538237182,0.045113856557326956,0.08088614344267304
akane-midori,shuffle_strong,bridge_rate,A_vs_free,0.04275,0.03324684021254268,0.05225315978745733,0.026304863731522764,0.05919513626847724
akane-midori,shuffle_strong,bridge_rate,B_minus_A,-0.00275,-0.005291674252930144,-0.0002083257470698553,-0.007176707307490512,0.0016767073074905126
akane-midori,shuffle_strong,bridge_rate,island_change,0.02025,0.014440253270833828,0.026059746729166174,0.010196283259113651,0.03030371674088635
akane-midori,shuffle_strong,unformed_turns,B_vs_free,-2.4715,-2.8268154927100135,-2.116184507289986,-3.0863704038028934,-1.8566295961971062
akane-midori,shuffle_strong,unformed_turns,A_vs_free,-1.2775,-1.6305588771873054,-0.9244411228126947,-1.888465350051669,-0.6665346499483312
akane-midori,shuffle_strong,unformed_turns,B_minus_A,0.57675,0.46789707503068934,0.6856029249693106,0.3871662884571631,0.7663337115428368
akane-midori,shuffle_strong,unformed_turns,island_change,-1.194,-1.399139243568001,-0.9888607564319989,-1.5489916964398163,-0.8390083035601836
akane-midori,shuffle_strong,known_share,B_vs_free,-0.013291666666666667,-0.015598713194833701,-0.010984620138499632,-0.01728399083904338,-0.009299342494289955
akane-midori,shuffle_strong,known_share,A_vs_free,0.0175625,0.015082050256458361,0.020042949743541642,0.013270103054987055,0.02185489694501295
akane-midori,shuffle_strong,known_share,B_minus_A,0.034104166666666665,0.032493040533922844,0.035715292799410485,0.03129814861896289,0.036910184714370436
akane-midori,shuffle_strong,known_share,island_change,-0.030854166666666665,-0.0331381950600265,-0.028570138273306834,-0.034806658154755546,-0.026901675178577788
akane-midori,shuffle_strong,bridge_share,B_vs_free,0.0005625000000000003,-0.002795538108995972,0.003920538108995973,-0.0052485560626439835,0.0063735560626439845
akane-midori,shuffle_strong,bridge_share,A_vs_free,-0.03114583333333333,-0.0347483791904495,-0.027543287476217166,-0.03738000795090703,-0.024911658715759635
akane-midori,shuffle_strong,bridge_share,B_minus_A,-0.034083333333333334,-0.03570080402009512,-0.032465862646571544,-0.03690040137440338,-0.031266265292263284
akane-midori,shuffle_strong,bridge_share,island_change,0.03170833333333333,0.029323538392295487,0.03409312827437117,0.027581466201255386,0.03583520046541128
akane-midori,shuffle_strong,all_formed,B_vs_free,0.209,0.17100962307189965,0.24699037692810033,0.14325797950929914,0.27474202049070084
akane-midori,shuffle_strong,all_formed,A_vs_free,0.153,0.11654521517088687,0.18945478482911313,0.08991530842783121,0.21608469157216878
akane-midori,shuffle_strong,all_formed,B_minus_A,-0.011,-0.021166697011720578,-0.0008333029882794211,-0.02870682922996205,0.00670682922996205
akane-midori,shuffle_strong,all_formed,island_change,0.056,0.036111362532835485,0.07588863746716451,0.021582883939976975,0.09041711606002303
akane-midori,task_weak,bridge_count,B_vs_free,0.064,0.038894544610975676,0.08910545538902433,0.020555225399914362,0.10744477460008564
akane-midori,task_weak,bridge_count,A_vs_free,0.051,0.027111503633366563,0.07488849636663343,0.009661162520195665,0.09233883747980433
akane-midori,task_weak,bridge_count,B_minus_A,-0.079,-0.09926168577168026,-0.05873831422831974,-0.1142887677735148,-0.043711232226485215
akane-midori,task_weak,bridge_count,island_change,0.013,-0.005273036788489031,0.03127303678848903,-0.018621332982553446,0.04462133298255344
akane-midori,task_weak,bridge_rate,B_vs_free,0.016,0.009723636152743919,0.02227636384725608,0.0051388063499785905,0.02686119365002141
akane-midori,task_weak,bridge_rate,A_vs_free,0.01275,0.006777875908341641,0.018722124091658358,0.0024152906300489163,0.023084709369951082
akane-midori,task_weak,bridge_rate,B_minus_A,-0.01975,-0.024815421442920066,-0.014684578557079934,-0.0285721919433787,-0.010927808056621304
akane-midori,task_weak,bridge_rate,island_change,0.00325,-0.0013182591971222578,0.007818259197122257,-0.004655333245638361,0.01115533324563836
akane-midori,task_weak,unformed_turns,B_vs_free,-0.565,-0.7356295527869785,-0.39437044721302145,-0.8602729733866734,-0.2697270266133265
akane-midori,task_weak,unformed_turns,A_vs_free,-0.394,-0.5503138323904722,-0.23768616760952793,-0.6644997423806359,-0.12350025761936412
akane-midori,task_weak,unformed_turns,B_minus_A,1.59975,1.415774235776226,1.783725764223774,1.279328585276358,1.920171414723642
akane-midori,task_weak,unformed_turns,island_change,-0.171,-0.2871975655883059,-0.05480243441169412,-0.3720788877492178,0.030078887749217825
akane-midori,task_weak,known_share,B_vs_free,-0.0033750000000000004,-0.004530342749857126,-0.0022196572501428746,-0.00537431069066884,-0.0013756893093311608
akane-midori,task_weak,known_share,A_vs_free,0.004958333333333334,0.003621125250792861,0.006295541415873806,0.002644306248814422,0.007272360417852245
akane-midori,task_weak,known_share,B_minus_A,0.056625,0.054642655072684045,0.05860734492731596,0.05317244868835973,0.060077551311640276
akane-midori,task_weak,known_share,island_change,-0.008333333333333333,-0.009520203772436522,-0.007146462894230145,-0.010387202419049472,-0.006279464247617194
akane-midori,task_weak,bridge_share,B_vs_free,-0.0006041666666666669,-0.0022995531355961053,0.0010912198022627714,-0.003538018367874029,0.002329685034540695
akane-midori,task_weak,bridge_share,A_vs_free,-0.008770833333333334,-0.010630356986425935,-0.006911309680240732,-0.01198872301986953,-0.005552943646797138
akane-midori,task_weak,bridge_share,B_minus_A,-0.057625,-0.05971583647932936,-0.05553416352067064,-0.061266505637925434,-0.05398349436207457
akane-midori,task_weak,bridge_share,island_change,0.008166666666666666,0.006909899660514691,0.00942343367281864,0.005991842172904759,0.010341491160428573
akane-midori,task_weak,all_formed,B_vs_free,0.05,0.027173308214770635,0.07282669178522937,0.010498606214947574,0.08950139378505242
akane-midori,task_weak,all_formed,A_vs_free,0.044,0.02146458548623284,0.06653541451376715,0.005002659027721318,0.08299734097227868
akane-midori,task_weak,all_formed,B_minus_A,-0.061,-0.07889538631187523,-0.04310461368812477,-0.09216750199826687,-0.02983249800173312
akane-midori,task_weak,all_formed,island_change,0.006,-0.009436294295639145,0.021436294295639147,-0.02071237449960047,0.03271237449960047
akane-midori,task_medium,bridge_count,B_vs_free,0.179,0.14174348187843444,0.21625651812156554,0.1145279158615443,0.24347208413845567
akane-midori,task_medium,bridge_count,A_vs_free,0.115,0.07993324484191164,0.15006675515808837,0.05431728183406808,0.17568271816593192
akane-midori,task_medium,bridge_count,B_minus_A,-0.028,-0.04175708701153856,-0.014242912988461438,-0.051960032460317926,-0.004039967539682075
akane-midori,task_medium,bridge_count,island_change,0.064,0.04234878336948287,0.08565121663051714,0.026532755859044445,0.10146724414095556
akane-midori,task_medium,bridge_rate,B_vs_free,0.04475,0.03543587046960861,0.054064129530391386,0.028631978965386076,0.06086802103461392
akane-midori,task_medium,bridge_rate,A_vs_free,0.02875,0.01998331121047791,0.03751668878952209,0.01357932045851702,0.04392067954148298
akane-midori,task_medium,bridge_rate,B_minus_A,-0.007,-0.01043927175288464,-0.0035607282471153594,-0.012990008115079481,-0.0010099918849205188
akane-midori,task_medium,bridge_rate,island_change,0.016,0.010587195842370717,0.021412804157629285,0.006633188964761111,0.02536681103523889
akane-midori,task_medium,unformed_turns,B_vs_free,-0.8945,-1.1916670087049748,-0.597332991295025,-1.408744952410364,-0.38025504758963613
akane-midori,task_medium,unformed_turns,A_vs_free,-0.35475,-0.6570534185396533,-0.05244658146034675,-0.8778834654472084,0.1683834654472084
akane-midori,task_medium,unformed_turns,B_minus_A,1.231,1.0742915154449781,1.387708484555022,0.9580686466112835,1.5039313533887166
akane-midori,task_medium,unformed_turns,island_change,-0.53975,-0.7238837148836597,-0.3556162851163403,-0.8583918097356775,-0.22110819026432244
akane-midori,task_medium,known_share,B_vs_free,-0.0069375,-0.008754510424225148,-0.005120489575774852,-0.010081820909668845,-0.003793179090331155
akane-midori,task_medium,known_share,A_vs_free,0.0085,0.006554598773935099,0.010445401226064901,0.005133499912131867,0.011866500087868135
akane-midori,task_medium,known_share,B_minus_A,0.04952083333333333,0.04772286334506389,0.051318803321602775,0.04638939865930089,0.05265226800736578
akane-midori,task_medium,known_share,island_change,-0.0154375,-0.01728900012657059,-0.01358599987342941,-0.01864150504290615,-0.012233494957093848
akane-midori,task_medium,bridge_share,B_vs_free,-0.0007708333333333329,-0.003429039071409373,0.0018873724047427068,-0.005370835497877059,0.0038291688312103935
akane-midori,task_medium,bridge_share,A_vs_free,-0.016562499999999997,-0.019301523322130688,-0.013823476677869307,-0.021302356298578382,-0.011822643701421612
akane-midori,task_medium,bridge_share,B_minus_A,-0.05,-0.051849732896817095,-0.04815026710318291,-0.05322158755072807,-0.04677841244927194
akane-midori,task_medium,bridge_share,island_change,0.015791666666666666,0.013853184129964141,0.01773014920336919,0.012437139311227351,0.019146194022105982
akane-midori,task_medium,all_formed,B_vs_free,0.141,0.10765646476838812,0.17434353523161183,0.08329929909414444,0.19870070090585554
akane-midori,task_medium,all_formed,A_vs_free,0.101,0.06825696494298758,0.13374303505701243,0.04433845948094191,0.15766154051905812
akane-midori,task_medium,all_formed,B_minus_A,-0.027,-0.04062437143860578,-0.013375628561394213,-0.05072888836471164,-0.003271111635288357
akane-midori,task_medium,all_formed,island_change,0.04,0.02156260925788637,0.05843739074211363,0.008094253914429306,0.0719057460855707
akane-midori,task_strong,bridge_count,B_vs_free,0.24,0.19675159350144025,0.28324840649855976,0.16515900456582683,0.31484099543417315
akane-midori,task_strong,bridge_count,A_vs_free,0.168,0.12830401465068725,0.20769598534931277,0.09930643880759267,0.23669356119240736
akane-midori,task_strong,bridge_count,B_minus_A,-0.02,-0.029921864915599457,-0.010078135084400544,-0.03728041737653191,-0.0027195826234680844
akane-midori,task_strong,bridge_count,island_change,0.072,0.04923099534074506,0.09476900465925493,0.03259843329023661,0.11140156670976338
akane-midori,task_strong,bridge_rate,B_vs_free,0.06,0.04918789837536006,0.07081210162463994,0.04128975114145671,0.07871024885854329
akane-midori,task_strong,bridge_rate,A_vs_free,0.042,0.03207600366267181,0.05192399633732819,0.024826609701898168,0.05917339029810184
akane-midori,task_strong,bridge_rate,B_minus_A,-0.005,-0.007480466228899864,-0.002519533771100136,-0.009320104344132978,-0.0006798956558670211
akane-midori,task_strong,bridge_rate,island_change,0.018,0.012307748835186264,0.023692251164813733,0.008149608322559152,0.027850391677440845
akane-midori,task_strong,unformed_turns,B_vs_free,-2.09825,-2.4572911110367652,-1.7392088889632353,-2.7195675542705335,-1.4769324457294668
akane-midori,task_strong,unformed_turns,A_vs_free,-0.8925,-1.2426288064285642,-0.5423711935714356,-1.4983948878073767,-0.2866051121926231
akane-midori,task_strong,unformed_turns,B_minus_A,0.565,0.4683030675939679,0.661696932406032,0.3965877745544197,0.7334122254455802
akane-midori,task_strong,unformed_turns,island_change,-1.20575,-1.402906396933886,-1.0085936030661142,-1.546927449005858,-0.8645725509941422
akane-midori,task_strong,known_share,B_vs_free,-0.0135,-0.01565330582112542,-0.01134669417887458,-0.01722627720127892,-0.009773722798721083
akane-midori,task_strong,known_share,A_vs_free,0.017625000000000002,0.015247646416108741,0.020002353583891262,0.01351101007245559,0.021738989927544413
akane-midori,task_strong,known_share,B_minus_A,0.03383333333333333,0.03236678899484875,0.035299877671817914,0.031279126187219175,0.03638754047944749
akane-midori,task_strong,known_share,island_change,-0.031125,-0.03332502893720668,-0.028924971062793316,-0.0349321311517574,-0.027317868848242596
akane-midori,task_strong,bridge_share,B_vs_free,-0.0008749999999999992,-0.0041208145576570225,0.002370814557657024,-0.0064918541723698354,0.004741854172369837
akane-midori,task_strong,bridge_share,A_vs_free,-0.03277083333333333,-0.036247647421284314,-0.029294019245382354,-0.03878743020587876,-0.0267542364607879
akane-midori,task_strong,bridge_share,B_minus_A,-0.03389583333333333,-0.03537780106611293,-0.03241386560055374,-0.03647690263621417,-0.0313147640304525
akane-midori,task_strong,bridge_share,island_change,0.03189583333333334,0.02959310150983885,0.03419856515682783,0.027910975720278494,0.03588069094638818
akane-midori,task_strong,all_formed,B_vs_free,0.198,0.1583515105418086,0.23764848945819142,0.12938863003863083,0.2666113699613692
akane-midori,task_strong,all_formed,A_vs_free,0.151,0.11296511165875295,0.18903488834124704,0.08518095289172438,0.2168190471082756
akane-midori,task_strong,all_formed,B_minus_A,-0.02,-0.029921864915599457,-0.010078135084400544,-0.03728041737653191,-0.0027195826234680844
akane-midori,task_strong,all_formed,island_change,0.047,0.028110248060698933,0.06588975193930106,0.01431144675379023,0.07968855324620977
akane-midori,host_weak,bridge_count,B_vs_free,0.043,0.015187858823945306,0.0708121411760547,-0.005128671072332024,0.09112867107233202
akane-midori,host_weak,bridge_count,A_vs_free,0.028,0.00046123879022571396,0.05553876120977429,-0.0196555893922274,0.0756555893922274
akane-midori,host_weak,bridge_count,B_minus_A,-0.077,-0.10012552580036924,-0.053874474199630755,-0.11727657514806972,-0.03672342485193029
akane-midori,host_weak,bridge_count,island_change,0.015,-0.0067284275676949175,0.03672842756769491,-0.02260085700359324,0.05260085700359324
akane-midori,host_weak,bridge_rate,B_vs_free,0.01075,0.0037969647059863266,0.017703035294013673,-0.001282167768083006,0.022782167768083006
akane-midori,host_weak,bridge_rate,A_vs_free,0.007,0.00011530969755642849,0.013884690302443572,-0.00491389734805685,0.01891389734805685
akane-midori,host_weak,bridge_rate,B_minus_A,-0.01925,-0.02503138145009231,-0.013468618549907689,-0.02931914378701743,-0.009180856212982572
akane-midori,host_weak,bridge_rate,island_change,0.00375,-0.0016821068919237294,0.009182106891923728,-0.00565021425089831,0.01315021425089831
akane-midori,host_weak,unformed_turns,B_vs_free,-0.091,-0.2986149307488984,0.1166149307488984,-0.4502758518111397,0.26827585181113967
akane-midori,host_weak,unformed_turns,A_vs_free,0.05325,-0.16393671200368354,0.2704367120036835,-0.32258973693856363,0.42908973693856367
akane-midori,host_weak,unformed_turns,B_minus_A,1.6265,1.4226865188671478,1.8303134811328523,1.271528222929922,1.981471777070078
akane-midori,host_weak,unformed_turns,island_change,-0.14425,-0.3100109306598911,0.021510930659891125,-0.4310978646743745,0.14259786467437452
akane-midori,host_weak,known_share,B_vs_free,-0.006104166666666667,-0.007690193288895512,-0.004518140044437821,-0.008848772093843712,-0.003359561239489621
akane-midori,host_weak,known_share,A_vs_free,0.0018333333333333337,-1.7417087865054248e-05,0.0036840837545317217,-0.0013693743508749925,0.00503604101754166
akane-midori,host_weak,known_share,B_minus_A,0.05702083333333333,0.05490832190576307,0.059133344760903594,0.053341577518863106,0.06070008914780356
akane-midori,host_weak,known_share,island_change,-0.0079375,-0.009812255654378654,-0.006062744345621346,-0.011181748533739981,-0.004693251466260018
akane-midori,host_weak,bridge_share,B_vs_free,0.002374999999999999,-6.975021463242375e-05,0.004819750214632422,-0.0018556192173136425,0.006605619217313641
akane-midori,host_weak,bridge_share,A_vs_free,-0.002520833333333334,-0.005128558007696569,8.689134102990046e-05,-0.007033478451347079,0.0019918117846804105
akane-midori,host_weak,bridge_share,B_minus_A,-0.06089583333333334,-0.06329860127046999,-0.058493065396196676,-0.0650806144370742,-0.05671105222959247
akane-midori,host_weak,bridge_share,island_change,0.004895833333333333,0.0027668170506667026,0.0070248496159999625,0.0012115889694250385,0.008580077697241627
akane-midori,host_weak,all_formed,B_vs_free,0.028,0.002642160864821202,0.0533578391351788,-0.015881522501866387,0.07188152250186639
akane-midori,host_weak,all_formed,A_vs_free,0.021,-0.005350138219451222,0.04735013821945122,-0.024598687531700258,0.06659868753170026
akane-midori,host_weak,all_formed,B_minus_A,-0.06,-0.08041681381328356,-0.03958318618671644,-0.0955589465482222,-0.024441053451777807
akane-midori,host_weak,all_formed,island_change,0.007,-0.012702831348899154,0.026702831348899152,-0.027095580170620893,0.04109558017062089
akane-midori,host_medium,bridge_count,B_vs_free,0.084,0.048542344751581284,0.11945765524841873,0.022640832590172674,0.14535916740982735
akane-midori,host_medium,bridge_count,A_vs_free,0.053,0.019825734710811185,0.08617426528918881,-0.004407780726508645,0.11040778072650864
akane-midori,host_medium,bridge_count,B_minus_A,-0.061,-0.08636261557230777,-0.03563738442769222,-0.10517280285291272,-0.016827197147087282
akane-midori,host_medium,bridge_count,island_change,0.031,0.003264840698826668,0.05873515930117333,-0.016995454600027965,0.07899545460002796
akane-midori,host_medium,bridge_rate,B_vs_free,0.021,0.012135586187895321,0.02986441381210468,0.0056602081475431686,0.03633979185245684
akane-midori,host_medium,bridge_rate,A_vs_free,0.01325,0.004956433677702796,0.021543566322297203,-0.0011019451816271612,0.02760194518162716
akane-midori,host_medium,bridge_rate,B_minus_A,-0.01525,-0.021590653893076944,-0.008909346106923056,-0.02629320071322818,-0.0042067992867718205
akane-midori,host_medium,bridge_rate,island_change,0.00775,0.000816210174706667,0.014683789825293333,-0.004248863650006991,0.01974886365000699
akane-midori,host_medium,unformed_turns,B_vs_free,-0.6015,-0.87214338883542,-0.3308566111645801,-1.069846056375403,-0.13315394362459687
akane-midori,host_medium,unformed_turns,A_vs_free,-0.25075,-0.5135099812506593,0.01200998125065933,-0.7054538873610039,0.2039538873610039
akane-midori,host_medium,unformed_turns,B_minus_A,1.42,1.2082143075192766,1.6317856924807232,1.0511434199541685,1.7888565800458314
akane-midori,host_medium,unformed_turns,island_change,-0.35075,-0.565314244258017,-0.13618575574198294,-0.7220515790624757,0.020551579062475733
akane-midori,host_medium,known_share,B_vs_free,-0.008625,-0.010830575191603022,-0.0064194248083969795,-0.012441728897282825,-0.004808271102717176
akane-midori,host_medium,known_share,A_vs_free,0.005750000000000001,0.003428936548334414,0.008071063451665587,0.0017334196620789897,0.009766580337921011
akane-midori,host_medium,known_share,B_minus_A,0.050583333333333334,0.04846727549682836,0.05269939116983831,0.04689790091526077,0.0542687657514059
akane-midori,host_medium,known_share,island_change,-0.014375,-0.01677666635175539,-0.011973333648244612,-0.01853106296320116,-0.010218937036798843
akane-midori,host_medium,bridge_share,B_vs_free,-0.00025000000000000125,-0.00327369091896644,0.0027736909189664378,-0.005482471126265756,0.0049824711262657535
akane-midori,host_medium,bridge_share,A_vs_free,-0.008645833333333333,-0.011877873574777854,-0.005413793091888813,-0.014238851169980533,-0.0030528154966861327
akane-midori,host_medium,bridge_share,B_minus_A,-0.05739583333333333,-0.06005508867698364,-0.054736577989683025,-0.062027325763430965,-0.0527643409032357
akane-midori,host_medium,bridge_share,island_change,0.008395833333333332,0.005595460143842852,0.011196206522823812,0.00354981161700449,0.013241855049662174
akane-midori,host_medium,all_formed,B_vs_free,0.061,0.029424008334659545,0.09257599166534045,0.006358018031625438,0.11564198196837455
akane-midori,host_medium,all_formed,A_vs_free,0.047,0.016193810249774038,0.07780618975022596,-0.006309846375905502,0.10030984637590551
akane-midori,host_medium,all_formed,B_minus_A,-0.053,-0.07703229695424257,-0.028967703045757423,-0.09485585325125118,-0.01114414674874882
akane-midori,host_medium,all_formed,island_change,0.014,-0.011250549234356007,0.03925054923435601,-0.02969585825137247,0.05769585825137247
akane-midori,host_strong,bridge_count,B_vs_free,0.093,0.049576296569504574,0.13642370343049542,0.01785565473297092,0.1681443452670291
akane-midori,host_strong,bridge_count,A_vs_free,0.068,0.027746075719005732,0.10825392428099428,-0.0016590697144360927,0.1376590697144361
akane-midori,host_strong,bridge_count,B_minus_A,-0.067,-0.09625156254820436,-0.03774843745179565,-0.11794598788116648,-0.016054012118833533
akane-midori,host_strong,bridge_count,island_change,0.025,-0.008873068724058422,0.058873068724058425,-0.03361705405962445,0.08361705405962445
akane-midori,host_strong,bridge_rate,B_vs_free,0.02325,0.012394074142376144,0.034105925857623856,0.00446391368324273,0.042036086316757273
akane-midori,host_strong,bridge_rate,A_vs_free,0.017,0.006936518929751433,0.02706348107024857,-0.0004147674286090232,0.03441476742860902
akane-midori,host_strong,bridge_rate,B_minus_A,-0.01675,-0.02406289063705109,-0.009437109362948913,-0.02948649697029162,-0.004013503029708383
akane-midori,host_strong,bridge_rate,island_change,0.00625,-0.0022182671810146055,0.014718267181014606,-0.008404263514906113,0.020904263514906114
akane-midori,host_strong,unformed_turns,B_vs_free,-0.49575,-0.8719360285007128,-0.11956397149928721,-1.1467366864657587,0.1552366864657585
akane-midori,host_strong,unformed_turns,A_vs_free,-0.182,-0.5504909315142072,0.18649093151420726,-0.8196703873218405,0.45567038732184056
akane-midori,host_strong,unformed_turns,B_minus_A,1.457,1.2036212853165156,1.7103787146834846,1.0157029271910551,1.898297072808945
akane-midori,host_strong,unformed_turns,island_change,-0.31375,-0.6062008634027347,-0.021299136597265234,-0.8198337035318968,0.19233370353189683
akane-midori,host_strong,known_share,B_vs_free,-0.017249999999999998,-0.019809942704650932,-0.014690057295349064,-0.021679958830434727,-0.012820041169565269
akane-midori,host_strong,known_share,A_vs_free,0.0084375,0.005787675840080109,0.011087324159919892,0.0038520020843593244,0.013022997915640676
akane-midori,host_strong,known_share,B_minus_A,0.03927083333333333,0.037238065983644965,0.0413036006830217,0.035730463802926424,0.04281120286374024
akane-midori,host_strong,known_share,island_change,-0.025687500000000002,-0.028445268663970243,-0.02292973133602976,-0.030459794951389153,-0.02091520504861085
akane-midori,host_strong,bridge_share,B_vs_free,0.0049166666666666655,0.0011536148329088585,0.008679718500424472,-0.0015952621628545754,0.011428595496187906
akane-midori,host_strong,bridge_share,A_vs_free,-0.014312499999999997,-0.01832596005750162,-0.010299039942498374,-0.021257758106763266,-0.007367241893236727
akane-midori,host_strong,bridge_share,B_minus_A,-0.04656250000000001,-0.04922263388142933,-0.043902366118570686,-0.05119552253553967,-0.041929477464460345
akane-midori,host_strong,bridge_share,island_change,0.019229166666666662,0.015980567571013474,0.02247776576231985,0.013607493875246332,0.02485083945808699
akane-midori,host_strong,all_formed,B_vs_free,0.076,0.03766174834528914,0.11433825165471086,0.009655985287227886,0.1423440147127721
akane-midori,host_strong,all_formed,A_vs_free,0.064,0.02659180598612946,0.10140819401387055,-0.0007345579654127327,0.12873455796541272
akane-midori,host_strong,all_formed,B_minus_A,-0.055,-0.08217037705644493,-0.027829622943555062,-0.10232129088705177,-0.007678709112948226
akane-midori,host_strong,all_formed,island_change,0.012,-0.018496623643506075,0.04249662364350608,-0.04077414489103416,0.06477414489103415
akane-midori,topic_weak,bridge_count,B_vs_free,-0.243,-0.2724768085763002,-0.21352319142369983,-0.29400936368941927,-0.19199063631058072
akane-midori,topic_weak,bridge_count,A_vs_free,-0.247,-0.27595293591500003,-0.21804706408499996,-0.2971028065552562,-0.19689719344474377
akane-midori,topic_weak,bridge_count,B_minus_A,-0.088,-0.11122384112063283,-0.06477615887936716,-0.128447806038947,-0.047552193961052994
akane-midori,topic_weak,bridge_count,island_change,0.004,-0.015608238508785472,0.023608238508785472,-0.02993188807446726,0.03793188807446726
akane-midori,topic_weak,bridge_rate,B_vs_free,-0.06075,-0.06811920214407505,-0.05338079785592496,-0.07350234092235482,-0.04799765907764518
akane-midori,topic_weak,bridge_rate,A_vs_free,-0.06175,-0.06898823397875001,-0.05451176602124999,-0.07427570163881406,-0.04922429836118594
akane-midori,topic_weak,bridge_rate,B_minus_A,-0.022,-0.027805960280158207,-0.01619403971984179,-0.03211195150973675,-0.011888048490263248
akane-midori,topic_weak,bridge_rate,island_change,0.001,-0.003902059627196368,0.005902059627196368,-0.007482972018616815,0.009482972018616816
akane-midori,topic_weak,unformed_turns,B_vs_free,1.63,1.4318295797161555,1.8281704202838442,1.287067792309405,1.9729322076905949
akane-midori,topic_weak,unformed_turns,A_vs_free,1.72575,1.524520271573252,1.9269797284267478,1.377523685883486,2.0739763141165137
akane-midori,topic_weak,unformed_turns,B_minus_A,1.675,1.4691016918153204,1.8808983081846797,1.3163971836122208,2.0336028163877793
akane-midori,topic_weak,unformed_turns,island_change,-0.09575,-0.2315596945885832,0.04005969458858319,-0.3307675082857467,0.1392675082857467
akane-midori,topic_weak,known_share,B_vs_free,0.0019166666666666666,0.0011550578043427822,0.002678275528990551,0.0005987090815772406,0.0032346242517560927
akane-midori,topic_weak,known_share,A_vs_free,0.0026666666666666666,0.001517218553745674,0.003816114779587659,0.0006775565945116662,0.004655776738821667
akane-midori,topic_weak,known_share,B_minus_A,0.06420833333333333,0.062139955973094435,0.06627671069357222,0.06060594362321925,0.0678107230434474
akane-midori,topic_weak,known_share,island_change,-0.0007500000000000001,-0.0019720016135419197,0.0004720016135419193,-0.002864663280893105,0.0013646632808931047
akane-midori,topic_weak,bridge_share,B_vs_free,-0.0030624999999999997,-0.004363030708547043,-0.0017619692914529566,-0.005313057204312547,-0.0008119427956874521
akane-midori,topic_weak,bridge_share,A_vs_free,-0.0036666666666666675,-0.005227164995025461,-0.002106168338307874,-0.006367095600889356,-0.0009662377324439787
akane-midori,topic_weak,bridge_share,B_minus_A,-0.0651875,-0.06735018852070977,-0.06302481147929022,-0.06895414675554508,-0.06142085324445491
akane-midori,topic_weak,bridge_share,island_change,0.0006041666666666679,-0.0007146945022883598,0.0019230278356216954,-0.0016781112417080272,0.0028864445750413628
akane-midori,topic_weak,all_formed,B_vs_free,-0.193,-0.2174730867193653,-0.1685269132806347,-0.23535046605671212,-0.1506495339432879
akane-midori,topic_weak,all_formed,A_vs_free,-0.209,-0.2343656477639836,-0.18363435223601637,-0.2528950352668453,-0.1651049647331547
akane-midori,topic_weak,all_formed,B_minus_A,-0.051,-0.06964468886366364,-0.03235531113633636,-0.08347252488926053,-0.01852747511073946
akane-midori,topic_weak,all_formed,island_change,0.016,-0.0010666171170451884,0.033066617117045186,-0.013533634118429231,0.04553363411842923
akane-midori,topic_medium,bridge_count,B_vs_free,-0.389,-0.4240614910486499,-0.35393850895135015,-0.4496736086698291,-0.32832639133017094
akane-midori,topic_medium,bridge_count,A_vs_free,-0.384,-0.4191088943839715,-0.34889110561602854,-0.44475563973385196,-0.32324436026614806
akane-midori,topic_medium,bridge_count,B_minus_A,-0.097,-0.11897619937429899,-0.07502380062570102,-0.1352748506221546,-0.058725149377845384
akane-midori,topic_medium,bridge_count,island_change,-0.005,-0.027270301442197102,0.0172703014421971,-0.043538565082360633,0.03353856508236064
akane-midori,topic_medium,bridge_rate,B_vs_free,-0.09725,-0.10601537276216247,-0.08848462723783754,-0.11241840216745727,-0.08208159783254274
akane-midori,topic_medium,bridge_rate,A_vs_free,-0.096,-0.10477722359599287,-0.08722277640400714,-0.11118890993346299,-0.08081109006653701
akane-midori,topic_medium,bridge_rate,B_minus_A,-0.02425,-0.029744049843574746,-0.018755950156425255,-0.03381871265553865,-0.014681287344461346
akane-midori,topic_medium,bridge_rate,island_change,-0.00125,-0.0068175753605492755,0.004317575360549275,-0.010884641270590158,0.00838464127059016
akane-midori,topic_medium,unformed_turns,B_vs_free,2.64375,2.4003757909244627,2.887124209075537,2.222593024636657,3.0649069753633427
akane-midori,topic_medium,unformed_turns,A_vs_free,2.80975,2.5564721055051596,3.063027894494841,2.371454782207487,3.248045217792513
akane-midori,topic_medium,unformed_turns,B_minus_A,1.60475,1.410639254069782,1.7988607459302177,1.2666769930121347,1.9428230069878651
akane-midori,topic_medium,unformed_turns,island_change,-0.166,-0.32552574065752626,-0.006474259342473726,-0.4420579220087707,0.11005792200877065
akane-midori,topic_medium,known_share,B_vs_free,0.002604166666666666,0.0016293312771389961,0.003579002056194336,0.0009172224103704161,0.004291110922962916
akane-midori,topic_medium,known_share,A_vs_free,0.00675,0.005264009780112848,0.008235990219887152,0.004178506706588047,0.009321493293411953
akane-midori,topic_medium,known_share,B_minus_A,0.0608125,0.05876718285143589,0.06285781714856412,0.0572502731106783,0.0643747268893217
akane-midori,topic_medium,known_share,island_change,-0.004145833333333334,-0.005744567548043124,-0.002547099118623544,-0.006912429139991237,-0.0013792375266754309
akane-midori,topic_medium,bridge_share,B_vs_free,-0.005416666666666666,-0.007126873794335897,-0.003706459538997435,-0.008376165390339774,-0.002457167942993558
akane-midori,topic_medium,bridge_share,A_vs_free,-0.009520833333333333,-0.011603233950535741,-0.0074384327161309246,-0.013124409689131663,-0.005917256977535002
akane-midori,topic_medium,bridge_share,B_minus_A,-0.0616875,-0.06381875091901103,-0.05955624908098897,-0.06539939345228075,-0.057975606547719244
akane-midori,topic_medium,bridge_share,island_change,0.004104166666666666,0.0024107344810068623,0.005797598852326469,0.001173696835847168,0.007034636497486164
akane-midori,topic_medium,all_formed,B_vs_free,-0.274,-0.3017964436696618,-0.24620355633033825,-0.322101506672545,-0.22589849332745504
akane-midori,topic_medium,all_formed,A_vs_free,-0.294,-0.32292456556100524,-0.26507543443899473,-0.34405371190170275,-0.24394628809829721
akane-midori,topic_medium,all_formed,B_minus_A,-0.047,-0.06228948900630999,-0.03171051099369001,-0.07362894060244016,-0.02037105939755984
akane-midori,topic_medium,all_formed,island_change,0.02,0.001437890423987044,0.03856210957601296,-0.012121570954834387,0.052121570954834384
akane-midori,topic_strong,bridge_count,B_vs_free,-0.644,-0.6850057905332559,-0.6029942094667441,-0.7149601677966162,-0.5730398322033838
akane-midori,topic_strong,bridge_count,A_vs_free,-0.649,-0.6897487361509275,-0.6082512638490726,-0.7195153373991119,-0.5784846626008882
akane-midori,topic_strong,bridge_count,B_minus_A,-0.087,-0.1069433765412948,-0.0670566234587052,-0.1217343844592232,-0.052265615540776786
akane-midori,topic_strong,bridge_count,island_change,0.005,-0.02093948374229558,0.030939483742295583,-0.03988805349132581,0.04988805349132581
akane-midori,topic_strong,bridge_rate,B_vs_free,-0.161,-0.17125144763331399,-0.15074855236668602,-0.17874004194915405,-0.14325995805084596
akane-midori,topic_strong,bridge_rate,A_vs_free,-0.16225,-0.17243718403773187,-0.15206281596226814,-0.17987883434977797,-0.14462116565022204
akane-midori,topic_strong,bridge_rate,B_minus_A,-0.02175,-0.0267358441353237,-0.0167641558646763,-0.0304335961148058,-0.013066403885194196
akane-midori,topic_strong,bridge_rate,island_change,0.00125,-0.005234870935573895,0.007734870935573896,-0.009972013372831453,0.012472013372831452
akane-midori,topic_strong,unformed_turns,B_vs_free,5.3285,4.999382446435222,5.657617553564778,4.758964904540054,5.898035095459946
akane-midori,topic_strong,unformed_turns,A_vs_free,5.70725,5.3603372663324675,6.054162733667533,5.106920498441764,6.307579501558236
akane-midori,topic_strong,unformed_turns,B_minus_A,1.392,1.207231945370387,1.5767680546296128,1.0701986925835247,1.713801307416475
akane-midori,topic_strong,unformed_turns,island_change,-0.37875,-0.5934425640877545,-0.16405743591224548,-0.7502736354240624,-0.007226364575937505
akane-midori,topic_strong,known_share,B_vs_free,0.005416666666666666,0.004000036213146115,0.006833297120187217,0.0029651998523373808,0.00786813348099595
akane-midori,topic_strong,known_share,A_vs_free,0.016145833333333335,0.014152615426910759,0.01813905123975591,0.012696586891412938,0.01959507977525373
akane-midori,topic_strong,known_share,B_minus_A,0.05422916666666666,0.05234130228002258,0.05611703105331074,0.050941167401507434,0.05751716593182589
akane-midori,topic_strong,known_share,island_change,-0.010729166666666668,-0.012884672264308391,-0.008573661069024945,-0.014459250562285137,-0.0069990827710481995
akane-midori,topic_strong,bridge_share,B_vs_free,-0.010583333333333333,-0.012978052679606313,-0.008188613987060354,-0.01472737456330352,-0.006439292103363148
akane-midori,topic_strong,bridge_share,A_vs_free,-0.021583333333333333,-0.02430883496161985,-0.018857831705046815,-0.026299790457024484,-0.01686687620964218
akane-midori,topic_strong,bridge_share,B_minus_A,-0.05479166666666667,-0.05672396771179283,-0.052859365621540505,-0.05815705904410074,-0.0514262742892326
akane-midori,topic_strong,bridge_share,island_change,0.011,0.008741848633940478,0.01325815136605952,0.007092288485066827,0.014907711514933171
akane-midori,topic_strong,all_formed,B_vs_free,-0.418,-0.4485860194563821,-0.38741398054361786,-0.47092884357625653,-0.36507115642374344
akane-midori,topic_strong,all_formed,A_vs_free,-0.457,-0.48813892924482977,-0.42586107075517027,-0.5108856492091784,-0.40311435079082153
akane-midori,topic_strong,all_formed,B_minus_A,-0.028,-0.039301783749298866,-0.016698216250701135,-0.04768375320048294,-0.008316246799517063
akane-midori,topic_strong,all_formed,island_change,0.039,0.020040348241732,0.057959651758268005,0.00619048571832808,0.07180951428167193
akane-kurumi,free,bridge_count,B_vs_free,0.0,0.0,0.0,0.0,0.0
akane-kurumi,free,bridge_count,A_vs_free,0.0,0.0,0.0,0.0,0.0
akane-kurumi,free,bridge_count,B_minus_A,-0.072,-0.10701413336261709,-0.0369858666373829,-0.1329823701220002,-0.011017629877999799
akane-kurumi,free,bridge_count,island_change,0.0,0.0,0.0,0.0,0.0
akane-kurumi,free,bridge_rate,B_vs_free,0.0,0.0,0.0,0.0,0.0
akane-kurumi,free,bridge_rate,A_vs_free,0.0,0.0,0.0,0.0,0.0
akane-kurumi,free,bridge_rate,B_minus_A,-0.018,-0.02675353334065427,-0.009246466659345726,-0.03324559253050005,-0.0027544074694999497
akane-kurumi,free,bridge_rate,island_change,0.0,0.0,0.0,0.0,0.0
akane-kurumi,free,unformed_turns,B_vs_free,0.0,0.0,0.0,0.0,0.0
akane-kurumi,free,unformed_turns,A_vs_free,0.0,0.0,0.0,0.0,0.0
akane-kurumi,free,unformed_turns,B_minus_A,1.17525,0.8949911026042714,1.4555088973957284,0.6871370533229567,1.6633629466770432
akane-kurumi,free,unformed_turns,island_change,0.0,0.0,0.0,0.0,0.0
akane-kurumi,free,known_share,B_vs_free,0.0,0.0,0.0,0.0,0.0
akane-kurumi,free,known_share,A_vs_free,0.0,0.0,0.0,0.0,0.0
akane-kurumi,free,known_share,B_minus_A,0.034687499999999996,0.03311223104256432,0.03626276895743567,0.03194393260653704,0.037431067393462955
akane-kurumi,free,known_share,island_change,0.0,0.0,0.0,0.0,0.0
akane-kurumi,free,bridge_share,B_vs_free,0.0,0.0,0.0,0.0,0.0
akane-kurumi,free,bridge_share,A_vs_free,0.0,0.0,0.0,0.0,0.0
akane-kurumi,free,bridge_share,B_minus_A,-0.0358125,-0.037661347971429865,-0.03396365202857013,-0.03903254632030734,-0.03259245367969266
akane-kurumi,free,bridge_share,island_change,0.0,0.0,0.0,0.0,0.0
akane-kurumi,free,all_formed,B_vs_free,0.0,0.0,0.0,0.0,0.0
akane-kurumi,free,all_formed,A_vs_free,0.0,0.0,0.0,0.0,0.0
akane-kurumi,free,all_formed,B_minus_A,-0.035,-0.05801752041915563,-0.011982479580844377,-0.07508846756122398,0.005088467561223976
akane-kurumi,free,all_formed,island_change,0.0,0.0,0.0,0.0,0.0
akane-kurumi,shuffle_weak,bridge_count,B_vs_free,0.058,0.015367899963131613,0.1006321000368684,-0.01577448240352474,0.13177448240352474
akane-kurumi,shuffle_weak,bridge_count,A_vs_free,0.043,0.002187519799206762,0.08381248020079324,-0.027625645929094944,0.11362564592909494
akane-kurumi,shuffle_weak,bridge_count,B_minus_A,-0.057,-0.08799038311227284,-0.026009616887727165,-0.11097440495251346,-0.0030255950474865415
akane-kurumi,shuffle_weak,bridge_count,island_change,0.015,-0.019901876467906143,0.04990187646790614,-0.045397397010815355,0.07539739701081535
akane-kurumi,shuffle_weak,bridge_rate,B_vs_free,0.0145,0.0038419749907829034,0.0251580250092171,-0.003943620600881185,0.032943620600881185
akane-kurumi,shuffle_weak,bridge_rate,A_vs_free,0.01075,0.0005468799498016905,0.02095312005019831,-0.006906411482273736,0.028406411482273734
akane-kurumi,shuffle_weak,bridge_rate,B_minus_A,-0.01425,-0.02199759577806821,-0.006502404221931791,-0.027743601238128364,-0.0007563987618716354
akane-kurumi,shuffle_weak,bridge_rate,island_change,0.00375,-0.004975469116976536,0.012475469116976536,-0.011349349252703839,0.01884934925270384
akane-kurumi,shuffle_weak,unformed_turns,B_vs_free,-0.27975,-0.6084025754642115,0.048902575464211506,-0.8484804548565372,0.28898045485653717
akane-kurumi,shuffle_weak,unformed_turns,A_vs_free,-0.11825,-0.4382345266014661,0.2017345266014661,-0.6719804708598661,0.4354804708598662
akane-kurumi,shuffle_weak,unformed_turns,B_minus_A,1.01375,0.7543023666094215,1.2731976333905783,0.5618829941013654,1.4656170058986344
akane-kurumi,shuffle_weak,unformed_turns,island_change,-0.1615,-0.4012167030603544,0.07821670306035441,-0.5763276926649884,0.25332769266498845
akane-kurumi,shuffle_weak,known_share,B_vs_free,-0.010437499999999999,-0.011917285753510608,-0.00895771424648939,-0.012998256517716555,-0.007876743482283443
akane-kurumi,shuffle_weak,known_share,A_vs_free,-0.0069791666666666665,-0.008374653192241073,-0.005583680141092261,-0.009394044095559736,-0.004564289237773597
akane-kurumi,shuffle_weak,known_share,B_minus_A,0.031229166666666665,0.02975050922966158,0.032707824103671755,0.028653862740870666,0.033804470592462665
akane-kurumi,shuffle_weak,known_share,island_change,-0.0034583333333333315,-0.00476338191229893,-0.0021532847543677333,-0.005716708673543638,-0.001199957993123025
akane-kurumi,shuffle_weak,bridge_share,B_vs_free,0.0169375,0.014787322046619531,0.019087677953380473,0.013216635546948614,0.020658364453051387
akane-kurumi,shuffle_weak,bridge_share,A_vs_free,0.013625,0.011567541751875361,0.01568245824812464,0.010064586199342952,0.017185413800657048
akane-kurumi,shuffle_weak,bridge_share,B_minus_A,-0.0325,-0.03418563249626602,-0.030814367503733977,-0.035435782065841845,-0.02956421793415816
akane-kurumi,shuffle_weak,bridge_share,island_change,0.0033125000000000025,0.0017346140810315766,0.004890385918968428,0.0005819819897908926,0.006043018010209112
akane-kurumi,shuffle_weak,all_formed,B_vs_free,0.048,0.020288629162856744,0.07571137083714326,4.571113235387475e-05,0.09595428886764612
akane-kurumi,shuffle_weak,all_formed,A_vs_free,0.036,0.00780657957332322,0.06419342042667678,-0.012788471535868241,0.08478847153586824
akane-kurumi,shuffle_weak,all_formed,B_minus_A,-0.023,-0.04361092438013889,-0.002389075619861108,-0.05889701924332426,0.01289701924332426
akane-kurumi,shuffle_weak,all_formed,island_change,0.012,-0.012165139427769988,0.036165139427769985,-0.029817565917489224,0.05381756591748922
akane-kurumi,shuffle_medium,bridge_count,B_vs_free,0.258,0.20532891893666527,0.31067108106333474,0.16685314728288833,0.34914685271711166
akane-kurumi,shuffle_medium,bridge_count,A_vs_free,0.208,0.1589858366815692,0.25701416331843074,0.12318141198458592,0.29281858801541405
akane-kurumi,shuffle_medium,bridge_count,B_minus_A,-0.022,-0.04738057602260515,0.0033805760226051466,-0.06620408367361015,0.022204083673610153
akane-kurumi,shuffle_medium,bridge_count,island_change,0.05,0.011100349837269964,0.08889965016273005,-0.017315510001894838,0.11731551000189484
akane-kurumi,shuffle_medium,bridge_rate,B_vs_free,0.0645,0.05133222973416632,0.07766777026583369,0.04171328682072208,0.08728671317927791
akane-kurumi,shuffle_medium,bridge_rate,A_vs_free,0.052,0.0397464591703923,0.06425354082960769,0.03079535299614648,0.07320464700385351
akane-kurumi,shuffle_medium,bridge_rate,B_minus_A,-0.0055,-0.011845144005651287,0.0008451440056512867,-0.016551020918402538,0.005551020918402538
akane-kurumi,shuffle_medium,bridge_rate,island_change,0.0125,0.002775087459317491,0.022224912540682512,-0.004328877500473709,0.02932887750047371
akane-kurumi,shuffle_medium,unformed_turns,B_vs_free,-1.65525,-2.0440065049179448,-1.2664934950820554,-2.327989787777798,-0.9825102122222021
akane-kurumi,shuffle_medium,unformed_turns,A_vs_free,-1.2835,-1.6685151230918203,-0.8984848769081799,-1.9497653587100863,-0.6172346412899139
akane-kurumi,shuffle_medium,unformed_turns,B_minus_A,0.8035,0.5691298800325999,1.0378701199674,0.3953092487575619,1.211690751242438
akane-kurumi,shuffle_medium,unformed_turns,island_change,-0.37175,-0.6545954839499668,-0.0889045160500333,-0.8612116770118665,0.11771167701186652
akane-kurumi,shuffle_medium,known_share,B_vs_free,-0.022020833333333333,-0.023786430318875118,-0.02025523634779155,-0.025076183729605697,-0.01896548293706097
akane-kurumi,shuffle_medium,known_share,A_vs_free,-0.014437499999999999,-0.01617210247785273,-0.012702897522147266,-0.017439214667323177,-0.01143578533267682
akane-kurumi,shuffle_medium,known_share,B_minus_A,0.027104166666666665,0.025722125992656285,0.028486207340677045,0.024697135339250137,0.029511197994083194
akane-kurumi,shuffle_medium,known_share,island_change,-0.0075833333333333326,-0.009092991352223925,-0.006073675314442741,-0.010195783549336465,-0.0049708831173302
akane-kurumi,shuffle_medium,bridge_share,B_vs_free,0.03691666666666667,0.03420672952237851,0.03962660381095483,0.03222714374865302,0.04160618958468031
akane-kurumi,shuffle_medium,bridge_share,A_vs_free,0.028645833333333332,0.02591737217064684,0.03137429449601982,0.023924254760820177,0.03336741190584649
akane-kurumi,shuffle_medium,bridge_share,B_minus_A,-0.027541666666666666,-0.029087816263503277,-0.025995517069830054,-0.030234518321791116,-0.024848815011542215
akane-kurumi,shuffle_medium,bridge_share,island_change,0.008270833333333337,0.006427703134938826,0.010113963531727848,0.0050813123791399375,0.011460354287526736
akane-kurumi,shuffle_medium,all_formed,B_vs_free,0.138,0.1016844580353234,0.17431554196467663,0.07515626700700762,0.2008437329929924
akane-kurumi,shuffle_medium,all_formed,A_vs_free,0.113,0.07768976604124206,0.14831023395875795,0.05189594386385092,0.1741040561361491
akane-kurumi,shuffle_medium,all_formed,B_minus_A,-0.01,-0.030180006756011568,0.01018000675601157,-0.04514651150479255,0.025146511504792544
akane-kurumi,shuffle_medium,all_formed,island_change,0.025,-0.0033071491799279325,0.05330714917992793,-0.023985278165104103,0.07398527816510411
akane-kurumi,shuffle_strong,bridge_count,B_vs_free,0.446,0.38812335531148684,0.5038766446885132,0.3458449642064263,0.5461550357935737
akane-kurumi,shuffle_strong,bridge_count,A_vs_free,0.389,0.3326519428023472,0.4453480571976528,0.2914901717108468,0.48650982828915323
akane-kurumi,shuffle_strong,bridge_count,B_minus_A,-0.015,-0.03078254506499914,0.0007825450649991406,-0.042487671753957915,0.012487671753957916
akane-kurumi,shuffle_strong,bridge_count,island_change,0.057,0.018385555592279758,0.09561444440772024,-0.009821963896116372,0.12382196389611638
akane-kurumi,shuffle_strong,bridge_rate,B_vs_free,0.1115,0.09703083882787171,0.1259691611721283,0.08646124105160657,0.13653875894839343
akane-kurumi,shuffle_strong,bridge_rate,A_vs_free,0.09725,0.0831629857005868,0.1113370142994132,0.0728725429277117,0.12162745707228831
akane-kurumi,shuffle_strong,bridge_rate,B_minus_A,-0.00375,-0.007695636266249785,0.00019563626624978514,-0.010621917938489479,0.003121917938489479
akane-kurumi,shuffle_strong,bridge_rate,island_change,0.01425,0.0045963888980699395,0.02390361110193006,-0.002455490974029093,0.030955490974029096
akane-kurumi,shuffle_strong,unformed_turns,B_vs_free,-4.96575,-5.468063605650416,-4.463436394349584,-5.834999373806588,-4.096500626193412
akane-kurumi,shuffle_strong,unformed_turns,A_vs_free,-4.29375,-4.784104588292758,-3.8033954117072426,-5.142304397137528,-3.445195602862472
akane-kurumi,shuffle_strong,unformed_turns,B_minus_A,0.50325,0.3369341273582326,0.6695658726417674,0.21358593784639568,0.7929140621536043
akane-kurumi,shuffle_strong,unformed_turns,island_change,-0.672,-0.9894846342716426,-0.3545153657283575,-1.2214044286865327,-0.12259557131346754
akane-kurumi,shuffle_strong,known_share,B_vs_free,-0.0454375,-0.04766027486856198,-0.043214725131438016,-0.04928399279031315,-0.04159100720968685
akane-kurumi,shuffle_strong,known_share,A_vs_free,-0.029604166666666668,-0.03179347074089042,-0.02741486259244291,-0.03339273853528461,-0.02581559479804872
akane-kurumi,shuffle_strong,known_share,B_minus_A,0.018854166666666665,0.017711739494061858,0.019996593839271472,0.01686445822648583,0.0208438751068475
akane-kurumi,shuffle_strong,known_share,island_change,-0.01583333333333333,-0.017554242128894035,-0.014112424537772627,-0.01881135120123966,-0.012855315465427002
akane-kurumi,shuffle_strong,bridge_share,B_vs_free,0.07720833333333334,0.07388695387043896,0.08052971279622771,0.07146071474243999,0.08295595192422668
akane-kurumi,shuffle_strong,bridge_share,A_vs_free,0.0603125,0.0569995707096103,0.0636254292903897,0.0545795043599398,0.0660454956400602
akane-kurumi,shuffle_strong,bridge_share,B_minus_A,-0.018916666666666665,-0.020110223247078327,-0.017723110086255003,-0.020995424646891955,-0.016837908686441375
akane-kurumi,shuffle_strong,bridge_share,island_change,0.016895833333333336,0.014890550493012212,0.018901116173654458,0.013425708627080936,0.020365958039585734
akane-kurumi,shuffle_strong,all_formed,B_vs_free,0.262,0.22281196979546802,0.301188030204532,0.1941854508163373,0.3298145491836627
akane-kurumi,shuffle_strong,all_formed,A_vs_free,0.234,0.19442684514743633,0.2735731548525637,0.16551899592566083,0.3024810040743392
akane-kurumi,shuffle_strong,all_formed,B_minus_A,-0.007,-0.0198516818871044,0.0058516818871044,-0.029383133502494545,0.015383133502494546
akane-kurumi,shuffle_strong,all_formed,island_change,0.028,0.0014566932592652883,0.05454330674073471,-0.01793296399619578,0.07393296399619578
akane-kurumi,task_weak,bridge_count,B_vs_free,0.105,0.06568368108618339,0.1443163189138166,0.036963448308426475,0.1730365516915735
akane-kurumi,task_weak,bridge_count,A_vs_free,0.078,0.04079734763564642,0.11520265236435358,0.013621130091060363,0.14237886990893964
akane-kurumi,task_weak,bridge_count,B_minus_A,-0.045,-0.07667909602758774,-0.013320903972412264,-0.10017390189492173,0.01017390189492174
akane-kurumi,task_weak,bridge_count,island_change,0.027,-0.004392294432706726,0.05839229443270673,-0.027324095487417887,0.08132409548741788
akane-kurumi,task_weak,bridge_rate,B_vs_free,0.02625,0.016420920271545847,0.03607907972845415,0.009240862077106619,0.043259137922893376
akane-kurumi,task_weak,bridge_rate,A_vs_free,0.0195,0.010199336908911606,0.028800663091088394,0.0034052825227650907,0.03559471747723491
akane-kurumi,task_weak,bridge_rate,B_minus_A,-0.01125,-0.019169774006896935,-0.003330225993103066,-0.025043475473730432,0.002543475473730435
akane-kurumi,task_weak,bridge_rate,island_change,0.00675,-0.0010980736081766815,0.014598073608176682,-0.006831023871854472,0.02033102387185447
akane-kurumi,task_weak,unformed_turns,B_vs_free,-0.79825,-1.059373449868393,-0.5371265501316069,-1.2501218838810109,-0.3463781161189891
akane-kurumi,task_weak,unformed_turns,A_vs_free,-0.67775,-0.9280390019405415,-0.4274609980594585,-1.110872964936977,-0.24462703506302286
akane-kurumi,task_weak,unformed_turns,B_minus_A,1.05475,0.7919012881728176,1.3175987118271826,0.5969595053807686,1.5125404946192316
akane-kurumi,task_weak,unformed_turns,island_change,-0.1205,-0.3134111223043107,0.07241112230431068,-0.45433103777613026,0.21333103777613027
akane-kurumi,task_weak,known_share,B_vs_free,-0.011666666666666667,-0.012877482951689327,-0.010455850381644007,-0.013761973832770492,-0.009571359500562843
akane-kurumi,task_weak,known_share,A_vs_free,-0.007895833333333333,-0.009052333365743126,-0.00673933330092354,-0.009897146691504918,-0.005894519975161747
akane-kurumi,task_weak,known_share,B_minus_A,0.030916666666666665,0.02944948514739259,0.03238384818594074,0.028361349774544027,0.0334719835587893
akane-kurumi,task_weak,known_share,island_change,-0.003770833333333333,-0.004722155168866682,-0.0028195114977999838,-0.005417087586699908,-0.0021245790799667577
akane-kurumi,task_weak,bridge_share,B_vs_free,0.0198125,0.018077970650697613,0.021547029349302388,0.01681091188100416,0.02281408811899584
akane-kurumi,task_weak,bridge_share,A_vs_free,0.016208333333333335,0.014571776162883757,0.017844890503782913,0.013376285227110993,0.01904038143955568
akane-kurumi,task_weak,bridge_share,B_minus_A,-0.03220833333333333,-0.03388875155255812,-0.03052791511410854,-0.035135033952858795,-0.02928163271380787
akane-kurumi,task_weak,bridge_share,island_change,0.0036041666666666665,0.0024025720705888867,0.004805761262744446,0.0015248175539593792,0.005683515779373954
akane-kurumi,task_weak,all_formed,B_vs_free,0.064,0.03799174677846212,0.09000825322153788,0.01899294151638263,0.10900705848361737
akane-kurumi,task_weak,all_formed,A_vs_free,0.05,0.02417007965972824,0.07582992034027176,0.005301545033440429,0.09469845496655957
akane-kurumi,task_weak,all_formed,B_minus_A,-0.021,-0.043406639906775665,0.0014066399067756662,-0.06002452743394826,0.01802452743394826
akane-kurumi,task_weak,all_formed,island_change,0.014,-0.007102558242174437,0.03510255824217444,-0.02251779551934579,0.050517795519345786
akane-kurumi,task_medium,bridge_count,B_vs_free,0.304,0.25205865810938843,0.35594134189061155,0.2141159546442586,0.3938840453557414
akane-kurumi,task_medium,bridge_count,A_vs_free,0.247,0.19654556237677526,0.2974544376232247,0.15968902968900628,0.3343109703109937
akane-kurumi,task_medium,bridge_count,B_minus_A,-0.015,-0.04001884054832243,0.010018840548322427,-0.058574067035742486,0.028574067035742487
akane-kurumi,task_medium,bridge_count,island_change,0.057,0.018685477371573007,0.09531452262842699,-0.009302951836898825,0.12330295183689882
akane-kurumi,task_medium,bridge_rate,B_vs_free,0.076,0.06301466452734711,0.08898533547265289,0.05352898866106465,0.09847101133893535
akane-kurumi,task_medium,bridge_rate,A_vs_free,0.06175,0.049136390594193814,0.07436360940580618,0.03992225742225157,0.08357774257774843
akane-kurumi,task_medium,bridge_rate,B_minus_A,-0.00375,-0.010004710137080607,0.0025047101370806067,-0.014643516758935621,0.007143516758935622
akane-kurumi,task_medium,bridge_rate,island_change,0.01425,0.004671369342893252,0.023828630657106747,-0.002325737959224706,0.030825737959224705
akane-kurumi,task_medium,unformed_turns,B_vs_free,-1.55075,-1.9670584601026662,-1.134441539897334,-2.27116820923018,-0.8303317907698202
akane-kurumi,task_medium,unformed_turns,A_vs_free,-1.1645,-1.5769605640063793,-0.7520394359936209,-1.8782594581341607,-0.45074054186583945
akane-kurumi,task_medium,unformed_turns,B_minus_A,0.789,0.5430993178702591,1.034900682129741,0.3607270436029621,1.217272956397038
akane-kurumi,task_medium,unformed_turns,island_change,-0.38625,-0.6824806168779248,-0.09001938312207514,-0.8988745344082534,0.12637453440825341
akane-kurumi,task_medium,known_share,B_vs_free,-0.0228125,-0.024671222859018755,-0.020953777140981244,-0.02602900391927963,-0.01959599608072037
akane-kurumi,task_medium,known_share,A_vs_free,-0.015458333333333333,-0.017143488509396315,-0.013773178157270352,-0.01837447987024222,-0.012542186796424446
akane-kurumi,task_medium,known_share,B_minus_A,0.02733333333333333,0.025916552082201737,0.028750114584464925,0.02486579607505976,0.029800870591606902
akane-kurumi,task_medium,known_share,island_change,-0.007354166666666666,-0.008709373568273513,-0.005998959765059819,-0.00969934055275876,-0.005008992780574571
akane-kurumi,task_medium,bridge_share,B_vs_free,0.0378125,0.03521105007909117,0.040413949920908826,0.0333107132888653,0.0423142867111347
akane-kurumi,task_medium,bridge_share,A_vs_free,0.03060416666666667,0.028109396438989263,0.03309893689434407,0.026286988247037874,0.03492134508629546
akane-kurumi,task_medium,bridge_share,B_minus_A,-0.028604166666666667,-0.030173648486758974,-0.02703468484657436,-0.0313376548915903,-0.02587067844174303
akane-kurumi,task_medium,bridge_share,island_change,0.007208333333333335,0.005561828260776936,0.008854838405889734,0.004359070468084413,0.010057596198582257
akane-kurumi,task_medium,all_formed,B_vs_free,0.166,0.13122677398273713,0.20077322601726288,0.105825231487405,0.22617476851259502
akane-kurumi,task_medium,all_formed,A_vs_free,0.147,0.11217445069371504,0.18182554930628494,0.08673468648582366,0.20726531351417632
akane-kurumi,task_medium,all_formed,B_minus_A,-0.016,-0.035187973544090805,0.003187973544090804,-0.049418736726643736,0.017418736726643735
akane-kurumi,task_medium,all_formed,island_change,0.019,-0.006765749673864653,0.04476574967386465,-0.025587408180321517,0.06358740818032152
akane-kurumi,task_strong,bridge_count,B_vs_free,0.464,0.4081652616697776,0.5198347383302224,0.36737846559549925,0.5606215344045008
akane-kurumi,task_strong,bridge_count,A_vs_free,0.396,0.34147260421319126,0.4505273957868088,0.3016408106214547,0.49035918937854533
akane-kurumi,task_strong,bridge_count,B_minus_A,-0.004,-0.016085751933570366,0.008085751933570366,-0.025049151494994478,0.017049151494994478
akane-kurumi,task_strong,bridge_count,island_change,0.068,0.030928853382832744,0.10507114661716727,0.0038486996553879355,0.1321513003446121
akane-kurumi,task_strong,bridge_rate,B_vs_free,0.116,0.1020413154174444,0.1299586845825556,0.09184461639887481,0.1401553836011252
akane-kurumi,task_strong,bridge_rate,A_vs_free,0.099,0.08536815105329781,0.1126318489467022,0.07541020265536368,0.12258979734463633
akane-kurumi,task_strong,bridge_rate,B_minus_A,-0.001,-0.004021437983392591,0.0020214379833925914,-0.0062622878737486195,0.0042622878737486195
akane-kurumi,task_strong,bridge_rate,island_change,0.017,0.007732213345708186,0.026267786654291816,0.0009621749138469839,0.03303782508615302
akane-kurumi,task_strong,unformed_turns,B_vs_free,-4.96325,-5.437658770218638,-4.488841229781363,-5.784210296122059,-4.142289703877942
akane-kurumi,task_strong,unformed_turns,A_vs_free,-4.1675,-4.635029202366082,-3.699970797633918,-4.976555263129471,-3.3584447368705295
akane-kurumi,task_strong,unformed_turns,B_minus_A,0.3795,0.2430816897811626,0.5159183102188374,0.14190703149703252,0.6170929685029675
akane-kurumi,task_strong,unformed_turns,island_change,-0.79575,-1.0986396110922387,-0.49286038890776124,-1.319897866617181,-0.2716021333828189
akane-kurumi,task_strong,known_share,B_vs_free,-0.04847916666666666,-0.05070712854722579,-0.04625120478610754,-0.052334635536623535,-0.04462369779670979
akane-kurumi,task_strong,known_share,A_vs_free,-0.03204166666666666,-0.03425402386090779,-0.029829309472425538,-0.0358701317611777,-0.02821320157215563
akane-kurumi,task_strong,known_share,B_minus_A,0.01825,0.017112955232131348,0.01938704476786865,0.01626966582575822,0.020230334174241776
akane-kurumi,task_strong,known_share,island_change,-0.0164375,-0.018106254547872937,-0.014768745452127066,-0.019325265390899966,-0.013549734609100035
akane-kurumi,task_strong,bridge_share,B_vs_free,0.08154166666666667,0.07819449795232149,0.08488883538101184,0.07574941999797016,0.08733391333536317
akane-kurumi,task_strong,bridge_share,A_vs_free,0.0639375,0.06065537882157795,0.06721962117842203,0.05825781753269643,0.06961718246730356
akane-kurumi,task_strong,bridge_share,B_minus_A,-0.018208333333333333,-0.019413432160246324,-0.017003234506420342,-0.02030719386874381,-0.016109472797922856
akane-kurumi,task_strong,bridge_share,island_change,0.017604166666666667,0.015646177772749455,0.01956215556058388,0.014215883727855965,0.02099244960547737
akane-kurumi,task_strong,all_formed,B_vs_free,0.278,0.23904029203851185,0.3169597079614882,0.21058056049395588,0.34541943950604415
akane-kurumi,task_strong,all_formed,A_vs_free,0.247,0.20807608837107328,0.2859239116289267,0.17964250573954266,0.31435749426045734
akane-kurumi,task_strong,all_formed,B_minus_A,-0.004,-0.014373569556586844,0.006373569556586843,-0.022067128825798508,0.014067128825798508
akane-kurumi,task_strong,all_formed,island_change,0.031,0.006037785864740793,0.0559622141352592,-0.012196896842569256,0.07419689684256925
akane-kurumi,host_weak,bridge_count,B_vs_free,0.051,0.010317376261181552,0.09168262373881844,-0.019400930438639198,0.1214009304386392
akane-kurumi,host_weak,bridge_count,A_vs_free,0.052,0.012327270839542194,0.0916727291604578,-0.016653316557637556,0.12065331655763756
akane-kurumi,host_weak,bridge_count,B_minus_A,-0.073,-0.11008644385645404,-0.03591355614354595,-0.137591609974779,-0.00840839002522098
akane-kurumi,host_weak,bridge_count,island_change,-0.001,-0.03866915878970387,0.036669158789703865,-0.06618615526524094,0.06418615526524094
akane-kurumi,host_weak,bridge_rate,B_vs_free,0.01275,0.002579344065295388,0.02292065593470461,-0.0048502326096597995,0.0303502326096598
akane-kurumi,host_weak,bridge_rate,A_vs_free,0.013,0.0030818177098855485,0.02291818229011445,-0.004163329139409389,0.03016332913940939
akane-kurumi,host_weak,bridge_rate,B_minus_A,-0.01825,-0.02752161096411351,-0.008978389035886488,-0.03439790249369475,-0.002102097506305245
akane-kurumi,host_weak,bridge_rate,island_change,-0.00025,-0.009667289697425967,0.009167289697425966,-0.016546538816310234,0.016046538816310234
akane-kurumi,host_weak,unformed_turns,B_vs_free,0.1025,-0.20306314146739535,0.4080631414673953,-0.42627438793437417,0.6312743879343742
akane-kurumi,host_weak,unformed_turns,A_vs_free,-0.0175,-0.31283807863309926,0.27783807863309923,-0.5285800046529654,0.4935800046529654
akane-kurumi,host_weak,unformed_turns,B_minus_A,1.29525,0.9983693038750555,1.5921306961249444,0.778187695310839,1.812312304689161
akane-kurumi,host_weak,unformed_turns,island_change,0.12,-0.14184949401806662,0.3818494940180666,-0.3331282970367775,0.5731282970367775
akane-kurumi,host_weak,known_share,B_vs_free,-0.0033749999999999987,-0.005226426657142508,-0.0015235733428574888,-0.006578877904692821,-0.0001711220953071759
akane-kurumi,host_weak,known_share,A_vs_free,-0.0030208333333333337,-0.004738623647655966,-0.0013030430190107015,-0.005993454696281546,-4.8211970385121476e-05
akane-kurumi,host_weak,known_share,B_minus_A,0.034333333333333334,0.03254503191088434,0.036121634755782325,0.03121873791827398,0.037447928748392686
akane-kurumi,host_weak,known_share,island_change,-0.00035416666666666436,-0.001915566899361306,0.0012072335660279774,-0.0030561563385845913,0.0023478230052512623
akane-kurumi,host_weak,bridge_share,B_vs_free,0.006958333333333333,0.004546077102791384,0.009370589563875282,0.0027839446759834255,0.01113272199068324
akane-kurumi,host_weak,bridge_share,A_vs_free,0.006604166666666666,0.004319819693031297,0.008888513640302034,0.002651123878151318,0.010557209455182015
akane-kurumi,host_weak,bridge_share,B_minus_A,-0.035458333333333335,-0.037565847588511746,-0.033350819078154924,-0.03912888582182924,-0.03178778084483743
akane-kurumi,host_weak,bridge_share,island_change,0.00035416666666666935,-0.0015908806285187935,0.0022992139618521323,-0.0030117209468590177,0.0037200542801923563
akane-kurumi,host_weak,all_formed,B_vs_free,0.042,0.01425118715666895,0.06974881284333105,-0.006019081937287667,0.09001908193728766
akane-kurumi,host_weak,all_formed,A_vs_free,0.041,0.012901191957426138,0.06909880804257387,-0.007624745619009353,0.08962474561900935
akane-kurumi,host_weak,all_formed,B_minus_A,-0.034,-0.05840172441764219,-0.009598275582357822,-0.07649926664300799,0.008499266643007979
akane-kurumi,host_weak,all_formed,island_change,0.001,-0.02624274445656174,0.028242744456561743,-0.046143334947052486,0.04814333494705249
akane-kurumi,host_medium,bridge_count,B_vs_free,0.084,0.0324540257841812,0.13554597421581882,-0.00519986499536286,0.17319986499536288
akane-kurumi,host_medium,bridge_count,A_vs_free,0.094,0.04504754178219887,0.14295245821780111,0.009288192130454245,0.17871180786954577
akane-kurumi,host_medium,bridge_count,B_minus_A,-0.082,-0.12215349280678561,-0.04184650719321439,-0.1519333361952858,-0.012066663804714217
akane-kurumi,host_medium,bridge_count,island_change,-0.01,-0.057789225250573485,0.03778922525057348,-0.09269884322558682,0.07269884322558683
akane-kurumi,host_medium,bridge_rate,B_vs_free,0.021,0.0081135064460453,0.033886493553954705,-0.001299966248840715,0.04329996624884072
akane-kurumi,host_medium,bridge_rate,A_vs_free,0.0235,0.011261885445549718,0.03573811455445028,0.0023220480326135613,0.04467795196738644
akane-kurumi,host_medium,bridge_rate,B_minus_A,-0.0205,-0.030538373201696403,-0.010461626798303597,-0.03798333404882145,-0.0030166659511785543
akane-kurumi,host_medium,bridge_rate,island_change,-0.0025,-0.014447306312643371,0.00944730631264337,-0.023174710806396704,0.018174710806396707
akane-kurumi,host_medium,unformed_turns,B_vs_free,-0.2805,-0.6670374568617603,0.10603745686176025,-0.949399744204247,0.3883997442042469
akane-kurumi,host_medium,unformed_turns,A_vs_free,-0.451,-0.8330396086546276,-0.06896039134537246,-1.1121162565711284,0.21011625657112837
akane-kurumi,host_medium,unformed_turns,B_minus_A,1.34575,1.021209054206412,1.670290945793588,0.7805132177222819,1.910986782277718
akane-kurumi,host_medium,unformed_turns,island_change,0.1705,-0.17749496810359974,0.5184949681035997,-0.43170229894074985,0.7727022989407498
akane-kurumi,host_medium,known_share,B_vs_free,-0.008666666666666666,-0.011003896263140037,-0.006329437070193296,-0.012711222379120559,-0.004622110954212773
akane-kurumi,host_medium,known_share,A_vs_free,-0.007666666666666667,-0.009833294027004159,-0.0055000393063291755,-0.011415996676963644,-0.00391733665636969
akane-kurumi,host_medium,known_share,B_minus_A,0.0336875,0.031882377870032466,0.03549262212996754,0.030543608797408604,0.0368313912025914
akane-kurumi,host_medium,known_share,island_change,-0.0009999999999999979,-0.002961702352693956,0.0009617023526939605,-0.0043947090472816475,0.002394709047281652
akane-kurumi,host_medium,bridge_share,B_vs_free,0.015604166666666667,0.01260537812259798,0.018602955210735354,0.010414788885957697,0.020793544447375637
akane-kurumi,host_medium,bridge_share,A_vs_free,0.014354166666666668,0.011487909173932713,0.017220424159400623,0.009394132730294692,0.019314200603038643
akane-kurumi,host_medium,bridge_share,B_minus_A,-0.034562499999999996,-0.03687524136151108,-0.03224975863848891,-0.03859048630608705,-0.030534513693912944
akane-kurumi,host_medium,bridge_share,island_change,0.001250000000000003,-0.001165698032841594,0.0036656980328416003,-0.0029303446666239527,0.0054303446666239584
akane-kurumi,host_medium,all_formed,B_vs_free,0.051,0.01851636743243168,0.08348363256756831,-0.005212646742388062,0.10721264674238806
akane-kurumi,host_medium,all_formed,A_vs_free,0.059,0.02680651291004637,0.09119348708995362,0.003289447510867953,0.11471055248913203
akane-kurumi,host_medium,all_formed,B_minus_A,-0.043,-0.07039420603200838,-0.015605793967991617,-0.09071112265271275,0.00471112265271275
akane-kurumi,host_medium,all_formed,island_change,-0.008,-0.04196155952139308,0.025961559521393077,-0.06677018662323717,0.05077018662323717
akane-kurumi,host_strong,bridge_count,B_vs_free,0.126,0.0671665253776718,0.1848334746223282,0.02418917823636252,0.22781082176363748
akane-kurumi,host_strong,bridge_count,A_vs_free,0.143,0.08614674138965633,0.19985325861034364,0.044615925011796814,0.24138407498820316
akane-kurumi,host_strong,bridge_count,B_minus_A,-0.089,-0.12980908805729513,-0.04819091194270486,-0.1600751537522921,-0.017924846247707904
akane-kurumi,host_strong,bridge_count,island_change,-0.017,-0.07000857748409108,0.03600857748409107,-0.10873088737017375,0.07473088737017375
akane-kurumi,host_strong,bridge_rate,B_vs_free,0.0315,0.01679163134441795,0.04620836865558205,0.00604729455909063,0.05695270544090937
akane-kurumi,host_strong,bridge_rate,A_vs_free,0.03575,0.021536685347414083,0.04996331465258591,0.011153981252949204,0.06034601874705079
akane-kurumi,host_strong,bridge_rate,B_minus_A,-0.02225,-0.03245227201432378,-0.012047727985676215,-0.04001878843807302,-0.004481211561926976
akane-kurumi,host_strong,bridge_rate,island_change,-0.00425,-0.01750214437102277,0.009002144371022768,-0.027182721842543438,0.018682721842543437
akane-kurumi,host_strong,unformed_turns,B_vs_free,-0.658,-1.1483855151317697,-0.16761448486823044,-1.506607915766414,0.190607915766414
akane-kurumi,host_strong,unformed_turns,A_vs_free,-0.844,-1.3277253537289937,-0.36027464627100614,-1.6810825637478928,-0.0069174362521070565
akane-kurumi,host_strong,unformed_turns,B_minus_A,1.36125,1.0199791420352509,1.7025208579647493,0.7668755639193304,1.9556244360806696
akane-kurumi,host_strong,unformed_turns,island_change,0.186,-0.2419108855034332,0.6139108855034332,-0.554496106585151,0.9264961065851511
akane-kurumi,host_strong,known_share,B_vs_free,-0.017229166666666667,-0.02041551706333966,-0.014042816269993671,-0.022743118619948946,-0.011715214713384388
akane-kurumi,host_strong,known_share,A_vs_free,-0.0133125,-0.016194552611306336,-0.010430447388693663,-0.01829986725319596,-0.008325132746804038
akane-kurumi,host_strong,known_share,B_minus_A,0.030770833333333334,0.028627870890409572,0.032913795776257096,0.02703854250384085,0.03450312416282582
akane-kurumi,host_strong,known_share,island_change,-0.0039166666666666655,-0.0063925046182401,-0.001440828715093231,-0.00820108294534807,0.0003677496120147398
akane-kurumi,host_strong,bridge_share,B_vs_free,0.0306875,0.02676144018618745,0.034613559813812554,0.023893487263146423,0.03748151273685358
akane-kurumi,host_strong,bridge_share,A_vs_free,0.027270833333333334,0.023410742881335718,0.03113092378533095,0.02059098000964915,0.03395068665701752
akane-kurumi,host_strong,bridge_share,B_minus_A,-0.03239583333333333,-0.03492579160689226,-0.0298658750597744,-0.036802135503762254,-0.027989531162904414
akane-kurumi,host_strong,bridge_share,island_change,0.0034166666666666655,0.0004248140254640418,0.006408519307869289,-0.0017607085937934217,0.008594041927126752
akane-kurumi,host_strong,all_formed,B_vs_free,0.076,0.0387814328575086,0.1132185671424914,0.01159358970438766,0.14040641029561235
akane-kurumi,host_strong,all_formed,A_vs_free,0.09,0.052081507782454586,0.12791849221754542,0.024382375382580798,0.15561762461741918
akane-kurumi,host_strong,all_formed,B_minus_A,-0.049,-0.07772679493342666,-0.02027320506657335,-0.09903202629368422,0.0010320262936842212
akane-kurumi,host_strong,all_formed,island_change,-0.014,-0.050254498135197445,0.022254498135197448,-0.07673809717116191,0.04873809717116191
akane-kurumi,topic_weak,bridge_count,B_vs_free,-0.588,-0.6339997764019459,-0.542000223598054,-0.6676022173854121,-0.5083977826145878
akane-kurumi,topic_weak,bridge_count,A_vs_free,-0.586,-0.6313408261605026,-0.5406591738394974,-0.6644619096607136,-0.5075380903392863
akane-kurumi,topic_weak,bridge_count,B_minus_A,-0.074,-0.11164490586171438,-0.03635509413828562,-0.13956425540201728,-0.008435744597982714
akane-kurumi,topic_weak,bridge_count,island_change,-0.002,-0.03573776030014545,0.03173776030014545,-0.06038290399593105,0.056382903995931044
akane-kurumi,topic_weak,bridge_rate,B_vs_free,-0.147,-0.15849994410048648,-0.1355000558995135,-0.16690055434635304,-0.12709944565364695
akane-kurumi,topic_weak,bridge_rate,A_vs_free,-0.1465,-0.15783520654012564,-0.13516479345987434,-0.1661154774151784,-0.12688452258482158
akane-kurumi,topic_weak,bridge_rate,B_minus_A,-0.0185,-0.027911226465428596,-0.009088773534571404,-0.03489106385050432,-0.0021089361494956785
akane-kurumi,topic_weak,bridge_rate,island_change,-0.0005,-0.008934440075036363,0.007934440075036362,-0.015095725998982762,0.014095725998982761
akane-kurumi,topic_weak,unformed_turns,B_vs_free,3.85075,3.5525968440490634,4.148903155950936,3.3347985282630828,4.366701471736917
akane-kurumi,topic_weak,unformed_turns,A_vs_free,3.76775,3.467434923953524,4.0680650760464765,3.2480573441340277,4.287442655865973
akane-kurumi,topic_weak,unformed_turns,B_minus_A,1.25825,0.9631827043875585,1.5533172956124417,0.7443460045594964,1.7721539954405037
akane-kurumi,topic_weak,unformed_turns,island_change,0.083,-0.13789001792208178,0.3038900179220818,-0.29924827597547404,0.4652482759754741
akane-kurumi,topic_weak,known_share,B_vs_free,-0.0043749999999999995,-0.005231858424208407,-0.0035181415757915926,-0.005857786132618546,-0.0028922138673814534
akane-kurumi,topic_weak,known_share,A_vs_free,-0.004604166666666667,-0.005495639449778178,-0.0037126938835551552,-0.0061468526496232904,-0.003061480683710043
akane-kurumi,topic_weak,known_share,B_minus_A,0.034916666666666665,0.03338096498785239,0.03645236834548094,0.03224201162938348,0.037591321703949854
akane-kurumi,topic_weak,known_share,island_change,0.00022916666666666823,-0.000867723837985397,0.0013260571713187336,-0.001668992916465879,0.0021273262497992157
akane-kurumi,topic_weak,bridge_share,B_vs_free,0.008395833333333332,0.007010058799271713,0.00978160786739495,0.005997762422213105,0.010793904244453558
akane-kurumi,topic_weak,bridge_share,A_vs_free,0.008812500000000001,0.007442788942912527,0.010182211057087474,0.006442226797609667,0.011182773202390334
akane-kurumi,topic_weak,bridge_share,B_minus_A,-0.036229166666666666,-0.038002840780931635,-0.0344554925524017,-0.03931828642844256,-0.03314004690489077
akane-kurumi,topic_weak,bridge_share,island_change,-0.00041666666666666686,-0.001736439319592528,0.0009031059862591944,-0.0027005218902125404,0.001867188556879207
akane-kurumi,topic_weak,all_formed,B_vs_free,-0.17,-0.19426391760820372,-0.1457360823917963,-0.21198850070906547,-0.12801149929093456
akane-kurumi,topic_weak,all_formed,A_vs_free,-0.201,-0.22691159835535682,-0.1750884016446432,-0.24583979806909112,-0.1561602019309089
akane-kurumi,topic_weak,all_formed,B_minus_A,-0.004,-0.019438785266026937,0.011438785266026938,-0.030888962453433897,0.022888962453433897
akane-kurumi,topic_weak,all_formed,island_change,0.031,0.009694776815650702,0.0523052231843493,-0.005868505458508075,0.06786850545850807
akane-kurumi,topic_medium,bridge_count,B_vs_free,-0.904,-0.9611310123047629,-0.8468689876952371,-1.0028647253672305,-0.8051352746327697
akane-kurumi,topic_medium,bridge_count,A_vs_free,-0.889,-0.9455184109576444,-0.8324815890423556,-0.9868046240054799,-0.7911953759945202
akane-kurumi,topic_medium,bridge_count,B_minus_A,-0.087,-0.1244865972658839,-0.04951340273411609,-0.15228853721460855,-0.021711462785391433
akane-kurumi,topic_medium,bridge_count,island_change,-0.015,-0.05617008885363518,0.026170088853635184,-0.08624448462678097,0.05624448462678097
akane-kurumi,topic_medium,bridge_rate,B_vs_free,-0.226,-0.24028275307619074,-0.21171724692380928,-0.2507161813418076,-0.20128381865819242
akane-kurumi,topic_medium,bridge_rate,A_vs_free,-0.22225,-0.2363796027394111,-0.2081203972605889,-0.24670115600136996,-0.19779884399863004
akane-kurumi,topic_medium,bridge_rate,B_minus_A,-0.02175,-0.031121649316470976,-0.012378350683529023,-0.03807213430365214,-0.005427865696347858
akane-kurumi,topic_medium,bridge_rate,island_change,-0.00375,-0.014042522213408796,0.006542522213408796,-0.021561121156695243,0.014061121156695243
akane-kurumi,topic_medium,unformed_turns,B_vs_free,5.89775,5.511714456075515,6.283785543924486,5.229718811816383,6.5657811881836174
akane-kurumi,topic_medium,unformed_turns,A_vs_free,5.948,5.557751057720139,6.338248942279861,5.272677562204965,6.623322437795036
akane-kurumi,topic_medium,unformed_turns,B_minus_A,1.125,0.8341180694895307,1.4158819305104693,0.6183854462572502,1.6316145537427498
akane-kurumi,topic_medium,unformed_turns,island_change,-0.05025,-0.3243898286742837,0.22388982867428364,-0.5246466154410875,0.42414661544108745
akane-kurumi,topic_medium,known_share,B_vs_free,-0.009583333333333333,-0.010828133551496349,-0.008338533115170316,-0.011737449403415558,-0.007429217263251107
akane-kurumi,topic_medium,known_share,A_vs_free,-0.009979166666666667,-0.011147297914965479,-0.008811035418367856,-0.012000607743885497,-0.007957725589447838
akane-kurumi,topic_medium,known_share,B_minus_A,0.035083333333333334,0.033548109929463825,0.036618556737202844,0.032409511283672594,0.037757155382994075
akane-kurumi,topic_medium,known_share,island_change,0.0003958333333333355,-0.0011396591185232658,0.0019313257851899367,-0.002261323146696379,0.0030529898133630504
akane-kurumi,topic_medium,bridge_share,B_vs_free,0.019854166666666666,0.01791510089136608,0.02179323244196725,0.01649863002185028,0.023209703311483053
akane-kurumi,topic_medium,bridge_share,A_vs_free,0.02025,0.01838176486065881,0.02211823513934119,0.017017035161444566,0.023482964838555435
akane-kurumi,topic_medium,bridge_share,B_minus_A,-0.036208333333333335,-0.03793937442997959,-0.03447729223668708,-0.03922320129418881,-0.03319346537247786
akane-kurumi,topic_medium,bridge_share,island_change,-0.00039583333333333186,-0.002241338141892519,0.0014496714752258552,-0.0035894635299909216,0.002797796863324258
akane-kurumi,topic_medium,all_formed,B_vs_free,-0.221,-0.24860452180393683,-0.19339547819606318,-0.2687693875347701,-0.17323061246522992
akane-kurumi,topic_medium,all_formed,A_vs_free,-0.25,-0.2781111906371651,-0.2218888093628349,-0.2986461735924376,-0.2013538264075624
akane-kurumi,topic_medium,all_formed,B_minus_A,-0.006,-0.019002352231944943,0.007002352231944941,-0.02864554852903023,0.016645548529030232
akane-kurumi,topic_medium,all_formed,island_change,0.029,0.0051308284234296946,0.05286917157657031,-0.012305396096826928,0.07030539609682693
akane-kurumi,topic_strong,bridge_count,B_vs_free,-1.514,-1.5774765556683688,-1.4505234443316313,-1.623845633575231,-1.404154366424769
akane-kurumi,topic_strong,bridge_count,A_vs_free,-1.475,-1.5382207233417957,-1.4117792766582045,-1.5844029179346995,-1.3655970820653007
akane-kurumi,topic_strong,bridge_count,B_minus_A,-0.111,-0.14511650014262867,-0.07688349985737133,-0.1704190071026093,-0.0515809928973907
akane-kurumi,topic_strong,bridge_count,island_change,-0.039,-0.08579637194085485,0.007796371940854849,-0.11998071911338559,0.041980719113385585
akane-kurumi,topic_strong,bridge_rate,B_vs_free,-0.3785,-0.3943691389170922,-0.3626308610829078,-0.40596140839380773,-0.3510385916061923
akane-kurumi,topic_strong,bridge_rate,A_vs_free,-0.36875,-0.38455518083544893,-0.3529448191645511,-0.39610072948367486,-0.3413992705163252
akane-kurumi,topic_strong,bridge_rate,B_minus_A,-0.02775,-0.03627912503565717,-0.019220874964342834,-0.04260475177565232,-0.012895248224347676
akane-kurumi,topic_strong,bridge_rate,island_change,-0.00975,-0.021449092985213712,0.0019490929852137122,-0.029995179778346398,0.010495179778346396
akane-kurumi,topic_strong,unformed_turns,B_vs_free,10.72025,10.218950665403627,11.221549334596373,9.852755813527935,11.587744186472065
akane-kurumi,topic_strong,unformed_turns,A_vs_free,10.8185,10.310767634272143,11.326232365727858,9.939873508490168,11.697126491509833
akane-kurumi,topic_strong,unformed_turns,B_minus_A,1.077,0.8172028288765951,1.3367971711234048,0.6245242216615601,1.5294757783384398
akane-kurumi,topic_strong,unformed_turns,island_change,-0.09825,-0.44864279559703607,0.25214279559703606,-0.7046017187926508,0.5081017187926506
akane-kurumi,topic_strong,known_share,B_vs_free,-0.02325,-0.024840961233511184,-0.021659038766488815,-0.026003144729554884,-0.020496855270445116
akane-kurumi,topic_strong,known_share,A_vs_free,-0.021604166666666667,-0.02314778552169088,-0.020060547811642456,-0.024275385817476715,-0.01893294751585662
akane-kurumi,topic_strong,known_share,B_minus_A,0.033041666666666664,0.031530295988296014,0.03455303734503731,0.030409387719607543,0.035673945613725784
akane-kurumi,topic_strong,known_share,island_change,-0.0016458333333333325,-0.0035848853367560184,0.0002932186700893536,-0.005001346146033481,0.0017096794793668157
akane-kurumi,topic_strong,bridge_share,B_vs_free,0.04610416666666666,0.043633398287279586,0.04857493504605374,0.04182852323904661,0.050379810094286714
akane-kurumi,topic_strong,bridge_share,A_vs_free,0.044104166666666667,0.041697151359556865,0.04651118197377647,0.03993884738223503,0.048269485951098305
akane-kurumi,topic_strong,bridge_share,B_minus_A,-0.0338125,-0.03547744557260349,-0.032147554427396516,-0.036712252682438024,-0.030912747317561984
akane-kurumi,topic_strong,bridge_share,island_change,0.0020000000000000013,-0.00024984619650053,0.004249846196500533,-0.0018933394904502537,0.005893339490450256
akane-kurumi,topic_strong,all_formed,B_vs_free,-0.269,-0.2967767227859719,-0.24122327721402814,-0.3170673798529535,-0.2209326201470465
akane-kurumi,topic_strong,all_formed,A_vs_free,-0.303,-0.3317663909945417,-0.2742336090054583,-0.35277999217501416,-0.2532200078249858
akane-kurumi,topic_strong,all_formed,B_minus_A,-0.001,-0.006882615367637388,0.004882615367637388,-0.01124545785324604,0.009245457853246042
akane-kurumi,topic_strong,all_formed,island_change,0.034,0.010562875406543382,0.05743712459345662,-0.006557742508904875,0.07455774250890487
koharu-midori,free,bridge_count,B_vs_free,0.0,0.0,0.0,0.0,0.0
koharu-midori,free,bridge_count,A_vs_free,0.0,0.0,0.0,0.0,0.0
koharu-midori,free,bridge_count,B_minus_A,-0.102,-0.12738663575338163,-0.07661336424661835,-0.14621463760453926,-0.05778536239546073
koharu-midori,free,bridge_count,island_change,0.0,0.0,0.0,0.0,0.0
koharu-midori,free,bridge_rate,B_vs_free,0.0,0.0,0.0,0.0,0.0
koharu-midori,free,bridge_rate,A_vs_free,0.0,0.0,0.0,0.0,0.0
koharu-midori,free,bridge_rate,B_minus_A,-0.0255,-0.03184665893834541,-0.01915334106165459,-0.036553659401134815,-0.014446340598865183
koharu-midori,free,bridge_rate,island_change,0.0,0.0,0.0,0.0,0.0
koharu-midori,free,unformed_turns,B_vs_free,0.0,0.0,0.0,0.0,0.0
koharu-midori,free,unformed_turns,A_vs_free,0.0,0.0,0.0,0.0,0.0
koharu-midori,free,unformed_turns,B_minus_A,1.251,1.0566154761780107,1.4453845238219891,0.9124501677097827,1.589549832290217
koharu-midori,free,unformed_turns,island_change,0.0,0.0,0.0,0.0,0.0
koharu-midori,free,known_share,B_vs_free,0.0,0.0,0.0,0.0,0.0
koharu-midori,free,known_share,A_vs_free,0.0,0.0,0.0,0.0,0.0
koharu-midori,free,known_share,B_minus_A,0.0345625,0.033032408404471365,0.03609259159552864,0.031897615765032465,0.03722738423496754
koharu-midori,free,known_share,island_change,0.0,0.0,0.0,0.0,0.0
koharu-midori,free,bridge_share,B_vs_free,0.0,0.0,0.0,0.0,0.0
koharu-midori,free,bridge_share,A_vs_free,0.0,0.0,0.0,0.0,0.0
koharu-midori,free,bridge_share,B_minus_A,-0.035291666666666666,-0.03688043383039614,-0.03370289950293719,-0.03805874321295276,-0.03252459012038057
koharu-midori,free,bridge_share,island_change,0.0,0.0,0.0,0.0,0.0
koharu-midori,free,all_formed,B_vs_free,0.0,0.0,0.0,0.0,0.0
koharu-midori,free,all_formed,A_vs_free,0.0,0.0,0.0,0.0,0.0
koharu-midori,free,all_formed,B_minus_A,-0.043,-0.05977194621323893,-0.02622805378676106,-0.07221086239803963,-0.013789137601960367
koharu-midori,free,all_formed,island_change,0.0,0.0,0.0,0.0,0.0
koharu-midori,shuffle_weak,bridge_count,B_vs_free,0.046,0.003042256319236901,0.08895774368076309,-0.028338005928182294,0.12033800592818229
koharu-midori,shuffle_weak,bridge_count,A_vs_free,0.043,0.002187519799206762,0.08381248020079324,-0.027625645929094944,0.11362564592909494
koharu-midori,shuffle_weak,bridge_count,B_minus_A,-0.099,-0.12094187604386472,-0.07705812395613529,-0.13721507138904654,-0.060784928610953484
koharu-midori,shuffle_weak,bridge_count,island_change,0.003,-0.021570313915901154,0.027570313915901153,-0.03951871688399426,0.04551871688399427
koharu-midori,shuffle_weak,bridge_rate,B_vs_free,0.0115,0.0007605640798092252,0.022239435920190773,-0.007084501482045574,0.030084501482045573
koharu-midori,shuffle_weak,bridge_rate,A_vs_free,0.01075,0.0005468799498016905,0.02095312005019831,-0.006906411482273736,0.028406411482273734
koharu-midori,shuffle_weak,bridge_rate,B_minus_A,-0.02475,-0.03023546901096618,-0.019264530989033822,-0.034303767847261635,-0.015196232152738371
koharu-midori,shuffle_weak,bridge_rate,island_change,0.00075,-0.0053925784789752886,0.006892578478975288,-0.009879679220998566,0.011379679220998567
koharu-midori,shuffle_weak,unformed_turns,B_vs_free,-0.29525,-0.6223520200417836,0.03185202004178361,-0.8612972320355017,0.27079723203550166
koharu-midori,shuffle_weak,unformed_turns,A_vs_free,-0.11825,-0.4382345266014661,0.2017345266014661,-0.6719804708598661,0.4354804708598662
koharu-midori,shuffle_weak,unformed_turns,B_minus_A,1.074,0.8960009025947686,1.2519990974052315,0.763987847851835,1.384012152148165
koharu-midori,shuffle_weak,unformed_turns,island_change,-0.177,-0.3545017543191796,0.0005017543191795926,-0.4841652590252508,0.13016525902525083
koharu-midori,shuffle_weak,known_share,B_vs_free,-0.009854166666666666,-0.011332413182667167,-0.008375920150666164,-0.012412259547112106,-0.007296073786221225
koharu-midori,shuffle_weak,known_share,A_vs_free,-0.0066458333333333335,-0.00822769144326009,-0.005063975223406576,-0.009383225185828077,-0.003908441480838589
koharu-midori,shuffle_weak,known_share,B_minus_A,0.03135416666666667,0.02984314333545047,0.03286518999788287,0.028722492676826222,0.033985840656507116
koharu-midori,shuffle_weak,known_share,island_change,-0.003208333333333333,-0.00454736745398342,-0.0018692992126832452,-0.0055255203610938275,-0.000891146305572839
koharu-midori,shuffle_weak,bridge_share,B_vs_free,0.01675,0.014762984399239823,0.01873701560076018,0.013311486594677758,0.020188513405322246
koharu-midori,shuffle_weak,bridge_share,A_vs_free,0.013625,0.011567541751875361,0.01568245824812464,0.010064586199342952,0.017185413800657048
koharu-midori,shuffle_weak,bridge_share,B_minus_A,-0.03216666666666666,-0.03374473503929111,-0.030588598294042216,-0.03491510966197299,-0.029418223671360336
koharu-midori,shuffle_weak,bridge_share,island_change,0.0031250000000000015,0.0017018457299330689,0.0045481542700669345,0.0006622437772533822,0.005587756222746621
koharu-midori,shuffle_weak,all_formed,B_vs_free,0.032,0.00461807948351374,0.05938192051648626,-0.015384177921595465,0.07938417792159547
koharu-midori,shuffle_weak,all_formed,A_vs_free,0.036,0.00780657957332322,0.06419342042667678,-0.012788471535868241,0.08478847153586824
koharu-midori,shuffle_weak,all_formed,B_minus_A,-0.047,-0.0627844941590111,-0.03121550584098889,-0.07449106639380833,-0.01950893360619167
koharu-midori,shuffle_weak,all_formed,island_change,-0.004,-0.022183695476475106,0.014183695476475106,-0.035466728610604153,0.02746672861060415
koharu-midori,shuffle_medium,bridge_count,B_vs_free,0.252,0.20039616691379225,0.30360383308620775,0.1627000107271161,0.3412999892728839
koharu-midori,shuffle_medium,bridge_count,A_vs_free,0.208,0.1589858366815692,0.25701416331843074,0.12318141198458592,0.29281858801541405
koharu-midori,shuffle_medium,bridge_count,B_minus_A,-0.058,-0.07604059646244327,-0.03995940353755673,-0.089420407276707,-0.026579592723293015
koharu-midori,shuffle_medium,bridge_count,island_change,0.044,0.016823325552341135,0.07117667444765886,-0.0030290013649631534,0.09102900136496314
koharu-midori,shuffle_medium,bridge_rate,B_vs_free,0.063,0.05009904172844806,0.07590095827155194,0.040675002681779024,0.08532499731822098
koharu-midori,shuffle_medium,bridge_rate,A_vs_free,0.052,0.0397464591703923,0.06425354082960769,0.03079535299614648,0.07320464700385351
koharu-midori,shuffle_medium,bridge_rate,B_minus_A,-0.0145,-0.019010149115610817,-0.009989850884389183,-0.02235510181917675,-0.006644898180823254
koharu-midori,shuffle_medium,bridge_rate,island_change,0.011,0.004205831388085284,0.017794168611914716,-0.0007572503412407883,0.022757250341240785
koharu-midori,shuffle_medium,unformed_turns,B_vs_free,-1.606,-1.9954127770031351,-1.216587222996865,-2.2798754609761374,-0.9321245390238629
koharu-midori,shuffle_medium,unformed_turns,A_vs_free,-1.2835,-1.6685151230918203,-0.8984848769081799,-1.9497653587100863,-0.6172346412899139
koharu-midori,shuffle_medium,unformed_turns,B_minus_A,0.9285,0.7643797037169014,1.0926202962830986,0.6426598637093848,1.2143401362906152
koharu-midori,shuffle_medium,unformed_turns,island_change,-0.3225,-0.5147123142875185,-0.13028768571248156,-0.6551217565140368,0.01012175651403674
koharu-midori,shuffle_medium,known_share,B_vs_free,-0.021,-0.022880132713731526,-0.019119867286268476,-0.024253553488698055,-0.017746446511301948
koharu-midori,shuffle_medium,known_share,A_vs_free,-0.014208333333333333,-0.016239910203545135,-0.012176756463121531,-0.01772395963213712,-0.010692707034529545
koharu-midori,shuffle_medium,known_share,B_minus_A,0.02777083333333333,0.026397447254344307,0.029144219412322356,0.02537887528251007,0.030162791384156593
koharu-midori,shuffle_medium,known_share,island_change,-0.006791666666666667,-0.008340732414400413,-0.00524260091893292,-0.00947231161845781,-0.004111021714875525
koharu-midori,shuffle_medium,bridge_share,B_vs_free,0.035666666666666666,0.0330792793044321,0.03825405402890123,0.031189215092355296,0.040144118240978036
koharu-midori,shuffle_medium,bridge_share,A_vs_free,0.028645833333333332,0.02591737217064684,0.03137429449601982,0.023924254760820177,0.03336741190584649
koharu-midori,shuffle_medium,bridge_share,B_minus_A,-0.028270833333333335,-0.029688141660951014,-0.026853525005715657,-0.030739288574440415,-0.025802378092226255
koharu-midori,shuffle_medium,bridge_share,island_change,0.007020833333333334,0.005405465430108708,0.00863620123655796,0.004225453071779185,0.009816213594887484
koharu-midori,shuffle_medium,all_formed,B_vs_free,0.125,0.09006508554113452,0.15993491445886548,0.06454543103001376,0.18545456896998624
koharu-midori,shuffle_medium,all_formed,A_vs_free,0.113,0.07768976604124206,0.14831023395875795,0.05189594386385092,0.1741040561361491
koharu-midori,shuffle_medium,all_formed,B_minus_A,-0.031,-0.04459159128850459,-0.01740840871149541,-0.054671796811840014,-0.007328203188159986
koharu-midori,shuffle_medium,all_formed,island_change,0.012,-0.0073984512141951585,0.031398451214195156,-0.021568852965714664,0.04556885296571467
koharu-midori,shuffle_strong,bridge_count,B_vs_free,0.464,0.4061359806863442,0.5218640193136558,0.3638668123090168,0.5641331876909832
koharu-midori,shuffle_strong,bridge_count,A_vs_free,0.389,0.3326519428023472,0.4453480571976528,0.2914901717108468,0.48650982828915323
koharu-midori,shuffle_strong,bridge_count,B_minus_A,-0.027,-0.040047670877030705,-0.01395232912296929,-0.04972447775339306,-0.0042755222466069435
koharu-midori,shuffle_strong,bridge_count,island_change,0.075,0.04662500854378736,0.10337499145621264,0.0258973213593469,0.1241026786406531
koharu-midori,shuffle_strong,bridge_rate,B_vs_free,0.116,0.10153399517158605,0.13046600482841395,0.0909667030772542,0.1410332969227458
koharu-midori,shuffle_strong,bridge_rate,A_vs_free,0.09725,0.0831629857005868,0.1113370142994132,0.0728725429277117,0.12162745707228831
koharu-midori,shuffle_strong,bridge_rate,B_minus_A,-0.00675,-0.010011917719257676,-0.0034880822807423226,-0.012431119438348265,-0.0010688805616517359
koharu-midori,shuffle_strong,bridge_rate,island_change,0.01875,0.01165625213594684,0.02584374786405316,0.006474330339836725,0.031025669660163274
koharu-midori,shuffle_strong,unformed_turns,B_vs_free,-5.0755,-5.572628147578383,-4.578371852421617,-5.935775983216902,-4.215224016783098
koharu-midori,shuffle_strong,unformed_turns,A_vs_free,-4.29375,-4.784104588292758,-3.8033954117072426,-5.142304397137528,-3.445195602862472
koharu-midori,shuffle_strong,unformed_turns,B_minus_A,0.46925,0.34418666538603426,0.5943133346139657,0.2514334262999913,0.6870665737000087
koharu-midori,shuffle_strong,unformed_turns,island_change,-0.78175,-1.0075806183742482,-0.5559193816257518,-1.1725479425601832,-0.3909520574398167
koharu-midori,shuffle_strong,known_share,B_vs_free,-0.04525,-0.047598439887081755,-0.04290156011291824,-0.04931395502392369,-0.04118604497607631
koharu-midori,shuffle_strong,known_share,A_vs_free,-0.030708333333333334,-0.033107713612268955,-0.028308953054397713,-0.03486044026718409,-0.026556226399482585
koharu-midori,shuffle_strong,known_share,B_minus_A,0.02002083333333333,0.018796938116355574,0.02124472855031109,0.017889236062616113,0.02215243060405055
koharu-midori,shuffle_strong,known_share,island_change,-0.014541666666666668,-0.016358073038354213,-0.012725260294979125,-0.01768494226861509,-0.011398391064718245
koharu-midori,shuffle_strong,bridge_share,B_vs_free,0.07535416666666667,0.07211605511582082,0.07859227821751251,0.0697506424813243,0.08095769085200903
koharu-midori,shuffle_strong,bridge_share,A_vs_free,0.0603125,0.0569995707096103,0.0636254292903897,0.0545795043599398,0.0660454956400602
koharu-midori,shuffle_strong,bridge_share,B_minus_A,-0.02025,-0.021491319995362374,-0.019008680004637627,-0.02241194513835512,-0.01808805486164488
koharu-midori,shuffle_strong,bridge_share,island_change,0.015041666666666667,0.013165630802579544,0.01691770253075379,0.011795202741038211,0.018288130592295122
koharu-midori,shuffle_strong,all_formed,B_vs_free,0.254,0.21480569010266506,0.29319430989733497,0.18617458386195807,0.32182541613804194
koharu-midori,shuffle_strong,all_formed,A_vs_free,0.234,0.19442684514743633,0.2735731548525637,0.16551899592566083,0.3024810040743392
koharu-midori,shuffle_strong,all_formed,B_minus_A,-0.023,-0.03484260278996306,-0.011157397210036939,-0.04362567075603839,-0.002374329243961606
koharu-midori,shuffle_strong,all_formed,island_change,0.02,-0.0003413355001565706,0.040341335500156575,-0.015200506112124614,0.05520050611212461
koharu-midori,task_weak,bridge_count,B_vs_free,0.072,0.034340183120368094,0.10965981687963189,0.006830010829781907,0.13716998917021808
koharu-midori,task_weak,bridge_count,A_vs_free,0.078,0.04079734763564642,0.11520265236435358,0.013621130091060363,0.14237886990893964
koharu-midori,task_weak,bridge_count,B_minus_A,-0.108,-0.13139541243327252,-0.08460458756672747,-0.1487466232388861,-0.0672533767611139
koharu-midori,task_weak,bridge_count,island_change,-0.006,-0.02783338725894815,0.015833387258948145,-0.04378248884647089,0.03178248884647089
koharu-midori,task_weak,bridge_rate,B_vs_free,0.018,0.008585045780092023,0.027414954219907972,0.0017075027074454768,0.03429249729255452
koharu-midori,task_weak,bridge_rate,A_vs_free,0.0195,0.010199336908911606,0.028800663091088394,0.0034052825227650907,0.03559471747723491
koharu-midori,task_weak,bridge_rate,B_minus_A,-0.027,-0.03284885310831813,-0.021151146891681866,-0.037186655809721525,-0.016813344190278474
koharu-midori,task_weak,bridge_rate,island_change,-0.0015,-0.006958346814737037,0.003958346814737036,-0.010945622211617722,0.007945622211617723
koharu-midori,task_weak,unformed_turns,B_vs_free,-0.703,-0.9600403027208433,-0.4459596972791566,-1.1478060328643498,-0.25819396713565007
koharu-midori,task_weak,unformed_turns,A_vs_free,-0.67775,-0.9280390019405415,-0.4274609980594585,-1.110872964936977,-0.24462703506302286
koharu-midori,task_weak,unformed_turns,B_minus_A,1.22575,1.0375701725833861,1.4139298274166137,0.8980065780461077,1.553493421953892
koharu-midori,task_weak,unformed_turns,island_change,-0.02525,-0.14684740856477851,0.0963474085647785,-0.2356732695719538,0.18517326957195382
koharu-midori,task_weak,known_share,B_vs_free,-0.0114375,-0.012699080545850368,-0.010175919454149631,-0.013620654282805157,-0.009254345717194842
koharu-midori,task_weak,known_share,A_vs_free,-0.0083125,-0.009596504012649082,-0.007028495987350919,-0.01053445789921948,-0.00609054210078052
koharu-midori,task_weak,known_share,B_minus_A,0.0314375,0.02995550523805019,0.03291949476194981,0.028856383621761194,0.0340186163782388
koharu-midori,task_weak,known_share,island_change,-0.0031249999999999993,-0.0041418402885929715,-0.002108159711407027,-0.004884633372813499,-0.0013653666271864994
koharu-midori,task_weak,bridge_share,B_vs_free,0.019395833333333334,0.017801887671401957,0.02098977899526471,0.016637524076068583,0.022154142590598086
koharu-midori,task_weak,bridge_share,A_vs_free,0.016208333333333335,0.014571776162883757,0.017844890503782913,0.013376285227110993,0.01904038143955568
koharu-midori,task_weak,bridge_share,B_minus_A,-0.03210416666666667,-0.03364057189978256,-0.030567761433550777,-0.03478004704939473,-0.029428286283938603
koharu-midori,task_weak,bridge_share,island_change,0.0031875000000000015,0.002139864949223118,0.004235135050776885,0.0013745765561158072,0.005000423443884195
koharu-midori,task_weak,all_formed,B_vs_free,0.035,0.010525027798498645,0.05947497220150136,-0.007353728867330135,0.07735372886733013
koharu-midori,task_weak,all_formed,A_vs_free,0.05,0.02417007965972824,0.07582992034027176,0.005301545033440429,0.09469845496655957
koharu-midori,task_weak,all_formed,B_minus_A,-0.058,-0.07471280273848092,-0.04128719726151908,-0.08710785515720228,-0.028892144842797732
koharu-midori,task_weak,all_formed,island_change,-0.015,-0.03102434459251359,0.0010243445925135902,-0.04272999048008544,0.012729990480085444
koharu-midori,task_medium,bridge_count,B_vs_free,0.306,0.2538082849724449,0.3581917150275551,0.21568268608442265,0.39631731391557734
koharu-midori,task_medium,bridge_count,A_vs_free,0.247,0.19654556237677526,0.2974544376232247,0.15968902968900628,0.3343109703109937
koharu-midori,task_medium,bridge_count,B_minus_A,-0.043,-0.062128459937474824,-0.02387154006252517,-0.07631508484560573,-0.009684915154394264
koharu-midori,task_medium,bridge_count,island_change,0.059,0.03075105323390988,0.08724894676609012,0.010115440611400156,0.10788455938859984
koharu-midori,task_medium,bridge_rate,B_vs_free,0.0765,0.06345207124311122,0.08954792875688877,0.05392067152110566,0.09907932847889434
koharu-midori,task_medium,bridge_rate,A_vs_free,0.06175,0.049136390594193814,0.07436360940580618,0.03992225742225157,0.08357774257774843
koharu-midori,task_medium,bridge_rate,B_minus_A,-0.01075,-0.015532114984368706,-0.005967885015631292,-0.019078771211401432,-0.002421228788598566
koharu-midori,task_medium,bridge_rate,island_change,0.01475,0.00768776330847747,0.02181223669152253,0.002528860152850039,0.02697113984714996
koharu-midori,task_medium,unformed_turns,B_vs_free,-1.62925,-2.046621644821496,-1.211878355178504,-2.351508041240876,-0.9069919587591243
koharu-midori,task_medium,unformed_turns,A_vs_free,-1.1645,-1.5769605640063793,-0.7520394359936209,-1.8782594581341607,-0.45074054186583945
koharu-midori,task_medium,unformed_turns,B_minus_A,0.78625,0.6259151083669716,0.9465848916330284,0.5070027142318133,1.0654972857681866
koharu-midori,task_medium,unformed_turns,island_change,-0.46475,-0.6669837854461412,-0.26251621455385876,-0.8147138261519358,-0.11478617384806422
koharu-midori,task_medium,known_share,B_vs_free,-0.022895833333333334,-0.02477119427049099,-0.021020472396175677,-0.026141129303715892,-0.019650537362950776
koharu-midori,task_medium,known_share,A_vs_free,-0.015145833333333332,-0.01707353849948927,-0.013218128167177394,-0.018481710541745924,-0.011809956124920739
koharu-midori,task_medium,known_share,B_minus_A,0.0268125,0.025371206603866835,0.028253793396133164,0.024302271161058438,0.02932272883894156
koharu-midori,task_medium,known_share,island_change,-0.00775,-0.009255291341982165,-0.0062447086580178345,-0.010354893719174123,-0.005145106280825876
koharu-midori,task_medium,bridge_share,B_vs_free,0.03872916666666667,0.036288476766512104,0.041169856566821234,0.03450557378863119,0.042952759544702145
koharu-midori,task_medium,bridge_share,A_vs_free,0.03060416666666667,0.028109396438989263,0.03309893689434407,0.026286988247037874,0.03492134508629546
koharu-midori,task_medium,bridge_share,B_minus_A,-0.027166666666666665,-0.028646218365251185,-0.025687114968082146,-0.029743528083263825,-0.024589805250069506
koharu-midori,task_medium,bridge_share,island_change,0.008125000000000002,0.0065364765753822066,0.009713523424617797,0.005376073877765725,0.010873926122234279
koharu-midori,task_medium,all_formed,B_vs_free,0.164,0.12897005533228145,0.19902994466771856,0.10338098207101876,0.22461901792898126
koharu-midori,task_medium,all_formed,A_vs_free,0.147,0.11217445069371504,0.18182554930628494,0.08673468648582366,0.20726531351417632
koharu-midori,task_medium,all_formed,B_minus_A,-0.026,-0.04160477450613713,-0.010395225493862865,-0.05317805763599456,0.0011780576359945692
koharu-midori,task_medium,all_formed,island_change,0.017,-0.0036333010134275597,0.03763330101342756,-0.018705749921428386,0.05270574992142839
koharu-midori,task_strong,bridge_count,B_vs_free,0.466,0.4087325129285781,0.5232674870714219,0.3668991062229868,0.5651008937770132
koharu-midori,task_strong,bridge_count,A_vs_free,0.396,0.34147260421319126,0.4505273957868088,0.3016408106214547,0.49035918937854533
koharu-midori,task_strong,bridge_count,B_minus_A,-0.032,-0.04455272769451216,-0.019447272305487838,-0.053862459892401765,-0.010137540107598233
koharu-midori,task_strong,bridge_count,island_change,0.07,0.04233001286252218,0.09766998713747783,0.02211732526865306,0.11788267473134695
koharu-midori,task_strong,bridge_rate,B_vs_free,0.1165,0.10218312823214452,0.13081687176785547,0.0917247765557467,0.1412752234442533
koharu-midori,task_strong,bridge_rate,A_vs_free,0.099,0.08536815105329781,0.1126318489467022,0.07541020265536368,0.12258979734463633
koharu-midori,task_strong,bridge_rate,B_minus_A,-0.008,-0.01113818192362804,-0.0048618180763719595,-0.013465614973100441,-0.002534385026899558
koharu-midori,task_strong,bridge_rate,island_change,0.0175,0.010582503215630545,0.02441749678436946,0.005529331317163265,0.029470668682836737
koharu-midori,task_strong,unformed_turns,B_vs_free,-4.95325,-5.433674779973215,-4.472825220026785,-5.784620949254198,-4.121879050745801
koharu-midori,task_strong,unformed_turns,A_vs_free,-4.1675,-4.635029202366082,-3.699970797633918,-4.976555263129471,-3.3584447368705295
koharu-midori,task_strong,unformed_turns,B_minus_A,0.46525,0.3502734679126613,0.5802265320873388,0.26500110728914944,0.6654988927108505
koharu-midori,task_strong,unformed_turns,island_change,-0.78575,-1.0003993350377125,-0.5711006649622875,-1.1571988279248098,-0.4143011720751901
koharu-midori,task_strong,known_share,B_vs_free,-0.04697916666666667,-0.049176163126096746,-0.04478217020723659,-0.05078105014171625,-0.04317728319161709
koharu-midori,task_strong,known_share,A_vs_free,-0.03189583333333333,-0.034235238156219275,-0.02955642851044739,-0.03594415325638345,-0.027847513410283214
koharu-midori,task_strong,known_share,B_minus_A,0.019479166666666665,0.018298800352269332,0.020659532981064,0.017423381515034995,0.021534951818298335
koharu-midori,task_strong,known_share,island_change,-0.015083333333333334,-0.016803962788293592,-0.013362703878373076,-0.018060867804733406,-0.012105798861933264
koharu-midori,task_strong,bridge_share,B_vs_free,0.07954166666666666,0.07639702095893061,0.08268631237440272,0.07409988431885685,0.08498344901447648
koharu-midori,task_strong,bridge_share,A_vs_free,0.0639375,0.06065537882157795,0.06721962117842203,0.05825781753269643,0.06961718246730356
koharu-midori,task_strong,bridge_share,B_minus_A,-0.0196875,-0.020891109752724495,-0.018483890247275505,-0.02178376708914803,-0.01759123291085197
koharu-midori,task_strong,bridge_share,island_change,0.015604166666666669,0.013818712690569309,0.017389620642764027,0.012514453919042573,0.018693879414290765
koharu-midori,task_strong,all_formed,B_vs_free,0.267,0.2277945559335895,0.30620544406641054,0.19915531627814598,0.33484468372185405
koharu-midori,task_strong,all_formed,A_vs_free,0.247,0.20807608837107328,0.2859239116289267,0.17964250573954266,0.31435749426045734
koharu-midori,task_strong,all_formed,B_minus_A,-0.023,-0.0338247202350993,-0.012175279764900702,-0.04185287546624546,-0.004147124533754539
koharu-midori,task_strong,all_formed,island_change,0.02,0.0008264613442227481,0.03917353865577725,-0.013179643718012012,0.05317964371801201
koharu-midori,host_weak,bridge_count,B_vs_free,0.045,0.004384732427817735,0.08561526757218227,-0.02528437117165558,0.11528437117165558
koharu-midori,host_weak,bridge_count,A_vs_free,0.052,0.012327270839542194,0.0916727291604578,-0.016653316557637556,0.12065331655763756
koharu-midori,host_weak,bridge_count,B_minus_A,-0.109,-0.1377615781691266,-0.08023842183087342,-0.15909260652086066,-0.05890739347913933
koharu-midori,host_weak,bridge_count,island_change,-0.007,-0.03705813122688856,0.023058131226888556,-0.05901533753587568,0.04501533753587568
koharu-midori,host_weak,bridge_rate,B_vs_free,0.01125,0.0010961831069544337,0.021403816893045567,-0.006321092792913895,0.028821092792913894
koharu-midori,host_weak,bridge_rate,A_vs_free,0.013,0.0030818177098855485,0.02291818229011445,-0.004163329139409389,0.03016332913940939
koharu-midori,host_weak,bridge_rate,B_minus_A,-0.02725,-0.03444039454228165,-0.020059605457718354,-0.039773151630215164,-0.014726848369784832
koharu-midori,host_weak,bridge_rate,island_change,-0.00175,-0.00926453280672214,0.005764532806722139,-0.01475383438396892,0.01125383438396892
koharu-midori,host_weak,unformed_turns,B_vs_free,-0.025,-0.3184943599787556,0.26849435997875554,-0.5328894653808137,0.4828894653808137
koharu-midori,host_weak,unformed_turns,A_vs_free,-0.0175,-0.31283807863309926,0.27783807863309923,-0.5285800046529654,0.4935800046529654
koharu-midori,host_weak,unformed_turns,B_minus_A,1.2435,1.0253252918056366,1.4616747081943635,0.8635159898695943,1.6234840101304058
koharu-midori,host_weak,unformed_turns,island_change,-0.0075,-0.2117511705000749,0.19675117050007487,-0.3609548936347445,0.34595489363474446
koharu-midori,host_weak,known_share,B_vs_free,-0.0033958333333333327,-0.005037336912364519,-0.0017543297543021464,-0.006236441157058424,-0.0005552255096082409
koharu-midori,host_weak,known_share,A_vs_free,-0.003583333333333333,-0.005287682699607124,-0.001878983967059542,-0.006532695251298577,-0.0006339714153680881
koharu-midori,host_weak,known_share,B_minus_A,0.03475,0.033065667082380276,0.03643433291761973,0.03181648134548382,0.037683518654516183
koharu-midori,host_weak,known_share,island_change,0.00018750000000000006,-0.0013040367869576529,0.0016790367869576532,-0.0023935915800173224,0.0027685915800173227
koharu-midori,host_weak,bridge_share,B_vs_free,0.005687499999999999,0.0034819751316736594,0.007893024868326338,0.0018708581867146038,0.009504141813285395
koharu-midori,host_weak,bridge_share,A_vs_free,0.006604166666666666,0.004319819693031297,0.008888513640302034,0.002651123878151318,0.010557209455182015
koharu-midori,host_weak,bridge_share,B_minus_A,-0.036208333333333335,-0.03805054191324397,-0.034366124753422704,-0.039416816156500306,-0.032999850510166365
koharu-midori,host_weak,bridge_share,island_change,-0.0009166666666666642,-0.0025771920688445246,0.000743858735511196,-0.003790191591726282,0.001956858258392954
koharu-midori,host_weak,all_formed,B_vs_free,0.033,0.00699122929176095,0.05900877070823905,-0.01200795398990246,0.07800795398990246
koharu-midori,host_weak,all_formed,A_vs_free,0.041,0.012901191957426138,0.06909880804257387,-0.007624745619009353,0.08962474561900935
koharu-midori,host_weak,all_formed,B_minus_A,-0.051,-0.06964468886366364,-0.03235531113633636,-0.08347252488926053,-0.01852747511073946
koharu-midori,host_weak,all_formed,island_change,-0.008,-0.02837307045095559,0.012373070450955589,-0.0432554231715065,0.027255423171506497
koharu-midori,host_medium,bridge_count,B_vs_free,0.1,0.04924127219434625,0.15075872780565375,0.012162458145738173,0.18783754185426182
koharu-midori,host_medium,bridge_count,A_vs_free,0.094,0.04504754178219887,0.14295245821780111,0.009288192130454245,0.17871180786954577
koharu-midori,host_medium,bridge_count,B_minus_A,-0.096,-0.12874215422147822,-0.0632578457785218,-0.15302537734255534,-0.038974622657444676
koharu-midori,host_medium,bridge_count,island_change,0.006,-0.031205133037315223,0.04320513303731522,-0.05838316269216166,0.07038316269216166
koharu-midori,host_medium,bridge_rate,B_vs_free,0.025,0.012310318048586563,0.03768968195141344,0.003040614536434543,0.046959385463565456
koharu-midori,host_medium,bridge_rate,A_vs_free,0.0235,0.011261885445549718,0.03573811455445028,0.0023220480326135613,0.04467795196738644
koharu-midori,host_medium,bridge_rate,B_minus_A,-0.024,-0.032185538555369556,-0.01581446144463045,-0.038256344335638834,-0.009743655664361169
koharu-midori,host_medium,bridge_rate,island_change,0.0015,-0.007801283259328806,0.010801283259328805,-0.014595790673040414,0.017595790673040415
koharu-midori,host_medium,unformed_turns,B_vs_free,-0.59025,-0.9838380200888455,-0.19666197991115458,-1.2713506832216004,0.09085068322160028
koharu-midori,host_medium,unformed_turns,A_vs_free,-0.451,-0.8330396086546276,-0.06896039134537246,-1.1121162565711284,0.21011625657112837
koharu-midori,host_medium,unformed_turns,B_minus_A,1.11175,0.8629906899160286,1.3605093100839716,0.6784983138385948,1.545001686161405
koharu-midori,host_medium,unformed_turns,island_change,-0.13925,-0.3969468346209819,0.11844683462098185,-0.5851921556702222,0.30669215567022223
koharu-midori,host_medium,known_share,B_vs_free,-0.007875,-0.01006177044112646,-0.005688229558873542,-0.011659187438336724,-0.004090812561663276
koharu-midori,host_medium,known_share,A_vs_free,-0.0066875,-0.008829094358865773,-0.004545905641134227,-0.01039351061657756,-0.0029814893834224396
koharu-midori,host_medium,known_share,B_minus_A,0.033375,0.03153812639045709,0.035211873609542914,0.03017580882869786,0.036574191171302145
koharu-midori,host_medium,known_share,island_change,-0.0011874999999999987,-0.003161100963005906,0.0007861009630059088,-0.004602799490077715,0.002227799490077717
koharu-midori,host_medium,bridge_share,B_vs_free,0.0149375,0.012018553216070779,0.01785644678392922,0.009886287698434245,0.019988712301565754
koharu-midori,host_medium,bridge_share,A_vs_free,0.014354166666666668,0.011487909173932713,0.017220424159400623,0.009394132730294692,0.019314200603038643
koharu-midori,host_medium,bridge_share,B_minus_A,-0.034708333333333334,-0.036857118669304974,-0.032559547997361694,-0.03845076560529275,-0.030965901061373917
koharu-midori,host_medium,bridge_share,island_change,0.0005833333333333345,-0.001665189027766043,0.002831855694432712,-0.0033077152713425137,0.004474381938009183
koharu-midori,host_medium,all_formed,B_vs_free,0.052,0.020667479507061035,0.08333252049293896,-0.0022206571988097126,0.10622065719880971
koharu-midori,host_medium,all_formed,A_vs_free,0.059,0.02680651291004637,0.09119348708995362,0.003289447510867953,0.11471055248913203
koharu-midori,host_medium,all_formed,B_minus_A,-0.05,-0.07052014318362024,-0.02947985681637976,-0.08573891016008964,-0.014261089839910375
koharu-midori,host_medium,all_formed,island_change,-0.007,-0.03060934481858323,0.01660934481858323,-0.047855768127092725,0.03385576812709273
koharu-midori,host_strong,bridge_count,B_vs_free,0.137,0.07882027595553681,0.1951797240444632,0.03632048798796485,0.2376795120120352
koharu-midori,host_strong,bridge_count,A_vs_free,0.143,0.08614674138965633,0.19985325861034364,0.044615925011796814,0.24138407498820316
koharu-midori,host_strong,bridge_count,B_minus_A,-0.108,-0.14353305750671866,-0.07246694249328134,-0.1698861544279865,-0.046113845572013513
koharu-midori,host_strong,bridge_count,island_change,-0.006,-0.0491399717148674,0.0371399717148674,-0.08065334997372148,0.06865334997372147
koharu-midori,host_strong,bridge_rate,B_vs_free,0.03425,0.019705068988884203,0.0487949310111158,0.009080121996991212,0.0594198780030088
koharu-midori,host_strong,bridge_rate,A_vs_free,0.03575,0.021536685347414083,0.04996331465258591,0.011153981252949204,0.06034601874705079
koharu-midori,host_strong,bridge_rate,B_minus_A,-0.027,-0.035883264376679665,-0.018116735623320335,-0.04247153860699662,-0.011528461393003378
koharu-midori,host_strong,bridge_rate,island_change,-0.0015,-0.01228499292871685,0.00928499292871685,-0.02016333749343037,0.017163337493430367
koharu-midori,host_strong,unformed_turns,B_vs_free,-0.87,-1.3671143214680186,-0.37288567853198135,-1.7302520572518447,-0.00974794274815527
koharu-midori,host_strong,unformed_turns,A_vs_free,-0.844,-1.3277253537289937,-0.36027464627100614,-1.6810825637478928,-0.0069174362521070565
koharu-midori,host_strong,unformed_turns,B_minus_A,1.225,0.9638138552637178,1.4861861447362825,0.7701051155802252,1.679894884419775
koharu-midori,host_strong,unformed_turns,island_change,-0.026,-0.3362772512625621,0.28427725126256204,-0.5629321143853595,0.5109321143853595
koharu-midori,host_strong,known_share,B_vs_free,-0.0180625,-0.020898619764584892,-0.015226380235415105,-0.022970380857046946,-0.01315461914295305
koharu-midori,host_strong,known_share,A_vs_free,-0.013958333333333333,-0.016677825833581007,-0.01123884083308566,-0.01866439171264223,-0.009252274954024437
koharu-midori,host_strong,known_share,B_minus_A,0.030458333333333334,0.02855586511362672,0.03236080155303995,0.027144899300339177,0.03377176736632749
koharu-midori,host_strong,known_share,island_change,-0.004104166666666666,-0.006512180266185507,-0.001696153067147824,-0.008271213487525096,6.288015419176566e-05
koharu-midori,host_strong,bridge_share,B_vs_free,0.03054166666666667,0.026713417288473686,0.03436991604485965,0.023916914047312735,0.0371664192860206
koharu-midori,host_strong,bridge_share,A_vs_free,0.027270833333333334,0.023410742881335718,0.03113092378533095,0.02059098000964915,0.03395068665701752
koharu-midori,host_strong,bridge_share,B_minus_A,-0.03202083333333333,-0.03428172330202572,-0.029759943364640943,-0.03595851265408209,-0.028083154012584568
koharu-midori,host_strong,bridge_share,island_change,0.0032708333333333357,0.0005338289300631863,0.006007837736603485,-0.0014655292435231011,0.008007195910189772
koharu-midori,host_strong,all_formed,B_vs_free,0.077,0.0407843966842533,0.1132156033157467,0.014329209979334442,0.13967079002066557
koharu-midori,host_strong,all_formed,A_vs_free,0.09,0.052081507782454586,0.12791849221754542,0.024382375382580798,0.15561762461741918
koharu-midori,host_strong,all_formed,B_minus_A,-0.056,-0.08133113516621016,-0.030668864833789847,-0.10011797499936129,-0.011882025000638716
koharu-midori,host_strong,all_formed,island_change,-0.013,-0.04266407131070728,0.016664071310707282,-0.06433342024052525,0.03833342024052525
koharu-midori,topic_weak,bridge_count,B_vs_free,-0.579,-0.6240496220055489,-0.533950377994451,-0.656957983375429,-0.5010420166245709
koharu-midori,topic_weak,bridge_count,A_vs_free,-0.586,-0.6313408261605026,-0.5406591738394974,-0.6644619096607136,-0.5075380903392863
koharu-midori,topic_weak,bridge_count,B_minus_A,-0.095,-0.11964719546407349,-0.07035280453592652,-0.13792679132433253,-0.052073208675667476
koharu-midori,topic_weak,bridge_count,island_change,0.007,-0.01741015397774494,0.031410153977744944,-0.03524156148866922,0.04924156148866922
koharu-midori,topic_weak,bridge_rate,B_vs_free,-0.14475,-0.15601240550138723,-0.13348759449861275,-0.16423949584385725,-0.12526050415614273
koharu-midori,topic_weak,bridge_rate,A_vs_free,-0.1465,-0.15783520654012564,-0.13516479345987434,-0.1661154774151784,-0.12688452258482158
koharu-midori,topic_weak,bridge_rate,B_minus_A,-0.02375,-0.02991179886601837,-0.01758820113398163,-0.03448169783108313,-0.013018302168916869
koharu-midori,topic_weak,bridge_rate,island_change,0.00175,-0.004352538494436235,0.007852538494436236,-0.008810390372167305,0.012310390372167305
koharu-midori,topic_weak,unformed_turns,B_vs_free,3.55425,3.258587071653719,3.8499129283462814,3.042607845712646,4.065892154287354
koharu-midori,topic_weak,unformed_turns,A_vs_free,3.76775,3.467434923953524,4.0680650760464765,3.2480573441340277,4.287442655865973
koharu-midori,topic_weak,unformed_turns,B_minus_A,1.0375,0.8450679927157974,1.2299320072842028,0.702350768402752,1.372649231597248
koharu-midori,topic_weak,unformed_turns,island_change,-0.2135,-0.35947677776978104,-0.06752322223021895,-0.466111558276195,0.039111558276194974
koharu-midori,topic_weak,known_share,B_vs_free,-0.004687500000000001,-0.005637185296600535,-0.0037378147033994657,-0.0063309222368204245,-0.003044077763179577
koharu-midori,topic_weak,known_share,A_vs_free,-0.004208333333333333,-0.005219986735687808,-0.0031966799309788583,-0.0059589908441273634,-0.0024576758225393026
koharu-midori,topic_weak,known_share,B_minus_A,0.034083333333333334,0.032569259499225275,0.03559740716744139,0.03144634643471736,0.03672032023194931
koharu-midori,topic_weak,known_share,island_change,-0.0004791666666666666,-0.001596852069118223,0.0006385187357848899,-0.0024133116415689113,0.0014549783082355783
koharu-midori,topic_weak,bridge_share,B_vs_free,0.009354166666666665,0.008010705641656946,0.010697627691676384,0.0070293189189909126,0.011679014414342418
koharu-midori,topic_weak,bridge_share,A_vs_free,0.008812500000000001,0.007442788942912527,0.010182211057087474,0.006442226797609667,0.011182773202390334
koharu-midori,topic_weak,bridge_share,B_minus_A,-0.03475,-0.03631836748418678,-0.03318163251581323,-0.03748154744164256,-0.032018452558357446
koharu-midori,topic_weak,bridge_share,island_change,0.0005416666666666678,-0.0006046611603232277,0.0016879944936565635,-0.0014420437775244602,0.0025253771108577957
koharu-midori,topic_weak,all_formed,B_vs_free,-0.175,-0.19967837965552887,-0.1503216203444711,-0.21770572371686658,-0.1322942762831334
koharu-midori,topic_weak,all_formed,A_vs_free,-0.201,-0.22691159835535682,-0.1750884016446432,-0.24583979806909112,-0.1561602019309089
koharu-midori,topic_weak,all_formed,B_minus_A,-0.017,-0.028215541269415667,-0.005784458730584335,-0.03653354897369229,0.00253354897369229
koharu-midori,topic_weak,all_formed,island_change,0.026,0.00920823291485253,0.04279176708514747,-0.0030580085024189685,0.055058008502418966
koharu-midori,topic_medium,bridge_count,B_vs_free,-0.879,-0.9359818959922437,-0.8220181040077563,-0.9776066808710757,-0.7803933191289243
koharu-midori,topic_medium,bridge_count,A_vs_free,-0.889,-0.9455184109576444,-0.8324815890423556,-0.9868046240054799,-0.7911953759945202
koharu-midori,topic_medium,bridge_count,B_minus_A,-0.092,-0.11707725595766742,-0.06692274404233257,-0.13567580624135447,-0.04832419375864552
koharu-midori,topic_medium,bridge_count,island_change,0.01,-0.017863873302816954,0.03786387330281696,-0.03821819307270777,0.05821819307270777
koharu-midori,topic_medium,bridge_rate,B_vs_free,-0.21975,-0.23399547399806092,-0.20550452600193908,-0.24440167021776893,-0.19509832978223107
koharu-midori,topic_medium,bridge_rate,A_vs_free,-0.22225,-0.2363796027394111,-0.2081203972605889,-0.24670115600136996,-0.19779884399863004
koharu-midori,topic_medium,bridge_rate,B_minus_A,-0.023,-0.029269313989416856,-0.016730686010583144,-0.03391895156033862,-0.01208104843966138
koharu-midori,topic_medium,bridge_rate,island_change,0.0025,-0.004465968325704239,0.00946596832570424,-0.009554548268176942,0.014554548268176943
koharu-midori,topic_medium,unformed_turns,B_vs_free,5.70125,5.317708731813769,6.084791268186231,5.037535134526319,6.364964865473681
koharu-midori,topic_medium,unformed_turns,A_vs_free,5.948,5.557751057720139,6.338248942279861,5.272677562204965,6.623322437795036
koharu-midori,topic_medium,unformed_turns,B_minus_A,1.00425,0.8119009348242785,1.1965990651757217,0.6692452245372424,1.3392547754627577
koharu-midori,topic_medium,unformed_turns,island_change,-0.24675,-0.413223312235886,-0.08027668776411401,-0.5348306348639119,0.04133063486391195
koharu-midori,topic_medium,known_share,B_vs_free,-0.011354166666666667,-0.01258655284915417,-0.010121780484179164,-0.013486800354794732,-0.009221532978538602
koharu-midori,topic_medium,known_share,A_vs_free,-0.010270833333333333,-0.011597134953027386,-0.00894453171363928,-0.012565986877711084,-0.007975679788955583
koharu-midori,topic_medium,known_share,B_minus_A,0.033479166666666664,0.03199681606660744,0.03496151726672589,0.03089743054293631,0.03606090279039702
koharu-midori,topic_medium,known_share,island_change,-0.001083333333333333,-0.0025457018381453344,0.0003790351714786683,-0.0036139494519956093,0.0014472827853289434
koharu-midori,topic_medium,bridge_share,B_vs_free,0.0215625,0.0198438354550015,0.023281164544998498,0.0185883657883871,0.024536634211612895
koharu-midori,topic_medium,bridge_share,A_vs_free,0.02025,0.01838176486065881,0.02211823513934119,0.017017035161444566,0.023482964838555435
koharu-midori,topic_medium,bridge_share,B_minus_A,-0.033979166666666664,-0.03552235728927762,-0.03243597604405571,-0.0366668648239295,-0.03129146850940383
koharu-midori,topic_medium,bridge_share,island_change,0.001312500000000002,-0.00019689652932681958,0.0028218965293268236,-0.0012994977105622914,0.0039244977105622955
koharu-midori,topic_medium,all_formed,B_vs_free,-0.219,-0.24596180931542913,-0.19203819068457087,-0.2656571791018538,-0.1723428208981462
koharu-midori,topic_medium,all_formed,A_vs_free,-0.25,-0.2781111906371651,-0.2218888093628349,-0.2986461735924376,-0.2013538264075624
koharu-midori,topic_medium,all_formed,B_minus_A,-0.012,-0.02073814424032728,-0.0032618557596727233,-0.02721879010182742,0.0032187901018274206
koharu-midori,topic_medium,all_formed,island_change,0.031,0.013676757892440654,0.048323242107559346,0.0010222785429076856,0.060977721457092314
koharu-midori,topic_strong,bridge_count,B_vs_free,-1.415,-1.4783240426250124,-1.3516759573749877,-1.5245817110655802,-1.30541828893442
koharu-midori,topic_strong,bridge_count,A_vs_free,-1.475,-1.5382207233417957,-1.4117792766582045,-1.5844029179346995,-1.3655970820653007
koharu-midori,topic_strong,bridge_count,B_minus_A,-0.042,-0.06042028024554253,-0.023579719754457475,-0.07408168358906035,-0.009918316410939654
koharu-midori,topic_strong,bridge_count,island_change,0.06,0.031286527491376045,0.08871347250862395,0.01031158280967541,0.10968841719032459
koharu-midori,topic_strong,bridge_rate,B_vs_free,-0.35375,-0.3695810106562531,-0.3379189893437469,-0.38114542776639504,-0.326354572233605
koharu-midori,topic_strong,bridge_rate,A_vs_free,-0.36875,-0.38455518083544893,-0.3529448191645511,-0.39610072948367486,-0.3413992705163252
koharu-midori,topic_strong,bridge_rate,B_minus_A,-0.0105,-0.015105070061385633,-0.005894929938614369,-0.018520420897265088,-0.0024795791027349134
koharu-midori,topic_strong,bridge_rate,island_change,0.015,0.007821631872844011,0.022178368127155988,0.0025778957024188524,0.027422104297581146
koharu-midori,topic_strong,unformed_turns,B_vs_free,9.94275,9.4465364858072,10.4389635141928,9.084056781989412,10.801443218010588
koharu-midori,topic_strong,unformed_turns,A_vs_free,10.8185,10.310767634272143,11.326232365727858,9.939873508490168,11.697126491509833
koharu-midori,topic_strong,unformed_turns,B_minus_A,0.37525,0.23000167871973615,0.5204983212802639,0.12227824153377254,0.6282217584662274
koharu-midori,topic_strong,unformed_turns,island_change,-0.87575,-1.0793239752583874,-0.6721760247416126,-1.2280330130940622,-0.5234669869059378
koharu-midori,topic_strong,known_share,B_vs_free,-0.023354166666666665,-0.0249606907966432,-0.02174764253669013,-0.026134242854686837,-0.020574090478646494
koharu-midori,topic_strong,known_share,A_vs_free,-0.0225,-0.024245560490464398,-0.0207544395095356,-0.02552067741388968,-0.019479322586110317
koharu-midori,topic_strong,known_share,B_minus_A,0.03370833333333333,0.032225124456451405,0.03519154221021526,0.03112510239165826,0.0362915642750084
koharu-midori,topic_strong,known_share,island_change,-0.0008541666666666669,-0.002713492846536327,0.0010051595132029932,-0.004071714627489176,0.0023633812941558424
koharu-midori,topic_strong,bridge_share,B_vs_free,0.04558333333333333,0.043312857621073904,0.047853809045592756,0.04165429464331205,0.04951237202335461
koharu-midori,topic_strong,bridge_share,A_vs_free,0.044104166666666667,0.041697151359556865,0.04651118197377647,0.03993884738223503,0.048269485951098305
koharu-midori,topic_strong,bridge_share,B_minus_A,-0.033812499999999995,-0.03531182261217481,-0.03231317738782518,-0.036423795430934366,-0.031201204569065624
koharu-midori,topic_strong,bridge_share,island_change,0.0014791666666666714,-0.00042040558390760434,0.0033787389172409473,-0.001808026773323905,0.004766360106657248
koharu-midori,topic_strong,all_formed,B_vs_free,-0.261,-0.2885152222206882,-0.23348477777931181,-0.3086148553740902,-0.2133851446259098
koharu-midori,topic_strong,all_formed,A_vs_free,-0.303,-0.3317663909945417,-0.2742336090054583,-0.35277999217501416,-0.2532200078249858
koharu-midori,topic_strong,all_formed,B_minus_A,-0.001,-0.004395952133186051,0.002395952133186051,-0.006914560493553479,0.004914560493553479
koharu-midori,topic_strong,all_formed,island_change,0.042,0.025104128075530165,0.058895871924469836,0.012761838968616521,0.07123816103138349
koharu-kurumi,free,bridge_count,B_vs_free,0.0,0.0,0.0,0.0,0.0
koharu-kurumi,free,bridge_count,A_vs_free,0.0,0.0,0.0,0.0,0.0
koharu-kurumi,free,bridge_count,B_minus_A,-0.085,-0.1043904210482503,-0.06560957895174971,-0.11877132944973283,-0.05122867055026718
koharu-kurumi,free,bridge_count,island_change,0.0,0.0,0.0,0.0,0.0
koharu-kurumi,free,bridge_rate,B_vs_free,0.0,0.0,0.0,0.0,0.0
koharu-kurumi,free,bridge_rate,A_vs_free,0.0,0.0,0.0,0.0,0.0
koharu-kurumi,free,bridge_rate,B_minus_A,-0.02125,-0.026097605262062576,-0.016402394737937427,-0.029692832362433207,-0.012807167637566796
koharu-kurumi,free,bridge_rate,island_change,0.0,0.0,0.0,0.0,0.0
koharu-kurumi,free,unformed_turns,B_vs_free,0.0,0.0,0.0,0.0,0.0
koharu-kurumi,free,unformed_turns,A_vs_free,0.0,0.0,0.0,0.0,0.0
koharu-kurumi,free,unformed_turns,B_minus_A,1.33925,1.1711870071530777,1.5073129928469224,1.0465430657040244,1.6319569342959757
koharu-kurumi,free,unformed_turns,island_change,0.0,0.0,0.0,0.0,0.0
koharu-kurumi,free,known_share,B_vs_free,0.0,0.0,0.0,0.0,0.0
koharu-kurumi,free,known_share,A_vs_free,0.0,0.0,0.0,0.0,0.0
koharu-kurumi,free,known_share,B_minus_A,0.06102083333333333,0.0589297114956956,0.06311195517097105,0.05737883070107141,0.06466283596559524
koharu-kurumi,free,known_share,island_change,-1.7347234759768072e-19,-3.1315174997177613e-19,-3.3792945223585283e-20,-4.1518635192003286e-19,6.824165672467142e-20
koharu-kurumi,free,bridge_share,B_vs_free,0.0,0.0,0.0,0.0,0.0
koharu-kurumi,free,bridge_share,A_vs_free,0.0,0.0,0.0,0.0,0.0
koharu-kurumi,free,bridge_share,B_minus_A,-0.06172916666666667,-0.06387530443431683,-0.05958302889901651,-0.06546698780089973,-0.057991345532433604
koharu-kurumi,free,bridge_share,island_change,0.0,0.0,0.0,0.0,0.0
koharu-kurumi,free,all_formed,B_vs_free,0.0,0.0,0.0,0.0,0.0
koharu-kurumi,free,all_formed,A_vs_free,0.0,0.0,0.0,0.0,0.0
koharu-kurumi,free,all_formed,B_minus_A,-0.075,-0.09333018810039317,-0.05666981189960681,-0.10692477459223657,-0.04307522540776343
koharu-kurumi,free,all_formed,island_change,0.0,0.0,0.0,0.0,0.0
koharu-kurumi,shuffle_weak,bridge_count,B_vs_free,0.046,0.018694865963618766,0.07330513403638123,-0.0012512995782711159,0.09325129957827111
koharu-kurumi,shuffle_weak,bridge_count,A_vs_free,0.021,-0.0063526236478408105,0.04835262364784081,-0.026333479942408592,0.0683334799424086
koharu-kurumi,shuffle_weak,bridge_count,B_minus_A,-0.06,-0.07736326360229905,-0.04263673639770095,-0.09024073040893085,-0.02975926959106914
koharu-kurumi,shuffle_weak,bridge_count,island_change,0.025,0.008784811677555755,0.04121518832244425,-0.003060243913142132,0.05306024391314214
koharu-kurumi,shuffle_weak,bridge_rate,B_vs_free,0.0115,0.0046737164909046915,0.018326283509095306,-0.00031282489456777897,0.023312824894567777
koharu-kurumi,shuffle_weak,bridge_rate,A_vs_free,0.00525,-0.0015881559119602026,0.012088155911960203,-0.006583369985602148,0.01708336998560215
koharu-kurumi,shuffle_weak,bridge_rate,B_minus_A,-0.015,-0.01934081590057476,-0.010659184099425238,-0.022560182602232713,-0.007439817397767285
koharu-kurumi,shuffle_weak,bridge_rate,island_change,0.00625,0.0021962029193889386,0.010303797080611063,-0.000765060978285533,0.013265060978285535
koharu-kurumi,shuffle_weak,unformed_turns,B_vs_free,-0.11225,-0.3360260640165224,0.11152606401652239,-0.49949255391688296,0.27499255391688293
koharu-kurumi,shuffle_weak,unformed_turns,A_vs_free,0.12725,-0.10236585527330835,0.3568658552733084,-0.2700982624543802,0.5245982624543801
koharu-kurumi,shuffle_weak,unformed_turns,B_minus_A,1.09975,0.9513863855185444,1.2481136144814557,0.8413524907072089,1.3581475092927913
koharu-kurumi,shuffle_weak,unformed_turns,island_change,-0.2395,-0.37278560806372496,-0.106214391936275,-0.47014959826601777,-0.008850401733982244
koharu-kurumi,shuffle_weak,known_share,B_vs_free,-0.004041666666666667,-0.005396856941996673,-0.002686476391336662,-0.0063868117811297035,-0.0016965215522036312
koharu-kurumi,shuffle_weak,known_share,A_vs_free,0.0022500000000000003,0.0006044825484854942,0.0038955174515145066,-0.0005975537955311854,0.0050975537955311855
koharu-kurumi,shuffle_weak,known_share,B_minus_A,0.05472916666666666,0.05271367564487569,0.056744657688457635,0.05121888645508644,0.058239446878246885
koharu-kurumi,shuffle_weak,known_share,island_change,-0.006291666666666667,-0.007953564497949879,-0.0046297688353834545,-0.009167566568487818,-0.0034157667648455157
koharu-kurumi,shuffle_weak,bridge_share,B_vs_free,-0.00037499999999999947,-0.002451591707397085,0.001701591707397086,-0.003968524087346957,0.0032185240873469577
koharu-kurumi,shuffle_weak,bridge_share,A_vs_free,-0.007166666666666667,-0.009486233949861995,-0.0048470993834713386,-0.011180657897919551,-0.003152675435413783
koharu-kurumi,shuffle_weak,bridge_share,B_minus_A,-0.0549375,-0.05698965705840034,-0.05288534294159966,-0.058511639619216065,-0.051363360380783936
koharu-kurumi,shuffle_weak,bridge_share,island_change,0.006791666666666667,0.005087656163923176,0.00849567716941016,0.0038428911491257896,0.009740442184207545
koharu-kurumi,shuffle_weak,all_formed,B_vs_free,0.033,0.007894008515726601,0.0581059914842734,-0.010445702308302815,0.07644570230830282
koharu-kurumi,shuffle_weak,all_formed,A_vs_free,0.016,-0.00984807678481077,0.04184807678481077,-0.028729874537657303,0.060729874537657304
koharu-kurumi,shuffle_weak,all_formed,B_minus_A,-0.058,-0.07424610702887291,-0.041753892971127096,-0.08629503451123846,-0.02970496548876155
koharu-kurumi,shuffle_weak,all_formed,island_change,0.017,0.0014709392000247096,0.03252906079997529,-0.00987290613740074,0.04387290613740075
koharu-kurumi,shuffle_medium,bridge_count,B_vs_free,0.135,0.10031918110541219,0.16968081889458783,0.07498514121833207,0.19501485878166797
koharu-kurumi,shuffle_medium,bridge_count,A_vs_free,0.094,0.06008217516937089,0.1279178248306291,0.03530549588293539,0.15269450411706462
koharu-kurumi,shuffle_medium,bridge_count,B_minus_A,-0.044,-0.05868301922131322,-0.029316980778686778,-0.06957268241910985,-0.01842731758089014
koharu-kurumi,shuffle_medium,bridge_count,island_change,0.041,0.02068524280824997,0.06131475719175003,0.005845487421953177,0.07615451257804683
koharu-kurumi,shuffle_medium,bridge_rate,B_vs_free,0.03375,0.025079795276353047,0.04242020472364696,0.018746285304583016,0.04875371469541699
koharu-kurumi,shuffle_medium,bridge_rate,A_vs_free,0.0235,0.015020543792342722,0.03197945620765728,0.008826373970733848,0.038173626029266154
koharu-kurumi,shuffle_medium,bridge_rate,B_minus_A,-0.011,-0.014670754805328305,-0.007329245194671694,-0.017393170604777464,-0.004606829395222535
koharu-kurumi,shuffle_medium,bridge_rate,island_change,0.01025,0.0051713107020624925,0.015328689297937508,0.0014613718554882943,0.019038628144511707
koharu-kurumi,shuffle_medium,unformed_turns,B_vs_free,-0.72375,-0.9953723670977923,-0.4521276329022077,-1.1937901698375213,-0.2537098301624788
koharu-kurumi,shuffle_medium,unformed_turns,A_vs_free,-0.42925,-0.7041665044436503,-0.15433349555634984,-0.9049906461792125,0.04649064617921256
koharu-kurumi,shuffle_medium,unformed_turns,B_minus_A,1.04475,0.9048616838442293,1.184638316155771,0.8011134951861343,1.2883865048138659
koharu-kurumi,shuffle_medium,unformed_turns,island_change,-0.2945,-0.4505137929004201,-0.13848620709957987,-0.5644805266239629,-0.024519473376037104
koharu-kurumi,shuffle_medium,known_share,B_vs_free,-0.0070416666666666666,-0.00878155558061414,-0.005301777752719192,-0.010052529466179242,-0.004030803867154092
koharu-kurumi,shuffle_medium,known_share,A_vs_free,0.006333333333333334,0.00432709147748396,0.008339575189182708,0.0028615490589585005,0.009805117607708167
koharu-kurumi,shuffle_medium,known_share,B_minus_A,0.04764583333333333,0.045815771142758546,0.04947589552390812,0.04445850527080126,0.050833161395865405
koharu-kurumi,shuffle_medium,known_share,island_change,-0.013375,-0.015255975858035356,-0.011494024141964643,-0.016630012542663324,-0.010119987457336674
koharu-kurumi,shuffle_medium,bridge_share,B_vs_free,-0.0015833333333333313,-0.004237326750589036,0.0010706600839223734,-0.00617604611293076,0.0030093794462640973
koharu-kurumi,shuffle_medium,bridge_share,A_vs_free,-0.015416666666666665,-0.018284705743832133,-0.012548627589501198,-0.020379783619572645,-0.010453549713760685
koharu-kurumi,shuffle_medium,bridge_share,B_minus_A,-0.04789583333333333,-0.0497624521090474,-0.04602921455761926,-0.051146830177333534,-0.04464483648933313
koharu-kurumi,shuffle_medium,bridge_share,island_change,0.013833333333333335,0.011898441040216288,0.01576822562645038,0.010485018863536347,0.017181647803130324
koharu-kurumi,shuffle_medium,all_formed,B_vs_free,0.115,0.08255332333155171,0.1474466766684483,0.058851305123154084,0.17114869487684592
koharu-kurumi,shuffle_medium,all_formed,A_vs_free,0.08,0.04792132793893735,0.11207867206106265,0.02448813393075467,0.13551186606924534
koharu-kurumi,shuffle_medium,all_formed,B_minus_A,-0.04,-0.05419511681323339,-0.02580488318676661,-0.06472292712387512,-0.015277072876124884
koharu-kurumi,shuffle_medium,all_formed,island_change,0.035,0.015216921113987081,0.05478307888601293,0.0007655521566722542,0.06923444784332775
koharu-kurumi,shuffle_strong,bridge_count,B_vs_free,0.24,0.20076078038038528,0.27923921961961473,0.17209686797385468,0.3079031320261453
koharu-kurumi,shuffle_strong,bridge_count,A_vs_free,0.171,0.1329873608501707,0.20901263914982932,0.10521945492609105,0.23678054507390897
koharu-kurumi,shuffle_strong,bridge_count,B_minus_A,-0.016,-0.02632899019451749,-0.00567100980548251,-0.03398948717380153,0.0019894871738015303
koharu-kurumi,shuffle_strong,bridge_count,island_change,0.069,0.048040519036907384,0.08995948096309263,0.03272979848139162,0.10527020151860839
koharu-kurumi,shuffle_strong,bridge_rate,B_vs_free,0.06,0.05019019509509632,0.06980980490490368,0.04302421699346367,0.07697578300653632
koharu-kurumi,shuffle_strong,bridge_rate,A_vs_free,0.04275,0.03324684021254268,0.05225315978745733,0.026304863731522764,0.05919513626847724
koharu-kurumi,shuffle_strong,bridge_rate,B_minus_A,-0.004,-0.006582247548629372,-0.0014177524513706275,-0.008497371793450382,0.0004973717934503826
koharu-kurumi,shuffle_strong,bridge_rate,island_change,0.01725,0.012010129759226846,0.022489870240773157,0.008182449620347905,0.026317550379652097
koharu-kurumi,shuffle_strong,unformed_turns,B_vs_free,-2.07125,-2.424507554026771,-1.7179924459732292,-2.6825591586133974,-1.4599408413866026
koharu-kurumi,shuffle_strong,unformed_turns,A_vs_free,-1.2775,-1.6305588771873054,-0.9244411228126947,-1.888465350051669,-0.6665346499483312
koharu-kurumi,shuffle_strong,unformed_turns,B_minus_A,0.5455,0.43662706744537905,0.6543729325546209,0.3558814422434926,0.7351185577565074
koharu-kurumi,shuffle_strong,unformed_turns,island_change,-0.79375,-0.9800601825494828,-0.6074398174505171,-1.1161581683099737,-0.4713418316900262
koharu-kurumi,shuffle_strong,known_share,B_vs_free,-0.01633333333333333,-0.018602591390966296,-0.014064075275700368,-0.020260264882497464,-0.0124064017841692
koharu-kurumi,shuffle_strong,known_share,A_vs_free,0.013583333333333334,0.011084600018373452,0.016082066648293217,0.009259296825251664,0.017907369841415006
koharu-kurumi,shuffle_strong,known_share,B_minus_A,0.031104166666666665,0.029636867413024577,0.032571465920308754,0.028548644722466005,0.03365968861086732
koharu-kurumi,shuffle_strong,known_share,island_change,-0.029916666666666668,-0.03224063338549013,-0.027592699947843205,-0.03393827108343123,-0.025895062249902106
koharu-kurumi,shuffle_strong,bridge_share,B_vs_free,-0.0005624999999999997,-0.003981613834972424,0.002856613834972424,-0.006479247081088665,0.005354247081088666
koharu-kurumi,shuffle_strong,bridge_share,A_vs_free,-0.03114583333333333,-0.0347483791904495,-0.027543287476217166,-0.03738000795090703,-0.024911658715759635
koharu-kurumi,shuffle_strong,bridge_share,B_minus_A,-0.031145833333333334,-0.03263235752797821,-0.02965930913868846,-0.033734838398640096,-0.028556828268026573
koharu-kurumi,shuffle_strong,bridge_share,island_change,0.030583333333333334,0.028210655814216834,0.032956010852449834,0.026477435295659348,0.03468923137100732
koharu-kurumi,shuffle_strong,all_formed,B_vs_free,0.212,0.17484182109064197,0.249158178909358,0.14769809102238102,0.27630190897761897
koharu-kurumi,shuffle_strong,all_formed,A_vs_free,0.153,0.11654521517088687,0.18945478482911313,0.08991530842783121,0.21608469157216878
koharu-kurumi,shuffle_strong,all_formed,B_minus_A,-0.016,-0.02632899019451749,-0.00567100980548251,-0.03398948717380153,0.0019894871738015303
koharu-kurumi,shuffle_strong,all_formed,island_change,0.059,0.03885632709861585,0.07914367290138415,0.02414154731480861,0.09385845268519138
koharu-kurumi,task_weak,bridge_count,B_vs_free,0.068,0.04278206221781833,0.09321793778218168,0.024360575586099963,0.11163942441390004
koharu-kurumi,task_weak,bridge_count,A_vs_free,0.051,0.027111503633366563,0.07488849636663343,0.009661162520195665,0.09233883747980433
koharu-kurumi,task_weak,bridge_count,B_minus_A,-0.068,-0.08674517065867962,-0.049254829341320396,-0.10064752902118429,-0.03535247097881572
koharu-kurumi,task_weak,bridge_count,island_change,0.017,0.0030355313748075628,0.03096446862519244,-0.007165392837155421,0.04116539283715542
koharu-kurumi,task_weak,bridge_rate,B_vs_free,0.017,0.010695515554454582,0.02330448444554542,0.006090143896524991,0.02790985610347501
koharu-kurumi,task_weak,bridge_rate,A_vs_free,0.01275,0.006777875908341641,0.018722124091658358,0.0024152906300489163,0.023084709369951082
koharu-kurumi,task_weak,bridge_rate,B_minus_A,-0.017,-0.021686292664669905,-0.012313707335330099,-0.025161882255296072,-0.00883811774470393
koharu-kurumi,task_weak,bridge_rate,island_change,0.00425,0.0007588828437018907,0.00774111715629811,-0.0017913482092888552,0.010291348209288856
koharu-kurumi,task_weak,unformed_turns,B_vs_free,-0.5,-0.6601834408880479,-0.3398165591119521,-0.7771960666003214,-0.22280393339967863
koharu-kurumi,task_weak,unformed_turns,A_vs_free,-0.394,-0.5503138323904722,-0.23768616760952793,-0.6644997423806359,-0.12350025761936412
koharu-kurumi,task_weak,unformed_turns,B_minus_A,1.23325,1.0657951971363553,1.4007048028636446,0.9416023198709239,1.524897680129076
koharu-kurumi,task_weak,unformed_turns,island_change,-0.106,-0.19186742570496218,-0.020132574295037828,-0.2545928415730944,0.04259284157309444
koharu-kurumi,task_weak,known_share,B_vs_free,-0.0036666666666666666,-0.00480253653417415,-0.0025307967991591834,-0.005632279701930137,-0.0017010536314031963
koharu-kurumi,task_weak,known_share,A_vs_free,0.0038125000000000004,0.0025456966055675016,0.005079303394432499,0.001620307622649056,0.006004692377350945
koharu-kurumi,task_weak,known_share,B_minus_A,0.05354166666666667,0.05161889037549598,0.055464442957837354,0.05019286307825155,0.05689047025508179
koharu-kurumi,task_weak,known_share,island_change,-0.007479166666666667,-0.008637656566559501,-0.006320676766773833,-0.00948392347340133,-0.005474409859932004
koharu-kurumi,task_weak,bridge_share,B_vs_free,-0.0011249999999999984,-0.0028684001507836383,0.0006184001507836417,-0.004141938964654809,0.0018919389646548119
koharu-kurumi,task_weak,bridge_share,A_vs_free,-0.008770833333333334,-0.010630356986425935,-0.006911309680240732,-0.01198872301986953,-0.005552943646797138
koharu-kurumi,task_weak,bridge_share,B_minus_A,-0.05408333333333333,-0.05606580791630755,-0.05210085875035911,-0.05753611045976841,-0.05063055620689825
koharu-kurumi,task_weak,bridge_share,island_change,0.007645833333333335,0.006457339089395474,0.008834327577271197,0.0055891542673183435,0.009702512399348327
koharu-kurumi,task_weak,all_formed,B_vs_free,0.055,0.03196577903780257,0.07803422096219742,0.015139478759316538,0.09486052124068346
koharu-kurumi,task_weak,all_formed,A_vs_free,0.044,0.02146458548623284,0.06653541451376715,0.005002659027721318,0.08299734097227868
koharu-kurumi,task_weak,all_formed,B_minus_A,-0.064,-0.08217523440139207,-0.04582476559860794,-0.09565489946134592,-0.03234510053865409
koharu-kurumi,task_weak,all_formed,island_change,0.011,-0.0024264901235221212,0.024426490123522118,-0.012234425667566586,0.034234425667566584
koharu-kurumi,task_medium,bridge_count,B_vs_free,0.158,0.12146908151160711,0.19453091848839288,0.09478355978532962,0.22121644021467038
koharu-kurumi,task_medium,bridge_count,A_vs_free,0.115,0.07993324484191164,0.15006675515808837,0.05431728183406808,0.17568271816593192
koharu-kurumi,task_medium,bridge_count,B_minus_A,-0.042,-0.05696473724998074,-0.027035262750019266,-0.0680633366619644,-0.01593666333803561
koharu-kurumi,task_medium,bridge_count,island_change,0.043,0.02159465790345152,0.06440534209654847,0.0059582396251281824,0.08004176037487182
koharu-kurumi,task_medium,bridge_rate,B_vs_free,0.0395,0.030367270377901778,0.04863272962209822,0.023695889946332406,0.055304110053667595
koharu-kurumi,task_medium,bridge_rate,A_vs_free,0.02875,0.01998331121047791,0.03751668878952209,0.01357932045851702,0.04392067954148298
koharu-kurumi,task_medium,bridge_rate,B_minus_A,-0.0105,-0.014241184312495185,-0.006758815687504817,-0.0170158341654911,-0.0039841658345089025
koharu-kurumi,task_medium,bridge_rate,island_change,0.01075,0.00539866447586288,0.016101335524137117,0.0014895599062820456,0.020010440093717954
koharu-kurumi,task_medium,unformed_turns,B_vs_free,-0.73025,-1.0317586634078861,-0.4287413365921137,-1.2520081485279633,-0.20849185147203675
koharu-kurumi,task_medium,unformed_turns,A_vs_free,-0.35475,-0.6570534185396533,-0.05244658146034675,-0.8778834654472084,0.1683834654472084
koharu-kurumi,task_medium,unformed_turns,B_minus_A,0.96375,0.8168563318340534,1.1106436681659466,0.7079126229070692,1.2195873770929309
koharu-kurumi,task_medium,unformed_turns,island_change,-0.3755,-0.5427548134201591,-0.20824518657984095,-0.6649330159410258,-0.08606698405897417
koharu-kurumi,task_medium,known_share,B_vs_free,-0.006333333333333332,-0.008046068184903445,-0.0046205984817632205,-0.00929720626147409,-0.0033694604051925756
koharu-kurumi,task_medium,known_share,A_vs_free,0.0080625,0.006111232899329446,0.010013767100670555,0.004685849066583517,0.011439150933416483
koharu-kurumi,task_medium,known_share,B_minus_A,0.046625,0.04471168421986941,0.04853831578013059,0.04329267331192155,0.04995732668807845
koharu-kurumi,task_medium,known_share,island_change,-0.014395833333333333,-0.016150890835882444,-0.012640775830784223,-0.01743294524494477,-0.011358721421721896
koharu-kurumi,task_medium,bridge_share,B_vs_free,-0.0014583333333333336,-0.004000836163240221,0.001084169496573553,-0.005858112610536771,0.002941445943870104
koharu-kurumi,task_medium,bridge_share,A_vs_free,-0.016562499999999997,-0.019301523322130688,-0.013823476677869307,-0.021302356298578382,-0.011822643701421612
koharu-kurumi,task_medium,bridge_share,B_minus_A,-0.046625,-0.04855741160230211,-0.04469258839769789,-0.04999058492935456,-0.043259415070645436
koharu-kurumi,task_medium,bridge_share,island_change,0.015104166666666665,0.013301327913111229,0.016907005420222103,0.011984369711190717,0.01822396362214261
koharu-kurumi,task_medium,all_formed,B_vs_free,0.139,0.10539454548777874,0.17260545451222128,0.08084605003201166,0.19715394996798835
koharu-kurumi,task_medium,all_formed,A_vs_free,0.101,0.06825696494298758,0.13374303505701243,0.04433845948094191,0.15766154051905812
koharu-kurumi,task_medium,all_formed,B_minus_A,-0.037,-0.051360887322330906,-0.022639112677669087,-0.06201164135353788,-0.011988358646462118
koharu-kurumi,task_medium,all_formed,island_change,0.038,0.017568500403157484,0.05843149959684252,0.002643465694128544,0.07335653430587145
koharu-kurumi,task_strong,bridge_count,B_vs_free,0.242,0.2016478000892437,0.2823521999107563,0.17217086515360225,0.31182913484639774
koharu-kurumi,task_strong,bridge_count,A_vs_free,0.168,0.12830401465068725,0.20769598534931277,0.09930643880759267,0.23669356119240736
koharu-kurumi,task_strong,bridge_count,B_minus_A,-0.011,-0.01803743503642427,-0.003962564963575727,-0.0232567496860839,0.001256749686083903
koharu-kurumi,task_strong,bridge_count,island_change,0.074,0.05433888207761425,0.09366111792238574,0.03997660455515247,0.10802339544484751
koharu-kurumi,task_strong,bridge_rate,B_vs_free,0.0605,0.05041195002231093,0.07058804997768907,0.04304271628840056,0.07795728371159943
koharu-kurumi,task_strong,bridge_rate,A_vs_free,0.042,0.03207600366267181,0.05192399633732819,0.024826609701898168,0.05917339029810184
koharu-kurumi,task_strong,bridge_rate,B_minus_A,-0.00275,-0.004509358759106068,-0.0009906412408939318,-0.005814187421520975,0.00031418742152097574
koharu-kurumi,task_strong,bridge_rate,island_change,0.0185,0.013584720519403563,0.023415279480596435,0.009994151138788118,0.02700584886121188
koharu-kurumi,task_strong,unformed_turns,B_vs_free,-1.76425,-2.116061554649766,-1.4124384453502343,-2.3730568691296017,-1.1554431308703985
koharu-kurumi,task_strong,unformed_turns,A_vs_free,-0.8925,-1.2426288064285642,-0.5423711935714356,-1.4983948878073767,-0.2866051121926231
koharu-kurumi,task_strong,unformed_turns,B_minus_A,0.4675,0.3821563532062987,0.5528436467937013,0.31886122598164035,0.6161387740183597
koharu-kurumi,task_strong,unformed_turns,island_change,-0.87175,-1.0547052930700895,-0.6887947069299105,-1.1883525609237737,-0.5551474390762264
koharu-kurumi,task_strong,known_share,B_vs_free,-0.015791666666666666,-0.018069034521452684,-0.013514298811880645,-0.019732632150045788,-0.011850701183287545
koharu-kurumi,task_strong,known_share,A_vs_free,0.015145833333333334,0.01267343075881949,0.01761823590784718,0.010867361945103328,0.01942430472156334
koharu-kurumi,task_strong,known_share,B_minus_A,0.030083333333333333,0.028592946762705535,0.03157371990396113,0.02748760136037184,0.03267906530629483
koharu-kurumi,task_strong,known_share,island_change,-0.0309375,-0.03312681017306708,-0.02874818982693292,-0.03472608242261385,-0.027148917577386147
koharu-kurumi,task_strong,bridge_share,B_vs_free,-0.0012499999999999992,-0.004543837204568079,0.002043837204568081,-0.006949956949771056,0.0044499569497710575
koharu-kurumi,task_strong,bridge_share,A_vs_free,-0.03277083333333333,-0.036247647421284314,-0.029294019245382354,-0.03878743020587876,-0.0267542364607879
koharu-kurumi,task_strong,bridge_share,B_minus_A,-0.030208333333333334,-0.03170689265983831,-0.028709774006828354,-0.03281829938767727,-0.027598367278989403
koharu-kurumi,task_strong,bridge_share,island_change,0.03152083333333334,0.029281752165035004,0.03375991450163167,0.027646122631589005,0.03539554403507767
koharu-kurumi,task_strong,all_formed,B_vs_free,0.216,0.17760561969716349,0.2543943803028365,0.14955885514445055,0.28244114485554944
koharu-kurumi,task_strong,all_formed,A_vs_free,0.151,0.11296511165875295,0.18903488834124704,0.08518095289172438,0.2168190471082756
koharu-kurumi,task_strong,all_formed,B_minus_A,-0.01,-0.016764673000286178,-0.0032353269997138223,-0.02178169364883345,0.0017816936488334514
koharu-kurumi,task_strong,all_formed,island_change,0.065,0.046523544186738104,0.08347645581326191,0.03302665214483485,0.09697334785516515
koharu-kurumi,host_weak,bridge_count,B_vs_free,0.049,0.02164456474047181,0.07635543525952819,0.0016616545877511588,0.09633834541224884
koharu-kurumi,host_weak,bridge_count,A_vs_free,0.028,0.00046123879022571396,0.05553876120977429,-0.0196555893922274,0.0756555893922274
koharu-kurumi,host_weak,bridge_count,B_minus_A,-0.064,-0.08565121663051714,-0.04234878336948287,-0.1017088443823507,-0.026291155617649296
koharu-kurumi,host_weak,bridge_count,island_change,0.021,0.001335459615120712,0.040664540384879294,-0.013029317986753466,0.055029317986753465
koharu-kurumi,host_weak,bridge_rate,B_vs_free,0.01225,0.005411141185117953,0.019088858814882047,0.0004154136469377897,0.02408458635306221
koharu-kurumi,host_weak,bridge_rate,A_vs_free,0.007,0.00011530969755642849,0.013884690302443572,-0.00491389734805685,0.01891389734805685
koharu-kurumi,host_weak,bridge_rate,B_minus_A,-0.016,-0.021412804157629285,-0.010587195842370717,-0.025427211095587675,-0.006572788904412324
koharu-kurumi,host_weak,bridge_rate,island_change,0.00525,0.000333864903780178,0.010166135096219824,-0.0032573294966883664,0.013757329496688366
koharu-kurumi,host_weak,unformed_turns,B_vs_free,-0.168,-0.3750172636014423,0.039017263601442254,-0.5262415939534447,0.19024159395344473
koharu-kurumi,host_weak,unformed_turns,A_vs_free,0.05325,-0.16393671200368354,0.2704367120036835,-0.32258973693856363,0.42908973693856367
koharu-kurumi,host_weak,unformed_turns,B_minus_A,1.118,0.9456432797927491,1.290356720207251,0.8178148948643007,1.4181851051356995
koharu-kurumi,host_weak,unformed_turns,island_change,-0.22125,-0.3753163448521971,-0.06718365514780292,-0.48786048452795633,0.045360484527956324
koharu-kurumi,host_weak,known_share,B_vs_free,-0.0069375,-0.008514535247802567,-0.005360464752197434,-0.009666545931073842,-0.0042084540689261585
koharu-kurumi,host_weak,known_share,A_vs_free,0.0006875000000000005,-0.00111188042957764,0.002486880429577641,-0.0024263123555799773,0.0038013123555799785
koharu-kurumi,host_weak,known_share,B_minus_A,0.05339583333333333,0.05139523691759688,0.05539642974906978,0.049911494314408986,0.056880172352257674
koharu-kurumi,host_weak,known_share,island_change,-0.007625000000000001,-0.009532500758913707,-0.005717499241086294,-0.010925913655472989,-0.004324086344527012
koharu-kurumi,host_weak,bridge_share,B_vs_free,0.0021041666666666687,-0.00033914775030903293,0.00454748108364237,-0.0021239679151523754,0.006332301248485713
koharu-kurumi,host_weak,bridge_share,A_vs_free,-0.002520833333333334,-0.005128558007696569,8.689134102990046e-05,-0.007033478451347079,0.0019918117846804105
koharu-kurumi,host_weak,bridge_share,B_minus_A,-0.057104166666666664,-0.059380978566514434,-0.054827354766818895,-0.061069576420972604,-0.053138756912360724
koharu-kurumi,host_weak,bridge_share,island_change,0.004625000000000002,0.00255201215412036,0.006697987845879645,0.0010377123640094976,0.008212287635990507
koharu-kurumi,host_weak,all_formed,B_vs_free,0.041,0.015786408514541297,0.0662135914854587,-0.002631903184806661,0.08463190318480666
koharu-kurumi,host_weak,all_formed,A_vs_free,0.021,-0.005350138219451222,0.04735013821945122,-0.024598687531700258,0.06659868753170026
koharu-kurumi,host_weak,all_formed,B_minus_A,-0.055,-0.07499575430410642,-0.03500424569589358,-0.08982560819693108,-0.020174391803068917
koharu-kurumi,host_weak,all_formed,island_change,0.02,0.001437890423987044,0.03856210957601296,-0.012121570954834387,0.052121570954834384
koharu-kurumi,host_medium,bridge_count,B_vs_free,0.06,0.027046186961236278,0.09295381303876371,0.002973709996578859,0.11702629000342113
koharu-kurumi,host_medium,bridge_count,A_vs_free,0.053,0.019825734710811185,0.08617426528918881,-0.004407780726508645,0.11040778072650864
koharu-kurumi,host_medium,bridge_count,B_minus_A,-0.078,-0.10356174306083817,-0.052438256939161834,-0.1225196132703309,-0.033480386729669104
koharu-kurumi,host_medium,bridge_count,island_change,0.007,-0.021481582859141837,0.03548158285914184,-0.04228713414655046,0.05628713414655046
koharu-kurumi,host_medium,bridge_rate,B_vs_free,0.015,0.0067615467403090695,0.023238453259690928,0.0007434274991447148,0.029256572500855282
koharu-kurumi,host_medium,bridge_rate,A_vs_free,0.01325,0.004956433677702796,0.021543566322297203,-0.0011019451816271612,0.02760194518162716
koharu-kurumi,host_medium,bridge_rate,B_minus_A,-0.0195,-0.02589043576520954,-0.013109564234790459,-0.030629903317582724,-0.008370096682417276
koharu-kurumi,host_medium,bridge_rate,island_change,0.00175,-0.005370395714785459,0.00887039571478546,-0.010571783536637616,0.014071783536637615
koharu-kurumi,host_medium,unformed_turns,B_vs_free,-0.47475,-0.7370906370537164,-0.21240936294628365,-0.9287282158352842,-0.020771784164715812
koharu-kurumi,host_medium,unformed_turns,A_vs_free,-0.25075,-0.5135099812506593,0.01200998125065933,-0.7054538873610039,0.2039538873610039
koharu-kurumi,host_medium,unformed_turns,B_minus_A,1.11525,0.913116447661748,1.3173835523382522,0.7632040711429835,1.4672959288570167
koharu-kurumi,host_medium,unformed_turns,island_change,-0.224,-0.4399479585437177,-0.008052041456282327,-0.5976960847315289,0.14969608473152893
koharu-kurumi,host_medium,known_share,B_vs_free,-0.013833333333333333,-0.016010154444529693,-0.011656512222136975,-0.017600303541807576,-0.010066363124859088
koharu-kurumi,host_medium,known_share,A_vs_free,0.002895833333333334,0.0006198426040525677,0.0051718240626141,-0.001042749046204623,0.0068344157128712914
koharu-kurumi,host_medium,known_share,B_minus_A,0.04429166666666667,0.042346013223707756,0.04623732010962558,0.04090301908373543,0.047680314249597906
koharu-kurumi,host_medium,known_share,island_change,-0.016729166666666666,-0.01895567476327815,-0.014502658570055182,-0.020582119776007216,-0.012876213557326118
koharu-kurumi,host_medium,bridge_share,B_vs_free,0.002750000000000003,-0.00043988543719609974,0.0059398854371961055,-0.0027700693105000107,0.008270069310500016
koharu-kurumi,host_medium,bridge_share,A_vs_free,-0.008645833333333333,-0.011877873574777854,-0.005413793091888813,-0.014238851169980533,-0.0030528154966861327
koharu-kurumi,host_medium,bridge_share,B_minus_A,-0.050333333333333334,-0.0527595600009201,-0.04790710666574657,-0.0545589713381457,-0.04610769532852097
koharu-kurumi,host_medium,bridge_share,island_change,0.011395833333333336,0.00883935661608267,0.013952310050584001,0.006971872364281248,0.015819794302385424
koharu-kurumi,host_medium,all_formed,B_vs_free,0.054,0.024190254692209878,0.08380974530779012,0.002414492160572858,0.10558550783942713
koharu-kurumi,host_medium,all_formed,A_vs_free,0.047,0.016193810249774038,0.07780618975022596,-0.006309846375905502,0.10030984637590551
koharu-kurumi,host_medium,all_formed,B_minus_A,-0.068,-0.09196700354359842,-0.04403299645640159,-0.10974213497374324,-0.026257865026256766
koharu-kurumi,host_medium,all_formed,island_change,0.007,-0.02023935652955378,0.03423935652955378,-0.04013747216850728,0.05413747216850728
koharu-kurumi,host_strong,bridge_count,B_vs_free,0.126,0.08648129953950806,0.16551870046049194,0.05761322878273842,0.19438677121726158
koharu-kurumi,host_strong,bridge_count,A_vs_free,0.068,0.027746075719005732,0.10825392428099428,-0.0016590697144360927,0.1376590697144361
koharu-kurumi,host_strong,bridge_count,B_minus_A,-0.027,-0.05502700459532889,0.001027004595328885,-0.07581323635638308,0.021813236356383086
koharu-kurumi,host_strong,bridge_count,island_change,0.058,0.024454273396252488,0.09154572660374752,-5.0591336138508525e-05,0.11605059133613851
koharu-kurumi,host_strong,bridge_rate,B_vs_free,0.0315,0.021620324884877015,0.041379675115122985,0.014403307195684605,0.048596692804315396
koharu-kurumi,host_strong,bridge_rate,A_vs_free,0.017,0.006936518929751433,0.02706348107024857,-0.0004147674286090232,0.03441476742860902
koharu-kurumi,host_strong,bridge_rate,B_minus_A,-0.00675,-0.013756751148832222,0.00025675114883222123,-0.01895330908909577,0.0054533090890957715
koharu-kurumi,host_strong,bridge_rate,island_change,0.0145,0.006113568349063122,0.02288643165093688,-1.2647834034627131e-05,0.02901264783403463
koharu-kurumi,host_strong,unformed_turns,B_vs_free,-0.76875,-1.1186316973487462,-0.41886830265125385,-1.37421726767032,-0.16328273232968027
koharu-kurumi,host_strong,unformed_turns,A_vs_free,-0.182,-0.5504909315142072,0.18649093151420726,-0.8196703873218405,0.45567038732184056
koharu-kurumi,host_strong,unformed_turns,B_minus_A,0.7525,0.5306826627129404,0.9743173372870595,0.36617180441603925,1.1388281955839608
koharu-kurumi,host_strong,unformed_turns,island_change,-0.58675,-0.8536202201698675,-0.31987977983013255,-1.0485666204554835,-0.12493337954451639
koharu-kurumi,host_strong,known_share,B_vs_free,-0.019583333333333335,-0.022375890661659386,-0.016790776005007283,-0.02441582976914715,-0.01475083689751952
koharu-kurumi,host_strong,known_share,A_vs_free,0.005875000000000002,0.0031148826070213943,0.00863511739297861,0.0010986405932650262,0.010651359406734978
koharu-kurumi,host_strong,known_share,B_minus_A,0.0355625,0.03360273206002011,0.037522267939979884,0.03214926990141701,0.03897573009858298
koharu-kurumi,host_strong,known_share,island_change,-0.025458333333333333,-0.028144982055506806,-0.02277168461115986,-0.03010755583719849,-0.020809110829468177
koharu-kurumi,host_strong,bridge_share,B_vs_free,0.0044166666666666686,0.00045005090417164946,0.008383282429161688,-0.0024475277905301584,0.011280861123863496
koharu-kurumi,host_strong,bridge_share,A_vs_free,-0.014312499999999997,-0.01832596005750162,-0.010299039942498374,-0.021257758106763266,-0.007367241893236727
koharu-kurumi,host_strong,bridge_share,B_minus_A,-0.043000000000000003,-0.04544778634284172,-0.04055221365715829,-0.04726318741614554,-0.03873681258385447
koharu-kurumi,host_strong,bridge_share,island_change,0.018729166666666665,0.01564997444184596,0.02180835889148737,0.013400651008027951,0.024057682325305377
koharu-kurumi,host_strong,all_formed,B_vs_free,0.112,0.07565799522713543,0.14834200477286458,0.04911047334506456,0.17488952665493546
koharu-kurumi,host_strong,all_formed,A_vs_free,0.064,0.02659180598612946,0.10140819401387055,-0.0007345579654127327,0.12873455796541272
koharu-kurumi,host_strong,all_formed,B_minus_A,-0.027,-0.052887248274454034,-0.0011127517255459657,-0.07208652946979212,0.018086529469792122
koharu-kurumi,host_strong,all_formed,island_change,0.048,0.01676581795968193,0.07923418204031807,-0.006050483352431135,0.10205048335243114
koharu-kurumi,topic_weak,bridge_count,B_vs_free,-0.225,-0.2527584425199097,-0.1972415574800903,-0.27303574600977504,-0.17696425399022497
koharu-kurumi,topic_weak,bridge_count,A_vs_free,-0.247,-0.27595293591500003,-0.21804706408499996,-0.2971028065552562,-0.19689719344474377
koharu-kurumi,topic_weak,bridge_count,B_minus_A,-0.063,-0.08129406905427447,-0.04470593094572553,-0.09486186785066297,-0.03113813214933702
koharu-kurumi,topic_weak,bridge_count,island_change,0.022,0.006371586359680874,0.037628413640319124,-0.005044835373008361,0.049044835373008355
koharu-kurumi,topic_weak,bridge_rate,B_vs_free,-0.05625,-0.06318961062997742,-0.04931038937002258,-0.06825893650244376,-0.04424106349755624
koharu-kurumi,topic_weak,bridge_rate,A_vs_free,-0.06175,-0.06898823397875001,-0.05451176602124999,-0.07427570163881406,-0.04922429836118594
koharu-kurumi,topic_weak,bridge_rate,B_minus_A,-0.01575,-0.020323517263568618,-0.011176482736431383,-0.023715466962665743,-0.007784533037334255
koharu-kurumi,topic_weak,bridge_rate,island_change,0.0055,0.0015928965899202185,0.009407103410079781,-0.0012612088432520903,0.012261208843252089
koharu-kurumi,topic_weak,unformed_turns,B_vs_free,1.54175,1.3491185050570806,1.7343814949429193,1.2084028549674755,1.8750971450325244
koharu-kurumi,topic_weak,unformed_turns,A_vs_free,1.72575,1.524520271573252,1.9269797284267478,1.377523685883486,2.0739763141165137
koharu-kurumi,topic_weak,unformed_turns,B_minus_A,1.15525,0.99586424180368,1.3146357581963202,0.8776557726106426,1.4328442273893576
koharu-kurumi,topic_weak,unformed_turns,island_change,-0.184,-0.29266238219229185,-0.07533761780770816,-0.3720393176981103,0.0040393176981102785
koharu-kurumi,topic_weak,known_share,B_vs_free,0.000875,0.0001718451003341903,0.0015781548996658097,-0.00034180350551546587,0.002091803505515466
koharu-kurumi,topic_weak,known_share,A_vs_free,0.0010000000000000002,-0.00010810595107092476,0.002108105951070925,-0.0009175678166880202,0.0029175678166880204
koharu-kurumi,topic_weak,known_share,B_minus_A,0.06089583333333333,0.05876004826053627,0.06303161840613039,0.0571760429714959,0.06461562369517075
koharu-kurumi,topic_weak,known_share,island_change,-0.00012500000000000014,-0.0013146543509343037,0.0010646543509343035,-0.0021836866211933956,0.0019336866211933953
koharu-kurumi,topic_weak,bridge_share,B_vs_free,-0.003562499999999999,-0.004934456181176578,-0.0021905438188234193,-0.005936658370314554,-0.001188341629685443
koharu-kurumi,topic_weak,bridge_share,A_vs_free,-0.0036666666666666675,-0.005227164995025461,-0.002106168338307874,-0.006367095600889356,-0.0009662377324439787
koharu-kurumi,topic_weak,bridge_share,B_minus_A,-0.061625,-0.06383346099441506,-0.05941653900558494,-0.06547136639058466,-0.057778633609415334
koharu-kurumi,topic_weak,bridge_share,island_change,0.00010416666666666886,-0.0011423586382318797,0.0013506919715652174,-0.0020529346511726446,0.0022612679845059828
koharu-kurumi,topic_weak,all_formed,B_vs_free,-0.184,-0.20818804357222492,-0.15981195642777507,-0.225857201342453,-0.142142798657547
koharu-kurumi,topic_weak,all_formed,A_vs_free,-0.209,-0.2343656477639836,-0.18363435223601637,-0.2528950352668453,-0.1651049647331547
koharu-kurumi,topic_weak,all_formed,B_minus_A,-0.05,-0.06611110075592502,-0.03388889924407498,-0.07805990081764004,-0.02194009918235997
koharu-kurumi,topic_weak,all_formed,island_change,0.025,0.010276312045313277,0.039723687954686726,-0.00047921535623737105,0.050479215356237374
koharu-kurumi,topic_medium,bridge_count,B_vs_free,-0.355,-0.3889071091668407,-0.3210928908331593,-0.4136759607530521,-0.2963240392469479
koharu-kurumi,topic_medium,bridge_count,A_vs_free,-0.384,-0.4191088943839715,-0.34889110561602854,-0.44475563973385196,-0.32324436026614806
koharu-kurumi,topic_medium,bridge_count,B_minus_A,-0.056,-0.07273901242418253,-0.039260987575817474,-0.08515350325986082,-0.026846496740139187
koharu-kurumi,topic_medium,bridge_count,island_change,0.029,0.01038007744602798,0.04761992255397202,-0.0032216158159002993,0.0612216158159003
koharu-kurumi,topic_medium,bridge_rate,B_vs_free,-0.08875,-0.09722677729171017,-0.08027322270828982,-0.10341899018826302,-0.07408100981173697
koharu-kurumi,topic_medium,bridge_rate,A_vs_free,-0.096,-0.10477722359599287,-0.08722277640400714,-0.11118890993346299,-0.08081109006653701
koharu-kurumi,topic_medium,bridge_rate,B_minus_A,-0.014,-0.018184753106045632,-0.009815246893954369,-0.021288375814965205,-0.006711624185034797
koharu-kurumi,topic_medium,bridge_rate,island_change,0.00725,0.002595019361506995,0.011904980638493006,-0.0008054039539750748,0.015305403953975075
koharu-kurumi,topic_medium,unformed_turns,B_vs_free,2.54025,2.294570592969335,2.7859294070306646,2.115103899404024,2.9653961005959757
koharu-kurumi,topic_medium,unformed_turns,A_vs_free,2.80975,2.5564721055051596,3.063027894494841,2.371454782207487,3.248045217792513
koharu-kurumi,topic_medium,unformed_turns,B_minus_A,1.06975,0.920590408086641,1.2189095919133588,0.80996617650493,1.32953382349507
koharu-kurumi,topic_medium,unformed_turns,island_change,-0.2695,-0.39785056719664197,-0.14114943280335807,-0.4916095524954731,-0.047390447504526895
koharu-kurumi,topic_medium,known_share,B_vs_free,0.0018333333333333333,0.0008307449747583478,0.0028359216919083188,9.836280282455125e-05,0.003568303863842115
koharu-kurumi,topic_medium,known_share,A_vs_free,0.0027708333333333335,0.0013583850733356428,0.004183281593331024,0.00032660376892121356,0.005215062897745454
koharu-kurumi,topic_medium,known_share,B_minus_A,0.06008333333333333,0.058028204575866944,0.06213846209079971,0.05650401805403567,0.06366264861263099
koharu-kurumi,topic_medium,known_share,island_change,-0.0009375000000000002,-0.002457883181925199,0.0005828831819251986,-0.003568510018379447,0.0016935100183794467
koharu-kurumi,topic_medium,bridge_share,B_vs_free,-0.008062499999999998,-0.009866197671801868,-0.006258802328198129,-0.011183783306113207,-0.004941216693886791
koharu-kurumi,topic_medium,bridge_share,A_vs_free,-0.009520833333333333,-0.011603233950535741,-0.0074384327161309246,-0.013124409689131663,-0.005917256977535002
koharu-kurumi,topic_medium,bridge_share,B_minus_A,-0.060270833333333336,-0.06234254666503916,-0.05819912000162751,-0.06387903313860545,-0.056662633528061224
koharu-kurumi,topic_medium,bridge_share,island_change,0.001458333333333333,-0.00011604802541488515,0.003032714692081551,-0.0012661200655600259,0.004182786732226692
koharu-kurumi,topic_medium,all_formed,B_vs_free,-0.254,-0.28141756840891363,-0.2265824315910864,-0.30144586629280706,-0.20655413370719294
koharu-kurumi,topic_medium,all_formed,A_vs_free,-0.294,-0.32292456556100524,-0.26507543443899473,-0.34405371190170275,-0.24394628809829721
koharu-kurumi,topic_medium,all_formed,B_minus_A,-0.035,-0.048554193305252666,-0.02144580669474734,-0.05860666260923485,-0.011393337390765156
koharu-kurumi,topic_medium,all_formed,island_change,0.04,0.021984573399566814,0.058015426600433184,0.008824459231981125,0.07117554076801888
koharu-kurumi,topic_strong,bridge_count,B_vs_free,-0.586,-0.6260253414020961,-0.5459746585979038,-0.6552635090087136,-0.5167364909912864
koharu-kurumi,topic_strong,bridge_count,A_vs_free,-0.649,-0.6897487361509275,-0.6082512638490726,-0.7195153373991119,-0.5784846626008882
koharu-kurumi,topic_strong,bridge_count,B_minus_A,-0.022,-0.03493593460110262,-0.009064065398897378,-0.044529872253261625,0.0005298722532616276
koharu-kurumi,topic_strong,bridge_count,island_change,0.063,0.04368349366430314,0.08231650633569687,0.02957295194165803,0.09642704805834197
koharu-kurumi,topic_strong,bridge_rate,B_vs_free,-0.1465,-0.15650633535052402,-0.13649366464947596,-0.1638158772521784,-0.1291841227478216
koharu-kurumi,topic_strong,bridge_rate,A_vs_free,-0.16225,-0.17243718403773187,-0.15206281596226814,-0.17987883434977797,-0.14462116565022204
koharu-kurumi,topic_strong,bridge_rate,B_minus_A,-0.0055,-0.008733983650275655,-0.0022660163497243446,-0.011132468063315406,0.0001324680633154069
koharu-kurumi,topic_strong,bridge_rate,island_change,0.01575,0.010920873416075784,0.020579126583924218,0.007393237985414507,0.024106762014585493
koharu-kurumi,topic_strong,unformed_turns,B_vs_free,5.0865,4.750235298406244,5.422764701593756,4.504596826353822,5.668403173646178
koharu-kurumi,topic_strong,unformed_turns,A_vs_free,5.70725,5.3603372663324675,6.054162733667533,5.106920498441764,6.307579501558236
koharu-kurumi,topic_strong,unformed_turns,B_minus_A,0.7185,0.6015725421348656,0.8354274578651345,0.5148532771435342,0.9221467228564658
koharu-kurumi,topic_strong,unformed_turns,island_change,-0.62075,-0.7799564807556986,-0.4615435192443015,-0.8962554454948488,-0.3452445545051513
koharu-kurumi,topic_strong,known_share,B_vs_free,0.004062499999999999,0.0026490689428466806,0.005475931057153318,0.0016165697135638313,0.006508430286436167
koharu-kurumi,topic_strong,known_share,A_vs_free,0.0054375000000000005,0.0035252648976036353,0.007349735102396365,0.002128393603853868,0.008746606396146134
koharu-kurumi,topic_strong,known_share,B_minus_A,0.05964583333333333,0.057640154349452605,0.06165151231721405,0.05615264225891087,0.06313902440775579
koharu-kurumi,topic_strong,known_share,island_change,-0.0013750000000000004,-0.003523474620742296,0.0007734746207422954,-0.005092916850572652,0.0023429168505726514
koharu-kurumi,topic_strong,bridge_share,B_vs_free,-0.019479166666666665,-0.02191768647620285,-0.01704064685713048,-0.023699004221553598,-0.015259329111779735
koharu-kurumi,topic_strong,bridge_share,A_vs_free,-0.021583333333333333,-0.02430883496161985,-0.018857831705046815,-0.026299790457024484,-0.01686687620964218
koharu-kurumi,topic_strong,bridge_share,B_minus_A,-0.059625000000000004,-0.06165002681950903,-0.05759997318049098,-0.06315188823496977,-0.05609811176503025
koharu-kurumi,topic_strong,bridge_share,island_change,0.002104166666666666,-9.921101449576536e-05,0.004307544347829097,-0.0017087594577011333,0.005917092791034466
koharu-kurumi,topic_strong,all_formed,B_vs_free,-0.396,-0.4263276940010846,-0.3656723059989154,-0.44848181359791284,-0.3435181864020872
koharu-kurumi,topic_strong,all_formed,A_vs_free,-0.457,-0.48813892924482977,-0.42586107075517027,-0.5108856492091784,-0.40311435079082153
koharu-kurumi,topic_strong,all_formed,B_minus_A,-0.014,-0.024340153053275623,-0.003659846946724379,-0.032008928968272295,0.004008928968272296
koharu-kurumi,topic_strong,all_formed,island_change,0.061,0.04247117046535524,0.07952882953464475,0.02893601987048698,0.09306398012951302
kurumi-midori,free,bridge_count,B_vs_free,0.0,0.0,0.0,0.0,0.0
kurumi-midori,free,bridge_count,A_vs_free,0.0,0.0,0.0,0.0,0.0
kurumi-midori,free,bridge_count,B_minus_A,-0.137,-0.16752025713678861,-0.10647974286321141,-0.19015560998352088,-0.08384439001647913
kurumi-midori,free,bridge_count,island_change,0.0,0.0,0.0,0.0,0.0
kurumi-midori,free,bridge_rate,B_vs_free,0.0,0.0,0.0,0.0,0.0
kurumi-midori,free,bridge_rate,A_vs_free,0.0,0.0,0.0,0.0,0.0
kurumi-midori,free,bridge_rate,B_minus_A,-0.03425,-0.041880064284197153,-0.026619935715802852,-0.04753890249588022,-0.020961097504119782
kurumi-midori,free,bridge_rate,island_change,0.0,0.0,0.0,0.0,0.0
kurumi-midori,free,unformed_turns,B_vs_free,0.0,0.0,0.0,0.0,0.0
kurumi-midori,free,unformed_turns,A_vs_free,0.0,0.0,0.0,0.0,0.0
kurumi-midori,free,unformed_turns,B_minus_A,1.82175,1.5431084071960175,2.1003915928039825,1.3364538320846202,2.30704616791538
kurumi-midori,free,unformed_turns,island_change,0.0,0.0,0.0,0.0,0.0
kurumi-midori,free,known_share,B_vs_free,0.0,0.0,0.0,0.0,0.0
kurumi-midori,free,known_share,A_vs_free,0.0,0.0,0.0,0.0,0.0
kurumi-midori,free,known_share,B_minus_A,0.06849999999999999,0.06641964218895996,0.07058035781104002,0.0648767445361225,0.07212325546387749
kurumi-midori,free,known_share,island_change,-1.2836953722228372e-19,-2.904634222681768e-19,3.3724347823609364e-20,-4.0887161100461066e-19,1.5213253656004325e-19
kurumi-midori,free,bridge_share,B_vs_free,0.0,0.0,0.0,0.0,0.0
kurumi-midori,free,bridge_share,A_vs_free,0.0,0.0,0.0,0.0,0.0
kurumi-midori,free,bridge_share,B_minus_A,-0.06925,-0.07144283284672395,-0.06705716715327606,-0.0730691476250379,-0.06543085237496211
kurumi-midori,free,bridge_share,island_change,0.0,0.0,0.0,0.0,0.0
kurumi-midori,free,all_formed,B_vs_free,0.0,0.0,0.0,0.0,0.0
kurumi-midori,free,all_formed,A_vs_free,0.0,0.0,0.0,0.0,0.0
kurumi-midori,free,all_formed,B_minus_A,-0.107,-0.13298214374129652,-0.08101785625870349,-0.1522518041724945,-0.0617481958275055
kurumi-midori,free,all_formed,island_change,0.0,0.0,0.0,0.0,0.0
kurumi-midori,shuffle_weak,bridge_count,B_vs_free,0.043,0.007857879257929655,0.07814212074207033,-0.017813137660737506,0.10381313766073749
kurumi-midori,shuffle_weak,bridge_count,A_vs_free,0.022,-0.009099695443149543,0.05309969544314954,-0.03181775545284986,0.07581775545284986
kurumi-midori,shuffle_weak,bridge_count,B_minus_A,-0.116,-0.14335156921894499,-0.08864843078105503,-0.16363686424145557,-0.06836313575854443
kurumi-midori,shuffle_weak,bridge_count,island_change,0.021,-0.009791706409089832,0.05179170640908984,-0.032284783078651375,0.07428478307865138
kurumi-midori,shuffle_weak,bridge_rate,B_vs_free,0.01075,0.0019644698144824137,0.019535530185517583,-0.0044532844151843765,0.025953284415184373
kurumi-midori,shuffle_weak,bridge_rate,A_vs_free,0.0055,-0.0022749238607873857,0.013274923860787385,-0.007954438863212464,0.018954438863212464
kurumi-midori,shuffle_weak,bridge_rate,B_minus_A,-0.029,-0.035837892304736246,-0.022162107695263757,-0.04090921606036389,-0.017090783939636107
kurumi-midori,shuffle_weak,bridge_rate,island_change,0.00525,-0.002447926602272458,0.01294792660227246,-0.008071195769662844,0.018571195769662846
kurumi-midori,shuffle_weak,unformed_turns,B_vs_free,-0.14525,-0.40395338177852186,0.11345338177852188,-0.5929339768682873,0.3024339768682874
kurumi-midori,shuffle_weak,unformed_turns,A_vs_free,0.065,-0.18415087918889753,0.3141508791888975,-0.36615345330509413,0.49615345330509414
kurumi-midori,shuffle_weak,unformed_turns,B_minus_A,1.6115,1.3579901036725865,1.8650098963274133,1.1699744546631063,2.0530255453368933
kurumi-midori,shuffle_weak,unformed_turns,island_change,-0.21025,-0.4420648179943244,0.021564817994324414,-0.611403548528191,0.19090354852819097
kurumi-midori,shuffle_weak,known_share,B_vs_free,-0.0031458333333333334,-0.0045693974268951505,-0.001722269239771516,-0.0056092987521126556,-0.0006823679145540112
kurumi-midori,shuffle_weak,known_share,A_vs_free,0.0038125,0.002394038088417148,0.005230961911582852,0.0013578638632476304,0.006267136136752369
kurumi-midori,shuffle_weak,known_share,B_minus_A,0.06154166666666667,0.05955957097144616,0.06352376236188718,0.05808954943013924,0.06499378390319409
kurumi-midori,shuffle_weak,known_share,island_change,-0.006958333333333333,-0.00854714251726836,-0.005369524149398305,-0.009707753959608052,-0.004208912707058613
kurumi-midori,shuffle_weak,bridge_share,B_vs_free,0.0008125000000000021,-0.0011474076050822751,0.002772407605082279,-0.0025791032519775882,0.004204103251977592
kurumi-midori,shuffle_weak,bridge_share,A_vs_free,-0.006458333333333333,-0.008429458713876483,-0.0044872079527901836,-0.009869348849253567,-0.0030473178174131
kurumi-midori,shuffle_weak,bridge_share,B_minus_A,-0.06197916666666666,-0.06401873745443154,-0.05993959587890178,-0.06553138540592267,-0.05842694792741065
kurumi-midori,shuffle_weak,bridge_share,island_change,0.007270833333333336,0.005589762196784272,0.0089519044698824,0.004361754191673432,0.010179912474993238
kurumi-midori,shuffle_weak,all_formed,B_vs_free,0.033,0.004997703197304939,0.06100229680269506,-0.01545773374856376,0.08145773374856377
kurumi-midori,shuffle_weak,all_formed,A_vs_free,0.02,-0.0065711080646589475,0.046571108064658945,-0.02598107394810688,0.06598107394810689
kurumi-midori,shuffle_weak,all_formed,B_minus_A,-0.094,-0.11778888676532664,-0.07021111323467336,-0.13543191786269793,-0.05256808213730209
kurumi-midori,shuffle_weak,all_formed,island_change,0.013,-0.013660036142644801,0.0396600361426448,-0.03313496322212513,0.05913496322212512
kurumi-midori,shuffle_medium,bridge_count,B_vs_free,0.177,0.13644651064212723,0.21755348935787275,0.10682253549680681,0.24717746450319317
kurumi-midori,shuffle_medium,bridge_count,A_vs_free,0.114,0.07633058599936612,0.15166941400063388,0.04881340309443995,0.17918659690556005
kurumi-midori,shuffle_medium,bridge_count,B_minus_A,-0.074,-0.09708000183892723,-0.05091999816107275,-0.1141972883344472,-0.0338027116655528
kurumi-midori,shuffle_medium,bridge_count,island_change,0.063,0.030478980546325023,0.09552101945367497,0.006722655572796672,0.11927734442720334
kurumi-midori,shuffle_medium,bridge_rate,B_vs_free,0.04425,0.03411162766053181,0.05438837233946819,0.026705633874201704,0.06179436612579829
kurumi-midori,shuffle_medium,bridge_rate,A_vs_free,0.0285,0.01908264649984153,0.03791735350015847,0.012203350773609987,0.04479664922639001
kurumi-midori,shuffle_medium,bridge_rate,B_minus_A,-0.0185,-0.024270000459731808,-0.012729999540268188,-0.0285493220836118,-0.0084506779163882
kurumi-midori,shuffle_medium,bridge_rate,island_change,0.01575,0.007619745136581256,0.023880254863418743,0.001680663893199168,0.029819336106800834
kurumi-midori,shuffle_medium,unformed_turns,B_vs_free,-1.01575,-1.3336750529328922,-0.6978249470671076,-1.565916569391458,-0.4655834306085419
kurumi-midori,shuffle_medium,unformed_turns,A_vs_free,-0.51875,-0.8298125490909296,-0.20768745090907054,-1.0570410655224212,0.019541065522420964
kurumi-midori,shuffle_medium,unformed_turns,B_minus_A,1.32475,1.091008623365372,1.5584913766346282,0.9176542996683974,1.7318457003316028
kurumi-midori,shuffle_medium,unformed_turns,island_change,-0.497,-0.7671824142363128,-0.2268175857636871,-0.9645483437968325,-0.029451656203167476
kurumi-midori,shuffle_medium,known_share,B_vs_free,-0.007916666666666666,-0.009640095237676415,-0.006193238095656917,-0.01089904498431311,-0.00493428834902022
kurumi-midori,shuffle_medium,known_share,A_vs_free,0.008416666666666666,0.006573811320488337,0.010259522012844996,0.005227621341869162,0.011605711991464169
kurumi-midori,shuffle_medium,known_share,B_minus_A,0.05216666666666667,0.050267083433190085,0.05406624990014325,0.0488582572703315,0.05547507606300183
kurumi-midori,shuffle_medium,known_share,island_change,-0.01633333333333333,-0.01821053784391611,-0.014456128822750552,-0.019581819591670126,-0.013084847074996537
kurumi-midori,shuffle_medium,bridge_share,B_vs_free,0.003541666666666668,0.0010255589128563627,0.006057774420476973,-0.0008124361583952393,0.007895769491728575
kurumi-midori,shuffle_medium,bridge_share,A_vs_free,-0.013229166666666667,-0.015844374112945144,-0.010613959220388188,-0.017754760657114878,-0.008703572676218456
kurumi-midori,shuffle_medium,bridge_share,B_minus_A,-0.05247916666666667,-0.05440651162140279,-0.050551821711930546,-0.055835927268600434,-0.0491224060647329
kurumi-midori,shuffle_medium,bridge_share,island_change,0.016770833333333336,0.01479418014298399,0.01874748652368268,0.013350251990092266,0.020191414676574405
kurumi-midori,shuffle_medium,all_formed,B_vs_free,0.141,0.10618947108526898,0.17581052891473098,0.08076067914420623,0.20123932085579374
kurumi-midori,shuffle_medium,all_formed,A_vs_free,0.095,0.06137761423062271,0.1286223857693773,0.03681675063714144,0.15318324936285857
kurumi-midori,shuffle_medium,all_formed,B_minus_A,-0.061,-0.08149942518298581,-0.04050057481701419,-0.09670282665147348,-0.025297173348526512
kurumi-midori,shuffle_medium,all_formed,island_change,0.046,0.01745550205796636,0.07454449794203363,-0.0033960081563154873,0.09539600815631549
kurumi-midori,shuffle_strong,bridge_count,B_vs_free,0.329,0.2846818787596962,0.37331812124030384,0.25230787240664765,0.4056921275933524
kurumi-midori,shuffle_strong,bridge_count,A_vs_free,0.216,0.17433924233611287,0.25766075766388713,0.143906417217684,0.288093582782316
kurumi-midori,shuffle_strong,bridge_count,B_minus_A,-0.024,-0.03631271055621958,-0.011687289443780415,-0.04544443401092706,-0.0025555659890729443
kurumi-midori,shuffle_strong,bridge_count,island_change,0.113,0.08124476413873447,0.14475523586126554,0.058047837492389204,0.1679521625076108
kurumi-midori,shuffle_strong,bridge_rate,B_vs_free,0.08225,0.07117046968992405,0.09332953031007596,0.06307696810166191,0.1014230318983381
kurumi-midori,shuffle_strong,bridge_rate,A_vs_free,0.054,0.043584810584028216,0.06441518941597178,0.035976604304421,0.072023395695579
kurumi-midori,shuffle_strong,bridge_rate,B_minus_A,-0.006,-0.009078177639054896,-0.002921822360945104,-0.011361108502731764,-0.0006388914972682361
kurumi-midori,shuffle_strong,bridge_rate,island_change,0.02825,0.020311191034683616,0.036188808965316385,0.014511959373097301,0.0419880406269027
kurumi-midori,shuffle_strong,unformed_turns,B_vs_free,-3.07975,-3.4760704768925073,-2.683429523107493,-3.765579176216452,-2.3939208237835485
kurumi-midori,shuffle_strong,unformed_turns,A_vs_free,-1.85825,-2.2461072258173345,-1.4703927741826655,-2.5294335930295575,-1.1870664069704424
kurumi-midori,shuffle_strong,unformed_turns,B_minus_A,0.60025,0.4421110075888276,0.7583889924111723,0.3248272024095162,0.8756727975904837
kurumi-midori,shuffle_strong,unformed_turns,island_change,-1.2215,-1.5226107326777538,-0.9203892673222462,-1.7425695328223663,-0.7004304671776338
kurumi-midori,shuffle_strong,known_share,B_vs_free,-0.014312499999999999,-0.016522016893598584,-0.012102983106401413,-0.018136049978680648,-0.01048895002131935
kurumi-midori,shuffle_strong,known_share,A_vs_free,0.018229166666666668,0.015934299354172506,0.02052403397916083,0.014257918522249407,0.02220041481108393
kurumi-midori,shuffle_strong,known_share,B_minus_A,0.035958333333333335,0.03439148410909652,0.03752518255757015,0.03322943016933864,0.03868723649732803
kurumi-midori,shuffle_strong,known_share,island_change,-0.03254166666666666,-0.03477564529034385,-0.03030768804298948,-0.036407547458834864,-0.028675785874498462
kurumi-midori,shuffle_strong,bridge_share,B_vs_free,0.004,0.0008531630458268923,0.007146836954173108,-0.0014455742809206156,0.009445574280920615
kurumi-midori,shuffle_strong,bridge_share,A_vs_free,-0.029166666666666667,-0.03243292456568277,-0.02590040876765056,-0.03481889786541007,-0.023514435467923263
kurumi-midori,shuffle_strong,bridge_share,B_minus_A,-0.036083333333333335,-0.037672001745204874,-0.0344946649214618,-0.03885023788843266,-0.033316428778234014
kurumi-midori,shuffle_strong,bridge_share,island_change,0.033166666666666664,0.030830654224082144,0.03550267910925118,0.029124217228547786,0.03720911610478554
kurumi-midori,shuffle_strong,all_formed,B_vs_free,0.264,0.22616252226797984,0.3018374777320202,0.19852257025291664,0.3294774297470834
kurumi-midori,shuffle_strong,all_formed,A_vs_free,0.18,0.14322965027880996,0.21677034972119003,0.11636922609649959,0.2436307739035004
kurumi-midori,shuffle_strong,all_formed,B_minus_A,-0.023,-0.03516298202464066,-0.010837017975359343,-0.04418365929358625,-0.00181634070641375
kurumi-midori,shuffle_strong,all_formed,island_change,0.084,0.05620217293402973,0.11179782706597027,0.0358960993720428,0.1321039006279572
kurumi-midori,task_weak,bridge_count,B_vs_free,0.049,0.018964393529411528,0.07903560647058848,-0.0029763586388504987,0.1009763586388505
kurumi-midori,task_weak,bridge_count,A_vs_free,0.027,-0.0024976742538523958,0.056497674253852395,-0.024045471564942234,0.07804547156494224
kurumi-midori,task_weak,bridge_count,B_minus_A,-0.115,-0.14446532615542285,-0.08553467384457716,-0.1663182892966837,-0.0636817107033163
kurumi-midori,task_weak,bridge_count,island_change,0.022,-0.0029218973307925875,0.046921897330792585,-0.02112712895923447,0.06512712895923448
kurumi-midori,task_weak,bridge_rate,B_vs_free,0.01225,0.004741098382352882,0.01975890161764712,-0.0007440896597126247,0.025244089659712626
kurumi-midori,task_weak,bridge_rate,A_vs_free,0.00675,-0.0006244185634630989,0.014124418563463099,-0.0060113678912355585,0.01951136789123556
kurumi-midori,task_weak,bridge_rate,B_minus_A,-0.02875,-0.03611633153885571,-0.02138366846114429,-0.04157957232417093,-0.015920427675829074
kurumi-midori,task_weak,bridge_rate,island_change,0.0055,-0.0007304743326981469,0.011730474332698146,-0.005281782239808618,0.01628178223980862
kurumi-midori,task_weak,unformed_turns,B_vs_free,-0.474,-0.6721155846047031,-0.2758844153952969,-0.8168373150195234,-0.13116268498047656
kurumi-midori,task_weak,unformed_turns,A_vs_free,-0.26675,-0.46902145035998216,-0.06447854964001781,-0.6167790049613536,0.08327900496135365
kurumi-midori,task_weak,unformed_turns,B_minus_A,1.6145,1.345361093086089,1.883638906913911,1.1457541862544638,2.083245813745536
kurumi-midori,task_weak,unformed_turns,island_change,-0.20725,-0.36987679302534904,-0.04462320697465097,-0.48867426645683915,0.07417426645683917
kurumi-midori,task_weak,known_share,B_vs_free,-0.0028958333333333336,-0.0040262940047076055,-0.001765372661959062,-0.004852085801216785,-0.0009395808654498825
kurumi-midori,task_weak,known_share,A_vs_free,0.0049375,0.0037332968914446235,0.006141703108555377,0.00285363687888798,0.007021363121112021
kurumi-midori,task_weak,known_share,B_minus_A,0.06066666666666667,0.05873300310024115,0.06260033023309218,0.057298901253826695,0.06403443207950664
kurumi-midori,task_weak,known_share,island_change,-0.007833333333333333,-0.009030442073591572,-0.006636224593075093,-0.009904919711131074,-0.0057617469555355915
kurumi-midori,task_weak,bridge_share,B_vs_free,0.0006458333333333317,-0.000996487524611098,0.0022881541912777616,-0.002196188784521107,0.00348785545118777
kurumi-midori,task_weak,bridge_share,A_vs_free,-0.007437500000000001,-0.009133571510575441,-0.005741428489424562,-0.010372537159883217,-0.004502462840116786
kurumi-midori,task_weak,bridge_share,B_minus_A,-0.06116666666666667,-0.06316971140722469,-0.059163621926108655,-0.0646552698108487,-0.05767806352248464
kurumi-midori,task_weak,bridge_share,island_change,0.008083333333333333,0.006833811720949068,0.009332854945717598,0.005921046931163448,0.010245619735503218
kurumi-midori,task_weak,all_formed,B_vs_free,0.033,0.007741304481440468,0.058258695518559535,-0.010709955326114441,0.07670995532611444
kurumi-midori,task_weak,all_formed,A_vs_free,0.018,-0.00799139230734041,0.04399139230734041,-0.02697788081663186,0.06297788081663186
kurumi-midori,task_weak,all_formed,B_minus_A,-0.092,-0.11692344028170018,-0.06707655971829982,-0.1354079131484352,-0.048592086851564804
kurumi-midori,task_weak,all_formed,island_change,0.015,-0.00725302759709872,0.03725302759709872,-0.023508672842003024,0.05350867284200302
kurumi-midori,task_medium,bridge_count,B_vs_free,0.18,0.13823525345397084,0.22176474654602915,0.10772646535162263,0.2522735346483774
kurumi-midori,task_medium,bridge_count,A_vs_free,0.132,0.09354397280493437,0.17045602719506564,0.06545217572771861,0.1985478242722814
kurumi-midori,task_medium,bridge_count,B_minus_A,-0.089,-0.11162184860780466,-0.06637815139219533,-0.12839934569729666,-0.04960065430270332
kurumi-midori,task_medium,bridge_count,island_change,0.048,0.016035653094845302,0.07996434690515469,-0.00731402737034198,0.10331402737034198
kurumi-midori,task_medium,bridge_rate,B_vs_free,0.045,0.03455881336349271,0.05544118663650729,0.026931616337905657,0.06306838366209434
kurumi-midori,task_medium,bridge_rate,A_vs_free,0.033,0.023385993201233593,0.04261400679876641,0.016363043931929652,0.04963695606807035
kurumi-midori,task_medium,bridge_rate,B_minus_A,-0.02225,-0.027905462151951166,-0.016594537848048832,-0.032099836424324166,-0.01240016357567583
kurumi-midori,task_medium,bridge_rate,island_change,0.012,0.0040089132737113255,0.019991086726288673,-0.001828506842585495,0.025828506842585496
kurumi-midori,task_medium,unformed_turns,B_vs_free,-0.822,-1.1538967339212418,-0.49010326607875815,-1.3963444431610177,-0.2476555568389821
kurumi-midori,task_medium,unformed_turns,A_vs_free,-0.36025,-0.683863262948007,-0.03663673705199305,-0.9202599678941055,0.1997599678941055
kurumi-midori,task_medium,unformed_turns,B_minus_A,1.36,1.1333251312206487,1.5866748687793515,0.9652116840333806,1.7547883159666195
kurumi-midori,task_medium,unformed_turns,island_change,-0.46175,-0.727188496066969,-0.19631150393303104,-0.9210890342107374,-0.0024109657892625314
kurumi-midori,task_medium,known_share,B_vs_free,-0.008604166666666666,-0.010297717119018895,-0.006910616214314437,-0.011534841156980107,-0.005673492176353226
kurumi-midori,task_medium,known_share,A_vs_free,0.008729166666666666,0.006898736062211665,0.010559597271121667,0.0055616222505469725,0.01189671108278636
kurumi-midori,task_medium,known_share,B_minus_A,0.051166666666666666,0.049352435629428384,0.05298089770390495,0.048006910934491206,0.054326422398842125
kurumi-midori,task_medium,known_share,island_change,-0.017333333333333333,-0.01905781524073627,-0.015608851425930395,-0.020317534440547663,-0.014349132226119003
kurumi-midori,task_medium,bridge_share,B_vs_free,0.0035208333333333333,0.0011852128149603823,0.005856453851706285,-0.0005209378833086571,0.007562604549975324
kurumi-midori,task_medium,bridge_share,A_vs_free,-0.014041666666666668,-0.016518538513760235,-0.0115647948195731,-0.018327872092652363,-0.009755461240680972
kurumi-midori,task_medium,bridge_share,B_minus_A,-0.0516875,-0.053541576473907934,-0.04983342352609206,-0.054916652542357704,-0.04845834745764229
kurumi-midori,task_medium,bridge_share,island_change,0.0175625,0.015721653179560594,0.01940334682043941,0.014376930411716884,0.020748069588283118
kurumi-midori,task_medium,all_formed,B_vs_free,0.141,0.1058596301101426,0.17614036988985737,0.08018989217395661,0.20181010782604336
kurumi-midori,task_medium,all_formed,A_vs_free,0.107,0.073173735977236,0.140826264022764,0.048463941073363645,0.16553605892663636
kurumi-midori,task_medium,all_formed,B_minus_A,-0.073,-0.09277296851471431,-0.053227031485285674,-0.10743759329660699,-0.03856240670339301
kurumi-midori,task_medium,all_formed,island_change,0.034,0.0060710627496151255,0.06192893725038488,-0.014330785674310842,0.08233078567431085
kurumi-midori,task_strong,bridge_count,B_vs_free,0.351,0.30751222902211905,0.3944877709778809,0.2757447863933127,0.4262552136066873
kurumi-midori,task_strong,bridge_count,A_vs_free,0.228,0.1872410260242047,0.26875897397579535,0.1574669461330173,0.2985330538669827
kurumi-midori,task_strong,bridge_count,B_minus_A,-0.014,-0.026057081720699236,-0.0019429182793007649,-0.034999218014857274,0.006999218014857271
kurumi-midori,task_strong,bridge_count,island_change,0.123,0.09090508892492585,0.15509491107507414,0.06746003245669158,0.17853996754330842
kurumi-midori,task_strong,bridge_rate,B_vs_free,0.08775,0.07687805725552976,0.09862194274447023,0.06893619659832817,0.10656380340167182
kurumi-midori,task_strong,bridge_rate,A_vs_free,0.057,0.046810256506051175,0.06718974349394884,0.03936673653325432,0.07463326346674568
kurumi-midori,task_strong,bridge_rate,B_minus_A,-0.0035,-0.006514270430174809,-0.0004857295698251912,-0.008749804503714318,0.0017498045037143179
kurumi-midori,task_strong,bridge_rate,island_change,0.03075,0.022726272231231463,0.038773727768768536,0.016865008114172894,0.044634991885827105
kurumi-midori,task_strong,unformed_turns,B_vs_free,-2.707,-3.108018887123075,-2.3059811128769248,-3.4009597347059417,-2.013040265294058
kurumi-midori,task_strong,unformed_turns,A_vs_free,-1.494,-1.8872180261871505,-1.1007819738128495,-2.1744604119573085,-0.8135395880426913
kurumi-midori,task_strong,unformed_turns,B_minus_A,0.60875,0.46762427857847194,0.7498757214215281,0.36295836813712706,0.8545416318628729
kurumi-midori,task_strong,unformed_turns,island_change,-1.213,-1.508910829928323,-0.9170891700716772,-1.725071145842692,-0.7009288541573083
kurumi-midori,task_strong,known_share,B_vs_free,-0.014770833333333332,-0.0169633978654331,-0.012578268801233566,-0.018565047396260095,-0.010976619270406569
kurumi-midori,task_strong,known_share,A_vs_free,0.018062500000000002,0.015736592487614172,0.020388407512385832,0.014037537056669965,0.02208746294333004
kurumi-midori,task_strong,known_share,B_minus_A,0.035666666666666666,0.034145141684418616,0.037188191648914716,0.03301670247488164,0.03831663085845169
kurumi-midori,task_strong,known_share,island_change,-0.03283333333333333,-0.03499056069653899,-0.030676105970127675,-0.03656639672945001,-0.029100269937216657
kurumi-midori,task_strong,bridge_share,B_vs_free,0.0023333333333333344,-0.0007724815780935875,0.005439148244760257,-0.003041252655475987,0.007707919322142655
kurumi-midori,task_strong,bridge_share,A_vs_free,-0.03116666666666667,-0.034376739156130084,-0.027956594177203257,-0.03672166949747147,-0.025611663835861866
kurumi-midori,task_strong,bridge_share,B_minus_A,-0.03575,-0.037279341483862624,-0.03422065851613737,-0.038413577802882654,-0.03308642219711734
kurumi-midori,task_strong,bridge_share,island_change,0.0335,0.031242173867297978,0.03575782613270202,0.029592851298594406,0.0374071487014056
kurumi-midori,task_strong,all_formed,B_vs_free,0.284,0.24682692172891582,0.3211730782710841,0.2196723078050744,0.34832769219492554
kurumi-midori,task_strong,all_formed,A_vs_free,0.192,0.15610087459554475,0.22789912540445526,0.12987687228256334,0.25412312771743667
kurumi-midori,task_strong,all_formed,B_minus_A,-0.015,-0.026563968409043903,-0.0034360315909560957,-0.0351403871487032,0.005140387148703199
kurumi-midori,task_strong,all_formed,island_change,0.092,0.06402346368500589,0.11997653631499411,0.04358684455381769,0.1404131554461823
kurumi-midori,host_weak,bridge_count,B_vs_free,0.064,0.03238597379242795,0.09561402620757206,0.00929219958345693,0.11870780041654308
kurumi-midori,host_weak,bridge_count,A_vs_free,0.024,-0.0063429057660984445,0.054342905766098445,-0.028508137426421602,0.0765081374264216
kurumi-midori,host_weak,bridge_count,B_minus_A,-0.097,-0.12883747493772724,-0.06516252506227276,-0.15244974254525634,-0.041550257454743666
kurumi-midori,host_weak,bridge_count,island_change,0.04,0.009218223609451032,0.07078177639054897,-0.013267599266981858,0.09326759926698186
kurumi-midori,host_weak,bridge_rate,B_vs_free,0.016,0.008096493448106987,0.023903506551893015,0.0023230498958642324,0.02967695010413577
kurumi-midori,host_weak,bridge_rate,A_vs_free,0.006,-0.0015857264415246111,0.013585726441524611,-0.0071270343566054006,0.0191270343566054
kurumi-midori,host_weak,bridge_rate,B_minus_A,-0.02425,-0.03220936873443181,-0.01629063126556819,-0.038112435636314085,-0.010387564363685917
kurumi-midori,host_weak,bridge_rate,island_change,0.01,0.002304555902362758,0.017695444097637243,-0.0033168998167454646,0.023316899816745465
kurumi-midori,host_weak,unformed_turns,B_vs_free,-0.28825,-0.5184636214706042,-0.05803637852939586,-0.6866326917169705,0.11013269171697054
kurumi-midori,host_weak,unformed_turns,A_vs_free,0.05525,-0.18039131302533581,0.29089131302533583,-0.3525252652648376,0.4630252652648376
kurumi-midori,host_weak,unformed_turns,B_minus_A,1.47825,1.194719788269285,1.761780211730715,0.9844395682675495,1.9720604317324506
kurumi-midori,host_weak,unformed_turns,island_change,-0.3435,-0.5768258715503592,-0.11017412844964078,-0.7472684137092183,0.06026841370921815
kurumi-midori,host_weak,known_share,B_vs_free,-0.0065,-0.007953990042124826,-0.005046009957875174,-0.009016117261051483,-0.003983882738948516
kurumi-midori,host_weak,known_share,A_vs_free,0.003791666666666667,0.0021529895973398465,0.005430343735993487,0.0009559500936720763,0.006627383239661258
kurumi-midori,host_weak,known_share,B_minus_A,0.058208333333333334,0.0563054230071813,0.06011124365948537,0.05489412930558853,0.06152253736107814
kurumi-midori,host_weak,known_share,island_change,-0.010291666666666666,-0.012053579257473688,-0.008529754075859644,-0.013340641249542727,-0.007242692083790605
kurumi-midori,host_weak,bridge_share,B_vs_free,0.0031458333333333316,0.0009731968298059253,0.005318469836860738,-0.0006138954475647003,0.006905562114231364
kurumi-midori,host_weak,bridge_share,A_vs_free,-0.004083333333333333,-0.006370262747667353,-0.0017964039189993122,-0.008040845013264212,-0.0001258216534024536
kurumi-midori,host_weak,bridge_share,B_minus_A,-0.06202083333333334,-0.06421573813784101,-0.059825928528825664,-0.06584358958392639,-0.05819807708274029
kurumi-midori,host_weak,bridge_share,island_change,0.007229166666666664,0.005162680398109085,0.009295652935224243,0.003653129954307107,0.010805203379026221
kurumi-midori,host_weak,all_formed,B_vs_free,0.05,0.023436129061463216,0.07656387093853678,0.004031449836395633,0.09596855016360437
kurumi-midori,host_weak,all_formed,A_vs_free,0.019,-0.00793326908088551,0.045933269080885505,-0.027607790471471747,0.06560779047147175
kurumi-midori,host_weak,all_formed,B_minus_A,-0.076,-0.10360904884232663,-0.04839095115767336,-0.12408530366245514,-0.027914696337544856
kurumi-midori,host_weak,all_formed,island_change,0.031,0.003966971923089951,0.05803302807691005,-0.015780422555991186,0.07778042255599119
kurumi-midori,host_medium,bridge_count,B_vs_free,0.088,0.04751365423017541,0.1284863457698246,0.017938726898372448,0.15806127310162754
kurumi-midori,host_medium,bridge_count,A_vs_free,0.041,0.0034166901992975646,0.07858330980070244,-0.024037594328224714,0.10603759432822471
kurumi-midori,host_medium,bridge_count,B_minus_A,-0.09,-0.1239595213318605,-0.056040478668139486,-0.1491456049355348,-0.030854395064465204
kurumi-midori,host_medium,bridge_count,island_change,0.047,0.008533224746563456,0.08546677525343654,-0.019566423694840226,0.11356642369484023
kurumi-midori,host_medium,bridge_rate,B_vs_free,0.022,0.011878413557543852,0.03212158644245615,0.004484681724593112,0.039515318275406885
kurumi-midori,host_medium,bridge_rate,A_vs_free,0.01025,0.0008541725498243911,0.01964582745017561,-0.006009398582056178,0.026509398582056178
kurumi-midori,host_medium,bridge_rate,B_minus_A,-0.0225,-0.030989880332965125,-0.014010119667034871,-0.0372864012338837,-0.007713598766116301
kurumi-midori,host_medium,bridge_rate,island_change,0.01175,0.002133306186640864,0.021366693813359136,-0.004891605923710057,0.028391605923710057
kurumi-midori,host_medium,unformed_turns,B_vs_free,-0.64825,-0.9624797059209762,-0.3340202940790238,-1.1920218031737546,-0.10447819682624548
kurumi-midori,host_medium,unformed_turns,A_vs_free,-0.14175,-0.4441098890289411,0.16060988902894113,-0.6649811871431766,0.3814811871431765
kurumi-midori,host_medium,unformed_turns,B_minus_A,1.31525,1.0213796492823222,1.609120350717678,0.8034306637978729,1.8270693362021273
kurumi-midori,host_medium,unformed_turns,island_change,-0.5065,-0.7972345419214344,-0.21576545807856556,-1.009613623971859,-0.0033863760281408473
kurumi-midori,host_medium,known_share,B_vs_free,-0.010374999999999999,-0.012366383674607946,-0.008383616325392052,-0.013821072319542767,-0.006928927680457229
kurumi-midori,host_medium,known_share,A_vs_free,0.006291666666666667,0.004227521936162415,0.008355811397170919,0.002719681965767089,0.009863651367566244
kurumi-midori,host_medium,known_share,B_minus_A,0.05183333333333333,0.04984284665540937,0.05382382001125729,0.04836660194064188,0.05530006472602478
kurumi-midori,host_medium,known_share,island_change,-0.016666666666666666,-0.018872013313252955,-0.014461320020080378,-0.02048300006876392,-0.012850333264569413
kurumi-midori,host_medium,bridge_share,B_vs_free,0.005854166666666668,0.0029973113180535174,0.008711022015279818,0.0009104030598209387,0.010797930273512397
kurumi-midori,host_medium,bridge_share,A_vs_free,-0.005708333333333334,-0.008608353339381557,-0.002808313327285113,-0.010726793008579257,-0.0006898736580874124
kurumi-midori,host_medium,bridge_share,B_minus_A,-0.057687499999999996,-0.060070937870166125,-0.05530406212983387,-0.06183861488997878,-0.05353638511002121
kurumi-midori,host_medium,bridge_share,island_change,0.011562500000000003,0.009010210260265416,0.01411478973973459,0.007145784559524193,0.015979215440475814
kurumi-midori,host_medium,all_formed,B_vs_free,0.075,0.04141194323040468,0.10858805676959532,0.016876156675974988,0.133123843324025
kurumi-midori,host_medium,all_formed,A_vs_free,0.034,0.0014900383265681466,0.06650996167343186,-0.022258209033608763,0.09025820903360876
kurumi-midori,host_medium,all_formed,B_minus_A,-0.066,-0.09439321336102988,-0.03760678663897014,-0.11545104390285635,-0.016548956097143665
kurumi-midori,host_medium,all_formed,island_change,0.041,0.007415149060735544,0.07458485093926445,-0.017118295662213186,0.0991182956622132
kurumi-midori,host_strong,bridge_count,B_vs_free,0.14,0.09251348392217841,0.18748651607782163,0.05782499239403446,0.22217500760596556
kurumi-midori,host_strong,bridge_count,A_vs_free,0.075,0.03188628765471253,0.11811371234528746,0.0003920916394603152,0.14960790836053967
kurumi-midori,host_strong,bridge_count,B_minus_A,-0.072,-0.1058980917785386,-0.038101908221461395,-0.13103861614565643,-0.012961383854343561
kurumi-midori,host_strong,bridge_count,island_change,0.065,0.02076803750107275,0.10923196249892725,-0.011543030632515314,0.14154303063251533
kurumi-midori,host_strong,bridge_rate,B_vs_free,0.035,0.023128370980544603,0.04687162901945541,0.014456248098508616,0.05554375190149139
kurumi-midori,host_strong,bridge_rate,A_vs_free,0.01875,0.007971571913678133,0.029528428086321865,9.80229098650788e-05,0.037401977090134916
kurumi-midori,host_strong,bridge_rate,B_minus_A,-0.018,-0.02647452294463465,-0.009525477055365349,-0.03275965403641411,-0.0032403459635858903
kurumi-midori,host_strong,bridge_rate,island_change,0.01625,0.005192009375268187,0.027307990624731812,-0.0028857576581288284,0.03538575765812883
kurumi-midori,host_strong,unformed_turns,B_vs_free,-0.8385,-1.2483217169307503,-0.42867828306924965,-1.5476929559684636,-0.12930704403153648
kurumi-midori,host_strong,unformed_turns,A_vs_free,-0.1495,-0.5321659322376311,0.23316593223763113,-0.8117001041440429,0.512700104144043
kurumi-midori,host_strong,unformed_turns,B_minus_A,1.13275,0.8245666389177573,1.4409333610822426,0.5960024073543244,1.6694975926456754
kurumi-midori,host_strong,unformed_turns,island_change,-0.689,-1.078757088960284,-0.2992429110397159,-1.3634712898563013,-0.014528710143698498
kurumi-midori,host_strong,known_share,B_vs_free,-0.018645833333333334,-0.021225765595537304,-0.016065901071129363,-0.023110383921168598,-0.01418128274549807
kurumi-midori,host_strong,known_share,A_vs_free,0.010583333333333335,0.008060324387489609,0.013106342279177062,0.006217288054819857,0.014949378611846814
kurumi-midori,host_strong,known_share,B_minus_A,0.03927083333333333,0.037462263858562495,0.04107940280810417,0.03612093806219751,0.04242072860446915
kurumi-midori,host_strong,known_share,island_change,-0.029229166666666667,-0.03174709495660861,-0.026711238376724723,-0.033586419913844597,-0.02487191341948874
kurumi-midori,host_strong,bridge_share,B_vs_free,0.008729166666666666,0.005124892219069876,0.012333441114263457,0.0024920007381351366,0.014966332595198195
kurumi-midori,host_strong,bridge_share,A_vs_free,-0.012958333333333336,-0.016635879368675964,-0.009280787297990707,-0.01932229511419583,-0.006594371552470843
kurumi-midori,host_strong,bridge_share,B_minus_A,-0.0475625,-0.049903285639491354,-0.04522171436050865,-0.051639329626636664,-0.04348567037336334
kurumi-midori,host_strong,bridge_share,island_change,0.021687500000000002,0.01874338622092512,0.024631613779074885,0.016592736429814653,0.02678226357018535
kurumi-midori,host_strong,all_formed,B_vs_free,0.114,0.07572298213684225,0.15227701786315775,0.047761949836793355,0.18023805016320665
kurumi-midori,host_strong,all_formed,A_vs_free,0.051,0.012854060358786397,0.08914593964121359,-0.01501122042763322,0.1170112204276332
kurumi-midori,host_strong,all_formed,B_minus_A,-0.044,-0.07361431528957017,-0.014385684710429818,-0.09557777624238746,0.007577776242387466
kurumi-midori,host_strong,all_formed,island_change,0.063,0.024923075994222672,0.10107692400577734,-0.0028917894641653508,0.12889178946416535
kurumi-midori,topic_weak,bridge_count,B_vs_free,-0.299,-0.33524362452513157,-0.2627563754748684,-0.36171928048247487,-0.2362807195175251
kurumi-midori,topic_weak,bridge_count,A_vs_free,-0.339,-0.37600381559743223,-0.3019961844025678,-0.4030347845941246,-0.27496521540587543
kurumi-midori,topic_weak,bridge_count,B_minus_A,-0.097,-0.13048577732236305,-0.06351422267763696,-0.15532050861711214,-0.038679491382887864
kurumi-midori,topic_weak,bridge_count,island_change,0.04,0.009218223609451032,0.07078177639054897,-0.013267599266981858,0.09326759926698186
kurumi-midori,topic_weak,bridge_rate,B_vs_free,-0.07475,-0.08381090613128289,-0.0656890938687171,-0.09042982012061872,-0.05907017987938128
kurumi-midori,topic_weak,bridge_rate,A_vs_free,-0.08475,-0.09400095389935806,-0.07549904610064195,-0.10075869614853115,-0.06874130385146886
kurumi-midori,topic_weak,bridge_rate,B_minus_A,-0.02425,-0.03262144433059076,-0.01587855566940924,-0.038830127154278034,-0.009669872845721966
kurumi-midori,topic_weak,bridge_rate,island_change,0.01,0.002304555902362758,0.017695444097637243,-0.0033168998167454646,0.023316899816745465
kurumi-midori,topic_weak,unformed_turns,B_vs_free,1.79625,1.5608951505010302,2.0316048494989696,1.3889704574034538,2.203529542596546
kurumi-midori,topic_weak,unformed_turns,A_vs_free,2.218,1.9693738497982076,2.466626150201792,1.7877545856935089,2.648245414306491
kurumi-midori,topic_weak,unformed_turns,B_minus_A,1.4,1.1207288715904145,1.6792711284095854,0.9136074013117013,1.8863925986882986
kurumi-midori,topic_weak,unformed_turns,island_change,-0.42175,-0.6138542070582252,-0.2296457929417748,-0.7541846778836552,-0.08931532211634485
kurumi-midori,topic_weak,known_share,B_vs_free,0.0014791666666666668,0.0010243136054705244,0.0019340197278628092,0.0006920473567948953,0.0022662859765384385
kurumi-midori,topic_weak,known_share,A_vs_free,0.0022500000000000003,0.0013472001866091168,0.0031527998133908837,0.0006877126885771023,0.003812287311422898
kurumi-midori,topic_weak,known_share,B_minus_A,0.06772916666666666,0.06567751066547925,0.06978082266785407,0.06415589971381348,0.07130243361951984
kurumi-midori,topic_weak,known_share,island_change,-0.0007708333333333335,-0.0017510095875035922,0.00020934292083692521,-0.0024670199099528496,0.0009253532432861824
kurumi-midori,topic_weak,bridge_share,B_vs_free,-0.004125,-0.005119683060886148,-0.0031303169391138524,-0.00584629048085757,-0.00240370951914243
kurumi-midori,topic_weak,bridge_share,A_vs_free,-0.005145833333333332,-0.006402371232623865,-0.0038892954340427996,-0.0073202613596422324,-0.002971405307024432
kurumi-midori,topic_weak,bridge_share,B_minus_A,-0.06822916666666667,-0.07036819389965734,-0.066090139433676,-0.07195460373724522,-0.06450372959608813
kurumi-midori,topic_weak,bridge_share,island_change,0.001020833333333332,-7.584412643153043e-05,0.0021175107930981943,-0.0008769575774544677,0.0029186242441211316
kurumi-midori,topic_weak,all_formed,B_vs_free,-0.189,-0.21777227224342996,-0.16022772775657004,-0.23879016962562633,-0.13920983037437368
kurumi-midori,topic_weak,all_formed,A_vs_free,-0.233,-0.2618678078129935,-0.2041321921870065,-0.2829554931069838,-0.1830445068930162
kurumi-midori,topic_weak,all_formed,B_minus_A,-0.063,-0.08849508754817463,-0.03750491245182537,-0.1074035226876561,-0.018596477312343908
kurumi-midori,topic_weak,all_formed,island_change,0.044,0.017686005839312634,0.07031399416068736,-0.0015361405489112273,0.08953614054891122
kurumi-midori,topic_medium,bridge_count,B_vs_free,-0.469,-0.5129819170959092,-0.42501808290409077,-0.5451103292134183,-0.3928896707865816
kurumi-midori,topic_medium,bridge_count,A_vs_free,-0.505,-0.5498878299461811,-0.4601121700538189,-0.5826780036083864,-0.4273219963916136
kurumi-midori,topic_medium,bridge_count,B_minus_A,-0.101,-0.1347834924595247,-0.0672165075404753,-0.15983902422614615,-0.04216097577385387
kurumi-midori,topic_medium,bridge_count,island_change,0.036,0.001434189121594709,0.07056581087840529,-0.023815838398933226,0.09581583839893322
kurumi-midori,topic_medium,bridge_rate,B_vs_free,-0.11725,-0.1282454792739773,-0.10625452072602269,-0.13627758230335457,-0.0982224176966454
kurumi-midori,topic_medium,bridge_rate,A_vs_free,-0.12625,-0.13747195748654528,-0.11502804251345472,-0.1456695009020966,-0.1068304990979034
kurumi-midori,topic_medium,bridge_rate,B_minus_A,-0.02525,-0.033695873114881175,-0.016804126885118825,-0.03995975605653654,-0.010540243943463468
kurumi-midori,topic_medium,bridge_rate,island_change,0.009,0.0003585472803986772,0.01764145271960132,-0.005953959599733306,0.023953959599733305
kurumi-midori,topic_medium,unformed_turns,B_vs_free,2.9705,2.6671233525173075,3.2738766474826924,2.4455093210984993,3.4954906789015006
kurumi-midori,topic_medium,unformed_turns,A_vs_free,3.41575,3.1007395510208178,3.7307604489791824,2.8706271276797692,3.960872872320231
kurumi-midori,topic_medium,unformed_turns,B_minus_A,1.3765,1.0792407861872124,1.6737592138127877,0.8587784499284468,1.8942215500715534
kurumi-midori,topic_medium,unformed_turns,island_change,-0.44525,-0.6837325091512395,-0.20676749084876042,-0.8579419307214813,-0.032558069278518675
kurumi-midori,topic_medium,known_share,B_vs_free,0.002125,0.0015113824287506363,0.0027386175712493643,0.0010631400711322992,0.003186859928867701
kurumi-midori,topic_medium,known_share,A_vs_free,0.005541666666666667,0.004472230885465975,0.006611102447867359,0.003691017246308305,0.007392316087025029
kurumi-midori,topic_medium,known_share,B_minus_A,0.06508333333333333,0.06307416525764718,0.06709250140901947,0.06158406548169453,0.06858260118497211
kurumi-midori,topic_medium,known_share,island_change,-0.003416666666666667,-0.004626589396849472,-0.0022067439364838615,-0.005510427543806248,-0.0013229057895270849
kurumi-midori,topic_medium,bridge_share,B_vs_free,-0.007020833333333334,-0.008332888754274868,-0.005708777912391799,-0.00929133395331196,-0.004750332713354708
kurumi-midori,topic_medium,bridge_share,A_vs_free,-0.010729166666666665,-0.012301784591514979,-0.00915654874181835,-0.013450568458364842,-0.008007764874968487
kurumi-midori,topic_medium,bridge_share,B_minus_A,-0.06554166666666666,-0.06763626754221022,-0.06344706579112311,-0.06918972856576933,-0.061893604767564
kurumi-midori,topic_medium,bridge_share,island_change,0.003708333333333331,0.002361821489001948,0.005054845177664713,0.0013782061690637967,0.006038460497602865
kurumi-midori,topic_medium,all_formed,B_vs_free,-0.281,-0.3138157690310177,-0.24818423096898237,-0.3377874060354354,-0.22421259396456467
kurumi-midori,topic_medium,all_formed,A_vs_free,-0.329,-0.36312100844959916,-0.29487899155040087,-0.38804611162195946,-0.2699538883780406
kurumi-midori,topic_medium,all_formed,B_minus_A,-0.059,-0.08329709734390796,-0.034702902656092036,-0.10131704288584213,-0.016682957114157862
kurumi-midori,topic_medium,all_formed,island_change,0.048,0.018279915258582503,0.0777200847414175,-0.0034303510005562685,0.09943035100055628
kurumi-midori,topic_strong,bridge_count,B_vs_free,-0.734,-0.7851076877401644,-0.6828923122598356,-0.8224414140192695,-0.6455585859807305
kurumi-midori,topic_strong,bridge_count,A_vs_free,-0.826,-0.8764442617345317,-0.7755557382654682,-0.9132933610231407,-0.7387066389768592
kurumi-midori,topic_strong,bridge_count,B_minus_A,-0.045,-0.07079081088151215,-0.01920918911848784,-0.0899185692712895,-8.143072871049511e-05
kurumi-midori,topic_strong,bridge_count,island_change,0.092,0.054920555791884054,0.12907944420811596,0.02783434074562495,0.15616565925437503
kurumi-midori,topic_strong,bridge_rate,B_vs_free,-0.1835,-0.1962769219350411,-0.1707230780649589,-0.20561035350481738,-0.16138964649518261
kurumi-midori,topic_strong,bridge_rate,A_vs_free,-0.2065,-0.21911106543363293,-0.19388893456636705,-0.22832334025578518,-0.1846766597442148
kurumi-midori,topic_strong,bridge_rate,B_minus_A,-0.01125,-0.017697702720378038,-0.00480229727962196,-0.022479642317822374,-2.035768217762378e-05
kurumi-midori,topic_strong,bridge_rate,island_change,0.023,0.013730138947971014,0.03226986105202899,0.0069585851864062374,0.03904141481359376
kurumi-midori,topic_strong,unformed_turns,B_vs_free,5.49775,5.093968007398238,5.901531992601762,4.799008735030707,6.196491264969293
kurumi-midori,topic_strong,unformed_turns,A_vs_free,6.46325,6.060167264236025,6.866332735763976,5.765718792973671,7.1607812070263295
kurumi-midori,topic_strong,unformed_turns,B_minus_A,0.85625,0.648019620543907,1.0644803794560929,0.49358553136592953,1.2189144686340705
kurumi-midori,topic_strong,unformed_turns,island_change,-0.9655,-1.2611714818185225,-0.6698285181814777,-1.4771569559974922,-0.45384304400250775
kurumi-midori,topic_strong,known_share,B_vs_free,0.005166666666666667,0.00429379463517457,0.006039538698158763,0.003656169124388596,0.006677164208944738
kurumi-midori,topic_strong,known_share,A_vs_free,0.012625,0.011099253246461356,0.014150746753538645,0.009984708367079539,0.015265291632920463
kurumi-midori,topic_strong,known_share,B_minus_A,0.06104166666666667,0.05913808285194429,0.06294525048138905,0.05772628965746193,0.0643570436758714
kurumi-midori,topic_strong,known_share,island_change,-0.007458333333333333,-0.009199219606348067,-0.0057174470603186004,-0.010470922054132775,-0.004445744612533891
kurumi-midori,topic_strong,bridge_share,B_vs_free,-0.014645833333333332,-0.016250502981782156,-0.013041163684884506,-0.01742270035702157,-0.01186896630964509
kurumi-midori,topic_strong,bridge_share,A_vs_free,-0.022520833333333334,-0.024632004378363985,-0.020409662288302682,-0.026174196667012678,-0.01886746999965399
kurumi-midori,topic_strong,bridge_share,B_minus_A,-0.061375,-0.06331419186950993,-0.05943580813049006,-0.06475239378265707,-0.05799760621734293
kurumi-midori,topic_strong,bridge_share,island_change,0.007875000000000002,0.006023861839978582,0.009726138160021422,0.004671621337093647,0.011078378662906356
kurumi-midori,topic_strong,all_formed,B_vs_free,-0.419,-0.45360667109220537,-0.3843933289077946,-0.4788865466474453,-0.3591134533525547
kurumi-midori,topic_strong,all_formed,A_vs_free,-0.505,-0.5396364380796127,-0.4703635619203873,-0.5649380581631057,-0.4450619418368943
kurumi-midori,topic_strong,all_formed,B_minus_A,-0.021,-0.03838086156520294,-0.003619138434797064,-0.05127137990341025,0.009271379903410246
kurumi-midori,topic_strong,all_formed,island_change,0.086,0.056092375681234846,0.11590762431876514,0.034245113374010455,0.13775488662598953
pooled,free,bridge_count,B_vs_free,0.0,0.0,0.0,0.0,0.0
pooled,free,bridge_count,A_vs_free,0.0,0.0,0.0,0.0,0.0
pooled,free,bridge_count,B_minus_A,-0.09283333333333336,-0.1066019653053899,-0.07906470136127683,-0.11681347307570393,-0.0688531935909628
pooled,free,bridge_count,island_change,0.0,0.0,0.0,0.0,0.0
pooled,free,bridge_rate,B_vs_free,0.0,0.0,0.0,0.0,0.0
pooled,free,bridge_rate,A_vs_free,0.0,0.0,0.0,0.0,0.0
pooled,free,bridge_rate,B_minus_A,-0.02320833333333334,-0.026650491326347475,-0.019766175340319207,-0.029203368268925983,-0.0172132983977407
pooled,free,bridge_rate,island_change,0.0,0.0,0.0,0.0,0.0
pooled,free,unformed_turns,B_vs_free,0.0,0.0,0.0,0.0,0.0
pooled,free,unformed_turns,A_vs_free,0.0,0.0,0.0,0.0,0.0
pooled,free,unformed_turns,B_minus_A,1.4436666666666667,1.3286322683679512,1.558701064965382,1.24331699126092,1.6440163420724132
pooled,free,unformed_turns,island_change,0.0,0.0,0.0,0.0,0.0
pooled,free,known_share,B_vs_free,0.0,0.0,0.0,0.0,0.0
pooled,free,known_share,A_vs_free,0.0,0.0,0.0,0.0,0.0
pooled,free,known_share,B_minus_A,0.05316319444444445,0.05253675971841837,0.05378962917047053,0.05207216431886144,0.05425422457002746
pooled,free,known_share,island_change,0.0,0.0,0.0,0.0,0.0
pooled,free,bridge_share,B_vs_free,0.0,0.0,0.0,0.0,0.0
pooled,free,bridge_share,A_vs_free,0.0,0.0,0.0,0.0,0.0
pooled,free,bridge_share,B_minus_A,-0.05398958333333331,-0.054651335834759625,-0.053327830831907,-0.055142124667234324,-0.0528370419994323
pooled,free,bridge_share,island_change,0.0,0.0,0.0,0.0,0.0
pooled,free,all_formed,B_vs_free,0.0,0.0,0.0,0.0,0.0
pooled,free,all_formed,A_vs_free,0.0,0.0,0.0,0.0,0.0
pooled,free,all_formed,B_minus_A,-0.0645,-0.07559890747438246,-0.05340109252561755,-0.08383041370874689,-0.045169586291253117
pooled,free,all_formed,island_change,-1.1102230246251566e-19,-3.2862601528904633e-19,1.0658141036401502e-19,-4.875836557380833e-19,2.65539050813052e-19
pooled,shuffle_weak,bridge_count,B_vs_free,0.04950000000000001,0.02623577593171703,0.07276422406828299,0.009241460362662608,0.0897585396373374
pooled,shuffle_weak,bridge_count,A_vs_free,0.028666666666666663,0.0014583465328045046,0.055874986800528825,-0.018417097286063302,0.07575043061939662
pooled,shuffle_weak,bridge_count,B_minus_A,-0.07200000000000002,-0.08397008798564833,-0.06002991201435171,-0.09284770536440184,-0.0511522946355982
pooled,shuffle_weak,bridge_count,island_change,0.020833333333333356,0.0075841101811497304,0.03408255648551698,-0.0020943333651365116,0.04376100003180322
pooled,shuffle_weak,bridge_rate,B_vs_free,0.012375000000000002,0.006558943982929257,0.018191056017070748,0.002310365090665652,0.02243963490933435
pooled,shuffle_weak,bridge_rate,A_vs_free,0.007166666666666666,0.00036458663320112616,0.013968746700132206,-0.0046042743215158255,0.018937607654849156
pooled,shuffle_weak,bridge_rate,B_minus_A,-0.018000000000000006,-0.02099252199641208,-0.015007478003587928,-0.02321192634110046,-0.01278807365889955
pooled,shuffle_weak,bridge_rate,island_change,0.005208333333333339,0.0018960275452874326,0.008520639121379245,-0.0005235833412841279,0.010940250007950805
pooled,shuffle_weak,unformed_turns,B_vs_free,-0.19345833333333337,-0.374553588016913,-0.012363078649753723,-0.5068421138288196,0.11992544716215289
pooled,shuffle_weak,unformed_turns,A_vs_free,0.02466666666666667,-0.18898778556429827,0.2383211188976316,-0.3450605251187906,0.39439385845212394
pooled,shuffle_weak,unformed_turns,B_minus_A,1.2255416666666668,1.1253970147694639,1.3256863185638696,1.0511247201014746,1.3999586132318589
pooled,shuffle_weak,unformed_turns,island_change,-0.21812500000000004,-0.31889625188113824,-0.11735374811886182,-0.39250878457211685,-0.04374121542788323
pooled,shuffle_weak,known_share,B_vs_free,-0.0055138888888888885,-0.005984557836198635,-0.005043219941579142,-0.006328377453636099,-0.004699400324141678
pooled,shuffle_weak,known_share,A_vs_free,-4.718447854656916e-19,-1.2619176933733032e-18,3.1822812244192015e-19,-1.8390591565974143e-18,8.953695856660314e-19
pooled,shuffle_weak,known_share,B_minus_A,0.04764930555555556,0.04702450145077744,0.048274109660333686,0.04656111540169032,0.048737495709420806
pooled,shuffle_weak,known_share,island_change,-0.0055138888888888885,-0.005984557836198635,-0.005043219941579142,-0.006328377453636099,-0.004699400324141678
pooled,shuffle_weak,bridge_share,B_vs_free,0.005625000000000001,0.005121155297254715,0.006128844702745286,0.0047531010758408414,0.00649689892415916
pooled,shuffle_weak,bridge_share,A_vs_free,-1.3322676295501879e-18,-5.064346716593172e-18,2.3998114574927966e-18,-7.790598387300968e-18,5.126063128200593e-18
pooled,shuffle_weak,bridge_share,B_minus_A,-0.04836458333333331,-0.04901003400317265,-0.047719132663493966,-0.04948873258003891,-0.0472404340866277
pooled,shuffle_weak,bridge_share,island_change,0.0056250000000000015,0.005121155297254716,0.006128844702745287,0.004753101075840842,0.006496898924159161
pooled,shuffle_weak,all_formed,B_vs_free,0.039,0.022362953455684575,0.05563704654431542,0.01020973406262489,0.06779026593737511
pooled,shuffle_weak,all_formed,A_vs_free,0.024000000000000004,0.0035704662634425885,0.04442953373655742,-0.011353132401557903,0.059353132401557915
pooled,shuffle_weak,all_formed,B_minus_A,-0.049499999999999995,-0.05927648820097309,-0.0397235117990269,-0.06652722200177702,-0.03247277799822297
pooled,shuffle_weak,all_formed,island_change,0.015000000000000001,0.004013937100923421,0.02598606289907658,-0.004011287347586103,0.03401128734758611
pooled,shuffle_medium,bridge_count,B_vs_free,0.19216666666666668,0.16309974164569793,0.22123359168763543,0.14186660294403633,0.24246673038929703
pooled,shuffle_medium,bridge_count,A_vs_free,0.13866666666666666,0.1059905577877128,0.17134277554562052,0.08212094132305728,0.19521239201027604
pooled,shuffle_medium,bridge_count,B_minus_A,-0.03933333333333336,-0.04917251604130282,-0.029494150625363896,-0.05646974723172751,-0.022196919434939205
pooled,shuffle_medium,bridge_count,island_change,0.05350000000000001,0.038767394925726936,0.06823260507427309,0.02800535364502121,0.07899464635497881
pooled,shuffle_medium,bridge_rate,B_vs_free,0.04804166666666667,0.04077493541142448,0.05530839792190886,0.03546665073600908,0.06061668259732426
pooled,shuffle_medium,bridge_rate,A_vs_free,0.034666666666666665,0.0264976394469282,0.04283569388640513,0.02053023533076432,0.04880309800256901
pooled,shuffle_medium,bridge_rate,B_minus_A,-0.00983333333333334,-0.012293129010325705,-0.007373537656340974,-0.014117436807931878,-0.005549229858734801
pooled,shuffle_medium,bridge_rate,island_change,0.013375000000000003,0.009691848731431734,0.017058151268568272,0.0070013384112553026,0.019748661588744703
pooled,shuffle_medium,unformed_turns,B_vs_free,-1.1800416666666667,-1.399531667434332,-0.9605516658990012,-1.559867224999008,-0.8002161083343253
pooled,shuffle_medium,unformed_turns,A_vs_free,-0.7438333333333333,-1.0019957481259734,-0.48567091854069333,-1.19058117148581,-0.29708549518085664
pooled,shuffle_medium,unformed_turns,B_minus_A,1.0074583333333333,0.912601592387549,1.1023150742791177,0.8422510775941855,1.172665589072481
pooled,shuffle_medium,unformed_turns,island_change,-0.4362083333333334,-0.5501917454452646,-0.3222249212214022,-0.6334556475372592,-0.23896101912940762
pooled,shuffle_medium,known_share,B_vs_free,-0.011864583333333333,-0.012422881215341807,-0.011306285451324859,-0.012830713015815304,-0.010898453650851361
pooled,shuffle_medium,known_share,A_vs_free,-5.551115123125783e-20,-9.229462769023725e-19,8.119239744398568e-19,-1.5566001747529745e-18,1.4455778722904587e-18
pooled,shuffle_medium,known_share,B_minus_A,0.04129861111111111,0.04070749431771854,0.04188972790450368,0.04026909246769148,0.04232812975453074
pooled,shuffle_medium,known_share,island_change,-0.011864583333333333,-0.012422881215341807,-0.011306285451324859,-0.012830713015815304,-0.010898453650851361
pooled,shuffle_medium,bridge_share,B_vs_free,0.012329861111111107,0.011727377756825348,0.012932344465396867,0.011287268848925275,0.01337245337329694
pooled,shuffle_medium,bridge_share,A_vs_free,-4.107825191113079e-18,-7.78730333220486e-18,-4.283470500212991e-19,-1.0475130464355004e-17,2.2594800821288465e-18
pooled,shuffle_medium,bridge_share,B_minus_A,-0.0416597222222222,-0.04227283109666534,-0.041046613347779065,-0.04272754337658762,-0.04059190106785678
pooled,shuffle_medium,bridge_share,island_change,0.012329861111111111,0.011727377756825351,0.01293234446539687,0.011287268848925279,0.013372453373296943
pooled,shuffle_medium,all_formed,B_vs_free,0.13116666666666668,0.10894791215144321,0.15338542118189016,0.0927173030980406,0.16961603023529276
pooled,shuffle_medium,all_formed,A_vs_free,0.096,0.07042311737803078,0.12157688262196922,0.05173942462839808,0.14026057537160191
pooled,shuffle_medium,all_formed,B_minus_A,-0.02933333333333333,-0.03777431208582867,-0.020892354580837987,-0.04403456512295647,-0.01463210154371019
pooled,shuffle_medium,all_formed,island_change,0.035166666666666666,0.02311164492124389,0.047221688412089444,0.014305555230385437,0.056027778102947894
pooled,shuffle_strong,bridge_count,B_vs_free,0.3351666666666667,0.30117809538748785,0.3691552379458456,0.2763497364289294,0.39398359690440404
pooled,shuffle_strong,bridge_count,A_vs_free,0.25866666666666666,0.22110636838589853,0.2962269649474348,0.19366889357574912,0.3236644397575842
pooled,shuffle_strong,bridge_count,B_minus_A,-0.016333333333333342,-0.022606394610467144,-0.01006027205619954,-0.02725881135783264,-0.005407855308834043
pooled,shuffle_strong,bridge_count,island_change,0.07650000000000003,0.06159311007208822,0.09140688992791184,0.050703755204952544,0.10229624479504751
pooled,shuffle_strong,bridge_rate,B_vs_free,0.08379166666666668,0.07529452384687196,0.0922888094864614,0.06908743410723235,0.09849589922610101
pooled,shuffle_strong,bridge_rate,A_vs_free,0.06466666666666666,0.05527659209647463,0.0740567412368587,0.04841722339393728,0.08091610993939605
pooled,shuffle_strong,bridge_rate,B_minus_A,-0.0040833333333333355,-0.005651598652616786,-0.002515068014049885,-0.00681470283945816,-0.0013519638272085108
pooled,shuffle_strong,bridge_rate,island_change,0.019125000000000007,0.015398277518022054,0.02285172248197796,0.012675938801238136,0.025574061198761877
pooled,shuffle_strong,unformed_turns,B_vs_free,-3.36775,-3.657865491508472,-3.077634508491528,-3.8697923625571384,-2.8657076374428616
pooled,shuffle_strong,unformed_turns,A_vs_free,-2.4765,-2.8014636785206104,-2.15153632147939,-3.038846850426571,-1.9141531495734294
pooled,shuffle_strong,unformed_turns,B_minus_A,0.5524166666666667,0.484557913821806,0.6202754195115273,0.4342304605667959,0.6706028727665374
pooled,shuffle_strong,unformed_turns,island_change,-0.8912500000000001,-1.0199030645429563,-0.7625969354570439,-1.1138830215512663,-0.6686169784487338
pooled,shuffle_strong,known_share,B_vs_free,-0.024760416666666667,-0.025427550266525253,-0.02409328306680808,-0.025914885622711617,-0.023605947710621716
pooled,shuffle_strong,known_share,A_vs_free,1.1657341758564144e-18,2.5134775074086303e-19,2.080120600971966e-18,-4.1660366749099014e-19,2.748072019203819e-18
pooled,shuffle_strong,known_share,B_minus_A,0.02840277777777778,0.027891806204762302,0.028913749350793258,0.027512844068302657,0.029292711487252904
pooled,shuffle_strong,known_share,island_change,-0.024760416666666667,-0.025427550266525253,-0.02409328306680808,-0.025914885622711617,-0.023605947710621716
pooled,shuffle_strong,bridge_share,B_vs_free,0.025468749999999995,0.02477267651899612,0.02616482348100387,0.02426420082856648,0.02667329917143351
pooled,shuffle_strong,bridge_share,A_vs_free,-4.8849813083506885e-18,-8.449515656226934e-18,-1.3204469604744422e-18,-1.1053377336149853e-17,1.283414719448477e-18
pooled,shuffle_strong,bridge_share,B_minus_A,-0.028520833333333315,-0.029039665608796957,-0.028002001057869673,-0.029424457636293887,-0.027617209030372743
pooled,shuffle_strong,bridge_share,island_change,0.02546875,0.024772676518996124,0.026164823481003872,0.024264200828566482,0.026673299171433514
pooled,shuffle_strong,all_formed,B_vs_free,0.23933333333333334,0.21307704533399976,0.26558962133266695,0.1938970528002714,0.28476961386639527
pooled,shuffle_strong,all_formed,A_vs_free,0.189,0.15942224587924708,0.21857775412075292,0.13781595091421267,0.24018404908578733
pooled,shuffle_strong,all_formed,B_minus_A,-0.014166666666666664,-0.019937555664602178,-0.00839577766873115,-0.024217536272961505,-0.004115797060371821
pooled,shuffle_strong,all_formed,island_change,0.050333333333333334,0.038100993911631215,0.06256567275503545,0.0291653751834914,0.07150129148317527
pooled,task_weak,bridge_count,B_vs_free,0.06833333333333334,0.04745223890442485,0.08921442776224184,0.03219877903786993,0.10446788762879675
pooled,task_weak,bridge_count,A_vs_free,0.052,0.02719823175709761,0.07680176824290239,0.009080753394040235,0.09491924660595977
pooled,task_weak,bridge_count,B_minus_A,-0.07650000000000003,-0.08959083775393184,-0.06340916224606821,-0.09929965935040512,-0.05370034064959493
pooled,task_weak,bridge_count,island_change,0.01633333333333335,0.004349778079158434,0.028316888587508263,-0.004404105954579695,0.03707077262124639
pooled,task_weak,bridge_rate,B_vs_free,0.017083333333333336,0.011863059726106212,0.02230360694056046,0.008049694759467483,0.026116971907199187
pooled,task_weak,bridge_rate,A_vs_free,0.013,0.0067995579392744025,0.019200442060725596,0.0022701883485100587,0.023729811651489942
pooled,task_weak,bridge_rate,B_minus_A,-0.019125000000000007,-0.02239770943848296,-0.015852290561517053,-0.02482491483760128,-0.013425085162398733
pooled,task_weak,bridge_rate,island_change,0.004083333333333337,0.0010874445197896084,0.007079222146877066,-0.0011010264886449237,0.009267693155311597
pooled,task_weak,unformed_turns,B_vs_free,-0.5849166666666668,-0.7295770877533393,-0.4402562455799942,-0.8352502810257015,-0.33458305230763197
pooled,task_weak,unformed_turns,A_vs_free,-0.44616666666666666,-0.6131166218482573,-0.279216711485076,-0.7350721280481615,-0.15726120528517185
pooled,task_weak,unformed_turns,B_minus_A,1.3049166666666667,1.1977080766460553,1.4121252566872782,1.1181968113103484,1.491636522022985
pooled,task_weak,unformed_turns,island_change,-0.13875000000000004,-0.21065629907511593,-0.06684370092488415,-0.26318323203013866,-0.014316767969861435
pooled,task_weak,known_share,B_vs_free,-0.006319444444444444,-0.006671514473212883,-0.005967374415676006,-0.006928698600813081,-0.0057101902880758075
pooled,task_weak,known_share,A_vs_free,-7.771561172376096e-19,-1.5606492760977288e-18,6.337041622509592e-21,-2.132984289239943e-18,5.786720547647237e-19
pooled,task_weak,known_share,B_minus_A,0.04684375,0.04626080118044505,0.047426698819554955,0.045828457109322956,0.04785904289067705
pooled,task_weak,known_share,island_change,-0.0063194444444444435,-0.006671514473212882,-0.005967374415676005,-0.00692869860081308,-0.005710190288075807
pooled,task_weak,bridge_share,B_vs_free,0.006402777777777778,0.006019072200019907,0.006786483355535649,0.005738778576003721,0.007066776979551835
pooled,task_weak,bridge_share,A_vs_free,-2.6645352591003758e-18,-6.290767139102513e-18,9.616966209017616e-19,-8.939698335537213e-18,3.610627817336462e-18
pooled,task_weak,bridge_share,B_minus_A,-0.047586805555555535,-0.04820044273304495,-0.04697316837806612,-0.048655546828993174,-0.046518064282117896
pooled,task_weak,bridge_share,island_change,0.006402777777777781,0.00601907220001991,0.0067864833555356515,0.005738778576003724,0.0070667769795518375
pooled,task_weak,all_formed,B_vs_free,0.04683333333333334,0.03147565925097677,0.062191007415689906,0.020257010436547675,0.073409656230119
pooled,task_weak,all_formed,A_vs_free,0.037333333333333336,0.018417169284324995,0.05624949738234168,0.0045990741584652495,0.07006759250820142
pooled,task_weak,all_formed,B_minus_A,-0.055,-0.06587465536191155,-0.044125344638088454,-0.07393984498663361,-0.036060155013366395
pooled,task_weak,all_formed,island_change,0.009500000000000001,-0.000582860248059227,0.01958286024805923,-0.007948302929115705,0.02694830292911571
pooled,task_medium,bridge_count,B_vs_free,0.22133333333333335,0.1916000251252854,0.2510666415413813,0.1698800992375179,0.2727865674291488
pooled,task_medium,bridge_count,A_vs_free,0.16466666666666666,0.13103037491785016,0.19830295841548315,0.10645935312600417,0.22287398020732913
pooled,task_medium,bridge_count,B_minus_A,-0.03616666666666668,-0.04598197436426495,-0.026351358969068407,-0.0532614986500083,-0.019071834683325063
pooled,task_medium,bridge_count,island_change,0.05666666666666669,0.04183131493526754,0.07150201839806584,0.030994218105331338,0.08233911522800205
pooled,task_medium,bridge_rate,B_vs_free,0.05533333333333334,0.04790000628132135,0.06276666038534533,0.042470024809379475,0.0681966418572872
pooled,task_medium,bridge_rate,A_vs_free,0.041166666666666664,0.03275759372946254,0.04957573960387079,0.026614838281501043,0.05571849505183228
pooled,task_medium,bridge_rate,B_minus_A,-0.00904166666666667,-0.011495493591066238,-0.006587839742267102,-0.013315374662502075,-0.004767958670831266
pooled,task_medium,bridge_rate,island_change,0.014166666666666673,0.010457828733816885,0.01787550459951646,0.0077485545263328345,0.020584778807000513
pooled,task_medium,unformed_turns,B_vs_free,-1.0965,-1.3342784906843832,-0.8587215093156169,-1.5079736328203706,-0.6850263671796295
pooled,task_medium,unformed_turns,A_vs_free,-0.6265,-0.9007501880275458,-0.3522498119724541,-1.1010875913526252,-0.15191240864737476
pooled,task_medium,unformed_turns,B_minus_A,0.9736666666666667,0.8838857948676836,1.0634475384656497,0.8172997991157799,1.1300335342175536
pooled,task_medium,unformed_turns,island_change,-0.47000000000000003,-0.5854817251292985,-0.3545182748707016,-0.6698401319923796,-0.2701598680076205
pooled,task_medium,known_share,B_vs_free,-0.012493055555555554,-0.01300551280732256,-0.011980598303788548,-0.013379858421713886,-0.011606252689397223
pooled,task_medium,known_share,A_vs_free,-5.551115123125783e-20,-8.951806830338358e-19,7.841583805713203e-19,-1.5085520533959148e-18,1.397529750933399e-18
pooled,task_medium,known_share,B_minus_A,0.040670138888888895,0.04010665341719125,0.041233624360586536,0.03968874434064847,0.041651533437129316
pooled,task_medium,known_share,island_change,-0.012493055555555554,-0.01300551280732256,-0.011980598303788548,-0.013379858421713886,-0.011606252689397223
pooled,task_medium,bridge_share,B_vs_free,0.01286458333333333,0.012320293253482903,0.013408873413183758,0.011922694031994373,0.013806472634672287
pooled,task_medium,bridge_share,A_vs_free,-2.7755575615628915e-18,-6.355423995567714e-18,8.043088724419311e-19,-8.970485632524927e-18,3.419370509399144e-18
pooled,task_medium,bridge_share,B_minus_A,-0.04112499999999998,-0.041708097720555594,-0.04054190227944437,-0.04214055222412503,-0.04010944777587493
pooled,task_medium,bridge_share,island_change,0.012864583333333332,0.012320293253482904,0.01340887341318376,0.011922694031994375,0.013806472634672289
pooled,task_medium,all_formed,B_vs_free,0.154,0.13173179949298805,0.17626820050701195,0.11546507056790557,0.19253492943209444
pooled,task_medium,all_formed,A_vs_free,0.11833333333333335,0.09252430538376734,0.14414236128289937,0.07367103246917914,0.16299563419748755
pooled,task_medium,all_formed,B_minus_A,-0.02883333333333333,-0.037375243518261825,-0.020291423148404833,-0.043710352365948855,-0.013956314300717804
pooled,task_medium,all_formed,island_change,0.035666666666666666,0.023908937675255107,0.047424395658078225,0.015320017783966619,0.05601331554936671
pooled,task_strong,bridge_count,B_vs_free,0.3426666666666667,0.30937670591942007,0.3759566274139133,0.28505867594517137,0.400274657388162
pooled,task_strong,bridge_count,A_vs_free,0.264,0.22764840280879417,0.30035159719120585,0.2010938737476365,0.32690612625236354
pooled,task_strong,bridge_count,B_minus_A,-0.014166666666666671,-0.01980649900636712,-0.008526834326966222,-0.0239892814263636,-0.004344051906969746
pooled,task_strong,bridge_count,island_change,0.0786666666666667,0.06412652381168993,0.09320680952164348,0.05350507452667003,0.10382825880666338
pooled,task_strong,bridge_rate,B_vs_free,0.08566666666666667,0.07734417647985502,0.09398915685347832,0.07126466898629284,0.1000686643470405
pooled,task_strong,bridge_rate,A_vs_free,0.066,0.05691210070219854,0.07508789929780146,0.05027346843690912,0.08172653156309088
pooled,task_strong,bridge_rate,B_minus_A,-0.003541666666666668,-0.00495162475159178,-0.0021317085817415555,-0.0059973203565909,-0.0010860129767424364
pooled,task_strong,bridge_rate,island_change,0.019666666666666676,0.016031630952922482,0.02330170238041087,0.013376268631667507,0.025957064701665845
pooled,task_strong,unformed_turns,B_vs_free,-3.1365833333333333,-3.4156964340320233,-2.8574702326346433,-3.6195861532338593,-2.653580513432807
pooled,task_strong,unformed_turns,A_vs_free,-2.1846666666666668,-2.4918720892242843,-1.8774612441090492,-2.716283007901194,-1.6530503254321394
pooled,task_strong,unformed_turns,B_minus_A,0.49174999999999996,0.4354134547889631,0.5480865452110368,0.39363144838900377,0.5898685516109962
pooled,task_strong,unformed_turns,island_change,-0.9519166666666667,-1.0749248041409656,-0.8289085291923679,-1.164781190481821,-0.7390521428515124
pooled,task_strong,known_share,B_vs_free,-0.025583333333333333,-0.026223758582481632,-0.024942908084185034,-0.026691583718212442,-0.024475082948454224
pooled,task_strong,known_share,A_vs_free,1.1102230246251566e-18,2.1521504090798347e-19,2.00523100834233e-18,-4.38580592570685e-19,2.659026641820998e-18
pooled,task_strong,known_share,B_minus_A,0.027579861111111114,0.02709869583178887,0.02806102639043336,0.026741839537091167,0.02841788268513106
pooled,task_strong,known_share,island_change,-0.025583333333333333,-0.026223758582481632,-0.024942908084185034,-0.026691583718212442,-0.024475082948454224
pooled,task_strong,bridge_share,B_vs_free,0.02632291666666666,0.025646274521193495,0.026999558812139828,0.02515199325422572,0.0274938400791076
pooled,task_strong,bridge_share,A_vs_free,-7.771561172376097e-18,-1.1081222304952505e-17,-4.461900039799688e-18,-1.3498901293452238e-17,-2.044221051299955e-18
pooled,task_strong,bridge_share,B_minus_A,-0.027666666666666645,-0.028154968200322324,-0.027178365133010966,-0.02851711709901472,-0.02681621623431857
pooled,task_strong,bridge_share,island_change,0.026322916666666668,0.0256462745211935,0.026999558812139834,0.025151993254225728,0.027493840079107608
pooled,task_strong,all_formed,B_vs_free,0.2485,0.22227624788653916,0.27472375211346084,0.20312002253757558,0.29387997746242445
pooled,task_strong,all_formed,A_vs_free,0.19666666666666668,0.16774340106489122,0.22558993226844215,0.1466152043332292,0.24671812900010417
pooled,task_strong,all_formed,B_minus_A,-0.012666666666666666,-0.01779513015585933,-0.007538203177474001,-0.021598655798490088,-0.003734677534843245
pooled,task_strong,all_formed,island_change,0.05183333333333333,0.04019396323761449,0.06347270342905217,0.03169150350153699,0.07197516316512967
pooled,host_weak,bridge_count,B_vs_free,0.04533333333333334,0.025022435986344235,0.06564423068032244,0.01018550018344392,0.08048116648322276
pooled,host_weak,bridge_count,A_vs_free,0.03466666666666666,0.008218180559694786,0.061115152773638534,-0.011102211038425042,0.08043554437175836
pooled,host_weak,bridge_count,B_minus_A,-0.0821666666666667,-0.097929067145936,-0.06640426618739739,-0.10961925360015484,-0.05471407973317854
pooled,host_weak,bridge_count,island_change,0.010666666666666682,-0.005331005147038416,0.02666433848037178,-0.017017166799122994,0.03835050013245636
pooled,host_weak,bridge_rate,B_vs_free,0.011333333333333334,0.006255608996586059,0.01641105767008061,0.00254637504586098,0.02012029162080569
pooled,host_weak,bridge_rate,A_vs_free,0.008666666666666665,0.0020545451399236964,0.015278788193409634,-0.0027755527596062604,0.02010888609293959
pooled,host_weak,bridge_rate,B_minus_A,-0.020541666666666673,-0.024482266786484,-0.016601066546849348,-0.02740481340003871,-0.013678519933294634
pooled,host_weak,bridge_rate,island_change,0.0026666666666666705,-0.001332751286759604,0.006666084620092945,-0.004254291699780748,0.00958762503311409
pooled,host_weak,unformed_turns,B_vs_free,-0.06579166666666668,-0.21695474461715702,0.08537141128382368,-0.32737807279436903,0.19579473946103565
pooled,host_weak,unformed_turns,A_vs_free,0.030333333333333386,-0.16719455046321774,0.2278612171298845,-0.3114869704929331,0.37215363715959987
pooled,host_weak,unformed_turns,B_minus_A,1.3475416666666666,1.2236081560906018,1.4714751772427315,1.1316928511555715,1.5633904821777618
pooled,host_weak,unformed_turns,island_change,-0.09612500000000007,-0.21035372782717054,0.0181037278271704,-0.2937968309390052,0.1015468309390051
pooled,host_weak,known_share,B_vs_free,-0.005458333333333332,-0.0059847332144102195,-0.004931933452256445,-0.0063692637995815295,-0.004547402867085135
pooled,host_weak,known_share,A_vs_free,5.551115123125783e-19,-3.319170433350564e-19,1.4421400679602128e-18,-9.798837732458996e-19,2.090106797871056e-18
pooled,host_weak,known_share,B_minus_A,0.047704861111111115,0.04704271359286343,0.0483670086293588,0.04655163179610955,0.04885809042611268
pooled,host_weak,known_share,island_change,-0.005458333333333333,-0.00598473321441022,-0.004931933452256446,-0.00636926379958153,-0.004547402867085136
pooled,host_weak,bridge_share,B_vs_free,0.003503472222222221,0.0028843089192575055,0.004122635525186937,0.0024320154523240507,0.004574928992120392
pooled,host_weak,bridge_share,A_vs_free,-1.6653345369377347e-18,-5.287322367235018e-18,1.9566532933595485e-18,-7.933153321866538e-18,4.602484247991069e-18
pooled,host_weak,bridge_share,B_minus_A,-0.05048611111111109,-0.05122155453819563,-0.049750667684026556,-0.051766996255683734,-0.04920522596653845
pooled,host_weak,bridge_share,island_change,0.0035034722222222225,0.0028843089192575064,0.004122635525186939,0.0024320154523240515,0.0045749289921203935
pooled,host_weak,all_formed,B_vs_free,0.03716666666666667,0.022064175939654356,0.052269157393678975,0.011031936371283146,0.06330139696205019
pooled,host_weak,all_formed,A_vs_free,0.027000000000000003,0.006387002688909217,0.04761299731109079,-0.008670614539181783,0.0626706145391818
pooled,host_weak,all_formed,B_minus_A,-0.05433333333333333,-0.0668715353495192,-0.04179513131714745,-0.07617049457610717,-0.032496172090559494
pooled,host_weak,all_formed,island_change,0.010166666666666666,-0.0028626652980582555,0.023195998631391587,-0.01238048022335292,0.032713813556686254
pooled,host_medium,bridge_count,B_vs_free,0.08383333333333333,0.058712040305149996,0.10895462636151666,0.04036115183491429,0.12730551483175237
pooled,host_medium,bridge_count,A_vs_free,0.06266666666666666,0.030031694521465903,0.09530163881186743,0.006192128086969485,0.11914120524636385
pooled,host_medium,bridge_count,B_minus_A,-0.0716666666666667,-0.08950542481860975,-0.053827908514723646,-0.10273554222250394,-0.04059779111082945
pooled,host_medium,bridge_count,island_change,0.021166666666666674,0.0011448308823325745,0.04118850245100077,-0.013480947935480915,0.05581428126881426
pooled,host_medium,bridge_rate,B_vs_free,0.020958333333333332,0.014678010076287499,0.027238656590379166,0.010090287958728572,0.03182637870793809
pooled,host_medium,bridge_rate,A_vs_free,0.015666666666666666,0.007507923630366476,0.023825409702966857,0.0015480320217423713,0.02978530131159096
pooled,host_medium,bridge_rate,B_minus_A,-0.017916666666666674,-0.022376356204652437,-0.013456977128680912,-0.025683885555625986,-0.010149447777707363
pooled,host_medium,bridge_rate,island_change,0.0052916666666666685,0.00028620772058314363,0.010297125612750193,-0.0033702369838702288,0.013953570317203566
pooled,host_medium,unformed_turns,B_vs_free,-0.5367916666666667,-0.7335514982930684,-0.3400318350402649,-0.8772828628190754,-0.19630047051425792
pooled,host_medium,unformed_turns,A_vs_free,-0.2811666666666666,-0.5348750686980257,-0.02745826463530754,-0.7202068740480101,0.1578735407146769
pooled,host_medium,unformed_turns,B_minus_A,1.1880416666666667,1.0512774200440922,1.3248059132892411,0.9498461979791912,1.426237135354142
pooled,host_medium,unformed_turns,island_change,-0.2556250000000001,-0.3991981931515153,-0.11205180684848495,-0.5040771757692979,-0.007172824230702285
pooled,host_medium,known_share,B_vs_free,-0.010447916666666666,-0.011117515537148301,-0.009778317796185031,-0.011606651752319185,-0.009289181581014147
pooled,host_medium,known_share,A_vs_free,7.771561172376096e-19,-1.2906194090378097e-19,1.683374175379e-18,-7.910464373231855e-19,2.3453586717984046e-18
pooled,host_medium,known_share,B_minus_A,0.04271527777777778,0.042059323674987756,0.04337123188056781,0.041572835225648426,0.04385772032990714
pooled,host_medium,known_share,island_change,-0.010447916666666666,-0.011117515537148301,-0.009778317796185031,-0.011606651752319185,-0.009289181581014147
pooled,host_medium,bridge_share,B_vs_free,0.00697222222222222,0.006150114251122453,0.007794330193321987,0.0055495714497937835,0.008394872994650656
pooled,host_medium,bridge_share,A_vs_free,-1.5543122344752192e-18,-5.1960654840950815e-18,2.0874410151446435e-18,-7.856334907524731e-18,4.747710438574293e-18
pooled,host_medium,bridge_share,B_minus_A,-0.04701736111111109,-0.04781868986659164,-0.04621603235563054,-0.0484129954468245,-0.045621726775397685
pooled,host_medium,bridge_share,island_change,0.006972222222222221,0.0061501142511224535,0.007794330193321988,0.005549571449793784,0.008394872994650658
pooled,host_medium,all_formed,B_vs_free,0.0605,0.04290199297565185,0.07809800702434815,0.030046800217861262,0.09095319978213873
pooled,host_medium,all_formed,A_vs_free,0.04666666666666667,0.02268169973655316,0.07065163359678017,0.005160887706574843,0.0881724456267585
pooled,host_medium,all_formed,B_minus_A,-0.050666666666666665,-0.0644617786013727,-0.03687155473196063,-0.07469292523957874,-0.026640408093754588
pooled,host_medium,all_formed,island_change,0.013833333333333333,-0.002151670359320769,0.029818337025987435,-0.013828578057945486,0.04149524472461215
pooled,host_strong,bridge_count,B_vs_free,0.12016666666666667,0.08962044604583637,0.150712887287497,0.06730669463299327,0.17302663870034007
pooled,host_strong,bridge_count,A_vs_free,0.09533333333333333,0.057431160926437554,0.1332355057402291,0.029743950007864547,0.1609227166588021
pooled,host_strong,bridge_count,B_minus_A,-0.06800000000000003,-0.08722343546195242,-0.04877656453804764,-0.10148049898069916,-0.03451950101930091
pooled,host_strong,bridge_count,island_change,0.024833333333333346,0.0013360908396958214,0.04833057582697087,-0.015828442684715983,0.06549510935138267
pooled,host_strong,bridge_rate,B_vs_free,0.030041666666666668,0.022405111511459092,0.03767822182187425,0.016826673658248317,0.04325665967508502
pooled,host_strong,bridge_rate,A_vs_free,0.02383333333333333,0.014357790231609388,0.033308876435057276,0.007435987501966137,0.04023067916470052
pooled,host_strong,bridge_rate,B_minus_A,-0.017000000000000008,-0.021805858865488106,-0.01219414113451191,-0.02537012474517479,-0.008629875254825227
pooled,host_strong,bridge_rate,island_change,0.0062083333333333365,0.00033402270992395535,0.012082643956742717,-0.003957110671178996,0.016373777337845667
pooled,host_strong,unformed_turns,B_vs_free,-0.6747083333333334,-0.9339694535941591,-0.41544721307250765,-1.1233574718477257,-0.226059194818941
pooled,host_strong,unformed_turns,A_vs_free,-0.39183333333333326,-0.7103875633819733,-0.07327910328469323,-0.9430886883115742,0.1594220216449077
pooled,host_strong,unformed_turns,B_minus_A,1.1607916666666667,1.0103762666346678,1.3112070666986655,0.8988206647913694,1.422762668541964
pooled,host_strong,unformed_turns,island_change,-0.28287500000000015,-0.46201470308764814,-0.1037352969123522,-0.5928747152798747,0.027124715279874367
pooled,host_strong,known_share,B_vs_free,-0.0181875,-0.0190303095370851,-0.017344690462914897,-0.01964597465429655,-0.016729025345703447
pooled,host_strong,known_share,A_vs_free,2.609024107869118e-18,1.6582218263970721e-18,3.559826389341164e-18,9.636689383365588e-19,4.254379277401677e-18
pooled,host_strong,known_share,B_minus_A,0.03497569444444445,0.03428635075825284,0.035665038130636054,0.03377509891985317,0.03617628996903573
pooled,host_strong,known_share,island_change,-0.018187500000000002,-0.019030309537085104,-0.0173446904629149,-0.019645974654296555,-0.01672902534570345
pooled,host_strong,bridge_share,B_vs_free,0.013583333333333331,0.01259333158729403,0.014573335079372631,0.011870143827550772,0.01529652283911589
pooled,host_strong,bridge_share,A_vs_free,-1.8873791418627663e-18,-5.573806961222799e-18,1.7990486774972663e-18,-8.266710773568572e-18,4.49195248984304e-18
pooled,host_strong,bridge_share,B_minus_A,-0.04040624999999998,-0.04123160254102889,-0.039580897458971066,-0.04184372536507342,-0.03896877463492653
pooled,host_strong,bridge_share,island_change,0.013583333333333333,0.012593331587294032,0.014573335079372633,0.011870143827550772,0.015296522839115893
pooled,host_strong,all_formed,B_vs_free,0.08916666666666667,0.06723060648504228,0.11110272684829106,0.0512065032106704,0.12712683012266296
pooled,host_strong,all_formed,A_vs_free,0.06833333333333334,0.0395650411975428,0.09710162546912389,0.01855005124974119,0.1181166154169255
pooled,host_strong,all_formed,B_minus_A,-0.043666666666666666,-0.059112134051287825,-0.028221199282045507,-0.07056726703285687,-0.01676606630047646
pooled,host_strong,all_formed,island_change,0.020833333333333332,0.0019919948744071027,0.03967467179225956,-0.011771440801527994,0.05343810746819466
pooled,topic_weak,bridge_count,B_vs_free,-0.37833333333333335,-0.40358421253057253,-0.3530824541360942,-0.4220297625826369,-0.3346369040840298
pooled,topic_weak,bridge_count,A_vs_free,-0.3906666666666667,-0.4208938841070018,-0.36043944922633164,-0.4429746064404758,-0.3383587268928576
pooled,topic_weak,bridge_count,B_minus_A,-0.08050000000000002,-0.09512253820500705,-0.06587746179499299,-0.10596734564885366,-0.055032654351146376
pooled,topic_weak,bridge_count,island_change,0.012333333333333363,-0.0015194993427271111,0.026186166009393837,-0.011638874454112696,0.036305541120779425
pooled,topic_weak,bridge_rate,B_vs_free,-0.09458333333333334,-0.10089605313264313,-0.08827061353402355,-0.10550744064565923,-0.08365922602100745
pooled,topic_weak,bridge_rate,A_vs_free,-0.09766666666666668,-0.10522347102675045,-0.09010986230658291,-0.11074365161011895,-0.0845896817232144
pooled,topic_weak,bridge_rate,B_minus_A,-0.020125000000000004,-0.02378063455125176,-0.016469365448748247,-0.026491836412213414,-0.013758163587786594
pooled,topic_weak,bridge_rate,island_change,0.0030833333333333407,-0.0003798748356817778,0.006546541502348459,-0.002909718613528174,0.009076385280194856
pooled,topic_weak,unformed_turns,B_vs_free,2.4255,2.2582147096020124,2.5927852903979876,2.1360142439109966,2.7149857560890034
pooled,topic_weak,unformed_turns,A_vs_free,2.5705,2.3703379428144866,2.7706620571855134,2.2241212817826113,2.9168787182173888
pooled,topic_weak,unformed_turns,B_minus_A,1.2986666666666666,1.179581766174937,1.4177515671583962,1.0912624335668526,1.5060708997664807
pooled,topic_weak,unformed_turns,island_change,-0.14500000000000013,-0.23457253404035183,-0.055427465959648425,-0.3000044996771045,0.010004499677104234
pooled,topic_weak,known_share,B_vs_free,-0.0004999999999999999,-0.0007986072106735975,-0.00020139278932640236,-0.0010167372095288211,1.6737209528821227e-05
pooled,topic_weak,known_share,A_vs_free,-3.3306690738754697e-19,-9.767381657721323e-19,3.106043509970383e-19,-1.4469344833287206e-18,7.808006685536266e-19
pooled,topic_weak,known_share,B_minus_A,0.05266319444444445,0.05203776586774036,0.05328862302114854,0.051573916678964604,0.053752472209924296
pooled,topic_weak,known_share,island_change,-0.0004999999999999996,-0.0007986072106735971,-0.00020139278932640204,-0.0010167372095288207,1.6737209528821552e-05
pooled,topic_weak,bridge_share,B_vs_free,0.0005243055555555543,0.0001885057871533172,0.0008601053239577915,-5.67930552019349e-05,0.0011054041663130436
pooled,topic_weak,bridge_share,A_vs_free,-5.551115123125783e-19,-3.849521082545101e-18,2.739298057919944e-18,-6.256058935942612e-18,5.145835911317456e-18
pooled,topic_weak,bridge_share,B_minus_A,-0.05346527777777776,-0.05412534660792842,-0.052805208947627094,-0.054614886745373084,-0.05231566881018243
pooled,topic_weak,bridge_share,island_change,0.0005243055555555549,0.00018850578715331762,0.0008601053239577921,-5.679305520193457e-05,0.0011054041663130444
pooled,topic_weak,all_formed,B_vs_free,-0.18633333333333332,-0.20156542642777756,-0.1711012402388891,-0.2126923394107518,-0.15997432725591484
pooled,topic_weak,all_formed,A_vs_free,-0.21433333333333335,-0.2336970293077194,-0.1949696373589473,-0.24784204265551396,-0.18082462401115273
pooled,topic_weak,all_formed,B_minus_A,-0.0365,-0.04592177610281619,-0.027078223897183805,-0.05290943762789189,-0.020090562372108108
pooled,topic_weak,all_formed,island_change,0.027999999999999997,0.017390467965446615,0.038609532034553376,0.009640296074650372,0.04635970392534962
pooled,topic_medium,bridge_count,B_vs_free,-0.5820000000000001,-0.6139992161065148,-0.5500007838934854,-0.6373743682233598,-0.5266256317766403
pooled,topic_medium,bridge_count,A_vs_free,-0.5926666666666667,-0.6303456073050963,-0.5549877260282371,-0.6578697493369866,-0.5274635839963467
pooled,topic_medium,bridge_count,B_minus_A,-0.08216666666666667,-0.09675351281549056,-0.06757982051784277,-0.10757184924102595,-0.05676148409230738
pooled,topic_medium,bridge_count,island_change,0.010666666666666717,-0.005290892304257777,0.02662422563759121,-0.016947751869731402,0.038281085203064835
pooled,topic_medium,bridge_rate,B_vs_free,-0.14550000000000002,-0.1534998040266287,-0.13750019597337135,-0.15934359205583995,-0.1316564079441601
pooled,topic_medium,bridge_rate,A_vs_free,-0.14816666666666667,-0.15758640182627406,-0.13874693150705927,-0.16446743733424665,-0.13186589599908669
pooled,topic_medium,bridge_rate,B_minus_A,-0.020541666666666666,-0.02418837820387264,-0.016894955129460692,-0.026892962310256487,-0.014190371023076844
pooled,topic_medium,bridge_rate,island_change,0.002666666666666679,-0.0013227230760644443,0.006656056409397803,-0.0042369379674328505,0.009570271300766209
pooled,topic_medium,unformed_turns,B_vs_free,3.8438333333333334,3.6251461460606103,4.062520520606056,3.465397036848396,4.22226962981827
pooled,topic_medium,unformed_turns,A_vs_free,4.057833333333333,3.797657958499906,4.31800870816676,3.6076020851452353,4.50806458152143
pooled,topic_medium,unformed_turns,B_minus_A,1.2296666666666667,1.1131873771482765,1.3461459561850568,1.0268004962721193,1.432532837061214
pooled,topic_medium,unformed_turns,island_change,-0.21400000000000005,-0.32005736634912485,-0.10794263365087525,-0.3975313601891809,-0.03046863981081918
pooled,topic_medium,known_share,B_vs_free,-0.0019305555555555556,-0.0023311206539816283,-0.0015299904571294827,-0.002623730012824708,-0.001237381098286403
pooled,topic_medium,known_share,A_vs_free,-3.0531133177191803e-19,-1.07288139761941e-18,4.622587340755741e-19,-1.6335847282822194e-18,1.0229620647383836e-18
pooled,topic_medium,known_share,B_minus_A,0.05123263888888889,0.05062549583126061,0.05183978194651717,0.05017520810018855,0.05229006967758923
pooled,topic_medium,known_share,island_change,-0.0019305555555555552,-0.002331120653981628,-0.0015299904571294822,-0.0026237300128247078,-0.0012373810982864025
pooled,topic_medium,bridge_share,B_vs_free,0.0021562499999999997,0.0017109335988761262,0.0026015664011238733,0.001385633798351411,0.0029268662016485886
pooled,topic_medium,bridge_share,A_vs_free,-4.440892098500626e-19,-3.954491326180424e-18,3.066312906480299e-18,-6.518809876590502e-18,5.630631456890378e-18
pooled,topic_medium,bridge_share,B_minus_A,-0.051833333333333315,-0.05246413922443222,-0.051202527442234406,-0.05293197649915852,-0.05073469016750811
pooled,topic_medium,bridge_share,island_change,0.00215625,0.0017109335988761266,0.0026015664011238737,0.0013856337983514115,0.0029268662016485886
pooled,topic_medium,all_formed,B_vs_free,-0.2585,-0.2762496110687838,-0.2407503889312162,-0.28921554927697596,-0.22778445072302403
pooled,topic_medium,all_formed,A_vs_free,-0.291,-0.31323281937916186,-0.2687671806208381,-0.3294737026946891,-0.25252629730531084
pooled,topic_medium,all_formed,B_minus_A,-0.032,-0.04031418831440131,-0.02368581168559869,-0.04648040720591273,-0.017519592794087272
pooled,topic_medium,all_formed,island_change,0.032499999999999994,0.020766047550610702,0.04423395244938928,0.012194496218749833,0.05280550378125015
pooled,topic_strong,bridge_count,B_vs_free,-0.9508333333333334,-0.9869210254237026,-0.9147456412429642,-1.0132827740787425,-0.8883838925879244
pooled,topic_strong,bridge_count,A_vs_free,-0.9833333333333334,-1.0254804822278638,-0.941186184438803,-1.0562686119564664,-0.9103980547102005
pooled,topic_strong,bridge_count,B_minus_A,-0.060333333333333315,-0.07265338110828846,-0.04801328555837817,-0.08179054621226672,-0.0388761204543999
pooled,topic_strong,bridge_count,island_change,0.03250000000000007,0.015116523627123388,0.04988347637287675,0.00241804366489564,0.0625819563351045
pooled,topic_strong,bridge_rate,B_vs_free,-0.23770833333333335,-0.24673025635592566,-0.22868641031074105,-0.2533206935196856,-0.2220959731469811
pooled,topic_strong,bridge_rate,A_vs_free,-0.24583333333333335,-0.25637012055696595,-0.23529654610970074,-0.2640671529891166,-0.22759951367755013
pooled,topic_strong,bridge_rate,B_minus_A,-0.015083333333333329,-0.018163345277072116,-0.012003321389594543,-0.02044763655306668,-0.009719030113599975
pooled,topic_strong,bridge_rate,island_change,0.008125000000000018,0.003779130906780847,0.012470869093219188,0.00060451091622391,0.015645489083776123
pooled,topic_strong,unformed_turns,B_vs_free,7.094833333333334,6.804784836169696,7.384881830496972,6.592906903913663,7.596759762753004
pooled,topic_strong,unformed_turns,A_vs_free,7.663,7.322134276398049,8.003865723601953,7.073134797345438,8.252865202654561
pooled,topic_strong,unformed_turns,B_minus_A,0.8755000000000002,0.776834786792758,0.9741652132072424,0.7036597180299201,1.0473402819700803
pooled,topic_strong,unformed_turns,island_change,-0.5681666666666666,-0.6990566606362815,-0.4372766726970517,-0.7946706753492783,-0.3416626579840549
pooled,topic_strong,known_share,B_vs_free,-0.004385416666666667,-0.004941331149885643,-0.0038295021834476905,-0.005347421898044791,-0.003423411435288542
pooled,topic_strong,known_share,A_vs_free,4.163336342344337e-19,-4.282239406547638e-19,1.260891209123631e-18,-1.0451659844459381e-18,1.8778332529148053e-18
pooled,topic_strong,known_share,B_minus_A,0.04877777777777778,0.048159484536498834,0.04939607101905673,0.047700927270209324,0.04985462828534624
pooled,topic_strong,known_share,island_change,-0.004385416666666667,-0.004941331149885643,-0.0038295021834476905,-0.005347421898044791,-0.003423411435288542
pooled,topic_strong,bridge_share,B_vs_free,0.004833333333333334,0.004240432101978779,0.005426234564687888,0.0038073228524570135,0.005859343814209654
pooled,topic_strong,bridge_share,A_vs_free,-4.773959005888173e-18,-8.224212567903887e-18,-1.3237054438724585e-18,-1.074459311676939e-17,1.1966751049930453e-18
pooled,topic_strong,bridge_share,B_minus_A,-0.04915624999999997,-0.04979354658774277,-0.04851895341225717,-0.05026619768851573,-0.04804630231148421
pooled,topic_strong,bridge_share,island_change,0.004833333333333339,0.0042404321019787845,0.005426234564687893,0.0038073228524570187,0.005859343814209659
pooled,topic_strong,all_formed,B_vs_free,-0.372,-0.39076407988876216,-0.35323592011123783,-0.40447107884375066,-0.33952892115624933
pooled,topic_strong,all_formed,A_vs_free,-0.4216666666666667,-0.44476571940370463,-0.39856761392962875,-0.46163937873604555,-0.38169395459728783
pooled,topic_strong,all_formed,B_minus_A,-0.014833333333333332,-0.020332234363062543,-0.009334432303604121,-0.024410495057896157,-0.005256171608770505
pooled,topic_strong,all_formed,island_change,0.049666666666666665,0.03793170834348346,0.06140162498984987,0.029359422229468395,0.06997391110386493
